{"type":"FeatureCollection","window":{"south":24.415,"west":54.56,"north":24.456,"east":54.615},"release":"2026-08-19.0","features":[{"type":"Feature","properties":{"layer":"land","subtype":"land","class":"island","name":"جزيرة ياس"},"geometry":{"type":"Polygon","coordinates":[[[54.5936662,24.455909],[54.5936193,24.4558174],[54.5935509,24.4556856],[54.5934459,24.4554885],[54.5934008,24.4553279],[54.5933532,24.4551373],[54.5933291,24.4549767],[54.5933154,24.4547934],[54.5933114,24.4545918],[54.5933259,24.4544195],[54.593342,24.4542904],[54.5933718,24.4541357],[54.5934394,24.4539106],[54.5935168,24.4537193],[54.5935877,24.4535714],[54.5936296,24.4534929],[54.5935893,24.4534732],[54.5935748,24.4534951],[54.5934345,24.4534664],[54.5933092,24.4534529],[54.5931748,24.4534508],[54.5930313,24.4534674],[54.5928912,24.4535058],[54.5927511,24.4535711],[54.5926656,24.4536375],[54.5924799,24.4537795],[54.5922715,24.4539662],[54.5920232,24.4542171],[54.5919024,24.4543582],[54.5917703,24.4545106],[54.5916803,24.4546371],[54.5915071,24.4548776],[54.5913625,24.4550923],[54.5912281,24.4553318],[54.5911438,24.4554936],[54.5910751,24.4556421],[54.5910136,24.4558007],[54.5909806,24.455894],[54.5909601,24.4559936],[54.5909603209137,24.456],[54.593722559756095,24.456],[54.5936662,24.455909]]]}},{"type":"Feature","properties":{"layer":"land","subtype":"land","class":"land","name":""},"geometry":{"type":"Polygon","coordinates":[[[54.5936662,24.455909],[54.5936193,24.4558174],[54.5935509,24.4556856],[54.5934459,24.4554885],[54.5934008,24.4553279],[54.5933532,24.4551373],[54.5933291,24.4549767],[54.5933154,24.4547934],[54.5933114,24.4545918],[54.5933259,24.4544195],[54.593342,24.4542904],[54.5933718,24.4541357],[54.5934394,24.4539106],[54.5935168,24.4537193],[54.5935877,24.4535714],[54.5936296,24.4534929],[54.5935893,24.4534732],[54.5935748,24.4534951],[54.5934345,24.4534664],[54.5933092,24.4534529],[54.5931748,24.4534508],[54.5930313,24.4534674],[54.5928912,24.4535058],[54.5927511,24.4535711],[54.5926656,24.4536375],[54.5924799,24.4537795],[54.5922715,24.4539662],[54.5920232,24.4542171],[54.5919024,24.4543582],[54.5917703,24.4545106],[54.5916803,24.4546371],[54.5915071,24.4548776],[54.5913625,24.4550923],[54.5912281,24.4553318],[54.5911438,24.4554936],[54.5910751,24.4556421],[54.5910136,24.4558007],[54.5909806,24.455894],[54.5909601,24.4559936],[54.5909603209137,24.456],[54.593722559756095,24.456],[54.5936662,24.455909]]]}},{"type":"Feature","properties":{"layer":"land","subtype":"land","class":"land","name":""},"geometry":{"type":"Polygon","coordinates":[[[54.5600465,24.4403365],[54.560142,24.4403453],[54.5602482,24.4403843],[54.5603848,24.4404065],[54.5605524,24.4404465],[54.560668,24.4404961],[54.5608135,24.4405329],[54.560882,24.4405751],[54.5609228,24.4406219],[54.5609286,24.4406729],[54.5609152,24.4407417],[54.5609229,24.4408026],[54.5609327,24.4409089],[54.5609284,24.4409635],[54.5609497,24.441005],[54.5609425,24.4410554],[54.5609355,24.4411103],[54.560952,24.441143],[54.5609967,24.441156],[54.5610591,24.4411667],[54.561153,24.4411928],[54.5613039,24.4412313],[54.5614062,24.4412656],[54.5614702,24.441293],[54.561539,24.4413376],[54.5616508,24.441351],[54.5617768,24.4413336],[54.5618922,24.4413375],[54.56207,24.4413183],[54.5622515,24.4412738],[54.5624447,24.4412514],[54.5626846,24.4412696],[54.5628539,24.4413087],[54.5630451,24.441396],[54.5632122,24.4414999],[54.5633257,24.4416164],[54.5633772,24.4417483],[54.5633958,24.441841],[54.5634023,24.4418996],[54.5634304,24.4419533],[54.5639248,24.4420832],[54.564108,24.4421304],[54.5642934,24.4421959],[54.5644928,24.4422481],[54.5646949,24.4422815],[54.5647885,24.4422983],[54.5648742,24.4422584],[54.5649531,24.4422165],[54.5650247,24.4421836],[54.5650365,24.4421603],[54.5650372,24.4421116],[54.5650563,24.4420538],[54.565077,24.4420026],[54.5651084,24.4419611],[54.5651584,24.441912],[54.5651945,24.4418626],[54.5652446,24.4418121],[54.5652829,24.4417829],[54.5652838,24.441756],[54.5652892,24.4417193],[54.5653049,24.4416839],[54.565322,24.4416191],[54.565325,24.4415301],[54.5653157,24.4414525],[54.5653131,24.4414075],[54.565314,24.4413355],[54.565323,24.4412646],[54.565348,24.4412134],[54.5653795,24.4411794],[54.5653941,24.4411539],[54.5653915,24.4411378],[54.5653786,24.4411197],[54.5653662,24.4410727],[54.5653795,24.441042],[54.5653808,24.441021],[54.5653761,24.4410043],[54.565345,24.4409753],[54.565342,24.4409596],[54.5653556,24.4409468],[54.5654353,24.4409171],[54.5654605,24.4408903],[54.5654918,24.440865],[54.5655148,24.4408143],[54.5655244,24.4407505],[54.5655637,24.4406804],[54.5655963,24.4406529],[54.5656166,24.4406156],[54.5656629,24.4405628],[54.5656793,24.440524],[54.5657145,24.4405108],[54.5657867,24.4404544],[54.5659643,24.4403842],[54.5661114,24.4403482],[54.5662417,24.4403334],[54.5663149,24.4403537],[54.5665003,24.4398171],[54.5655326,24.4392257],[54.5649837,24.4388981],[54.5647335,24.4387688],[54.5645986,24.4387028],[54.5644772,24.4386526],[54.56447,24.4387186],[54.5644523,24.4387825],[54.5644264,24.4388389],[54.5643912,24.4388847],[54.5643599,24.4389103],[54.5643183,24.4389405],[54.5642738,24.4389608],[54.5642222,24.4389767],[54.5641564,24.4389881],[54.5640955,24.4389826],[54.5640361,24.4389742],[54.5639693,24.438954],[54.5638569,24.4389133],[54.5637282,24.4388593],[54.5636152,24.4388062],[54.5635281,24.4387684],[54.5634445,24.4387447],[54.5632772,24.4387168],[54.5631008,24.4386856],[54.5629578,24.4386801],[54.5628828,24.4386741],[54.5628199,24.4386547],[54.5627594,24.438631],[54.5627107,24.4386013],[54.5626692,24.4385547],[54.5626106,24.4384832],[54.5625803,24.4384524],[54.5625404,24.4384272],[54.5624742,24.438387],[54.562441,24.4383485],[54.5624313,24.4383144],[54.5624372,24.4382735],[54.5624524,24.4382132],[54.562447,24.4381541],[54.562427,24.4381087],[54.5621673,24.4380708],[54.5616854,24.4380649],[54.5613877,24.4380857],[54.5611088,24.4377243],[54.5611374,24.4374164],[54.5611052,24.4372698],[54.5611213,24.4371868],[54.5611481,24.4370891],[54.5611964,24.4370354],[54.561268,24.4369624],[54.5617505,24.4358121],[54.5618444,24.4357584],[54.5619329,24.4357559],[54.562027,24.4357927],[54.562214,24.4359137],[54.5625493,24.4362032],[54.5624015,24.4365594],[54.5622653,24.4365972],[54.5621804,24.4366551],[54.5621079,24.4367513],[54.5620779,24.4368556],[54.5620808,24.4369369],[54.5620991,24.4370001],[54.5621575,24.4370928],[54.5622306,24.4371544],[54.5623204,24.4371957],[54.5624408,24.4372131],[54.562562,24.4371925],[54.562653,24.4371471],[54.5627318,24.4370724],[54.5627833,24.4369723],[54.5627951,24.4369099],[54.5627792,24.4367863],[54.5627187,24.4366825],[54.5626519,24.4366232],[54.562855,24.4361575],[54.5632918,24.4361182],[54.5637304,24.4361377],[54.5646085,24.4364451],[54.5650571,24.4366911],[54.5653016,24.4368605],[54.5654627,24.4370177],[54.5653853,24.4373716],[54.5653082,24.4373834],[54.5651952,24.4374325],[54.5651068,24.4375145],[54.5650545,24.4376191],[54.5650448,24.4377326],[54.5650574,24.4377933],[54.5651119,24.4378957],[54.5652024,24.4379757],[54.5653176,24.4380227],[54.5654436,24.4380311],[54.5655663,24.4379993],[54.5657056,24.4378902],[54.5657585,24.4377845],[54.5657684,24.437669],[54.5657103,24.4375198],[54.5656227,24.4374358],[54.5657361,24.4369763],[54.5660209,24.4369419],[54.5663856,24.4369624],[54.566796,24.4370478],[54.5669972,24.4371846],[54.5669677,24.4372701],[54.5669248,24.4372871],[54.566914,24.4373482],[54.5669462,24.4375167],[54.5669004,24.4375141],[54.5669004,24.4374873],[54.5668279,24.4374897],[54.5668261,24.4375503],[54.5668985,24.4375477],[54.5668974,24.4375294],[54.5669502,24.4375284],[54.5669421,24.4376794],[54.5668765,24.4378805],[54.5668148,24.4380686],[54.5667424,24.4382859],[54.5666831,24.4385031],[54.566667,24.4385886],[54.5666887,24.4386375],[54.5667502,24.4386545],[54.5667904,24.4386252],[54.5670532,24.4376899],[54.5670613,24.4375459],[54.567064,24.4374311],[54.5670371,24.4373188],[54.5670079,24.4372749],[54.5670213,24.4372432],[54.5672329,24.4372187],[54.5672687,24.4372837],[54.5671286,24.4374972],[54.5671259,24.4375313],[54.5671471,24.4375508],[54.5671796,24.4375387],[54.5672623,24.4373859],[54.5673378,24.4374092],[54.5673161,24.4375923],[54.567359,24.4376338],[54.5678016,24.4377486],[54.5678313,24.4377926],[54.5676997,24.438005],[54.5676221,24.4381687],[54.567539,24.4384153],[54.5674693,24.4386131],[54.5673939,24.4385959],[54.5673164,24.4386107],[54.5672359,24.4386497],[54.567193,24.4387352],[54.5671876,24.4388378],[54.5672332,24.4389208],[54.5673107,24.4389671],[54.5673805,24.4389842],[54.56748,24.4389745],[54.5675682,24.4389231],[54.5676436,24.4388768],[54.5677265,24.4388914],[54.5678153,24.4388988],[54.5679306,24.4388622],[54.5680084,24.4387792],[54.5680349,24.4387082],[54.5680835,24.4386082],[54.5681693,24.4385594],[54.5683434,24.4384909],[54.5686652,24.4383957],[54.5689898,24.4383517],[54.5692956,24.4383908],[54.5696392,24.4384715],[54.5699339,24.4385837],[54.5702585,24.4386325],[54.5705136,24.4386668],[54.5706767,24.4387064],[54.5705779,24.4393568],[54.5706453,24.4395392],[54.5707924,24.4396702],[54.5709722,24.4397173],[54.5711285,24.4397065],[54.5713428,24.4396026],[54.5716192,24.4394467],[54.5717426,24.4394467],[54.5718177,24.4395102],[54.5719465,24.4396078],[54.5721289,24.4396616],[54.5723112,24.4396713],[54.5725044,24.4396713],[54.5727189,24.4396616],[54.5729281,24.4396811],[54.5730944,24.4396957],[54.5732768,24.4397983],[54.5734601,24.439961],[54.5734637,24.4401821],[54.5734959,24.4402578],[54.5732715,24.4405797],[54.5732768,24.440736],[54.5729069,24.4409113],[54.5724456,24.4407321],[54.5717903,24.4406409],[54.5713543,24.4406501],[54.5703973,24.4407667],[54.5694586,24.4407015],[54.5684244,24.4405494],[54.5670242,24.4400787],[54.5661057,24.4427724],[54.5671713,24.4430794],[54.5672115,24.443091],[54.5672338,24.4431082],[54.5672509,24.443117],[54.5672863,24.4431128],[54.5673594,24.4431282],[54.5674513,24.4431483],[54.5675508,24.4431878],[54.5676718,24.443229],[54.5677979,24.4432756],[54.5678948,24.4433126],[54.5680067,24.443354],[54.5680766,24.4433834],[54.5681441,24.4434247],[54.5681678,24.4434632],[54.568184,24.4434871],[54.5681982,24.4434954],[54.5682071,24.4435007],[54.5682494,24.4435178],[54.570871,24.4445757],[54.5710818,24.4446299],[54.5713715,24.4446883],[54.5716451,24.4447029],[54.5716397,24.444786],[54.5715271,24.4447811],[54.5715164,24.4450301],[54.5717738,24.4450448],[54.5720635,24.445035],[54.571956,24.4447786],[54.5718329,24.4448153],[54.5717846,24.4446883],[54.572144,24.4446446],[54.5724656,24.4445491],[54.5728038,24.4444053],[54.5731149,24.4442002],[54.5733671,24.4439902],[54.5735656,24.4437509],[54.5736997,24.443536],[54.5735977,24.4434969],[54.5716505,24.4437802],[54.5715214,24.4431084],[54.5739035,24.4427693],[54.5738016,24.4420709],[54.5735707,24.441531],[54.5736407,24.4415142],[54.5736782,24.4414702],[54.5737265,24.4414263],[54.5737801,24.4414165],[54.5738391,24.4414312],[54.5738767,24.4414702],[54.5739357,24.4414653],[54.5739581,24.4413269],[54.5741995,24.4412878],[54.5749871,24.4409867],[54.5752724,24.4410632],[54.575226,24.4411776],[54.5751807,24.4412657],[54.5751175,24.4414136],[54.5750612,24.4415772],[54.5749995,24.4417383],[54.5749727,24.4418592],[54.5749592,24.4419413],[54.5748666,24.4422038],[54.5748265,24.4423187],[54.5749135,24.4424016],[54.5748815,24.4424495],[54.5749324,24.4424977],[54.5751222,24.4422841],[54.5754655,24.441996],[54.575723,24.441825],[54.5758695,24.4417419],[54.5760502,24.4416395],[54.5763185,24.4415369],[54.5767476,24.4414002],[54.5771231,24.4413123],[54.5774289,24.4412781],[54.5777937,24.4412488],[54.578314,24.4412732],[54.5787861,24.4413709],[54.5792582,24.4415076],[54.5795478,24.4416395],[54.5798751,24.4418397],[54.5800575,24.4419569],[54.5802077,24.4420595],[54.5804008,24.4422108],[54.5805993,24.4423915],[54.5808085,24.4426162],[54.5809855,24.4428067],[54.58115,24.443027],[54.5812797,24.4432863],[54.5814067,24.4432734],[54.581523,24.4432916],[54.5816223,24.4433251],[54.5817044,24.4433726],[54.5817705,24.4434301],[54.581952,24.4433884],[54.5822498,24.4433323],[54.5827262,24.4432524],[54.583642,24.443184],[54.5842065,24.4431917],[54.5847154,24.4432178],[54.5854404,24.4433246],[54.5859458,24.4434412],[54.5864116,24.4435782],[54.5870365,24.4437956],[54.5872825,24.4439074],[54.5876186,24.4440837],[54.5880987,24.4443987],[54.588501,24.4447015],[54.588739,24.4448648],[54.5894103,24.4453827],[54.5898448,24.4456562],[54.5901774,24.4458247],[54.5905797,24.445998],[54.5910263,24.4461434],[54.5914783,24.4462496],[54.5919638,24.4463253],[54.5923152,24.4463482],[54.5926746,24.4463481],[54.5931672,24.4463207],[54.5939558,24.4462157],[54.5949944,24.4460467],[54.5952331,24.4460387],[54.5955754,24.4460755],[54.5958816,24.4461057],[54.5964451,24.4462264],[54.5970292,24.4463922],[54.5974436,24.4465191],[54.5975975,24.4464394],[54.5977728,24.446412],[54.5979399,24.446414],[54.5980689,24.4464661],[54.5981937,24.446531],[54.5983053,24.4466529],[54.5988424,24.4465119],[54.5991197,24.4464502],[54.5993782,24.4464593],[54.5995589,24.4465115],[54.5997343,24.4465832],[54.5999529,24.4467127],[54.6001876,24.4468177],[54.6006275,24.4469153],[54.6010808,24.446991],[54.6020303,24.447223],[54.6023817,24.4472975],[54.6027062,24.44735],[54.6032132,24.4473914],[54.6038113,24.4474012],[54.604164,24.4474122],[54.6045167,24.4474427],[54.6051873,24.4475942],[54.6056901,24.4477895],[54.6062414,24.4480605],[54.6069548,24.4483205],[54.6074926,24.4484548],[54.6081793,24.4485684],[54.6085957,24.4486303],[54.6090122,24.4487118],[54.6094909,24.4488541],[54.6102713,24.4491886],[54.6111176,24.4495173],[54.6115066,24.4496169],[54.6116629,24.4496566],[54.6118997,24.4496993],[54.6120612,24.4497194],[54.6121994,24.4497354],[54.61242,24.449747],[54.6125595,24.4497708],[54.6127687,24.4498104],[54.6128994,24.449841],[54.6130389,24.4498855],[54.6131959,24.4499472],[54.6133668,24.4500332],[54.6135492,24.4501553],[54.6136692,24.4502499],[54.6137256,24.4503568],[54.6137859,24.4504825],[54.6138234,24.4506095],[54.6138422,24.4507511],[54.6138476,24.4508609],[54.6138272,24.4509747],[54.6136678,24.451375],[54.6135321,24.4515826],[54.6134104,24.4517424],[54.6132803,24.451873],[54.6131609,24.4519719],[54.6130362,24.4520586],[54.6129343,24.4521184],[54.6127962,24.4521807],[54.6126674,24.4522295],[54.612481,24.4522771],[54.6122999,24.4523223],[54.6121229,24.4523919],[54.6119874,24.4524688],[54.6119231,24.4525212],[54.6118547,24.4526238],[54.611793,24.4527044],[54.6117313,24.4528118],[54.6116777,24.4529485],[54.6116509,24.4530462],[54.6116401,24.4531292],[54.6116428,24.4532147],[54.611667,24.4533246],[54.611624,24.4533563],[54.6116857,24.4534418],[54.6114765,24.4535834],[54.6115302,24.4536566],[54.6113773,24.4537494],[54.6115487,24.4539517],[54.6114631,24.4540009],[54.611726,24.4543476],[54.6117807,24.454318],[54.6118716,24.4544338],[54.6117351,24.4545246],[54.6120113,24.4548563],[54.6121648,24.4547453],[54.6122089,24.4549062],[54.6122264,24.4549947],[54.6122494,24.4551746],[54.612277,24.4555384],[54.61228524640551,24.456],[54.615,24.456],[54.615,24.415],[54.56,24.415],[54.56,24.43811750785619],[54.560204,24.438022],[54.5601772,24.4379633],[54.5607887,24.4377826],[54.5609005,24.437814],[54.5611718,24.4381333],[54.5608477,24.438232],[54.5605174,24.4383506],[54.5604952,24.438308],[54.5602973,24.4383915],[54.5600944,24.4384938],[54.56,24.43854981090496],[54.56,24.440318737742306],[54.5600465,24.4403365]]]}},{"type":"Feature","properties":{"layer":"land","subtype":"forest","class":"forest","name":""},"geometry":{"type":"Polygon","coordinates":[[[54.5708769,24.4369035],[54.570943,24.4367612],[54.5701948,24.4365548],[54.56,24.433666038208226],[54.56,24.433827175484392],[54.5708769,24.4369035]]]}},{"type":"Feature","properties":{"layer":"land","subtype":"sand","class":"sand","name":""},"geometry":{"type":"Polygon","coordinates":[[[54.566522,24.4361523],[54.5659784,24.4359998],[54.5657764,24.4359453],[54.56546,24.4358546],[54.5628483,24.4351032],[54.5626759,24.4350673],[54.5624761,24.4350332],[54.5622722,24.435013],[54.5620281,24.4350154],[54.5617505,24.4358121],[54.5618444,24.4357584],[54.5619329,24.4357559],[54.562027,24.4357927],[54.562214,24.4359137],[54.5625493,24.4362032],[54.5624015,24.4365594],[54.5622653,24.4365972],[54.5621804,24.4366551],[54.5621079,24.4367513],[54.5620779,24.4368556],[54.5620808,24.4369369],[54.5620991,24.4370001],[54.5621575,24.4370928],[54.5622306,24.4371544],[54.5623204,24.4371957],[54.5624408,24.4372131],[54.562562,24.4371925],[54.562653,24.4371471],[54.5627318,24.4370724],[54.5627833,24.4369723],[54.5627951,24.4369099],[54.5627792,24.4367863],[54.5627187,24.4366825],[54.5626519,24.4366232],[54.562855,24.4361575],[54.5632918,24.4361182],[54.5637304,24.4361377],[54.5646085,24.4364451],[54.5650571,24.4366911],[54.5653016,24.4368605],[54.5654627,24.4370177],[54.5653853,24.4373716],[54.5653082,24.4373834],[54.5651952,24.4374325],[54.5651068,24.4375145],[54.5650545,24.4376191],[54.5650448,24.4377326],[54.5650574,24.4377933],[54.5651119,24.4378957],[54.5652024,24.4379757],[54.5653176,24.4380227],[54.5654436,24.4380311],[54.5655663,24.4379993],[54.5657056,24.4378902],[54.5657585,24.4377845],[54.5657684,24.437669],[54.5657103,24.4375198],[54.5656227,24.4374358],[54.5657361,24.4369763],[54.5660209,24.4369419],[54.5663856,24.4369624],[54.566796,24.4370478],[54.5669972,24.4371846],[54.5672025,24.4366763],[54.5673196,24.4367097],[54.567375,24.4365483],[54.56743,24.4364011],[54.566522,24.4361523]]]}},{"type":"Feature","properties":{"layer":"land","subtype":"tree","class":"tree_row","name":""},"geometry":{"type":"LineString","coordinates":[[54.5720875,24.4377967],[54.5728758,24.4380165]]}},{"type":"Feature","properties":{"layer":"land","subtype":"sand","class":"sand","name":""},"geometry":{"type":"Polygon","coordinates":[[[54.5676997,24.438005],[54.5676221,24.4381687],[54.567539,24.4384153],[54.5674693,24.4386131],[54.5673939,24.4385959],[54.5673164,24.4386107],[54.5672359,24.4386497],[54.567193,24.4387352],[54.5671876,24.4388378],[54.5672332,24.4389208],[54.5673107,24.4389671],[54.5673805,24.4389842],[54.56748,24.4389745],[54.5675682,24.4389231],[54.5676436,24.4388768],[54.5677265,24.4388914],[54.5678153,24.4388988],[54.5679306,24.4388622],[54.5680084,24.4387792],[54.5680349,24.4387082],[54.5680835,24.4386082],[54.5681693,24.4385594],[54.5683407,24.4384833],[54.5682897,24.4384665],[54.5683383,24.4383738],[54.5683407,24.438298],[54.5682278,24.4383956],[54.5681017,24.438442],[54.567973,24.43842],[54.5678577,24.4383614],[54.5677126,24.4382661],[54.5677972,24.4380848],[54.5678831,24.4379212],[54.5678313,24.4377926],[54.5676997,24.438005]]]}},{"type":"Feature","properties":{"layer":"land","subtype":"sand","class":"beach","name":""},"geometry":{"type":"Polygon","coordinates":[[[54.5705884,24.4386374],[54.5704036,24.438596],[54.5702853,24.4384616],[54.5699473,24.4384884],[54.5697033,24.438425],[54.5693063,24.4381808],[54.5693495,24.438093],[54.569202,24.4380295],[54.5691805,24.4380564],[54.5690491,24.4380637],[54.56903,24.4380343],[54.568743,24.4381319],[54.5687594,24.4381907],[54.568617,24.4382418],[54.5685606,24.4381979],[54.5683407,24.438298],[54.5683383,24.4383738],[54.5682897,24.4384665],[54.5683407,24.4384833],[54.5686632,24.4383879],[54.5689898,24.4383436],[54.5692973,24.4383829],[54.569642,24.4384639],[54.5699364,24.438576],[54.5702598,24.4386246],[54.5705153,24.438659],[54.570679,24.4386987],[54.5705884,24.4386374]]]}},{"type":"Feature","properties":{"layer":"land","subtype":"tree","class":"tree_row","name":""},"geometry":{"type":"LineString","coordinates":[[54.5749302,24.4396998],[54.5751045,24.4392358]]}},{"type":"Feature","properties":{"layer":"land","subtype":"forest","class":"forest","name":""},"geometry":{"type":"Polygon","coordinates":[[[54.5831339,24.4404014],[54.5832304,24.4402452],[54.5761145,24.4382404],[54.5759965,24.4383673],[54.5831339,24.4404014]]]}},{"type":"Feature","properties":{"layer":"land","subtype":"sand","class":"beach","name":""},"geometry":{"type":"Polygon","coordinates":[[[54.5717426,24.4394467],[54.5718177,24.4395102],[54.5719465,24.4396078],[54.5721289,24.4396616],[54.5723112,24.4396713],[54.5725044,24.4396713],[54.5727189,24.4396616],[54.5729281,24.4396811],[54.5730944,24.4396957],[54.5732768,24.4397983],[54.5734601,24.439961],[54.573459,24.4398304],[54.5734885,24.439734],[54.5735381,24.4396729],[54.5735738,24.4396012],[54.5734879,24.439506],[54.5733699,24.4394181],[54.5730615,24.439379],[54.5729488,24.4393937],[54.5727955,24.4394092],[54.5726109,24.4394645],[54.572525,24.4395304],[54.5723212,24.4394767],[54.5722354,24.4394767],[54.57212,24.4394547],[54.5719832,24.4394132],[54.5718545,24.4393522],[54.5717821,24.4393302],[54.5717437,24.4393577],[54.5716192,24.4394467],[54.5717426,24.4394467]]]}},{"type":"Feature","properties":{"layer":"land","subtype":"sand","class":"sand","name":"جزيرة الرميلة"},"geometry":{"type":"Polygon","coordinates":[[[54.5600465,24.4403365],[54.560142,24.4403453],[54.5602482,24.4403843],[54.5603848,24.4404065],[54.5605524,24.4404465],[54.560668,24.4404961],[54.5608135,24.4405329],[54.560882,24.4405751],[54.5609228,24.4406219],[54.5609286,24.4406729],[54.5609152,24.4407417],[54.5609229,24.4408026],[54.5609327,24.4409089],[54.5609284,24.4409635],[54.5609497,24.441005],[54.5609425,24.4410554],[54.5609355,24.4411103],[54.560952,24.441143],[54.5609967,24.441156],[54.5610591,24.4411667],[54.561153,24.4411928],[54.5613039,24.4412313],[54.5614062,24.4412656],[54.5614702,24.441293],[54.561539,24.4413376],[54.5616508,24.441351],[54.5617768,24.4413336],[54.5618922,24.4413375],[54.56207,24.4413183],[54.5622515,24.4412738],[54.5624447,24.4412514],[54.5626846,24.4412696],[54.5628539,24.4413087],[54.5630451,24.441396],[54.5632122,24.4414999],[54.5633257,24.4416164],[54.5633772,24.4417483],[54.5633958,24.441841],[54.5634023,24.4418996],[54.5634304,24.4419533],[54.5639248,24.4420832],[54.564108,24.4421304],[54.5642934,24.4421959],[54.5644928,24.4422481],[54.5646949,24.4422815],[54.5647885,24.4422983],[54.5648742,24.4422584],[54.5649531,24.4422165],[54.5650247,24.4421836],[54.5650365,24.4421603],[54.5650372,24.4421116],[54.5650563,24.4420538],[54.565077,24.4420026],[54.5651084,24.4419611],[54.5651584,24.441912],[54.5651945,24.4418626],[54.5652446,24.4418121],[54.5652829,24.4417829],[54.5652838,24.441756],[54.5652892,24.4417193],[54.5653049,24.4416839],[54.565322,24.4416191],[54.565325,24.4415301],[54.5653157,24.4414525],[54.5653131,24.4414075],[54.565314,24.4413355],[54.565323,24.4412646],[54.565348,24.4412134],[54.5653795,24.4411794],[54.5653941,24.4411539],[54.5653915,24.4411378],[54.5653786,24.4411197],[54.5653662,24.4410727],[54.5653795,24.441042],[54.5653808,24.441021],[54.5653761,24.4410043],[54.565345,24.4409753],[54.565342,24.4409596],[54.5653556,24.4409468],[54.5654353,24.4409171],[54.5654605,24.4408903],[54.5654918,24.440865],[54.5655148,24.4408143],[54.5655244,24.4407505],[54.5655637,24.4406804],[54.5655963,24.4406529],[54.5656166,24.4406156],[54.5656629,24.4405628],[54.5656793,24.440524],[54.5657145,24.4405108],[54.5657867,24.4404544],[54.5659643,24.4403842],[54.5661114,24.4403482],[54.5662417,24.4403334],[54.5663149,24.4403537],[54.5665003,24.4398171],[54.5655326,24.4392257],[54.5649837,24.4388981],[54.5647335,24.4387688],[54.5645986,24.4387028],[54.5644772,24.4386526],[54.56447,24.4387186],[54.5644523,24.4387825],[54.5644264,24.4388389],[54.5643912,24.4388847],[54.5643599,24.4389103],[54.5643183,24.4389405],[54.5642738,24.4389608],[54.5642222,24.4389767],[54.5641564,24.4389881],[54.5640955,24.4389826],[54.5640361,24.4389742],[54.5639693,24.438954],[54.5638569,24.4389133],[54.5637282,24.4388593],[54.5636152,24.4388062],[54.5635281,24.4387684],[54.5634445,24.4387447],[54.5632772,24.4387168],[54.5631008,24.4386856],[54.5629578,24.4386801],[54.5628828,24.4386741],[54.5628199,24.4386547],[54.5627594,24.438631],[54.5627107,24.4386013],[54.5626692,24.4385547],[54.5626106,24.4384832],[54.5625803,24.4384524],[54.5625404,24.4384272],[54.5624742,24.438387],[54.562441,24.4383485],[54.5624313,24.4383144],[54.5624372,24.4382735],[54.5624524,24.4382132],[54.562447,24.4381541],[54.562427,24.4381087],[54.5621673,24.4380708],[54.5616854,24.4380649],[54.5613877,24.4380857],[54.5611718,24.4381333],[54.5608477,24.438232],[54.5605174,24.4383506],[54.5604952,24.438308],[54.5602973,24.4383915],[54.5600944,24.4384938],[54.56,24.43854981090496],[54.56,24.440318737742306],[54.5600465,24.4403365]]]}},{"type":"Feature","properties":{"layer":"land","subtype":"sand","class":"sand","name":""},"geometry":{"type":"Polygon","coordinates":[[[54.5604931,24.4350115],[54.5605233,24.4350709],[54.5605739,24.4351171],[54.5606387,24.4351447],[54.5607097,24.4351505],[54.5607914,24.4351281],[54.5608471,24.4350876],[54.5608844,24.435032],[54.5608986,24.4349676],[54.560894,24.4349238],[54.5608665,24.4348631],[54.5608183,24.434815],[54.5607553,24.4347849],[54.560661,24.4347782],[54.5605937,24.4347988],[54.5605377,24.4348395],[54.5605005,24.4348952],[54.5604863,24.4349593],[54.5604931,24.4350115]]]}},{"type":"Feature","properties":{"layer":"land","subtype":"sand","class":"sand","name":""},"geometry":{"type":"Polygon","coordinates":[[[54.560204,24.438022],[54.5601772,24.4379633],[54.5607887,24.4377826],[54.5609005,24.437814],[54.5611718,24.4381333],[54.5613877,24.4380857],[54.5611088,24.4377243],[54.5611374,24.4374164],[54.5611052,24.4372698],[54.5611213,24.4371868],[54.5611481,24.4370891],[54.5611964,24.4370354],[54.561268,24.4369624],[54.5617505,24.4358121],[54.5620442,24.4350142],[54.5621314,24.4349306],[54.5623781,24.4349379],[54.5626195,24.4349696],[54.5628402,24.4350107],[54.5628861,24.4349093],[54.5612275,24.4344617],[54.5606052,24.4342932],[54.5604014,24.4342321],[54.56,24.434113711880165],[54.56,24.43811750785619],[54.560204,24.438022]]]}},{"type":"Feature","properties":{"layer":"land","subtype":"wetland","class":"wetland","name":""},"geometry":{"type":"Polygon","coordinates":[[[54.5600431,24.4446786],[54.5609433,24.4443826],[54.5615456,24.4441997],[54.5611646,24.4438445],[54.560749,24.4435574],[54.56,24.443490951750974],[54.56,24.444716315258574],[54.5600431,24.4446786]]]}},{"type":"Feature","properties":{"layer":"land","subtype":"land","class":"island","name":"جزيرة السمالية"},"geometry":{"type":"Polygon","coordinates":[[[54.5657285,24.4541775],[54.5666226,24.4526575],[54.5674631,24.4504223],[54.5679471,24.449549],[54.5678879,24.4486556],[54.5678812,24.4474399],[54.5673992,24.4462229],[54.5672867,24.4461277],[54.5666717,24.4451904],[54.5662406,24.444865],[54.5653272,24.4445236],[54.5651784,24.444605],[54.5650616,24.4445374],[54.5650191,24.4444536],[54.564809,24.4443994],[54.5646191,24.4443504],[54.5644916,24.4444439],[54.5643677,24.4444246],[54.5643819,24.4442924],[54.5642108,24.4442548],[54.5640155,24.4440496],[54.5638153,24.4438263],[54.5636851,24.4436622],[54.563585,24.4436941],[54.5636951,24.443881],[54.56359,24.4441864],[54.5632445,24.4442228],[54.5630543,24.4441955],[54.5627038,24.4440132],[54.562607,24.4440884],[54.5621614,24.4439767],[54.5620338,24.4437146],[54.5621264,24.4436144],[54.5621014,24.4435483],[54.5619639,24.4436639],[54.5617509,24.4436481],[54.5616658,24.4437028],[54.5615456,24.4441997],[54.5609433,24.4443826],[54.5600431,24.4446786],[54.56,24.444716315258574],[54.56,24.456],[54.56445004233787,24.456],[54.5657285,24.4541775]]]}},{"type":"Feature","properties":{"layer":"land","subtype":"land","class":"land","name":""},"geometry":{"type":"Polygon","coordinates":[[[54.5657285,24.4541775],[54.5666226,24.4526575],[54.5674631,24.4504223],[54.5679471,24.449549],[54.5678879,24.4486556],[54.5678812,24.4474399],[54.5673992,24.4462229],[54.5672867,24.4461277],[54.5666717,24.4451904],[54.5662406,24.444865],[54.5653272,24.4445236],[54.5651784,24.444605],[54.5650616,24.4445374],[54.5650191,24.4444536],[54.564809,24.4443994],[54.5646191,24.4443504],[54.5644916,24.4444439],[54.5643677,24.4444246],[54.5643819,24.4442924],[54.5642108,24.4442548],[54.5640155,24.4440496],[54.5638153,24.4438263],[54.5636851,24.4436622],[54.563585,24.4436941],[54.5636951,24.443881],[54.56359,24.4441864],[54.5632445,24.4442228],[54.5630543,24.4441955],[54.5627038,24.4440132],[54.562607,24.4440884],[54.5621614,24.4439767],[54.5620338,24.4437146],[54.5621264,24.4436144],[54.5621014,24.4435483],[54.5619639,24.4436639],[54.5617509,24.4436481],[54.5616658,24.4437028],[54.5615456,24.4441997],[54.5609433,24.4443826],[54.5600431,24.4446786],[54.56,24.444716315258574],[54.56,24.456],[54.56445004233787,24.456],[54.5657285,24.4541775]]]}},{"type":"Feature","properties":{"layer":"land","subtype":"forest","class":"forest","name":""},"geometry":{"type":"MultiPolygon","coordinates":[[[[54.5631755,24.4556452],[54.56424,24.4539488],[54.5644836,24.453499],[54.5647173,24.4528255],[54.5641969,24.4526514],[54.5642394,24.4524774],[54.5647987,24.4527062],[54.5652483,24.4516782],[54.5656342,24.4503311],[54.5661582,24.4491773],[54.5660874,24.4488357],[54.5661051,24.4485456],[54.5655177,24.4477196],[54.5649545,24.4471749],[54.5647492,24.4470655],[54.5645598,24.4473082],[54.5647474,24.4475725],[54.5645739,24.4476724],[54.5643261,24.4476176],[54.5642518,24.4475209],[54.5641668,24.4477046],[54.5638694,24.448346],[54.5625524,24.449938],[54.5605992,24.4490316],[54.56,24.450169888841106],[54.56,24.456],[54.562813220612114,24.456],[54.5631755,24.4556452]]],[[[54.5610198,24.4476825],[54.5617507,24.4463516],[54.5612701,24.4462787],[54.5607494,24.446935],[54.5604891,24.4468712],[54.5610198,24.4456042],[54.5606693,24.4457956],[54.5602888,24.4464884],[54.56,24.447254769400764],[54.56,24.449510976035686],[54.5610198,24.4476825]]]]}},{"type":"Feature","properties":{"layer":"land","subtype":"sand","class":"beach","name":"Al Muneera Beach"},"geometry":{"type":"Polygon","coordinates":[[[54.6035615,24.4529266],[54.603577,24.452796],[54.6035877,24.4527032],[54.6035917,24.4526336],[54.6036065,24.452597],[54.60364,24.4525758],[54.6036923,24.4525604],[54.6037929,24.4525311],[54.6039122,24.4525262],[54.6040866,24.4525335],[54.6043052,24.4525628],[54.6045439,24.4526116],[54.6046793,24.4526556],[54.6047842,24.4527134],[54.6049403,24.452808],[54.6050562,24.4529088],[54.6051501,24.452995],[54.6052453,24.4530847],[54.6053036,24.4531372],[54.6053173,24.4531554],[54.6053211,24.4531689],[54.6053217,24.4531866],[54.6053204,24.4532233],[54.6053133,24.453262],[54.6055454,24.4529496],[54.6054267,24.4527748],[54.6052298,24.4525809],[54.6050276,24.4524486],[54.6047645,24.4523409],[54.6045117,24.4522898],[54.6041663,24.4522922],[54.6038794,24.452358],[54.6036748,24.4524462],[54.6035458,24.4525238],[54.6035615,24.4529266]]]}},{"type":"Feature","properties":{"layer":"land","subtype":"tree","class":"tree_row","name":""},"geometry":{"type":"LineString","coordinates":[[54.6035387,24.4524855],[54.6036501,24.4524183],[54.6038701,24.4523218],[54.6041598,24.4522583],[54.6045098,24.452251],[54.6047834,24.4523047],[54.6050476,24.4524195],[54.6052501,24.4525562],[54.6054606,24.4527564],[54.6055879,24.452925]]}},{"type":"Feature","properties":{"layer":"land","subtype":"tree","class":"tree_row","name":""},"geometry":{"type":"LineString","coordinates":[[54.6067934,24.4515837],[54.606945,24.451718],[54.6071139,24.4518853],[54.6073272,24.4521441],[54.6075096,24.4524078]]}},{"type":"Feature","properties":{"layer":"land","subtype":"land","class":"islet","name":"Al Muneera Island"},"geometry":{"type":"Polygon","coordinates":[[[54.602437,24.4511161],[54.6024288,24.4512003],[54.6024263,24.4513029],[54.6024475,24.451403],[54.6024746,24.4514775],[54.6025119,24.451547],[54.6025924,24.4516642],[54.6028043,24.4518889],[54.6029238,24.4519878],[54.603059,24.4520964],[54.6031599,24.4521807],[54.6032803,24.452285],[54.603338,24.452343],[54.6033885,24.4524242],[54.6034241,24.4524953],[54.6034553,24.4525552],[54.6034724,24.452619],[54.6034844,24.4526873],[54.6034884,24.452774],[54.6034898,24.4528692],[54.6034992,24.45294],[54.6035106,24.4529467],[54.60353,24.4529473],[54.6035454,24.45294],[54.6035615,24.4529266],[54.603577,24.452796],[54.6035877,24.4527032],[54.6035917,24.4526336],[54.6036065,24.452597],[54.60364,24.4525758],[54.6036923,24.4525604],[54.6037929,24.4525311],[54.6039122,24.4525262],[54.6040866,24.4525335],[54.6043052,24.4525628],[54.6045439,24.4526116],[54.6046793,24.4526556],[54.6047842,24.4527134],[54.6049403,24.452808],[54.6050562,24.4529088],[54.6051501,24.452995],[54.6052453,24.4530847],[54.6053036,24.4531372],[54.6053173,24.4531554],[54.6053211,24.4531689],[54.6053217,24.4531866],[54.6053204,24.4532233],[54.6053133,24.453262],[54.6053163,24.4532855],[54.6053298,24.4533044],[54.6053519,24.4533124],[54.6053874,24.4533142],[54.6054076,24.4533026],[54.605421,24.4532831],[54.6054552,24.4532275],[54.605482,24.4531897],[54.6055209,24.4531347],[54.6055464,24.4530945],[54.6055752,24.4530609],[54.6056067,24.4530371],[54.6056463,24.4530224],[54.6056785,24.4530059],[54.6057085,24.4529882],[54.6057482,24.4529602],[54.6057831,24.4529309],[54.605824,24.4528955],[54.6058448,24.4528894],[54.6059004,24.4528808],[54.6063269,24.4528601],[54.6067339,24.4528411],[54.6071772,24.45281],[54.6073743,24.452799],[54.6074226,24.4527941],[54.6074581,24.452785],[54.6075071,24.4527642],[54.6075486,24.4527355],[54.6075875,24.4527001],[54.607615,24.4526635],[54.6076325,24.4526312],[54.6076405,24.4525994],[54.6076445,24.4525646],[54.6076459,24.4525268],[54.6076385,24.452492],[54.6076237,24.4524554],[54.6076043,24.4524163],[54.6075574,24.4523406],[54.6075131,24.4522722],[54.6074608,24.4521941],[54.6073844,24.4520891],[54.6073079,24.4519866],[54.6071738,24.4518352],[54.6070287,24.4516765],[54.6069713,24.4516203],[54.6068895,24.4515446],[54.6068305,24.4514873],[54.6067621,24.4514372],[54.6066655,24.4513737],[54.6065737,24.4513218],[54.6064228,24.4512309],[54.6062053,24.45111],[54.6059812,24.4510054],[54.6057466,24.4509049],[54.6054894,24.4508073],[54.6052788,24.4507389],[54.6051139,24.4506949],[54.6049114,24.4506424],[54.6046818,24.4505997],[54.60444,24.45056],[54.604334,24.4505466],[54.6041999,24.4505307],[54.6040832,24.4505197],[54.6039833,24.4505118],[54.6037231,24.4505081],[54.603585,24.4505081],[54.6034603,24.4505118],[54.6033396,24.4505204],[54.603184,24.4505362],[54.6030673,24.4505521],[54.602948,24.4505826],[54.6028662,24.4506144],[54.6027882,24.4506485],[54.6027026,24.450701],[54.6026516,24.450745],[54.6025805,24.450817],[54.6025309,24.4508903],[54.6024866,24.4509647],[54.6024585,24.4510282],[54.602437,24.4511161]]]}},{"type":"Feature","properties":{"layer":"land","subtype":"land","class":"land","name":""},"geometry":{"type":"Polygon","coordinates":[[[54.603059,24.4520964],[54.6031599,24.4521807],[54.6032803,24.452285],[54.603338,24.452343],[54.6033885,24.4524242],[54.6034241,24.4524953],[54.6034553,24.4525552],[54.6034724,24.452619],[54.6034844,24.4526873],[54.6034884,24.452774],[54.6034898,24.4528692],[54.6034992,24.45294],[54.6035106,24.4529467],[54.60353,24.4529473],[54.6035454,24.45294],[54.6035615,24.4529266],[54.603577,24.452796],[54.6035877,24.4527032],[54.6035917,24.4526336],[54.6036065,24.452597],[54.60364,24.4525758],[54.6036923,24.4525604],[54.6037929,24.4525311],[54.6039122,24.4525262],[54.6040866,24.4525335],[54.6043052,24.4525628],[54.6045439,24.4526116],[54.6046793,24.4526556],[54.6047842,24.4527134],[54.6049403,24.452808],[54.6050562,24.4529088],[54.6051501,24.452995],[54.6052453,24.4530847],[54.6053036,24.4531372],[54.6053173,24.4531554],[54.6053211,24.4531689],[54.6053217,24.4531866],[54.6053204,24.4532233],[54.6053133,24.453262],[54.6053163,24.4532855],[54.6053298,24.4533044],[54.6053519,24.4533124],[54.6053874,24.4533142],[54.6054076,24.4533026],[54.605421,24.4532831],[54.6054552,24.4532275],[54.605482,24.4531897],[54.6055209,24.4531347],[54.6055464,24.4530945],[54.6055752,24.4530609],[54.6056067,24.4530371],[54.6056463,24.4530224],[54.6056785,24.4530059],[54.6057085,24.4529882],[54.6057482,24.4529602],[54.6057831,24.4529309],[54.605824,24.4528955],[54.6058448,24.4528894],[54.6059004,24.4528808],[54.6063269,24.4528601],[54.6067339,24.4528411],[54.6071772,24.45281],[54.6073743,24.452799],[54.6074226,24.4527941],[54.6074581,24.452785],[54.6075071,24.4527642],[54.6075486,24.4527355],[54.6075875,24.4527001],[54.607615,24.4526635],[54.6076325,24.4526312],[54.6076405,24.4525994],[54.6076445,24.4525646],[54.6076459,24.4525268],[54.6076385,24.452492],[54.6076237,24.4524554],[54.6076043,24.4524163],[54.6075574,24.4523406],[54.6075131,24.4522722],[54.6074608,24.4521941],[54.6073844,24.4520891],[54.6073079,24.4519866],[54.6071738,24.4518352],[54.6070287,24.4516765],[54.6069713,24.4516203],[54.6068895,24.4515446],[54.6068305,24.4514873],[54.6067621,24.4514372],[54.6066655,24.4513737],[54.6065737,24.4513218],[54.6064228,24.4512309],[54.6062053,24.45111],[54.6059812,24.4510054],[54.6057466,24.4509049],[54.6054894,24.4508073],[54.6052788,24.4507389],[54.6051139,24.4506949],[54.6049114,24.4506424],[54.6046818,24.4505997],[54.60444,24.45056],[54.604334,24.4505466],[54.6041999,24.4505307],[54.6040832,24.4505197],[54.6039833,24.4505118],[54.6037231,24.4505081],[54.603585,24.4505081],[54.6034603,24.4505118],[54.6033396,24.4505204],[54.603184,24.4505362],[54.6030673,24.4505521],[54.602948,24.4505826],[54.6028662,24.4506144],[54.6027882,24.4506485],[54.6027026,24.450701],[54.6026516,24.450745],[54.6025805,24.450817],[54.6025309,24.4508903],[54.6024866,24.4509647],[54.6024585,24.4510282],[54.602437,24.4511161],[54.6024288,24.4512003],[54.6024263,24.4513029],[54.6024475,24.451403],[54.6024746,24.4514775],[54.6025119,24.451547],[54.6025924,24.4516642],[54.6028043,24.4518889],[54.6029238,24.4519878],[54.603059,24.4520964]]]}},{"type":"Feature","properties":{"layer":"land","subtype":"tree","class":"tree_row","name":""},"geometry":{"type":"LineString","coordinates":[[54.607761,24.4512028],[54.6079246,24.4511808],[54.6081043,24.4511857],[54.6082733,24.4512125],[54.6084744,24.4512614],[54.6099711,24.4517277]]}},{"type":"Feature","properties":{"layer":"land","subtype":"land","class":"land","name":""},"geometry":{"type":"Polygon","coordinates":[[[54.5985729,24.4512476],[54.599021,24.4507654],[54.599076,24.4507063],[54.5991772,24.4507628],[54.5990665,24.4509129],[54.5991365,24.4509663],[54.5992562,24.4508163],[54.5993194,24.4508553],[54.5992085,24.4511086],[54.5991908,24.451149],[54.59924,24.4511717],[54.5994047,24.4512476],[54.5996932,24.4507284],[54.5998196,24.4507904],[54.5997847,24.4508747],[54.5998786,24.4508698],[54.5999094,24.4507917],[54.5999872,24.4508088],[54.5999471,24.4509828],[54.5999933,24.4509884],[54.600015,24.450991],[54.6002519,24.4510197],[54.6003904,24.4506034],[54.6007066,24.4506341],[54.6007141,24.4506842],[54.6007128,24.450775],[54.6007109,24.4508675],[54.6007045,24.4509577],[54.6006977,24.4510543],[54.6006774,24.4513419],[54.6006538,24.4516754],[54.6006513,24.4517072],[54.6006453,24.4517377],[54.6005869,24.4517731],[54.6005185,24.451806],[54.6004381,24.4518341],[54.6003254,24.4518695],[54.6002047,24.4518988],[54.6002128,24.4519135],[54.6001752,24.4519489],[54.600202,24.4520246],[54.600253,24.4520038],[54.6002557,24.4520673],[54.6006057,24.4520136],[54.6006508,24.4519761],[54.6005817,24.4518965],[54.6006419,24.4518829],[54.6009021,24.4517967],[54.6011053,24.4517062],[54.6012558,24.4516286],[54.6013627,24.4515315],[54.6014192,24.4514493],[54.6015447,24.4511455],[54.6015968,24.4509837],[54.6017061,24.4509761],[54.6016718,24.4506383],[54.6016217,24.450629],[54.601523,24.4503579],[54.6014734,24.4502634],[54.6012453,24.4499777],[54.6009902,24.4498174],[54.6007328,24.4497475],[54.600446,24.4497126],[54.600367,24.4497126],[54.6001029,24.4497454],[54.5999075,24.4497943],[54.5997466,24.4498676],[54.599561,24.4499674],[54.5993329,24.450136],[54.5992088,24.4502634],[54.5989691,24.4505061],[54.5984022,24.4511161],[54.5985729,24.4512476]]]}},{"type":"Feature","properties":{"layer":"land","subtype":"land","class":"islet","name":"البندر"},"geometry":{"type":"Polygon","coordinates":[[[54.600446,24.4497126],[54.600367,24.4497126],[54.6001029,24.4497454],[54.5999075,24.4497943],[54.5997466,24.4498676],[54.599561,24.4499674],[54.5993329,24.450136],[54.5992088,24.4502634],[54.5989691,24.4505061],[54.5984022,24.4511161],[54.5985729,24.4512476],[54.599021,24.4507654],[54.599076,24.4507063],[54.5991772,24.4507628],[54.5990665,24.4509129],[54.5991365,24.4509663],[54.5992562,24.4508163],[54.5993194,24.4508553],[54.5992085,24.4511086],[54.5991908,24.451149],[54.59924,24.4511717],[54.5994047,24.4512476],[54.5996932,24.4507284],[54.5998196,24.4507904],[54.5997847,24.4508747],[54.5998786,24.4508698],[54.5999094,24.4507917],[54.5999872,24.4508088],[54.5999471,24.4509828],[54.5999933,24.4509884],[54.600015,24.450991],[54.6002519,24.4510197],[54.6003904,24.4506034],[54.6007066,24.4506341],[54.6007141,24.4506842],[54.6007128,24.450775],[54.6007109,24.4508675],[54.6007045,24.4509577],[54.6006977,24.4510543],[54.6006774,24.4513419],[54.6006538,24.4516754],[54.6006513,24.4517072],[54.6006453,24.4517377],[54.6005869,24.4517731],[54.6005185,24.451806],[54.6004381,24.4518341],[54.6003254,24.4518695],[54.6002047,24.4518988],[54.6002128,24.4519135],[54.6001752,24.4519489],[54.600202,24.4520246],[54.600253,24.4520038],[54.6002557,24.4520673],[54.6006057,24.4520136],[54.6006508,24.4519761],[54.6005817,24.4518965],[54.6006419,24.4518829],[54.6009021,24.4517967],[54.6011053,24.4517062],[54.6012558,24.4516286],[54.6013627,24.4515315],[54.6014192,24.4514493],[54.6015447,24.4511455],[54.6015968,24.4509837],[54.6017061,24.4509761],[54.6016718,24.4506383],[54.6016217,24.450629],[54.601523,24.4503579],[54.6014734,24.4502634],[54.6012453,24.4499777],[54.6009902,24.4498174],[54.6007328,24.4497475],[54.600446,24.4497126]]]}},{"type":"Feature","properties":{"layer":"land","subtype":"tree","class":"tree","name":""},"geometry":{"type":"Point","coordinates":[54.6069476,24.4511246]}},{"type":"Feature","properties":{"layer":"land","subtype":"tree","class":"tree_row","name":""},"geometry":{"type":"LineString","coordinates":[[54.6104432,24.4507144],[54.6102206,24.4513932],[54.6101803,24.4514445],[54.6101025,24.4515007],[54.6100301,24.45153],[54.6099255,24.4515153],[54.6083591,24.451027],[54.6082009,24.4509977],[54.6079943,24.4509879],[54.6077717,24.4510026]]}},{"type":"Feature","properties":{"layer":"land","subtype":"tree","class":"tree_row","name":""},"geometry":{"type":"LineString","coordinates":[[54.6106551,24.4508219],[54.6104459,24.4514616]]}},{"type":"Feature","properties":{"layer":"land","subtype":"tree","class":"tree_row","name":""},"geometry":{"type":"LineString","coordinates":[[54.6052163,24.4508341],[54.6054362,24.4509013],[54.6056843,24.4509965],[54.6059794,24.4511333],[54.6063415,24.4513139]]}},{"type":"Feature","properties":{"layer":"land","subtype":"tree","class":"tree","name":""},"geometry":{"type":"Point","coordinates":[54.6065657,24.4509048]}},{"type":"Feature","properties":{"layer":"land","subtype":"tree","class":"tree","name":""},"geometry":{"type":"Point","coordinates":[54.6064297,24.4508351]}},{"type":"Feature","properties":{"layer":"land","subtype":"tree","class":"tree","name":""},"geometry":{"type":"Point","coordinates":[54.6125627,24.4508293]}},{"type":"Feature","properties":{"layer":"land","subtype":"tree","class":"tree","name":""},"geometry":{"type":"Point","coordinates":[54.612501,24.4508147]}},{"type":"Feature","properties":{"layer":"land","subtype":"tree","class":"tree","name":""},"geometry":{"type":"Point","coordinates":[54.6127183,24.4508757]}},{"type":"Feature","properties":{"layer":"land","subtype":"tree","class":"tree","name":""},"geometry":{"type":"Point","coordinates":[54.6126458,24.4508586]}},{"type":"Feature","properties":{"layer":"land","subtype":"tree","class":"tree","name":""},"geometry":{"type":"Point","coordinates":[54.6131555,24.4510076]}},{"type":"Feature","properties":{"layer":"land","subtype":"tree","class":"tree","name":""},"geometry":{"type":"Point","coordinates":[54.6129489,24.450949]}},{"type":"Feature","properties":{"layer":"land","subtype":"tree","class":"tree","name":""},"geometry":{"type":"Point","coordinates":[54.6128721,24.4527871]}},{"type":"Feature","properties":{"layer":"land","subtype":"tree","class":"tree","name":""},"geometry":{"type":"Point","coordinates":[54.6128493,24.4528982]}},{"type":"Feature","properties":{"layer":"land","subtype":"tree","class":"tree","name":""},"geometry":{"type":"Point","coordinates":[54.6129796,24.4529278]}},{"type":"Feature","properties":{"layer":"land","subtype":"tree","class":"tree","name":""},"geometry":{"type":"Point","coordinates":[54.6129273,24.4528593]}},{"type":"Feature","properties":{"layer":"land","subtype":"sand","class":"sand","name":""},"geometry":{"type":"Polygon","coordinates":[[[54.6149222,24.4507068],[54.6147814,24.4505219],[54.6145795,24.4502662],[54.6143998,24.450055],[54.6142187,24.4498804],[54.6140592,24.4497424],[54.6138982,24.4496252],[54.6136488,24.4494665],[54.6134315,24.4493567],[54.6132599,24.4492907],[54.6120498,24.4489579],[54.6113132,24.4487571],[54.6112749,24.4488706],[54.6112623,24.4489135],[54.611084,24.4494344],[54.6111419,24.4494523],[54.611133,24.4494762],[54.6111266,24.4494932],[54.6111176,24.4495173],[54.6115066,24.4496169],[54.6116629,24.4496566],[54.6118997,24.4496993],[54.6120612,24.4497194],[54.6121994,24.4497354],[54.61242,24.449747],[54.6125595,24.4497708],[54.6127687,24.4498104],[54.6128994,24.449841],[54.6130389,24.4498855],[54.6131959,24.4499472],[54.6133668,24.4500332],[54.6135492,24.4501553],[54.6136692,24.4502499],[54.6137256,24.4503568],[54.6137859,24.4504825],[54.6138234,24.4506095],[54.6138422,24.4507511],[54.6138476,24.4508609],[54.6138272,24.4509747],[54.6136678,24.451375],[54.6135321,24.4515826],[54.6134104,24.4517424],[54.6132803,24.451873],[54.6131609,24.4519719],[54.6130362,24.4520586],[54.6129343,24.4521184],[54.6127962,24.4521807],[54.6126674,24.4522295],[54.612481,24.4522771],[54.6125647,24.4524361],[54.6126398,24.4525069],[54.6127579,24.4525851],[54.6128894,24.4527734],[54.6130396,24.4528308],[54.6131362,24.4528918],[54.6132072,24.4529724],[54.6132823,24.453147],[54.613356,24.4532565],[54.613423,24.4533469],[54.6136283,24.453425],[54.6136485,24.4534327],[54.6134982,24.4535765],[54.6135272,24.4535793],[54.6135524,24.4535876],[54.6135752,24.4536011],[54.6135941,24.4536191],[54.6136066,24.4536379],[54.613614,24.4536586],[54.6136176,24.4536784],[54.6136166,24.4536981],[54.6136109,24.4537192],[54.6136007,24.4537387],[54.6135856,24.4537568],[54.6135666,24.4537715],[54.613692,24.4539365],[54.6137736,24.454044],[54.6142149,24.4546241],[54.6143437,24.4547943],[54.6145286,24.4550377],[54.614768,24.4553527],[54.615,24.455658077552936],[54.615,24.45080020827301],[54.6149222,24.4507068]]]}},{"type":"Feature","properties":{"layer":"land","subtype":"tree","class":"tree","name":""},"geometry":{"type":"Point","coordinates":[54.6130787,24.4530576]}},{"type":"Feature","properties":{"layer":"land","subtype":"tree","class":"tree","name":""},"geometry":{"type":"Point","coordinates":[54.6129062,24.4529725]}},{"type":"Feature","properties":{"layer":"land","subtype":"tree","class":"tree","name":""},"geometry":{"type":"Point","coordinates":[54.6130257,24.4529883]}},{"type":"Feature","properties":{"layer":"land","subtype":"tree","class":"tree","name":""},"geometry":{"type":"Point","coordinates":[54.6131285,24.4531228]}},{"type":"Feature","properties":{"layer":"land","subtype":"tree","class":"tree","name":""},"geometry":{"type":"Point","coordinates":[54.6130593,24.4531722]}},{"type":"Feature","properties":{"layer":"land","subtype":"tree","class":"tree","name":""},"geometry":{"type":"Point","coordinates":[54.6133079,24.4532095]}},{"type":"Feature","properties":{"layer":"land","subtype":"tree","class":"tree","name":""},"geometry":{"type":"Point","coordinates":[54.6131808,24.4531913]}},{"type":"Feature","properties":{"layer":"land","subtype":"tree","class":"tree","name":""},"geometry":{"type":"Point","coordinates":[54.6132305,24.4532563]}},{"type":"Feature","properties":{"layer":"land","subtype":"tree","class":"tree","name":""},"geometry":{"type":"Point","coordinates":[54.6131096,24.4532378]}},{"type":"Feature","properties":{"layer":"land","subtype":"tree","class":"tree","name":""},"geometry":{"type":"Point","coordinates":[54.612978,24.4532388]}},{"type":"Feature","properties":{"layer":"land","subtype":"tree","class":"tree","name":""},"geometry":{"type":"Point","coordinates":[54.6133577,24.4532781]}},{"type":"Feature","properties":{"layer":"land","subtype":"tree","class":"tree","name":""},"geometry":{"type":"Point","coordinates":[54.6132825,24.4533244]}},{"type":"Feature","properties":{"layer":"land","subtype":"tree","class":"tree","name":""},"geometry":{"type":"Point","coordinates":[54.6131628,24.4533072]}},{"type":"Feature","properties":{"layer":"land","subtype":"tree","class":"tree","name":""},"geometry":{"type":"Point","coordinates":[54.6130293,24.4533074]}},{"type":"Feature","properties":{"layer":"land","subtype":"tree","class":"tree","name":""},"geometry":{"type":"Point","coordinates":[54.6130809,24.4533766]}},{"type":"Feature","properties":{"layer":"land","subtype":"tree","class":"tree","name":""},"geometry":{"type":"Point","coordinates":[54.613211,24.4533702]}},{"type":"Feature","properties":{"layer":"land","subtype":"tree","class":"tree","name":""},"geometry":{"type":"Point","coordinates":[54.6134138,24.4533556]}},{"type":"Feature","properties":{"layer":"land","subtype":"tree","class":"tree","name":""},"geometry":{"type":"Point","coordinates":[54.6134554,24.4534129]}},{"type":"Feature","properties":{"layer":"land","subtype":"tree","class":"tree","name":""},"geometry":{"type":"Point","coordinates":[54.6133369,24.4533956]}},{"type":"Feature","properties":{"layer":"land","subtype":"tree","class":"tree","name":""},"geometry":{"type":"Point","coordinates":[54.6133133,24.4535037]}},{"type":"Feature","properties":{"layer":"land","subtype":"tree","class":"tree","name":""},"geometry":{"type":"Point","coordinates":[54.6131783,24.4535071]}},{"type":"Feature","properties":{"layer":"land","subtype":"tree","class":"tree","name":""},"geometry":{"type":"Point","coordinates":[54.6132277,24.4535732]}},{"type":"Feature","properties":{"layer":"land","subtype":"tree","class":"tree","name":""},"geometry":{"type":"Point","coordinates":[54.6135238,24.4535073]}},{"type":"Feature","properties":{"layer":"land","subtype":"tree","class":"tree","name":""},"geometry":{"type":"Point","coordinates":[54.6135614,24.4534805]}},{"type":"Feature","properties":{"layer":"land","subtype":"tree","class":"tree","name":""},"geometry":{"type":"Point","coordinates":[54.613383,24.4534561]}},{"type":"Feature","properties":{"layer":"land","subtype":"tree","class":"tree","name":""},"geometry":{"type":"Point","coordinates":[54.6131273,24.4534388]}},{"type":"Feature","properties":{"layer":"land","subtype":"tree","class":"tree","name":""},"geometry":{"type":"Point","coordinates":[54.6132641,24.4534395]}},{"type":"Feature","properties":{"layer":"land","subtype":"tree","class":"tree","name":""},"geometry":{"type":"Point","coordinates":[54.6135815,24.4534292]}},{"type":"Feature","properties":{"layer":"land","subtype":"tree","class":"tree","name":""},"geometry":{"type":"Point","coordinates":[54.6132851,24.4536502]}},{"type":"Feature","properties":{"layer":"land","subtype":"sand","class":"sand","name":""},"geometry":{"type":"Polygon","coordinates":[[[54.6135731,24.4536496],[54.6135565,24.453629],[54.6135334,24.4536145],[54.6135064,24.4536077],[54.6134784,24.4536094],[54.6134526,24.4536194],[54.6134318,24.4536366],[54.6134184,24.453659],[54.6134139,24.4536842],[54.6134187,24.4537094],[54.6134323,24.4537317],[54.6134522,24.453748],[54.6134768,24.4537579],[54.6135035,24.4537602],[54.6135296,24.4537547],[54.6135525,24.4537419],[54.6135699,24.4537233],[54.6135801,24.4536995],[54.6135812,24.453674],[54.6135731,24.4536496]]]}},{"type":"Feature","properties":{"layer":"land","subtype":"sand","class":"sand","name":"جزيرة القرية"},"geometry":{"type":"Polygon","coordinates":[[[54.575112,24.4543663],[54.5748531,24.4542597],[54.574542,24.4542597],[54.574263,24.4541913],[54.5741343,24.4540351],[54.573909,24.4539667],[54.5736622,24.4539862],[54.5735013,24.4539276],[54.5734165,24.453869],[54.573233,24.4537421],[54.5730507,24.4537421],[54.5728361,24.4537421],[54.5726108,24.4536639],[54.5724391,24.4535467],[54.5723318,24.4534881],[54.5721934,24.4534491],[54.5718061,24.4534491],[54.571495,24.4534491],[54.5712482,24.4536542],[54.5711098,24.4539081],[54.5709907,24.4541132],[54.5707869,24.4541523],[54.5705723,24.4541718],[54.5706917,24.4542668],[54.5706986,24.4544255],[54.5705465,24.4553145],[54.57046333242053,24.456],[54.58064523174116,24.456],[54.575112,24.4543663]]]}},{"type":"Feature","properties":{"layer":"land","subtype":"land","class":"land","name":""},"geometry":{"type":"Polygon","coordinates":[[[54.575112,24.4543663],[54.5748531,24.4542597],[54.574542,24.4542597],[54.574263,24.4541913],[54.5741343,24.4540351],[54.573909,24.4539667],[54.5736622,24.4539862],[54.5735013,24.4539276],[54.5734165,24.453869],[54.573233,24.4537421],[54.5730507,24.4537421],[54.5728361,24.4537421],[54.5726108,24.4536639],[54.5724391,24.4535467],[54.5723318,24.4534881],[54.5721934,24.4534491],[54.5718061,24.4534491],[54.571495,24.4534491],[54.5712482,24.4536542],[54.5711098,24.4539081],[54.5709907,24.4541132],[54.5707869,24.4541523],[54.5705723,24.4541718],[54.5706917,24.4542668],[54.5706986,24.4544255],[54.5705465,24.4553145],[54.57046333242053,24.456],[54.58064523174116,24.456],[54.575112,24.4543663]]]}},{"type":"Feature","properties":{"layer":"land","subtype":"sand","class":"beach","name":"شاطء الزينة"},"geometry":{"type":"Polygon","coordinates":[[[54.6127229,24.4558773],[54.6127336,24.4557919],[54.6126665,24.4556966],[54.6127819,24.4556161],[54.6128007,24.4554818],[54.6127443,24.4553353],[54.6126495,24.4552295],[54.6125443,24.4550866],[54.6125029,24.4550335],[54.6124394,24.4549427],[54.6123491,24.4550002],[54.6121648,24.4547453],[54.6122089,24.4549062],[54.6122264,24.4549947],[54.6122494,24.4551746],[54.612277,24.4555384],[54.61228524640551,24.456],[54.612756157070706,24.456],[54.6127229,24.4558773]]]}},{"type":"Feature","properties":{"layer":"land","subtype":"tree","class":"tree","name":""},"geometry":{"type":"Point","coordinates":[54.6113745,24.4504875]}},{"type":"Feature","properties":{"layer":"land","subtype":"tree","class":"tree_row","name":""},"geometry":{"type":"LineString","coordinates":[[54.6111318,24.4502762],[54.6112311,24.4502969],[54.6114805,24.4503702],[54.6115288,24.4503897],[54.6117581,24.4504568],[54.6118359,24.4504715],[54.6123616,24.4506192],[54.6124877,24.4506326],[54.6130483,24.4507657]]}},{"type":"Feature","properties":{"layer":"land","subtype":"tree","class":"tree","name":""},"geometry":{"type":"Point","coordinates":[54.6116132,24.4505583]}},{"type":"Feature","properties":{"layer":"land","subtype":"tree","class":"tree","name":""},"geometry":{"type":"Point","coordinates":[54.6118305,24.450612]}},{"type":"Feature","properties":{"layer":"land","subtype":"tree","class":"tree","name":""},"geometry":{"type":"Point","coordinates":[54.6120316,24.4506755]}},{"type":"Feature","properties":{"layer":"land","subtype":"tree","class":"tree","name":""},"geometry":{"type":"Point","coordinates":[54.6122837,24.4507512]}},{"type":"Feature","properties":{"layer":"land","subtype":"tree","class":"tree","name":""},"geometry":{"type":"Point","coordinates":[54.6123401,24.4507683]}},{"type":"Feature","properties":{"layer":"land","subtype":"tree","class":"tree","name":""},"geometry":{"type":"Point","coordinates":[54.6056276,24.4505043]}},{"type":"Feature","properties":{"layer":"land","subtype":"tree","class":"tree","name":""},"geometry":{"type":"Point","coordinates":[54.6057655,24.4505514]}},{"type":"Feature","properties":{"layer":"land","subtype":"tree","class":"tree","name":""},"geometry":{"type":"Point","coordinates":[54.6059035,24.4506014]}},{"type":"Feature","properties":{"layer":"land","subtype":"tree","class":"tree","name":""},"geometry":{"type":"Point","coordinates":[54.6063013,24.4507711]}},{"type":"Feature","properties":{"layer":"land","subtype":"tree","class":"tree_row","name":""},"geometry":{"type":"LineString","coordinates":[[54.6037183,24.4506181],[54.6038819,24.4506205],[54.6040388,24.450629],[54.6042024,24.4506425],[54.6043781,24.4506632],[54.6045471,24.4506864],[54.6047093,24.4507194],[54.6049534,24.450778]]}},{"type":"Feature","properties":{"layer":"land","subtype":"tree","class":"tree_row","name":""},"geometry":{"type":"LineString","coordinates":[[54.6026306,24.4508476],[54.6026749,24.4508],[54.6027352,24.450756],[54.6027996,24.4507206],[54.6028653,24.4506889],[54.6029431,24.4506596],[54.603041,24.4506303]]}},{"type":"Feature","properties":{"layer":"land","subtype":"tree","class":"tree","name":""},"geometry":{"type":"Point","coordinates":[54.6027396,24.4501699]}},{"type":"Feature","properties":{"layer":"land","subtype":"tree","class":"tree","name":""},"geometry":{"type":"Point","coordinates":[54.6028975,24.4501765]}},{"type":"Feature","properties":{"layer":"land","subtype":"tree","class":"tree","name":""},"geometry":{"type":"Point","coordinates":[54.6049149,24.4503084]}},{"type":"Feature","properties":{"layer":"land","subtype":"tree","class":"tree","name":""},"geometry":{"type":"Point","coordinates":[54.6047757,24.4502764]}},{"type":"Feature","properties":{"layer":"land","subtype":"tree","class":"tree","name":""},"geometry":{"type":"Point","coordinates":[54.6046295,24.4502444]}},{"type":"Feature","properties":{"layer":"land","subtype":"tree","class":"tree","name":""},"geometry":{"type":"Point","coordinates":[54.6044832,24.4502229]}},{"type":"Feature","properties":{"layer":"land","subtype":"tree","class":"tree","name":""},"geometry":{"type":"Point","coordinates":[54.6038944,24.4501619]}},{"type":"Feature","properties":{"layer":"land","subtype":"tree","class":"tree","name":""},"geometry":{"type":"Point","coordinates":[54.6040426,24.4501718]}},{"type":"Feature","properties":{"layer":"land","subtype":"tree","class":"tree","name":""},"geometry":{"type":"Point","coordinates":[54.6050631,24.4503357]}},{"type":"Feature","properties":{"layer":"land","subtype":"land","class":"land","name":""},"geometry":{"type":"Polygon","coordinates":[[[54.6016273,24.4496036],[54.60184,24.4497451],[54.6019652,24.4498478],[54.6021208,24.4499698],[54.6023166,24.4500773],[54.6024936,24.4501334],[54.6026862,24.4501797],[54.6028633,24.4501944],[54.6029181,24.4501936],[54.6030274,24.450192],[54.603555,24.4501713],[54.6035853,24.4501701],[54.6039828,24.4501842],[54.6042665,24.450214],[54.6046179,24.4502653],[54.6051041,24.4503667],[54.6055299,24.450485],[54.6059248,24.4506233],[54.6061843,24.4507268],[54.6063962,24.4508366],[54.6067392,24.4510225],[54.6070292,24.451198],[54.6072791,24.4513701],[54.6073852,24.4514534],[54.6076163,24.451627],[54.6080485,24.4520282],[54.6082803,24.4522828],[54.6084803,24.4525116],[54.6086305,24.4527143],[54.6087217,24.4529047],[54.6088224,24.4531332],[54.6089007,24.4533033],[54.6090446,24.4534804],[54.609175,24.4535932],[54.6092677,24.4536521],[54.6093896,24.4537094],[54.6095171,24.4537558],[54.6096887,24.4538034],[54.6098993,24.4538205],[54.6100951,24.4538083],[54.6102617,24.4537742],[54.610443,24.4537057],[54.6106254,24.4536042],[54.6107724,24.4534886],[54.6109127,24.4533323],[54.6109929,24.4532181],[54.6110408,24.4530954],[54.6111558,24.4528588],[54.6112832,24.4526422],[54.6114184,24.4524872],[54.6115766,24.452319],[54.611674,24.4522372],[54.6117697,24.4521493],[54.6119377,24.4520611],[54.6121978,24.4519696],[54.6125358,24.451889],[54.6128053,24.4517731],[54.6130816,24.4515813],[54.6132409,24.4514326],[54.613333,24.4513027],[54.6134265,24.4511124],[54.6134654,24.4509696],[54.6134797,24.4508693],[54.6134761,24.450756],[54.6134667,24.4506363],[54.6134318,24.4505338],[54.6133621,24.4504337],[54.6132857,24.4503341],[54.6131985,24.4502602],[54.6131046,24.450209],[54.6129785,24.4501492],[54.6128672,24.4501101],[54.6127202,24.4500675],[54.6125118,24.4500198],[54.6123241,24.4500088],[54.6121337,24.4499966],[54.6119915,24.4499856],[54.611856,24.4499611],[54.611671,24.4499282],[54.6113281,24.449852],[54.6110355,24.4497754],[54.6107577,24.4496707],[54.6105509,24.4496031],[54.6102541,24.4494917],[54.6100734,24.4494028],[54.6097049,24.449236],[54.6093426,24.4490986],[54.6090799,24.449015],[54.6087993,24.4489443],[54.6084697,24.448881],[54.6081956,24.4488465],[54.6079278,24.4488092],[54.607563,24.4487457],[54.6071741,24.4486578],[54.6068633,24.4485774],[54.6063802,24.4484136],[54.6060664,24.4482843],[54.6058174,24.4481505],[54.6054248,24.4479793],[54.6051848,24.4478922],[54.6048593,24.4477971],[54.604576,24.4477345],[54.6042492,24.4476884],[54.6037744,24.4476702],[54.6032828,24.4476635],[54.6030126,24.4476482],[54.6026116,24.4476042],[54.6021154,24.4475187],[54.6017386,24.4474363],[54.6013309,24.4473149],[54.6011833,24.4472793],[54.6010093,24.447239],[54.6005598,24.4471732],[54.6002849,24.44715],[54.6000959,24.4470981],[54.5999616,24.4470487],[54.5998253,24.4469775],[54.5996062,24.4468583],[54.5995271,24.4468351],[54.5993923,24.4468152],[54.5990675,24.4468322],[54.5984092,24.4470015],[54.598394,24.4471173],[54.5983519,24.4472086],[54.5982824,24.4473188],[54.5984605,24.4480529],[54.598619,24.4488055],[54.5987665,24.4494477],[54.5991768,24.449398],[54.5995411,24.449367],[54.5999518,24.4493369],[54.6000926,24.4493302],[54.6003925,24.449337],[54.6008333,24.4493545],[54.6011386,24.4494086],[54.6014073,24.449501],[54.6016273,24.4496036]]]}},{"type":"Feature","properties":{"layer":"land","subtype":"sand","class":"sand","name":""},"geometry":{"type":"Polygon","coordinates":[[[54.6076998,24.4512395],[54.6075657,24.4512664],[54.6074736,24.4512931],[54.6074476,24.4513006],[54.6072791,24.4513701],[54.6076163,24.451627],[54.6080485,24.4520282],[54.6082803,24.4522828],[54.6084803,24.4525116],[54.6086305,24.4527143],[54.6087217,24.4529047],[54.6088224,24.4531332],[54.6089007,24.4533033],[54.6090446,24.4534804],[54.609175,24.4535932],[54.6092677,24.4536521],[54.6093896,24.4537094],[54.6095171,24.4537558],[54.6096887,24.4538034],[54.6098993,24.4538205],[54.6100951,24.4538083],[54.6102617,24.4537742],[54.610443,24.4537057],[54.6106254,24.4536042],[54.6107724,24.4534886],[54.6109127,24.4533323],[54.6109929,24.4532181],[54.6110408,24.4530954],[54.6111558,24.4528588],[54.6112832,24.4526422],[54.6114184,24.4524872],[54.6115766,24.452319],[54.611674,24.4522372],[54.6117697,24.4521493],[54.6119377,24.4520611],[54.6121978,24.4519696],[54.6125358,24.451889],[54.6128053,24.4517731],[54.6130816,24.4515813],[54.6132409,24.4514326],[54.613333,24.4513027],[54.6134265,24.4511124],[54.6134654,24.4509696],[54.6134797,24.4508693],[54.6134761,24.450756],[54.6134667,24.4506363],[54.6134318,24.4505338],[54.6133621,24.4504337],[54.6132857,24.4503341],[54.6131985,24.4502602],[54.6131046,24.450209],[54.6129785,24.4501492],[54.6128672,24.4501101],[54.6127202,24.4500675],[54.6125118,24.4500198],[54.6123241,24.4500088],[54.6121337,24.4499966],[54.6119915,24.4499856],[54.611856,24.4499611],[54.611671,24.4499282],[54.6113281,24.449852],[54.6110355,24.4497754],[54.6107577,24.4496707],[54.6105509,24.4496031],[54.6102541,24.4494917],[54.6100734,24.4494028],[54.6097049,24.449236],[54.6093426,24.4490986],[54.6090799,24.449015],[54.6087993,24.4489443],[54.6084697,24.448881],[54.6081956,24.4488465],[54.6079278,24.4488092],[54.607563,24.4487457],[54.6071741,24.4486578],[54.6068633,24.4485774],[54.6063802,24.4484136],[54.6060664,24.4482843],[54.6058174,24.4481505],[54.6054248,24.4479793],[54.6051848,24.4478922],[54.6048593,24.4477971],[54.604576,24.4477345],[54.6042492,24.4476884],[54.6037744,24.4476702],[54.6032828,24.4476635],[54.6030126,24.4476482],[54.6026116,24.4476042],[54.6021154,24.4475187],[54.6017386,24.4474363],[54.6013309,24.4473149],[54.6011833,24.4472793],[54.6010093,24.447239],[54.6005598,24.4471732],[54.6002849,24.44715],[54.6000959,24.4470981],[54.5999616,24.4470487],[54.5998253,24.4469775],[54.5996062,24.4468583],[54.5995271,24.4468351],[54.5993923,24.4468152],[54.5990675,24.4468322],[54.5984092,24.4470015],[54.598394,24.4471173],[54.5983519,24.4472086],[54.5982824,24.4473188],[54.5984605,24.4480529],[54.598619,24.4488055],[54.5987665,24.4494477],[54.5991768,24.449398],[54.5995411,24.449367],[54.5999518,24.4493369],[54.6000926,24.4493302],[54.6003925,24.449337],[54.6008333,24.4493545],[54.6011386,24.4494086],[54.6014073,24.449501],[54.6016273,24.4496036],[54.60184,24.4497451],[54.6019652,24.4498478],[54.6021208,24.4499698],[54.6023166,24.4500773],[54.6024936,24.4501334],[54.6026862,24.4501797],[54.6028633,24.4501944],[54.6029181,24.4501936],[54.6030274,24.450192],[54.6032205,24.4499688],[54.6030675,24.4494222],[54.6030486,24.4493246],[54.6031402,24.4492381],[54.6031415,24.4491465],[54.6031254,24.4489585],[54.6031388,24.4489121],[54.6031791,24.4488706],[54.6032381,24.4488499],[54.6034634,24.4488694],[54.6039462,24.448939],[54.6046892,24.4490879],[54.6053892,24.4492515],[54.6060504,24.449431],[54.6067022,24.4496165],[54.6066928,24.4496471],[54.607793,24.4499656],[54.6075757,24.4506347],[54.6076222,24.4509717],[54.6076771,24.4510352],[54.6076998,24.4512395]]]}},{"type":"Feature","properties":{"layer":"land","subtype":"tree","class":"tree","name":""},"geometry":{"type":"Point","coordinates":[54.6053466,24.4504165]}},{"type":"Feature","properties":{"layer":"land","subtype":"tree","class":"tree","name":""},"geometry":{"type":"Point","coordinates":[54.6054858,24.4504578]}},{"type":"Feature","properties":{"layer":"land","subtype":"tree","class":"tree","name":""},"geometry":{"type":"Point","coordinates":[54.6111384,24.4504289]}},{"type":"Feature","properties":{"layer":"land","subtype":"tree","class":"tree_row","name":""},"geometry":{"type":"LineString","coordinates":[[54.605328,24.4502159],[54.6053897,24.4500694]]}},{"type":"Feature","properties":{"layer":"land","subtype":"tree","class":"tree_row","name":""},"geometry":{"type":"LineString","coordinates":[[54.6051537,24.4501842],[54.6051751,24.4500133]]}},{"type":"Feature","properties":{"layer":"land","subtype":"tree","class":"tree_row","name":""},"geometry":{"type":"LineString","coordinates":[[54.607523,24.4492265],[54.6085552,24.4495299],[54.610505,24.4500435]]}},{"type":"Feature","properties":{"layer":"land","subtype":"tree","class":"tree","name":""},"geometry":{"type":"Point","coordinates":[54.6019759,24.4498317]}},{"type":"Feature","properties":{"layer":"land","subtype":"tree","class":"tree","name":""},"geometry":{"type":"Point","coordinates":[54.6017376,24.449659]}},{"type":"Feature","properties":{"layer":"land","subtype":"tree","class":"tree","name":""},"geometry":{"type":"Point","coordinates":[54.601622,24.4495872]}},{"type":"Feature","properties":{"layer":"land","subtype":"tree","class":"tree","name":""},"geometry":{"type":"Point","coordinates":[54.6018564,24.4497418]}},{"type":"Feature","properties":{"layer":"land","subtype":"tree","class":"tree","name":""},"geometry":{"type":"Point","coordinates":[54.6005832,24.4499857]}},{"type":"Feature","properties":{"layer":"land","subtype":"tree","class":"tree","name":""},"geometry":{"type":"Point","coordinates":[54.600551,24.4500002]}},{"type":"Feature","properties":{"layer":"land","subtype":"tree","class":"tree","name":""},"geometry":{"type":"Point","coordinates":[54.6020796,24.4499196]}},{"type":"Feature","properties":{"layer":"land","subtype":"tree","class":"tree","name":""},"geometry":{"type":"Point","coordinates":[54.6022063,24.4500045]}},{"type":"Feature","properties":{"layer":"land","subtype":"tree","class":"tree","name":""},"geometry":{"type":"Point","coordinates":[54.6023291,24.4500611]}},{"type":"Feature","properties":{"layer":"land","subtype":"tree","class":"tree","name":""},"geometry":{"type":"Point","coordinates":[54.6037488,24.4501555]}},{"type":"Feature","properties":{"layer":"land","subtype":"tree","class":"tree","name":""},"geometry":{"type":"Point","coordinates":[54.6035962,24.4501497]}},{"type":"Feature","properties":{"layer":"land","subtype":"tree","class":"tree","name":""},"geometry":{"type":"Point","coordinates":[54.6034471,24.450151]}},{"type":"Feature","properties":{"layer":"land","subtype":"tree","class":"tree","name":""},"geometry":{"type":"Point","coordinates":[54.6024662,24.4501155]}},{"type":"Feature","properties":{"layer":"land","subtype":"tree","class":"tree","name":""},"geometry":{"type":"Point","coordinates":[54.6026065,24.4501489]}},{"type":"Feature","properties":{"layer":"land","subtype":"tree","class":"tree","name":""},"geometry":{"type":"Point","coordinates":[54.6005392,24.4501451]}},{"type":"Feature","properties":{"layer":"land","subtype":"tree","class":"tree","name":""},"geometry":{"type":"Point","coordinates":[54.60057,24.4501294]}},{"type":"Feature","properties":{"layer":"land","subtype":"tree","class":"tree","name":""},"geometry":{"type":"Point","coordinates":[54.6005432,24.4500997]}},{"type":"Feature","properties":{"layer":"land","subtype":"tree","class":"tree","name":""},"geometry":{"type":"Point","coordinates":[54.6005745,24.450084]}},{"type":"Feature","properties":{"layer":"land","subtype":"tree","class":"tree","name":""},"geometry":{"type":"Point","coordinates":[54.6005786,24.4500349]}},{"type":"Feature","properties":{"layer":"land","subtype":"tree","class":"tree","name":""},"geometry":{"type":"Point","coordinates":[54.6005469,24.4500555]}},{"type":"Feature","properties":{"layer":"land","subtype":"sand","class":"sand","name":"جزيرة السيف"},"geometry":{"type":"Polygon","coordinates":[[[54.5939172,24.4506503],[54.594193,24.4506316],[54.5944991,24.4506483],[54.5947174,24.4506877],[54.5949427,24.4507502],[54.5951146,24.4508164],[54.5953517,24.4509343],[54.5954513,24.4509965],[54.5956693,24.4511623],[54.5957054,24.4512081],[54.5957555,24.4512476],[54.5958162,24.4512817],[54.5958916,24.4513075],[54.5959811,24.4513161],[54.596037,24.4513107],[54.5961165,24.4512893],[54.596189,24.4512526],[54.5962407,24.4512133],[54.5963028,24.4511322],[54.5964505,24.4509584],[54.5965805,24.4508363],[54.5966579,24.4507736],[54.5967237,24.4507272],[54.5967851,24.4506915],[54.5969748,24.4506031],[54.5970368,24.4505572],[54.5970794,24.450503],[54.5971084,24.4504502],[54.5971304,24.450387],[54.5971334,24.4503387],[54.597129,24.45027],[54.5971136,24.450217],[54.5970851,24.45016],[54.5970472,24.450114],[54.5970051,24.4500717],[54.5969414,24.4500317],[54.5969026,24.4500166],[54.596829,24.450013],[54.5966569,24.4499854],[54.5963778,24.4499351],[54.5960834,24.4498635],[54.595788,24.4497816],[54.5954457,24.4496836],[54.5952328,24.4496002],[54.5951013,24.4495447],[54.5949079,24.4494577],[54.5945747,24.4492948],[54.5942571,24.4491188],[54.5940679,24.4490132],[54.5939883,24.4489636],[54.5937253,24.4488269],[54.5935393,24.448733],[54.5934543,24.4487001],[54.5933481,24.4486758],[54.5932301,24.4486831],[54.5931117,24.448717],[54.5930221,24.4487691],[54.5929477,24.4488482],[54.5928895,24.448948],[54.5928694,24.4490542],[54.5928748,24.4491516],[54.5928999,24.4492246],[54.5929645,24.4493167],[54.593045,24.4494499],[54.5930893,24.4495438],[54.5931201,24.4496222],[54.5931437,24.449697],[54.5931609,24.4497695],[54.5931925,24.4500407],[54.5931872,24.450324],[54.5932064,24.4504071],[54.5932421,24.4504863],[54.5932823,24.4505407],[54.5933495,24.4505998],[54.5934122,24.4506387],[54.593494,24.4506695],[54.5935721,24.4506792],[54.5939172,24.4506503]]]}},{"type":"Feature","properties":{"layer":"land","subtype":"land","class":"land","name":""},"geometry":{"type":"Polygon","coordinates":[[[54.5934543,24.4487001],[54.5933481,24.4486758],[54.5932301,24.4486831],[54.5931117,24.448717],[54.5930221,24.4487691],[54.5929477,24.4488482],[54.5928895,24.448948],[54.5928694,24.4490542],[54.5928748,24.4491516],[54.5928999,24.4492246],[54.5929645,24.4493167],[54.593045,24.4494499],[54.5930893,24.4495438],[54.5931201,24.4496222],[54.5931437,24.449697],[54.5931609,24.4497695],[54.5931925,24.4500407],[54.5931872,24.450324],[54.5932064,24.4504071],[54.5932421,24.4504863],[54.5932823,24.4505407],[54.5933495,24.4505998],[54.5934122,24.4506387],[54.593494,24.4506695],[54.5935721,24.4506792],[54.5939172,24.4506503],[54.594193,24.4506316],[54.5944991,24.4506483],[54.5947174,24.4506877],[54.5949427,24.4507502],[54.5951146,24.4508164],[54.5953517,24.4509343],[54.5954513,24.4509965],[54.5956693,24.4511623],[54.5957054,24.4512081],[54.5957555,24.4512476],[54.5958162,24.4512817],[54.5958916,24.4513075],[54.5959811,24.4513161],[54.596037,24.4513107],[54.5961165,24.4512893],[54.596189,24.4512526],[54.5962407,24.4512133],[54.5963028,24.4511322],[54.5964505,24.4509584],[54.5965805,24.4508363],[54.5966579,24.4507736],[54.5967237,24.4507272],[54.5967851,24.4506915],[54.5969748,24.4506031],[54.5970368,24.4505572],[54.5970794,24.450503],[54.5971084,24.4504502],[54.5971304,24.450387],[54.5971334,24.4503387],[54.597129,24.45027],[54.5971136,24.450217],[54.5970851,24.45016],[54.5970472,24.450114],[54.5970051,24.4500717],[54.5969414,24.4500317],[54.5969026,24.4500166],[54.596829,24.450013],[54.5966569,24.4499854],[54.5963778,24.4499351],[54.5960834,24.4498635],[54.595788,24.4497816],[54.5954457,24.4496836],[54.5952328,24.4496002],[54.5951013,24.4495447],[54.5949079,24.4494577],[54.5945747,24.4492948],[54.5942571,24.4491188],[54.5940679,24.4490132],[54.5939883,24.4489636],[54.5937253,24.4488269],[54.5935393,24.448733],[54.5934543,24.4487001]]]}},{"type":"Feature","properties":{"layer":"land","subtype":"land","class":"land","name":""},"geometry":{"type":"Polygon","coordinates":[[[54.588378,24.4473048],[54.5882738,24.4472837],[54.5881083,24.4472775],[54.5879621,24.447309],[54.5878264,24.4473788],[54.5876918,24.447485],[54.5875719,24.4476357],[54.5875222,24.4477753],[54.5875339,24.4479756],[54.5875751,24.448114],[54.5876239,24.4480859],[54.5878554,24.4486861],[54.5878389,24.4488552],[54.5888851,24.4491927],[54.5905219,24.4497482],[54.5906535,24.4494736],[54.5910068,24.4496417],[54.5912681,24.4497155],[54.5915238,24.4497546],[54.5915209,24.4497982],[54.5916549,24.449798],[54.5918378,24.4497486],[54.5920518,24.449621],[54.5921702,24.4495038],[54.592251,24.4493425],[54.5922856,24.4491373],[54.5922596,24.4489931],[54.5922117,24.4488708],[54.5921098,24.4487072],[54.5919969,24.4485717],[54.5917392,24.4483929],[54.5913744,24.4483051],[54.5910419,24.4482798],[54.5908057,24.4482328],[54.5903854,24.4481522],[54.5902073,24.4481068],[54.5898737,24.4480014],[54.5896431,24.4479199],[54.5893708,24.4478253],[54.5891567,24.4477164],[54.5890145,24.4476542],[54.588829,24.4475545],[54.5886704,24.4474617],[54.5885765,24.4473984],[54.5884875,24.4473431],[54.588378,24.4473048]]]}},{"type":"Feature","properties":{"layer":"land","subtype":"sand","class":"sand","name":"جزيرة السيف"},"geometry":{"type":"Polygon","coordinates":[[[54.5876239,24.4480859],[54.5878554,24.4486861],[54.5878389,24.4488552],[54.5888851,24.4491927],[54.5905219,24.4497482],[54.5906535,24.4494736],[54.5910068,24.4496417],[54.5912681,24.4497155],[54.5915238,24.4497546],[54.5915209,24.4497982],[54.5916549,24.449798],[54.5918378,24.4497486],[54.5920518,24.449621],[54.5921702,24.4495038],[54.592251,24.4493425],[54.5922856,24.4491373],[54.5922596,24.4489931],[54.5922117,24.4488708],[54.5921098,24.4487072],[54.5919969,24.4485717],[54.5917392,24.4483929],[54.5913744,24.4483051],[54.5910419,24.4482798],[54.5908057,24.4482328],[54.5903854,24.4481522],[54.5902073,24.4481068],[54.5898737,24.4480014],[54.5896431,24.4479199],[54.5893708,24.4478253],[54.5891567,24.4477164],[54.5890145,24.4476542],[54.588829,24.4475545],[54.5886704,24.4474617],[54.5885765,24.4473984],[54.5884875,24.4473431],[54.588378,24.4473048],[54.5882738,24.4472837],[54.5881083,24.4472775],[54.5879621,24.447309],[54.5878264,24.4473788],[54.5876918,24.447485],[54.5875719,24.4476357],[54.5875222,24.4477753],[54.5875339,24.4479756],[54.5875751,24.448114],[54.5876239,24.4480859]]]}},{"type":"Feature","properties":{"layer":"land","subtype":"tree","class":"tree","name":""},"geometry":{"type":"Point","coordinates":[54.6014857,24.449527]}},{"type":"Feature","properties":{"layer":"land","subtype":"tree","class":"tree","name":""},"geometry":{"type":"Point","coordinates":[54.6013438,24.4494631]}},{"type":"Feature","properties":{"layer":"land","subtype":"tree","class":"tree_row","name":""},"geometry":{"type":"LineString","coordinates":[[54.6047433,24.4484711],[54.6051178,24.4485766],[54.6053541,24.4486419],[54.6055294,24.4486819],[54.6057212,24.4487312],[54.6058367,24.4487723],[54.6060362,24.4488271],[54.606347,24.4489217]]}},{"type":"Feature","properties":{"layer":"land","subtype":"tree","class":"tree_row","name":""},"geometry":{"type":"LineString","coordinates":[[54.6011708,24.4481653],[54.602882,24.4482336],[54.603476,24.448253],[54.6040791,24.4483424],[54.6042723,24.4483965],[54.6045726,24.4484504]]}},{"type":"Feature","properties":{"layer":"land","subtype":"sand","class":"sand","name":""},"geometry":{"type":"Polygon","coordinates":[[[54.6111266,24.4494932],[54.611133,24.4494762],[54.6111419,24.4494523],[54.611084,24.4494344],[54.6112623,24.4489135],[54.6112749,24.4488706],[54.6113132,24.4487571],[54.611173,24.448719],[54.6101657,24.4484025],[54.6081625,24.4478261],[54.6071191,24.4475133],[54.6069943,24.4474749],[54.6069132,24.4474496],[54.6056755,24.4471079],[54.603978,24.44668],[54.6025443,24.4465342],[54.6014681,24.4462036],[54.6008054,24.4460118],[54.6003902,24.4458916],[54.6001964,24.4458119],[54.5994273,24.4454957],[54.5994133,24.4456135],[54.5994066,24.4456701],[54.5993514,24.4461488],[54.5993388,24.4462416],[54.5993782,24.4464593],[54.5995589,24.4465115],[54.5997343,24.4465832],[54.5999529,24.4467127],[54.6001876,24.4468177],[54.6006275,24.4469153],[54.6010808,24.446991],[54.6020303,24.447223],[54.6023817,24.4472975],[54.6027062,24.44735],[54.6032132,24.4473914],[54.6038113,24.4474012],[54.604164,24.4474122],[54.6045167,24.4474427],[54.6051873,24.4475942],[54.6056901,24.4477895],[54.6062414,24.4480605],[54.6069548,24.4483205],[54.6074926,24.4484548],[54.6081793,24.4485684],[54.6085957,24.4486303],[54.6090122,24.4487118],[54.6094909,24.4488541],[54.6102713,24.4491886],[54.6111176,24.4495173],[54.6111266,24.4494932]]]}},{"type":"Feature","properties":{"layer":"land","subtype":"sand","class":"sand","name":"جزيرة السيف"},"geometry":{"type":"Polygon","coordinates":[[[54.5825447,24.4474306],[54.5826427,24.4473233],[54.5831281,24.4473379],[54.5834419,24.4473843],[54.5835949,24.4473868],[54.5838497,24.4474038],[54.5841822,24.4474795],[54.5844773,24.4475772],[54.5848152,24.4477676],[54.5850433,24.4479044],[54.5852122,24.4480069],[54.5853544,24.4480728],[54.5854488,24.4481407],[54.5854557,24.4482316],[54.5856413,24.4483046],[54.5858365,24.4483414],[54.5859787,24.4483513],[54.5861235,24.4483268],[54.5862818,24.4482853],[54.5864266,24.4482218],[54.5865305,24.4481589],[54.5866446,24.4480655],[54.586723,24.4479874],[54.5867733,24.4479093],[54.5868082,24.447836],[54.5868445,24.4477379],[54.5868538,24.4476284],[54.5868361,24.4475063],[54.5867787,24.4473746],[54.5866929,24.4472528],[54.5865566,24.4471498],[54.5864161,24.4471007],[54.5862433,24.4470786],[54.586,24.4470564],[54.5856682,24.4470144],[54.5854016,24.4469687],[54.5850567,24.4468874],[54.5846344,24.4467656],[54.5843214,24.4466496],[54.5839296,24.4465003],[54.5835993,24.4463535],[54.5833029,24.4462143],[54.5829672,24.4460142],[54.5826426,24.4458374],[54.58242,24.4457959],[54.5821706,24.445835],[54.5820449,24.4458891],[54.5819465,24.4459733],[54.5818453,24.4460665],[54.5817763,24.4462135],[54.58172,24.4464357],[54.5817111,24.4466221],[54.5817361,24.4467751],[54.5817886,24.4469227],[54.5818729,24.4470706],[54.581984,24.4472006],[54.5821192,24.4473132],[54.5823034,24.4473916],[54.5825447,24.4474306]]]}},{"type":"Feature","properties":{"layer":"land","subtype":"land","class":"land","name":""},"geometry":{"type":"Polygon","coordinates":[[[54.5821706,24.445835],[54.5820449,24.4458891],[54.5819465,24.4459733],[54.5818453,24.4460665],[54.5817763,24.4462135],[54.58172,24.4464357],[54.5817111,24.4466221],[54.5817361,24.4467751],[54.5817886,24.4469227],[54.5818729,24.4470706],[54.581984,24.4472006],[54.5821192,24.4473132],[54.5823034,24.4473916],[54.5825447,24.4474306],[54.5826427,24.4473233],[54.5831281,24.4473379],[54.5834419,24.4473843],[54.5835949,24.4473868],[54.5838497,24.4474038],[54.5841822,24.4474795],[54.5844773,24.4475772],[54.5848152,24.4477676],[54.5850433,24.4479044],[54.5852122,24.4480069],[54.5853544,24.4480728],[54.5854488,24.4481407],[54.5854557,24.4482316],[54.5856413,24.4483046],[54.5858365,24.4483414],[54.5859787,24.4483513],[54.5861235,24.4483268],[54.5862818,24.4482853],[54.5864266,24.4482218],[54.5865305,24.4481589],[54.5866446,24.4480655],[54.586723,24.4479874],[54.5867733,24.4479093],[54.5868082,24.447836],[54.5868445,24.4477379],[54.5868538,24.4476284],[54.5868361,24.4475063],[54.5867787,24.4473746],[54.5866929,24.4472528],[54.5865566,24.4471498],[54.5864161,24.4471007],[54.5862433,24.4470786],[54.586,24.4470564],[54.5856682,24.4470144],[54.5854016,24.4469687],[54.5850567,24.4468874],[54.5846344,24.4467656],[54.5843214,24.4466496],[54.5839296,24.4465003],[54.5835993,24.4463535],[54.5833029,24.4462143],[54.5829672,24.4460142],[54.5826426,24.4458374],[54.58242,24.4457959],[54.5821706,24.445835]]]}},{"type":"Feature","properties":{"layer":"land","subtype":"forest","class":"forest","name":""},"geometry":{"type":"Polygon","coordinates":[[[54.5644302,24.4466362],[54.5650462,24.4470262],[54.5654179,24.4462205],[54.5653259,24.4461399],[54.5644904,24.4463977],[54.5644302,24.4466362]]]}},{"type":"Feature","properties":{"layer":"land","subtype":"land","class":"land","name":""},"geometry":{"type":"Polygon","coordinates":[[[54.5966895,24.446674],[54.5963432,24.4465699],[54.5956416,24.4464487],[54.5955492,24.4464311],[54.59543,24.4464259],[54.5952811,24.4464125],[54.5950983,24.4464051],[54.5949287,24.4464199],[54.5939097,24.4465792],[54.5929461,24.4467073],[54.5923372,24.4467123],[54.5918974,24.4466732],[54.5914843,24.4466122],[54.5911995,24.4465626],[54.5907902,24.4464433],[54.5903272,24.4462875],[54.5898657,24.4460853],[54.5894881,24.4458687],[54.5891501,24.4456465],[54.5889034,24.4454706],[54.5879897,24.4447631],[54.587631,24.4445246],[54.5873254,24.4443431],[54.5869677,24.4441705],[54.5864594,24.4439746],[54.5859873,24.4438328],[54.5853963,24.4436962],[54.5849606,24.4436222],[54.5846278,24.4435815],[54.5841755,24.4435431],[54.5838903,24.4435337],[54.5829825,24.4435894],[54.5826096,24.4436309],[54.5822288,24.4436981],[54.5818843,24.4437774],[54.5818476,24.4438957],[54.5817935,24.4439804],[54.5817394,24.4440458],[54.5816619,24.4441061],[54.5817903,24.4445026],[54.5818447,24.4447362],[54.5818863,24.4452197],[54.5819346,24.4453149],[54.5820124,24.4453442],[54.5821143,24.4453345],[54.5822725,24.4453149],[54.5824255,24.4453027],[54.5826009,24.4453071],[54.5828182,24.4453362],[54.5829796,24.445382],[54.5831161,24.4454278],[54.583274,24.4455028],[54.5834437,24.4456017],[54.5836152,24.4457002],[54.5838074,24.4457937],[54.5840251,24.4459063],[54.5844005,24.4460738],[54.5850924,24.4463043],[54.5855288,24.4464258],[54.5858366,24.4464946],[54.5862678,24.446539],[54.5866659,24.4465414],[54.5870375,24.4465121],[54.5874825,24.4465022],[54.5878113,24.4465292],[54.58814,24.4465952],[54.5884875,24.4467093],[54.5887783,24.4468369],[54.5891991,24.4470773],[54.5895293,24.4472398],[54.5900811,24.4474703],[54.59056,24.4476333],[54.5908437,24.4476988],[54.5912017,24.447755],[54.5914625,24.447766],[54.5917234,24.4477575],[54.5920869,24.4477537],[54.5923257,24.4477787],[54.5927185,24.4478453],[54.5931642,24.447962],[54.593537,24.4481023],[54.5938669,24.4482543],[54.594237,24.4484452],[54.5946525,24.4487086],[54.5955151,24.449109],[54.5959213,24.4492401],[54.5964299,24.4493782],[54.5969493,24.4494699],[54.597529,24.4495197],[54.5978473,24.4495263],[54.598365,24.4495006],[54.5979382,24.4475191],[54.5977341,24.4475268],[54.5975668,24.4474806],[54.5974402,24.4474169],[54.5973229,24.4473103],[54.597254,24.4472149],[54.5972065,24.4470789],[54.5971942,24.4469682],[54.597203,24.4468327],[54.5970695,24.4467927],[54.5966895,24.446674]]]}},{"type":"Feature","properties":{"layer":"land","subtype":"sand","class":"sand","name":""},"geometry":{"type":"Polygon","coordinates":[[[54.5834437,24.4456017],[54.5836152,24.4457002],[54.5838074,24.4457937],[54.5840251,24.4459063],[54.5844005,24.4460738],[54.5850924,24.4463043],[54.5855288,24.4464258],[54.5858366,24.4464946],[54.5862678,24.446539],[54.5866659,24.4465414],[54.5870375,24.4465121],[54.5874825,24.4465022],[54.5878113,24.4465292],[54.58814,24.4465952],[54.5884875,24.4467093],[54.5887783,24.4468369],[54.5891991,24.4470773],[54.5895293,24.4472398],[54.5900811,24.4474703],[54.59056,24.4476333],[54.5908437,24.4476988],[54.5912017,24.447755],[54.5914625,24.447766],[54.5917234,24.4477575],[54.5920869,24.4477537],[54.5923257,24.4477787],[54.5927185,24.4478453],[54.5931642,24.447962],[54.593537,24.4481023],[54.5938669,24.4482543],[54.594237,24.4484452],[54.5946525,24.4487086],[54.5955151,24.449109],[54.5959213,24.4492401],[54.5964299,24.4493782],[54.5969493,24.4494699],[54.597529,24.4495197],[54.5978473,24.4495263],[54.598365,24.4495006],[54.5979382,24.4475191],[54.5977341,24.4475268],[54.5975668,24.4474806],[54.5974402,24.4474169],[54.5973229,24.4473103],[54.597254,24.4472149],[54.5972065,24.4470789],[54.5971942,24.4469682],[54.597203,24.4468327],[54.5970695,24.4467927],[54.5966895,24.446674],[54.5963432,24.4465699],[54.5956416,24.4464487],[54.5955492,24.4464311],[54.59543,24.4464259],[54.5952811,24.4464125],[54.5950983,24.4464051],[54.5949287,24.4464199],[54.5939097,24.4465792],[54.5929461,24.4467073],[54.5923372,24.4467123],[54.5918974,24.4466732],[54.5914843,24.4466122],[54.5911995,24.4465626],[54.5907902,24.4464433],[54.5903272,24.4462875],[54.5898657,24.4460853],[54.5894881,24.4458687],[54.5891501,24.4456465],[54.5889034,24.4454706],[54.5879897,24.4447631],[54.587631,24.4445246],[54.5873254,24.4443431],[54.5869677,24.4441705],[54.5864594,24.4439746],[54.5859873,24.4438328],[54.5853963,24.4436962],[54.5849606,24.4436222],[54.5846278,24.4435815],[54.5841755,24.4435431],[54.5838903,24.4435337],[54.5829825,24.4435894],[54.5826096,24.4436309],[54.5822288,24.4436981],[54.5818843,24.4437774],[54.5818476,24.4438957],[54.5817935,24.4439804],[54.5817394,24.4440458],[54.5816619,24.4441061],[54.5817903,24.4445026],[54.5818447,24.4447362],[54.5818863,24.4452197],[54.5819346,24.4453149],[54.5820124,24.4453442],[54.5821143,24.4453345],[54.5822725,24.4453149],[54.5824255,24.4453027],[54.5826009,24.4453071],[54.5828182,24.4453362],[54.5829796,24.445382],[54.5831161,24.4454278],[54.583274,24.4455028],[54.5834437,24.4456017]]]}},{"type":"Feature","properties":{"layer":"land","subtype":"sand","class":"sand","name":""},"geometry":{"type":"MultiPolygon","coordinates":[[[[54.6148156,24.4468851],[54.6148036,24.4469058],[54.6147765,24.4469258],[54.6147499,24.44694],[54.6147137,24.4469461],[54.6146713,24.4469388],[54.6146224,24.4469273],[54.613903,24.4467242],[54.6129402,24.4464523],[54.6120165,24.4461915],[54.6111675,24.4459464],[54.6094318,24.4454617],[54.6091969,24.4453954],[54.6095509,24.4443251],[54.607344,24.4437242],[54.607217,24.4435338],[54.6063077,24.4432812],[54.6061714,24.4432434],[54.6058299,24.4431485],[54.6053297,24.44296],[54.6049433,24.4427609],[54.6045437,24.4424984],[54.6040703,24.4421374],[54.6034618,24.4417861],[54.6026452,24.4415117],[54.6018496,24.441287],[54.6015772,24.4412138],[54.6014847,24.441127],[54.601302,24.4410777],[54.6012865,24.4411858],[54.6012831,24.4412182],[54.6012508,24.4415252],[54.6011531,24.442525],[54.6011387,24.4426872],[54.6010497,24.4437819],[54.6008054,24.4460118],[54.6014681,24.4462036],[54.6025443,24.4465342],[54.603978,24.44668],[54.6056755,24.4471079],[54.6069132,24.4474496],[54.6069943,24.4474749],[54.6071191,24.4475133],[54.6081625,24.4478261],[54.6101657,24.4484025],[54.611173,24.448719],[54.6113132,24.4487571],[54.6120498,24.4489579],[54.6132599,24.4492907],[54.6134315,24.4493567],[54.6136488,24.4494665],[54.6138982,24.4496252],[54.6140592,24.4497424],[54.6142187,24.4498804],[54.6143998,24.450055],[54.6145795,24.4502662],[54.6147814,24.4505219],[54.6149222,24.4507068],[54.615,24.45080020827301],[54.615,24.446309906777405],[54.6148156,24.4468851]]],[[[54.614827,24.445667],[54.6147443,24.4456773],[54.6146888,24.4456918],[54.6146168,24.4457029],[54.6145786,24.4457274],[54.614557,24.4457393],[54.615,24.445869450085034],[54.615,24.445716952738813],[54.614827,24.445667]]]]}},{"type":"Feature","properties":{"layer":"land","subtype":"tree","class":"tree_row","name":""},"geometry":{"type":"LineString","coordinates":[[54.6096547,24.4441513],[54.615,24.445646434868188]]}},{"type":"Feature","properties":{"layer":"land","subtype":"forest","class":"forest","name":""},"geometry":{"type":"Polygon","coordinates":[[[54.5661047,24.4456823],[54.5651666,24.4452601],[54.5647984,24.4452214],[54.5634743,24.4455437],[54.5632619,24.4456694],[54.5640868,24.4463881],[54.5645116,24.4461721],[54.5652958,24.4460436],[54.5656002,24.4461502],[54.5663419,24.4460593],[54.5661047,24.4456823]]]}},{"type":"Feature","properties":{"layer":"land","subtype":"land","class":"land","name":""},"geometry":{"type":"Polygon","coordinates":[[[54.5769008,24.4455996],[54.5771377,24.4457308],[54.5773964,24.445822],[54.5776687,24.4458702],[54.5778184,24.4458816],[54.5778665,24.4458744],[54.5779096,24.4458536],[54.5779434,24.4458215],[54.5779642,24.4457814],[54.5779701,24.4457373],[54.5779604,24.4456938],[54.577936,24.4456553],[54.577898,24.4456253],[54.5778473,24.4456067],[54.5777947,24.4456057],[54.5777449,24.445621],[54.5777038,24.4456508],[54.5776762,24.4456915],[54.5776691,24.4457223],[54.577565,24.4457002],[54.5773609,24.4456514],[54.5771678,24.4455739],[54.5769905,24.4454697],[54.5768334,24.4453413],[54.5767857,24.4452877],[54.5768633,24.4452263],[54.5768482,24.4452132],[54.5767271,24.4450695],[54.5766315,24.4449109],[54.5765634,24.4447408],[54.5765246,24.4445633],[54.5765197,24.4444627],[54.5766085,24.4444679],[54.5766227,24.4442211],[54.5766953,24.443983],[54.5768229,24.4437649],[54.5769996,24.4435772],[54.5772167,24.4434289],[54.577464,24.443327],[54.5777297,24.4432765],[54.5780012,24.4432796],[54.5782262,24.4433243],[54.5784383,24.443406],[54.5786302,24.443522],[54.5787953,24.4436681],[54.578928,24.4438395],[54.5790237,24.4440303],[54.579079,24.4442338],[54.5790922,24.4444431],[54.5790628,24.444651],[54.5789917,24.4448505],[54.5788815,24.4450346],[54.5788459,24.4450826],[54.5787495,24.4451498],[54.5786378,24.445193],[54.5785178,24.4452098],[54.578397,24.4451989],[54.5783116,24.4451735],[54.5782328,24.4451341],[54.5781633,24.4450823],[54.5781055,24.4450197],[54.5780613,24.4449485],[54.5780323,24.4448711],[54.5780194,24.4447901],[54.5780232,24.4447084],[54.5780433,24.4446287],[54.5781003,24.4444925],[54.5781129,24.4444199],[54.5781008,24.4443472],[54.5780652,24.4442812],[54.5780094,24.4442281],[54.5779386,24.4441928],[54.5778594,24.4441785],[54.5777792,24.4441867],[54.5777054,24.4442165],[54.577638,24.4442732],[54.5775959,24.4443473],[54.5775841,24.4444301],[54.5775961,24.4445168],[54.5776223,24.4445943],[54.5776664,24.4446986],[54.5777088,24.4447863],[54.5777615,24.4448742],[54.5778106,24.4449469],[54.5778631,24.4450167],[54.5779234,24.4450887],[54.5779835,24.4451532],[54.5780516,24.4452158],[54.5781276,24.4452757],[54.5782088,24.4453387],[54.5783071,24.4454047],[54.5783991,24.44546],[54.5785153,24.4455107],[54.5786409,24.4455568],[54.5787817,24.4455949],[54.5789051,24.4456344],[54.5790459,24.4456884],[54.5791696,24.4457534],[54.579282,24.4458155],[54.5793711,24.4458725],[54.5794597,24.445941],[54.5795639,24.4460259],[54.579645,24.4460966],[54.5797241,24.4461774],[54.579794,24.4462601],[54.5798586,24.4463409],[54.5799307,24.4464058],[54.5800191,24.4464698],[54.5801127,24.4465212],[54.5802374,24.4465716],[54.5803596,24.4466037],[54.5804864,24.4466153],[54.5806351,24.4466069],[54.5807739,24.4465786],[54.5809301,24.4465196],[54.5810433,24.4464541],[54.5811454,24.4463713],[54.5812085,24.4463026],[54.5812739,24.4462178],[54.5813338,24.4461301],[54.5813787,24.4460357],[54.5814146,24.4459507],[54.5814489,24.4458369],[54.5814746,24.4457444],[54.5814944,24.4456106],[54.5814991,24.4454969],[54.5815004,24.4453566],[54.5814981,24.4452316],[54.5814692,24.4449462],[54.5814441,24.4447954],[54.5813849,24.4445317],[54.5812823,24.444195],[54.5812692,24.4441604],[54.5811984,24.4441386],[54.5810852,24.4440897],[54.5809868,24.4440089],[54.5809174,24.443902],[54.5808869,24.4437814],[54.5808967,24.4436627],[54.5809401,24.443558],[54.5809671,24.4435242],[54.580879,24.4433727],[54.5806717,24.4430777],[54.5804866,24.4428432],[54.5802399,24.4426015],[54.5799287,24.4423207],[54.579639,24.442123],[54.5794566,24.4420155],[54.5790597,24.4418177],[54.5787003,24.441703],[54.5783033,24.4416199],[54.5778688,24.4416053],[54.5773806,24.4416223],[54.5770105,24.4416908],[54.5767637,24.4417616],[54.5763668,24.4419178],[54.576061,24.442079],[54.5756747,24.4423402],[54.5753877,24.4425845],[54.5752348,24.4427456],[54.5750981,24.4429043],[54.5749988,24.4430557],[54.574854,24.4433048],[54.574736,24.4435538],[54.5745858,24.4438664],[54.5744677,24.4443059],[54.5744562,24.4443602],[54.5744007,24.4446209],[54.5742036,24.4446195],[54.5741888,24.4446624],[54.574221,24.4452924],[54.5743497,24.4453656],[54.574402,24.4454096],[54.5744543,24.4454682],[54.5745344,24.4455738],[54.575331,24.4455884],[54.5753068,24.445481],[54.5751969,24.4454199],[54.5752301,24.4452715],[54.575342,24.4451196],[54.5755049,24.4450144],[54.5757542,24.4449285],[54.5759468,24.4449166],[54.5761992,24.4449689],[54.5763877,24.4450418],[54.5764434,24.4451338],[54.5765208,24.4452343],[54.576693,24.4454323],[54.5769008,24.4455996]]]}},{"type":"Feature","properties":{"layer":"land","subtype":"sand","class":"sand","name":""},"geometry":{"type":"Polygon","coordinates":[[[54.5742036,24.4446195],[54.5741888,24.4446624],[54.574221,24.4452924],[54.5743497,24.4453656],[54.574402,24.4454096],[54.5744543,24.4454682],[54.5745344,24.4455738],[54.575331,24.4455884],[54.5753068,24.445481],[54.5751969,24.4454199],[54.5752301,24.4452715],[54.575342,24.4451196],[54.5755049,24.4450144],[54.5757542,24.4449285],[54.5759468,24.4449166],[54.5761992,24.4449689],[54.5763877,24.4450418],[54.5764434,24.4451338],[54.5765208,24.4452343],[54.576693,24.4454323],[54.5769008,24.4455996],[54.5771377,24.4457308],[54.5773964,24.445822],[54.5776687,24.4458702],[54.5778184,24.4458816],[54.5778665,24.4458744],[54.5779096,24.4458536],[54.5779434,24.4458215],[54.5779642,24.4457814],[54.5779701,24.4457373],[54.5779604,24.4456938],[54.577936,24.4456553],[54.577898,24.4456253],[54.5778473,24.4456067],[54.5777947,24.4456057],[54.5777449,24.445621],[54.5777038,24.4456508],[54.5776762,24.4456915],[54.5776691,24.4457223],[54.577565,24.4457002],[54.5773609,24.4456514],[54.5771678,24.4455739],[54.5769905,24.4454697],[54.5768334,24.4453413],[54.5767857,24.4452877],[54.5768633,24.4452263],[54.5768482,24.4452132],[54.5767271,24.4450695],[54.5766315,24.4449109],[54.5765634,24.4447408],[54.5765246,24.4445633],[54.5765197,24.4444627],[54.5766085,24.4444679],[54.5766227,24.4442211],[54.5766953,24.443983],[54.5768229,24.4437649],[54.5769996,24.4435772],[54.5772167,24.4434289],[54.577464,24.443327],[54.5777297,24.4432765],[54.5780012,24.4432796],[54.5782262,24.4433243],[54.5784383,24.443406],[54.5786302,24.443522],[54.5787953,24.4436681],[54.578928,24.4438395],[54.5790237,24.4440303],[54.579079,24.4442338],[54.5790922,24.4444431],[54.5790628,24.444651],[54.5789917,24.4448505],[54.5788815,24.4450346],[54.5788459,24.4450826],[54.5787495,24.4451498],[54.5786378,24.445193],[54.5785178,24.4452098],[54.578397,24.4451989],[54.5783116,24.4451735],[54.5782328,24.4451341],[54.5781633,24.4450823],[54.5781055,24.4450197],[54.5780613,24.4449485],[54.5780323,24.4448711],[54.5780194,24.4447901],[54.5780232,24.4447084],[54.5780433,24.4446287],[54.5781003,24.4444925],[54.5781129,24.4444199],[54.5781008,24.4443472],[54.5780652,24.4442812],[54.5780094,24.4442281],[54.5779386,24.4441928],[54.5778594,24.4441785],[54.5777792,24.4441867],[54.5777054,24.4442165],[54.577638,24.4442732],[54.5775959,24.4443473],[54.5775841,24.4444301],[54.5775961,24.4445168],[54.5776223,24.4445943],[54.5776664,24.4446986],[54.5777088,24.4447863],[54.5777615,24.4448742],[54.5778106,24.4449469],[54.5778631,24.4450167],[54.5779234,24.4450887],[54.5779835,24.4451532],[54.5780516,24.4452158],[54.5781276,24.4452757],[54.5782088,24.4453387],[54.5783071,24.4454047],[54.5783991,24.44546],[54.5785153,24.4455107],[54.5786409,24.4455568],[54.5787817,24.4455949],[54.5789051,24.4456344],[54.5790459,24.4456884],[54.5791696,24.4457534],[54.579282,24.4458155],[54.5793711,24.4458725],[54.5794597,24.445941],[54.5795639,24.4460259],[54.579645,24.4460966],[54.5797241,24.4461774],[54.579794,24.4462601],[54.5798586,24.4463409],[54.5799307,24.4464058],[54.5800191,24.4464698],[54.5801127,24.4465212],[54.5802374,24.4465716],[54.5803596,24.4466037],[54.5804864,24.4466153],[54.5806351,24.4466069],[54.5807739,24.4465786],[54.5809301,24.4465196],[54.5810433,24.4464541],[54.5811454,24.4463713],[54.5812085,24.4463026],[54.5812739,24.4462178],[54.5813338,24.4461301],[54.5813787,24.4460357],[54.5814146,24.4459507],[54.5814489,24.4458369],[54.5814746,24.4457444],[54.5814944,24.4456106],[54.5814991,24.4454969],[54.5815004,24.4453566],[54.5814981,24.4452316],[54.5814692,24.4449462],[54.5814441,24.4447954],[54.5813849,24.4445317],[54.5812823,24.444195],[54.5812692,24.4441604],[54.5811984,24.4441386],[54.5810852,24.4440897],[54.5809868,24.4440089],[54.5809174,24.443902],[54.5808869,24.4437814],[54.5808967,24.4436627],[54.5809401,24.443558],[54.5809671,24.4435242],[54.580879,24.4433727],[54.5806717,24.4430777],[54.5804866,24.4428432],[54.5802399,24.4426015],[54.5799287,24.4423207],[54.579639,24.442123],[54.5794566,24.4420155],[54.5790597,24.4418177],[54.5787003,24.441703],[54.5783033,24.4416199],[54.5778688,24.4416053],[54.5773806,24.4416223],[54.5770105,24.4416908],[54.5767637,24.4417616],[54.5763668,24.4419178],[54.576061,24.442079],[54.5756747,24.4423402],[54.5753877,24.4425845],[54.5752348,24.4427456],[54.5750981,24.4429043],[54.5749988,24.4430557],[54.574854,24.4433048],[54.574736,24.4435538],[54.5745858,24.4438664],[54.5744677,24.4443059],[54.5744562,24.4443602],[54.5744007,24.4446209],[54.5742036,24.4446195]]]}},{"type":"Feature","properties":{"layer":"land","subtype":"land","class":"islet","name":"جزيرة الدانة"},"geometry":{"type":"Polygon","coordinates":[[[54.5752301,24.4452715],[54.575342,24.4451196],[54.5755049,24.4450144],[54.5757542,24.4449285],[54.5759468,24.4449166],[54.5761992,24.4449689],[54.5763877,24.4450418],[54.5764434,24.4451338],[54.5765208,24.4452343],[54.576693,24.4454323],[54.5769008,24.4455996],[54.5771377,24.4457308],[54.5773964,24.445822],[54.5776687,24.4458702],[54.5778184,24.4458816],[54.5778665,24.4458744],[54.5779096,24.4458536],[54.5779434,24.4458215],[54.5779642,24.4457814],[54.5779701,24.4457373],[54.5779604,24.4456938],[54.577936,24.4456553],[54.577898,24.4456253],[54.5778473,24.4456067],[54.5777947,24.4456057],[54.5777449,24.445621],[54.5777038,24.4456508],[54.5776762,24.4456915],[54.5776691,24.4457223],[54.577565,24.4457002],[54.5773609,24.4456514],[54.5771678,24.4455739],[54.5769905,24.4454697],[54.5768334,24.4453413],[54.5767857,24.4452877],[54.5768633,24.4452263],[54.5768482,24.4452132],[54.5767271,24.4450695],[54.5766315,24.4449109],[54.5765634,24.4447408],[54.5765246,24.4445633],[54.5765197,24.4444627],[54.5766085,24.4444679],[54.5766227,24.4442211],[54.5766953,24.443983],[54.5768229,24.4437649],[54.5769996,24.4435772],[54.5772167,24.4434289],[54.577464,24.443327],[54.5777297,24.4432765],[54.5780012,24.4432796],[54.5782262,24.4433243],[54.5784383,24.443406],[54.5786302,24.443522],[54.5787953,24.4436681],[54.578928,24.4438395],[54.5790237,24.4440303],[54.579079,24.4442338],[54.5790922,24.4444431],[54.5790628,24.444651],[54.5789917,24.4448505],[54.5788815,24.4450346],[54.5788459,24.4450826],[54.5787495,24.4451498],[54.5786378,24.445193],[54.5785178,24.4452098],[54.578397,24.4451989],[54.5783116,24.4451735],[54.5782328,24.4451341],[54.5781633,24.4450823],[54.5781055,24.4450197],[54.5780613,24.4449485],[54.5780323,24.4448711],[54.5780194,24.4447901],[54.5780232,24.4447084],[54.5780433,24.4446287],[54.5781003,24.4444925],[54.5781129,24.4444199],[54.5781008,24.4443472],[54.5780652,24.4442812],[54.5780094,24.4442281],[54.5779386,24.4441928],[54.5778594,24.4441785],[54.5777792,24.4441867],[54.5777054,24.4442165],[54.577638,24.4442732],[54.5775959,24.4443473],[54.5775841,24.4444301],[54.5775961,24.4445168],[54.5776223,24.4445943],[54.5776664,24.4446986],[54.5777088,24.4447863],[54.5777615,24.4448742],[54.5778106,24.4449469],[54.5778631,24.4450167],[54.5779234,24.4450887],[54.5779835,24.4451532],[54.5780516,24.4452158],[54.5781276,24.4452757],[54.5782088,24.4453387],[54.5783071,24.4454047],[54.5783991,24.44546],[54.5785153,24.4455107],[54.5786409,24.4455568],[54.5787817,24.4455949],[54.5789051,24.4456344],[54.5790459,24.4456884],[54.5791696,24.4457534],[54.579282,24.4458155],[54.5793711,24.4458725],[54.5794597,24.445941],[54.5795639,24.4460259],[54.579645,24.4460966],[54.5797241,24.4461774],[54.579794,24.4462601],[54.5798586,24.4463409],[54.5799307,24.4464058],[54.5800191,24.4464698],[54.5801127,24.4465212],[54.5802374,24.4465716],[54.5803596,24.4466037],[54.5804864,24.4466153],[54.5806351,24.4466069],[54.5807739,24.4465786],[54.5809301,24.4465196],[54.5810433,24.4464541],[54.5811454,24.4463713],[54.5812085,24.4463026],[54.5812739,24.4462178],[54.5813338,24.4461301],[54.5813787,24.4460357],[54.5814146,24.4459507],[54.5814489,24.4458369],[54.5814746,24.4457444],[54.5814944,24.4456106],[54.5814991,24.4454969],[54.5815004,24.4453566],[54.5814981,24.4452316],[54.5814692,24.4449462],[54.5814441,24.4447954],[54.5813849,24.4445317],[54.5812823,24.444195],[54.5812692,24.4441604],[54.5811984,24.4441386],[54.5810852,24.4440897],[54.5809868,24.4440089],[54.5809174,24.443902],[54.5808869,24.4437814],[54.5808967,24.4436627],[54.5809401,24.443558],[54.5809671,24.4435242],[54.580879,24.4433727],[54.5806717,24.4430777],[54.5804866,24.4428432],[54.5802399,24.4426015],[54.5799287,24.4423207],[54.579639,24.442123],[54.5794566,24.4420155],[54.5790597,24.4418177],[54.5787003,24.441703],[54.5783033,24.4416199],[54.5778688,24.4416053],[54.5773806,24.4416223],[54.5770105,24.4416908],[54.5767637,24.4417616],[54.5763668,24.4419178],[54.576061,24.442079],[54.5756747,24.4423402],[54.5753877,24.4425845],[54.5752348,24.4427456],[54.5750981,24.4429043],[54.5749988,24.4430557],[54.574854,24.4433048],[54.574736,24.4435538],[54.5745858,24.4438664],[54.5744677,24.4443059],[54.5744562,24.4443602],[54.5744007,24.4446209],[54.5742036,24.4446195],[54.5741888,24.4446624],[54.574221,24.4452924],[54.5743497,24.4453656],[54.574402,24.4454096],[54.5744543,24.4454682],[54.5745344,24.4455738],[54.575331,24.4455884],[54.5753068,24.445481],[54.5751969,24.4454199],[54.5752301,24.4452715]]]}},{"type":"Feature","properties":{"layer":"land","subtype":"land","class":"land","name":""},"geometry":{"type":"Polygon","coordinates":[[[54.5627072,24.4433819],[54.562577,24.4434161],[54.5625244,24.4433773],[54.5624643,24.4433705],[54.5624418,24.4434161],[54.5624869,24.4434708],[54.5624819,24.4435141],[54.5623968,24.4436394],[54.5624543,24.4437989],[54.5627122,24.4439539],[54.5627848,24.4439539],[54.562925,24.4438605],[54.562935,24.443628],[54.5630201,24.4436052],[54.5630676,24.4435528],[54.5630501,24.4435095],[54.56294,24.443505],[54.5628499,24.4433773],[54.5628073,24.4433204],[54.5627297,24.4433272],[54.5627072,24.4433819]]]}},{"type":"Feature","properties":{"layer":"land","subtype":"sand","class":"sand","name":""},"geometry":{"type":"Polygon","coordinates":[[[54.5930443,24.4407474],[54.5927528,24.441599],[54.5920647,24.4434323],[54.5944799,24.4441042],[54.5945813,24.4441324],[54.5946816,24.4441621],[54.5992986,24.4454566],[54.5994273,24.4454957],[54.6001964,24.4458119],[54.6003902,24.4458916],[54.6008054,24.4460118],[54.6010497,24.4437819],[54.6011387,24.4426872],[54.6011531,24.442525],[54.6010465,24.4426491],[54.6009552,24.4427615],[54.6009267,24.4427865],[54.6007832,24.442858],[54.6005795,24.4428618],[54.6001524,24.442742],[54.5998004,24.4426503],[54.5975691,24.442024],[54.5941538,24.4410579],[54.5940187,24.4410201],[54.5930443,24.4407474]]]}},{"type":"Feature","properties":{"layer":"land","subtype":"sand","class":"sand","name":""},"geometry":{"type":"Polygon","coordinates":[[[54.5859458,24.4434412],[54.5864116,24.4435782],[54.5870365,24.4437956],[54.5872825,24.4439074],[54.5876186,24.4440837],[54.5880987,24.4443987],[54.588501,24.4447015],[54.588739,24.4448648],[54.5894103,24.4453827],[54.5898448,24.4456562],[54.5901774,24.4458247],[54.5905797,24.445998],[54.5910263,24.4461434],[54.5914783,24.4462496],[54.5919638,24.4463253],[54.5923152,24.4463482],[54.5926746,24.4463481],[54.5931672,24.4463207],[54.5939558,24.4462157],[54.5949944,24.4460467],[54.5952331,24.4460387],[54.5955754,24.4460755],[54.5958816,24.4461057],[54.5964451,24.4462264],[54.5970292,24.4463922],[54.5974436,24.4465191],[54.5975975,24.4464394],[54.5977728,24.446412],[54.5979399,24.446414],[54.5980689,24.4464661],[54.5981937,24.446531],[54.5983053,24.4466529],[54.5988424,24.4465119],[54.5991197,24.4464502],[54.5993782,24.4464593],[54.5993388,24.4462416],[54.5993514,24.4461488],[54.5994273,24.4454957],[54.5992986,24.4454566],[54.5946816,24.4441621],[54.5945813,24.4441324],[54.5944799,24.4441042],[54.5920647,24.4434323],[54.5908228,24.4430954],[54.5887146,24.4424898],[54.5881508,24.4423367],[54.5862999,24.4418415],[54.5862104,24.4418146],[54.5860746,24.4419318],[54.5859041,24.4422222],[54.5856788,24.4426178],[54.5854683,24.4429192],[54.5854549,24.4429384],[54.5854415,24.4432839],[54.5854404,24.4433246],[54.5859458,24.4434412]]]}},{"type":"Feature","properties":{"layer":"land","subtype":"tree","class":"tree_row","name":""},"geometry":{"type":"LineString","coordinates":[[54.5751859,24.4421877],[54.5754086,24.4419777],[54.5756312,24.4417774],[54.5758726,24.4416065]]}},{"type":"Feature","properties":{"layer":"land","subtype":"sand","class":"sand","name":""},"geometry":{"type":"Polygon","coordinates":[[[54.5734959,24.4402578],[54.5732715,24.4405797],[54.5732768,24.440736],[54.5729069,24.4409113],[54.5724456,24.4407321],[54.5717903,24.4406409],[54.5713543,24.4406501],[54.5703973,24.4407667],[54.5694586,24.4407015],[54.5684244,24.4405494],[54.5670242,24.4400787],[54.5661057,24.4427724],[54.5671713,24.4430794],[54.5672115,24.443091],[54.5672338,24.4431082],[54.5672509,24.443117],[54.5672863,24.4431128],[54.5673594,24.4431282],[54.5674513,24.4431483],[54.5675508,24.4431878],[54.5676718,24.443229],[54.5677979,24.4432756],[54.5678948,24.4433126],[54.5680067,24.443354],[54.5680766,24.4433834],[54.5681441,24.4434247],[54.5681678,24.4434632],[54.568184,24.4434871],[54.5681982,24.4434954],[54.5682071,24.4435007],[54.5682494,24.4435178],[54.570871,24.4445757],[54.5710818,24.4446299],[54.5713715,24.4446883],[54.5716451,24.4447029],[54.5716397,24.444786],[54.5715271,24.4447811],[54.5715164,24.4450301],[54.5717738,24.4450448],[54.5720635,24.445035],[54.571956,24.4447786],[54.5718329,24.4448153],[54.5717846,24.4446883],[54.572144,24.4446446],[54.5724656,24.4445491],[54.5728038,24.4444053],[54.5731149,24.4442002],[54.5733671,24.4439902],[54.5735656,24.4437509],[54.5736997,24.443536],[54.5735977,24.4434969],[54.5716505,24.4437802],[54.5715214,24.4431084],[54.5739035,24.4427693],[54.5738016,24.4420709],[54.5735707,24.441531],[54.5736407,24.4415142],[54.5736782,24.4414702],[54.5737265,24.4414263],[54.5737801,24.4414165],[54.5738391,24.4414312],[54.5738767,24.4414702],[54.5739357,24.4414653],[54.5739581,24.4413269],[54.5741995,24.4412878],[54.5749871,24.4409867],[54.5752724,24.4410632],[54.5753766,24.4407622],[54.5755594,24.4407006],[54.575724,24.4407803],[54.575711,24.440917],[54.5757033,24.4410564],[54.5757135,24.4411235],[54.5761408,24.4412057],[54.5761795,24.4412117],[54.5762875,24.441211],[54.5763058,24.4414032],[54.5763129,24.4414783],[54.5763185,24.4415369],[54.5767476,24.4414002],[54.5771231,24.4413123],[54.5774289,24.4412781],[54.5777937,24.4412488],[54.578314,24.4412732],[54.5787861,24.4413709],[54.5792582,24.4415076],[54.5795478,24.4416395],[54.5798751,24.4418397],[54.5800575,24.4419569],[54.5802077,24.4420595],[54.5804008,24.4422108],[54.5805993,24.4423915],[54.5808085,24.4426162],[54.5809855,24.4428067],[54.58115,24.443027],[54.5812797,24.4432863],[54.5814067,24.4432734],[54.581523,24.4432916],[54.5816223,24.4433251],[54.5817044,24.4433726],[54.5817705,24.4434301],[54.581952,24.4433884],[54.5822498,24.4433323],[54.5827262,24.4432524],[54.583642,24.443184],[54.5842065,24.4431917],[54.5847154,24.4432178],[54.5854404,24.4433246],[54.5854549,24.4429384],[54.5856788,24.4426178],[54.5859041,24.4422222],[54.5860746,24.4419318],[54.5853297,24.4416449],[54.5841495,24.4412347],[54.5839561,24.4411837],[54.5823886,24.4407343],[54.5781496,24.4396117],[54.5771947,24.4393358],[54.5761822,24.4389918],[54.5760505,24.439036],[54.5759994,24.439144],[54.5756623,24.4400251],[54.5742172,24.4396317],[54.5741447,24.4399162],[54.5740314,24.4399786],[54.573642,24.4403384],[54.5735931,24.4403255],[54.5735435,24.4402406],[54.5734959,24.4402578]]]}},{"type":"Feature","properties":{"layer":"water","subtype":"river","class":"river","name":"خور لفان"},"geometry":{"type":"LineString","coordinates":[[54.56668619060947,24.456],[54.5667798,24.4558661],[54.5698371,24.4504185],[54.5731236,24.4479386]]}},{"type":"Feature","properties":{"layer":"water","subtype":"river","class":"river","name":"خور الراحة"},"geometry":{"type":"LineString","coordinates":[[54.56,24.441800118221934],[54.5678676,24.444523],[54.5731236,24.4479386],[54.5827761,24.4511283],[54.5889315,24.4524469],[54.5902118,24.4525699],[54.594929,24.4530231],[54.60670953375159,24.456]]}},{"type":"Feature","properties":{"layer":"water","subtype":"pond","class":"pond","name":""},"geometry":{"type":"MultiPolygon","coordinates":[[[[54.5757599,24.4412216],[54.5757941,24.441238],[54.5760172,24.4411813],[54.5760013,24.4411665],[54.5759722,24.4411567],[54.575932,24.4411528],[54.5758986,24.4411559],[54.5758592,24.4411637],[54.5758177,24.4411789],[54.575774,24.441207],[54.5757599,24.4412216]]],[[[54.5757816,24.4412429],[54.5757516,24.4412292],[54.5757465,24.4412375],[54.5757444,24.4412454],[54.5757451,24.4412533],[54.5757816,24.4412429]]],[[[54.5760386,24.4412238],[54.5760351,24.4412066],[54.5760279,24.4411922],[54.5758117,24.4412467],[54.5759559,24.4413216],[54.5759739,24.441313],[54.5759893,24.4413001],[54.5760095,24.4412822],[54.576024,24.4412631],[54.5760339,24.4412428],[54.5760386,24.4412238]]],[[[54.5757869,24.4413291],[54.5758123,24.4413358],[54.5758478,24.4413396],[54.5758778,24.4413396],[54.5759036,24.4413366],[54.5759294,24.4413304],[54.5759437,24.441327],[54.5757955,24.4412492],[54.5757412,24.4412655],[54.575744,24.441285],[54.5757532,24.4413018],[54.575768,24.4413182],[54.5757869,24.4413291]]]]}},{"type":"Feature","properties":{"layer":"water","subtype":"physical","class":"bay","name":"خليج الراحة"},"geometry":{"type":"Point","coordinates":[54.5774635,24.450481]}},{"type":"Feature","properties":{"layer":"water","subtype":"canal","class":"canal","name":""},"geometry":{"type":"LineString","coordinates":[[54.5902118,24.4525699],[54.59035923096853,24.456]]}},{"type":"Feature","properties":{"layer":"water","subtype":"physical","class":"bay","name":"خليج الراحة"},"geometry":{"type":"Point","coordinates":[54.6016034,24.455208]}},{"type":"Feature","properties":{"layer":"water","subtype":"human_made","class":"swimming_pool","name":""},"geometry":{"type":"Polygon","coordinates":[[[54.6016617,24.4509561],[54.6016432,24.450733],[54.6015809,24.4507374],[54.6015994,24.4509605],[54.6016617,24.4509561]]]}},{"type":"Feature","properties":{"layer":"water","subtype":"pond","class":"pond","name":""},"geometry":{"type":"Polygon","coordinates":[[[54.6006047,24.4499499],[54.6005418,24.4499444],[54.6005195,24.4501584],[54.6005824,24.4501638],[54.6006047,24.4499499]]]}},{"type":"Feature","properties":{"layer":"water","subtype":"human_made","class":"swimming_pool","name":""},"geometry":{"type":"Polygon","coordinates":[[[54.5996871,24.4502559],[54.5997059,24.450251],[54.5997206,24.4502339],[54.5997206,24.4502095],[54.5997193,24.4501851],[54.5997072,24.4501631],[54.5996898,24.4501497],[54.5996616,24.450146],[54.5996388,24.4501424],[54.5996321,24.4501631],[54.5996187,24.450179],[54.5996281,24.4501839],[54.5996348,24.4502046],[54.5996321,24.450223],[54.5996589,24.4502242],[54.5996697,24.4502388],[54.5996643,24.4502571],[54.5996871,24.4502559]]]}},{"type":"Feature","properties":{"layer":"water","subtype":"human_made","class":"swimming_pool","name":""},"geometry":{"type":"Polygon","coordinates":[[[54.5991542,24.450911],[54.5992935,24.4507271],[54.5992552,24.450703],[54.5991158,24.4508869],[54.5991542,24.450911]]]}},{"type":"Feature","properties":{"layer":"water","subtype":"human_made","class":"swimming_pool","name":""},"geometry":{"type":"Polygon","coordinates":[[[54.5946412,24.4483537],[54.5946146,24.448375],[54.5945969,24.448403],[54.5945902,24.4484347],[54.594595,24.4484667],[54.5946112,24.4484958],[54.5946369,24.4485186],[54.5946693,24.4485325],[54.594705,24.448536],[54.59474,24.4485287],[54.5947704,24.4485114],[54.594793,24.448486],[54.5948052,24.4484553],[54.5948058,24.4484226],[54.5947946,24.4483916],[54.594773,24.4483656],[54.5947435,24.4483476],[54.5947093,24.4483392],[54.5946739,24.4483413],[54.5946412,24.4483537]]]}},{"type":"Feature","properties":{"layer":"water","subtype":"human_made","class":"swimming_pool","name":""},"geometry":{"type":"Polygon","coordinates":[[[54.6065032,24.4406017],[54.6066724,24.4406487],[54.6066985,24.4405708],[54.6065294,24.4405237],[54.6065032,24.4406017]]]}},{"type":"Feature","properties":{"layer":"water","subtype":"pond","class":"pond","name":""},"geometry":{"type":"Polygon","coordinates":[[[54.6038961,24.4490237],[54.6038859,24.4490155],[54.6038733,24.4490108],[54.6038598,24.4490101],[54.6038467,24.4490135],[54.6038356,24.4490206],[54.6038276,24.4490306],[54.6038237,24.4490424],[54.6038242,24.4490547],[54.6038291,24.4490662],[54.6038379,24.4490756],[54.6038493,24.4490818],[54.6038623,24.4490844],[54.6038754,24.449083],[54.6038875,24.4490779],[54.603897,24.4490695],[54.6039032,24.4490588],[54.6039052,24.4490466],[54.6039027,24.4490344],[54.6038961,24.4490237]]]}},{"type":"Feature","properties":{"layer":"water","subtype":"pond","class":"pond","name":""},"geometry":{"type":"Polygon","coordinates":[[[54.6052911,24.4500983],[54.6053256,24.4499809],[54.6052769,24.449969],[54.6052424,24.4500865],[54.6052911,24.4500983]]]}},{"type":"Feature","properties":{"layer":"water","subtype":"human_made","class":"swimming_pool","name":""},"geometry":{"type":"Polygon","coordinates":[[[54.6053006,24.4507922],[54.605315,24.4507637],[54.6052436,24.4507339],[54.6052293,24.4507624],[54.6053006,24.4507922]]]}},{"type":"Feature","properties":{"layer":"water","subtype":"human_made","class":"swimming_pool","name":""},"geometry":{"type":"Polygon","coordinates":[[[54.6053933,24.4508155],[54.6054071,24.4507882],[54.60534,24.4507602],[54.6053263,24.4507875],[54.6053933,24.4508155]]]}},{"type":"Feature","properties":{"layer":"water","subtype":"human_made","class":"swimming_pool","name":""},"geometry":{"type":"Polygon","coordinates":[[[54.6054697,24.4508459],[54.6054844,24.4508169],[54.6054136,24.4507871],[54.605399,24.4508161],[54.6054697,24.4508459]]]}},{"type":"Feature","properties":{"layer":"water","subtype":"human_made","class":"swimming_pool","name":""},"geometry":{"type":"Polygon","coordinates":[[[54.605696,24.4509325],[54.6057076,24.4509092],[54.6056468,24.450884],[54.6056351,24.4509073],[54.605696,24.4509325]]]}},{"type":"Feature","properties":{"layer":"water","subtype":"human_made","class":"swimming_pool","name":""},"geometry":{"type":"Polygon","coordinates":[[[54.6056269,24.4509024],[54.6056385,24.4508792],[54.6055705,24.450851],[54.6055589,24.4508742],[54.6056269,24.4509024]]]}},{"type":"Feature","properties":{"layer":"water","subtype":"human_made","class":"swimming_pool","name":""},"geometry":{"type":"Polygon","coordinates":[[[54.6057729,24.450962],[54.6057848,24.4509385],[54.6057185,24.4509105],[54.6057065,24.450934],[54.6057729,24.450962]]]}},{"type":"Feature","properties":{"layer":"water","subtype":"human_made","class":"swimming_pool","name":""},"geometry":{"type":"Polygon","coordinates":[[[54.6058522,24.4509963],[54.6058629,24.4509753],[54.605793,24.4509458],[54.6057823,24.4509669],[54.6058522,24.4509963]]]}},{"type":"Feature","properties":{"layer":"water","subtype":"human_made","class":"swimming_pool","name":""},"geometry":{"type":"Polygon","coordinates":[[[54.6060031,24.4510572],[54.6060134,24.4510363],[54.6059453,24.4510084],[54.605935,24.4510293],[54.6060031,24.4510572]]]}},{"type":"Feature","properties":{"layer":"water","subtype":"human_made","class":"swimming_pool","name":""},"geometry":{"type":"Polygon","coordinates":[[[54.605924,24.4510282],[54.6059353,24.4510059],[54.6058709,24.4509791],[54.6058597,24.4510014],[54.605924,24.4510282]]]}},{"type":"Feature","properties":{"layer":"water","subtype":"human_made","class":"swimming_pool","name":""},"geometry":{"type":"Polygon","coordinates":[[[54.60608,24.4510895],[54.6060902,24.4510692],[54.6060223,24.4510411],[54.6060122,24.4510613],[54.60608,24.4510895]]]}},{"type":"Feature","properties":{"layer":"water","subtype":"human_made","class":"swimming_pool","name":""},"geometry":{"type":"Polygon","coordinates":[[[54.6055502,24.4508733],[54.6055627,24.4508481],[54.6054926,24.4508193],[54.6054801,24.4508445],[54.6055502,24.4508733]]]}},{"type":"Feature","properties":{"layer":"water","subtype":"pond","class":"pond","name":""},"geometry":{"type":"Polygon","coordinates":[[[54.6050092,24.4510899],[54.6050035,24.4510873],[54.6049971,24.4510865],[54.6049908,24.4510877],[54.6049853,24.4510907],[54.6049812,24.4510952],[54.6049789,24.4511007],[54.6049787,24.4511065],[54.6049806,24.451112],[54.6049842,24.4511166],[54.6049893,24.4511199],[54.6049953,24.4511215],[54.6050015,24.4511213],[54.6050074,24.4511193],[54.6050122,24.4511158],[54.6050156,24.451111],[54.6050171,24.4511053],[54.6050164,24.4510995],[54.6050137,24.4510941],[54.6050092,24.4510899]]]}},{"type":"Feature","properties":{"layer":"water","subtype":"human_made","class":"swimming_pool","name":""},"geometry":{"type":"Polygon","coordinates":[[[54.6049005,24.4506837],[54.6049018,24.4506524],[54.604823,24.4506496],[54.6048217,24.4506809],[54.6049005,24.4506837]]]}},{"type":"Feature","properties":{"layer":"water","subtype":"human_made","class":"swimming_pool","name":""},"geometry":{"type":"Polygon","coordinates":[[[54.6049856,24.4507075],[54.6049871,24.4506766],[54.6049085,24.4506733],[54.6049069,24.4507043],[54.6049856,24.4507075]]]}},{"type":"Feature","properties":{"layer":"water","subtype":"human_made","class":"swimming_pool","name":""},"geometry":{"type":"Polygon","coordinates":[[[54.6046545,24.4506275],[54.6046558,24.4506007],[54.604578,24.4505976],[54.6045767,24.4506244],[54.6046545,24.4506275]]]}},{"type":"Feature","properties":{"layer":"water","subtype":"human_made","class":"swimming_pool","name":""},"geometry":{"type":"Polygon","coordinates":[[[54.6045646,24.4506187],[54.6045658,24.4505945],[54.6044962,24.4505917],[54.6044951,24.450616],[54.6045646,24.4506187]]]}},{"type":"Feature","properties":{"layer":"water","subtype":"human_made","class":"swimming_pool","name":""},"geometry":{"type":"Polygon","coordinates":[[[54.6047321,24.4506469],[54.6047333,24.4506211],[54.604662,24.4506182],[54.6046608,24.450644],[54.6047321,24.4506469]]]}},{"type":"Feature","properties":{"layer":"water","subtype":"human_made","class":"swimming_pool","name":""},"geometry":{"type":"Polygon","coordinates":[[[54.6048119,24.4506685],[54.6048131,24.4506394],[54.604737,24.4506367],[54.6047358,24.4506658],[54.6048119,24.4506685]]]}},{"type":"Feature","properties":{"layer":"water","subtype":"human_made","class":"swimming_pool","name":""},"geometry":{"type":"Polygon","coordinates":[[[54.6044842,24.4506086],[54.6044853,24.4505831],[54.6044125,24.4505804],[54.6044114,24.4506058],[54.6044842,24.4506086]]]}},{"type":"Feature","properties":{"layer":"water","subtype":"human_made","class":"swimming_pool","name":""},"geometry":{"type":"Polygon","coordinates":[[[54.6043976,24.4505884],[54.6043989,24.4505642],[54.6043273,24.450561],[54.604326,24.4505853],[54.6043976,24.4505884]]]}},{"type":"Feature","properties":{"layer":"water","subtype":"human_made","class":"swimming_pool","name":""},"geometry":{"type":"Polygon","coordinates":[[[54.6043086,24.4505854],[54.6043097,24.4505581],[54.6042466,24.4505559],[54.6042454,24.4505833],[54.6043086,24.4505854]]]}},{"type":"Feature","properties":{"layer":"water","subtype":"human_made","class":"swimming_pool","name":""},"geometry":{"type":"Polygon","coordinates":[[[54.6042249,24.4505778],[54.6042261,24.4505528],[54.6041592,24.4505501],[54.604158,24.4505752],[54.6042249,24.4505778]]]}},{"type":"Feature","properties":{"layer":"water","subtype":"human_made","class":"swimming_pool","name":""},"geometry":{"type":"Polygon","coordinates":[[[54.6040498,24.4505699],[54.6040514,24.4505415],[54.6039827,24.4505385],[54.6039812,24.4505669],[54.6040498,24.4505699]]]}},{"type":"Feature","properties":{"layer":"water","subtype":"human_made","class":"swimming_pool","name":""},"geometry":{"type":"Polygon","coordinates":[[[54.6041356,24.4505744],[54.6041373,24.4505466],[54.6040684,24.450543],[54.6040666,24.4505708],[54.6041356,24.4505744]]]}},{"type":"Feature","properties":{"layer":"water","subtype":"human_made","class":"swimming_pool","name":""},"geometry":{"type":"Polygon","coordinates":[[[54.603973,24.4505691],[54.6039747,24.4505377],[54.6039027,24.4505345],[54.603901,24.4505658],[54.603973,24.4505691]]]}},{"type":"Feature","properties":{"layer":"water","subtype":"human_made","class":"swimming_pool","name":""},"geometry":{"type":"Polygon","coordinates":[[[54.6038901,24.4505629],[54.6038916,24.4505355],[54.6038186,24.4505321],[54.6038171,24.4505595],[54.6038901,24.4505629]]]}},{"type":"Feature","properties":{"layer":"water","subtype":"human_made","class":"swimming_pool","name":""},"geometry":{"type":"Polygon","coordinates":[[[54.6038049,24.4505587],[54.6038068,24.450531],[54.6037338,24.4505268],[54.6037319,24.4505546],[54.6038049,24.4505587]]]}},{"type":"Feature","properties":{"layer":"water","subtype":"human_made","class":"swimming_pool","name":""},"geometry":{"type":"Polygon","coordinates":[[[54.6038625,24.451624],[54.6036521,24.4515451],[54.6036203,24.4516152],[54.6038308,24.4516941],[54.6038625,24.451624]]]}},{"type":"Feature","properties":{"layer":"water","subtype":"pond","class":"pond","name":""},"geometry":{"type":"Polygon","coordinates":[[[54.6047506,24.4520634],[54.6047755,24.4519743],[54.6047235,24.4519622],[54.6046986,24.4520513],[54.6047506,24.4520634]]]}},{"type":"Feature","properties":{"layer":"water","subtype":"pond","class":"pond","name":""},"geometry":{"type":"Polygon","coordinates":[[[54.6048373,24.451759],[54.604904,24.4515251],[54.6048538,24.4515133],[54.6047871,24.4517471],[54.6048373,24.451759]]]}},{"type":"Feature","properties":{"layer":"water","subtype":"pond","class":"pond","name":""},"geometry":{"type":"Polygon","coordinates":[[[54.6049165,24.4514767],[54.6049144,24.4514681],[54.6049094,24.4514606],[54.6049019,24.451455],[54.6048928,24.4514519],[54.6048832,24.4514517],[54.604874,24.4514544],[54.6048662,24.4514596],[54.6048607,24.4514669],[54.6048582,24.4514754],[54.6048588,24.4514842],[54.6048626,24.4514923],[54.6048689,24.4514988],[54.6048772,24.451503],[54.6048865,24.4515047],[54.6048959,24.4515035],[54.6049044,24.4514997],[54.6049112,24.4514934],[54.6049154,24.4514854],[54.6049165,24.4514767]]]}},{"type":"Feature","properties":{"layer":"water","subtype":"pond","class":"pond","name":""},"geometry":{"type":"Polygon","coordinates":[[[54.60492,24.4514076],[54.60498,24.4511933],[54.6049528,24.451187],[54.6048928,24.4514013],[54.60492,24.4514076]]]}},{"type":"Feature","properties":{"layer":"water","subtype":"human_made","class":"swimming_pool","name":""},"geometry":{"type":"Polygon","coordinates":[[[54.6071615,24.4519114],[54.6071769,24.4518983],[54.6071293,24.4518518],[54.6071139,24.4518648],[54.6071615,24.4519114]]]}},{"type":"Feature","properties":{"layer":"water","subtype":"human_made","class":"swimming_pool","name":""},"geometry":{"type":"Polygon","coordinates":[[[54.6070572,24.4517872],[54.6070753,24.4517714],[54.6070224,24.4517213],[54.6070043,24.4517372],[54.6070572,24.4517872]]]}},{"type":"Feature","properties":{"layer":"water","subtype":"human_made","class":"swimming_pool","name":""},"geometry":{"type":"Polygon","coordinates":[[[54.6071139,24.4518476],[54.6071298,24.4518339],[54.6070787,24.4517846],[54.6070628,24.4517982],[54.6071139,24.4518476]]]}},{"type":"Feature","properties":{"layer":"water","subtype":"human_made","class":"swimming_pool","name":""},"geometry":{"type":"Polygon","coordinates":[[[54.6069972,24.4517292],[54.6070124,24.4517161],[54.6069613,24.4516671],[54.6069461,24.4516802],[54.6069972,24.4517292]]]}},{"type":"Feature","properties":{"layer":"water","subtype":"human_made","class":"swimming_pool","name":""},"geometry":{"type":"Polygon","coordinates":[[[54.6069363,24.4516733],[54.6069523,24.4516593],[54.6069016,24.4516112],[54.6068855,24.4516252],[54.6069363,24.4516733]]]}},{"type":"Feature","properties":{"layer":"water","subtype":"human_made","class":"swimming_pool","name":""},"geometry":{"type":"Polygon","coordinates":[[[54.6068781,24.4516171],[54.6068921,24.4516051],[54.6068437,24.4515587],[54.6068298,24.4515708],[54.6068781,24.4516171]]]}},{"type":"Feature","properties":{"layer":"water","subtype":"human_made","class":"swimming_pool","name":""},"geometry":{"type":"Polygon","coordinates":[[[54.6068202,24.4515641],[54.6068354,24.451551],[54.6067901,24.4515074],[54.6067749,24.4515205],[54.6068202,24.4515641]]]}},{"type":"Feature","properties":{"layer":"water","subtype":"human_made","class":"swimming_pool","name":""},"geometry":{"type":"Polygon","coordinates":[[[54.6072149,24.4519753],[54.6072296,24.4519629],[54.6071788,24.4519129],[54.6071641,24.4519253],[54.6072149,24.4519753]]]}},{"type":"Feature","properties":{"layer":"water","subtype":"human_made","class":"swimming_pool","name":""},"geometry":{"type":"Polygon","coordinates":[[[54.6073119,24.4521037],[54.6073275,24.4520904],[54.607275,24.4520399],[54.6072594,24.4520533],[54.6073119,24.4521037]]]}},{"type":"Feature","properties":{"layer":"water","subtype":"human_made","class":"swimming_pool","name":""},"geometry":{"type":"Polygon","coordinates":[[[54.6072627,24.4520362],[54.6072777,24.4520235],[54.60723,24.4519769],[54.607215,24.4519896],[54.6072627,24.4520362]]]}},{"type":"Feature","properties":{"layer":"water","subtype":"human_made","class":"swimming_pool","name":""},"geometry":{"type":"Polygon","coordinates":[[[54.6073616,24.4521639],[54.6073763,24.4521512],[54.6073265,24.4521037],[54.6073118,24.4521164],[54.6073616,24.4521639]]]}},{"type":"Feature","properties":{"layer":"water","subtype":"human_made","class":"swimming_pool","name":""},"geometry":{"type":"Polygon","coordinates":[[[54.6074072,24.4522297],[54.6074241,24.452215],[54.6073731,24.4521663],[54.6073562,24.452181],[54.6074072,24.4522297]]]}},{"type":"Feature","properties":{"layer":"water","subtype":"human_made","class":"swimming_pool","name":""},"geometry":{"type":"Polygon","coordinates":[[[54.6074555,24.452295],[54.6074704,24.4522821],[54.6074173,24.4522317],[54.6074025,24.4522446],[54.6074555,24.452295]]]}},{"type":"Feature","properties":{"layer":"water","subtype":"human_made","class":"swimming_pool","name":""},"geometry":{"type":"Polygon","coordinates":[[[54.6075005,24.4523625],[54.6075179,24.4523471],[54.6074643,24.4522967],[54.6074468,24.452312],[54.6075005,24.4523625]]]}},{"type":"Feature","properties":{"layer":"water","subtype":"human_made","class":"swimming_pool","name":""},"geometry":{"type":"Polygon","coordinates":[[[54.606299,24.4512061],[54.6063107,24.4511835],[54.6062483,24.4511568],[54.6062366,24.4511794],[54.606299,24.4512061]]]}},{"type":"Feature","properties":{"layer":"water","subtype":"human_made","class":"swimming_pool","name":""},"geometry":{"type":"Polygon","coordinates":[[[54.6063744,24.4512403],[54.6063854,24.4512196],[54.6063216,24.4511916],[54.6063106,24.4512123],[54.6063744,24.4512403]]]}},{"type":"Feature","properties":{"layer":"water","subtype":"human_made","class":"swimming_pool","name":""},"geometry":{"type":"Polygon","coordinates":[[[54.606155,24.4511232],[54.6061648,24.4511035],[54.6060994,24.4510767],[54.6060897,24.4510964],[54.606155,24.4511232]]]}},{"type":"Feature","properties":{"layer":"water","subtype":"human_made","class":"swimming_pool","name":""},"geometry":{"type":"Polygon","coordinates":[[[54.6062313,24.4511619],[54.6062414,24.4511417],[54.6061733,24.4511135],[54.6061632,24.4511337],[54.6062313,24.4511619]]]}},{"type":"Feature","properties":{"layer":"water","subtype":"pond","class":"pond","name":""},"geometry":{"type":"Polygon","coordinates":[[[54.6070895,24.4498148],[54.6070839,24.4498069],[54.6070759,24.4498011],[54.6070662,24.449798],[54.6070559,24.449798],[54.6070462,24.4498011],[54.6070382,24.4498069],[54.6070326,24.4498148],[54.6070303,24.4498238],[54.6070313,24.4498331],[54.6070356,24.4498416],[54.6070424,24.4498482],[54.6070512,24.4498524],[54.6070611,24.4498539],[54.6070709,24.4498524],[54.6070797,24.4498482],[54.6070865,24.4498416],[54.6070909,24.4498331],[54.6070919,24.4498238],[54.6070895,24.4498148]]]}},{"type":"Feature","properties":{"layer":"water","subtype":"human_made","class":"swimming_pool","name":""},"geometry":{"type":"Polygon","coordinates":[[[54.6052767,24.4400677],[54.6052671,24.4400627],[54.6052562,24.4400611],[54.6052454,24.4400629],[54.6052359,24.4400679],[54.6052288,24.4400756],[54.6052251,24.4400851],[54.6052251,24.4400951],[54.6052288,24.4401045],[54.6052307,24.4401202],[54.6052356,24.4401283],[54.605239,24.440137],[54.6052407,24.4401474],[54.6052405,24.4401554],[54.6052386,24.4401645],[54.605235,24.4401731],[54.6052293,24.4401818],[54.6052245,24.4401869],[54.605221,24.4401946],[54.6052042,24.4402048],[54.6051921,24.4402196],[54.6051865,24.4402356],[54.6051867,24.4402524],[54.6051926,24.4402683],[54.6052036,24.4402818],[54.6052187,24.4402914],[54.6052363,24.4402964],[54.6052548,24.4402961],[54.6052722,24.4402906],[54.6052869,24.4402804],[54.6052974,24.4402666],[54.6053408,24.440136],[54.6053411,24.4401229],[54.6053369,24.4401104],[54.6053287,24.4400996],[54.6053171,24.4400918],[54.6053035,24.4400876],[54.6052891,24.4400875],[54.6052833,24.4400745],[54.6052767,24.4400677]]]}},{"type":"Feature","properties":{"layer":"water","subtype":"reservoir","class":"basin","name":""},"geometry":{"type":"Polygon","coordinates":[[[54.5990378,24.4366461],[54.59905,24.4366119],[54.5990225,24.4365971],[54.5989859,24.4365962],[54.5989758,24.43661],[54.5989758,24.4366239],[54.5990378,24.4366461]]]}},{"type":"Feature","properties":{"layer":"water","subtype":"reservoir","class":"basin","name":""},"geometry":{"type":"Polygon","coordinates":[[[54.5990163,24.436735],[54.5990285,24.4367008],[54.599001,24.436686],[54.5989645,24.436685],[54.5989543,24.4366989],[54.5989543,24.4367128],[54.5990163,24.436735]]]}},{"type":"Feature","properties":{"layer":"water","subtype":"reservoir","class":"basin","name":""},"geometry":{"type":"Polygon","coordinates":[[[54.5988432,24.4372278],[54.5988554,24.4371936],[54.5988279,24.4371788],[54.5987914,24.4371778],[54.5987812,24.4371917],[54.5987812,24.4372056],[54.5988432,24.4372278]]]}},{"type":"Feature","properties":{"layer":"water","subtype":"reservoir","class":"basin","name":""},"geometry":{"type":"Polygon","coordinates":[[[54.5985574,24.4371471],[54.5985696,24.4371128],[54.5985422,24.437098],[54.5985056,24.4370971],[54.5984954,24.437111],[54.5984954,24.4371248],[54.5985574,24.4371471]]]}},{"type":"Feature","properties":{"layer":"water","subtype":"reservoir","class":"basin","name":""},"geometry":{"type":"Polygon","coordinates":[[[54.5986699,24.4365415],[54.5986821,24.4365072],[54.5986546,24.4364924],[54.598618,24.4364915],[54.5986079,24.4365054],[54.5986079,24.4365193],[54.5986699,24.4365415]]]}},{"type":"Feature","properties":{"layer":"water","subtype":"reservoir","class":"basin","name":""},"geometry":{"type":"Polygon","coordinates":[[[54.5988378,24.436046],[54.59885,24.4360118],[54.5988225,24.435997],[54.598786,24.435996],[54.5987758,24.4360099],[54.5987758,24.4360238],[54.5988378,24.436046]]]}},{"type":"Feature","properties":{"layer":"water","subtype":"human_made","class":"swimming_pool","name":""},"geometry":{"type":"Polygon","coordinates":[[[54.5720898,24.4393519],[54.5721219,24.4393628],[54.5721581,24.4393665],[54.5721903,24.4393494],[54.5722064,24.4393189],[54.5722306,24.4393189],[54.5722467,24.4392994],[54.5722252,24.4392737],[54.5722386,24.4392481],[54.5722719,24.4392511],[54.5722695,24.4392737],[54.5722923,24.4392847],[54.5723258,24.4392493],[54.572364,24.4391424],[54.5722852,24.4391193],[54.5722753,24.4391474],[54.572252,24.4391406],[54.5722185,24.4391504],[54.572185,24.4391516],[54.5721434,24.4391394],[54.5721139,24.4390991],[54.5720951,24.439104],[54.5721073,24.439074],[54.5720403,24.4390515],[54.5720179,24.4391067],[54.5719671,24.4390896],[54.57195,24.4391317],[54.5719977,24.4391478],[54.5719798,24.4391919],[54.5719878,24.4392041],[54.5720026,24.439209],[54.5720187,24.439209],[54.5720303,24.439182],[54.5720713,24.4391967],[54.5720549,24.4392346],[54.5720348,24.4392346],[54.5720267,24.4392493],[54.5720267,24.4392627],[54.5720455,24.4392701],[54.5720415,24.4393055],[54.5720898,24.4393519]]]}},{"type":"Feature","properties":{"layer":"water","subtype":"human_made","class":"swimming_pool","name":""},"geometry":{"type":"Polygon","coordinates":[[[54.5698071,24.4382854],[54.5697768,24.4383595],[54.5697808,24.4383773],[54.5697935,24.4383895],[54.5698116,24.4383986],[54.5698686,24.4383992],[54.5698996,24.4383281],[54.5699582,24.4383493],[54.570001,24.4382509],[54.5699417,24.4382295],[54.5699008,24.4382381],[54.5698525,24.4382301],[54.5698244,24.4381978],[54.5697564,24.4381747],[54.5697228,24.4382568],[54.5698071,24.4382854]]]}},{"type":"Feature","properties":{"layer":"water","subtype":"human_made","class":"swimming_pool","name":""},"geometry":{"type":"Polygon","coordinates":[[[54.5754819,24.4349113],[54.5755674,24.4349346],[54.5756431,24.434704],[54.5752614,24.4346],[54.5752234,24.4347156],[54.5755197,24.4347963],[54.5754819,24.4349113]]]}},{"type":"Feature","properties":{"layer":"water","subtype":"ocean","class":"ocean","name":""},"geometry":{"type":"MultiPolygon","coordinates":[[[[54.5600944,24.4384938],[54.5602973,24.4383915],[54.5604952,24.438308],[54.5605174,24.4383506],[54.5608477,24.438232],[54.5611718,24.4381333],[54.5609005,24.437814],[54.5607887,24.4377826],[54.5601772,24.4379633],[54.560204,24.438022],[54.56,24.43811750785619],[54.56,24.43854981090496],[54.5600944,24.4384938]]],[[[54.612277,24.4555384],[54.6122494,24.4551746],[54.6122264,24.4549947],[54.6122089,24.4549062],[54.6121648,24.4547453],[54.6120113,24.4548563],[54.6117351,24.4545246],[54.6118716,24.4544338],[54.6117807,24.454318],[54.611726,24.4543476],[54.6114631,24.4540009],[54.6115487,24.4539517],[54.6113773,24.4537494],[54.6115302,24.4536566],[54.6114765,24.4535834],[54.6116857,24.4534418],[54.611624,24.4533563],[54.611667,24.4533246],[54.6116428,24.4532147],[54.6116401,24.4531292],[54.6116509,24.4530462],[54.6116777,24.4529485],[54.6117313,24.4528118],[54.611793,24.4527044],[54.6118547,24.4526238],[54.6119231,24.4525212],[54.6119874,24.4524688],[54.6121229,24.4523919],[54.6122999,24.4523223],[54.612481,24.4522771],[54.6126674,24.4522295],[54.6127962,24.4521807],[54.6129343,24.4521184],[54.6130362,24.4520586],[54.6131609,24.4519719],[54.6132803,24.451873],[54.6134104,24.4517424],[54.6135321,24.4515826],[54.6136678,24.451375],[54.6138272,24.4509747],[54.6138476,24.4508609],[54.6138422,24.4507511],[54.6138234,24.4506095],[54.6137859,24.4504825],[54.6137256,24.4503568],[54.6136692,24.4502499],[54.6135492,24.4501553],[54.6133668,24.4500332],[54.6131959,24.4499472],[54.6130389,24.4498855],[54.6128994,24.449841],[54.6127687,24.4498104],[54.6125595,24.4497708],[54.61242,24.449747],[54.6121994,24.4497354],[54.6120612,24.4497194],[54.6118997,24.4496993],[54.6116629,24.4496566],[54.6115066,24.4496169],[54.6111176,24.4495173],[54.6102713,24.4491886],[54.6094909,24.4488541],[54.6090122,24.4487118],[54.6085957,24.4486303],[54.6081793,24.4485684],[54.6074926,24.4484548],[54.6069548,24.4483205],[54.6062414,24.4480605],[54.6056901,24.4477895],[54.6051873,24.4475942],[54.6045167,24.4474427],[54.604164,24.4474122],[54.6038113,24.4474012],[54.6032132,24.4473914],[54.6027062,24.44735],[54.6023817,24.4472975],[54.6020303,24.447223],[54.6010808,24.446991],[54.6006275,24.4469153],[54.6001876,24.4468177],[54.5999529,24.4467127],[54.5997343,24.4465832],[54.5995589,24.4465115],[54.5993782,24.4464593],[54.5991197,24.4464502],[54.5988424,24.4465119],[54.5983053,24.4466529],[54.5981937,24.446531],[54.5980689,24.4464661],[54.5979399,24.446414],[54.5977728,24.446412],[54.5975975,24.4464394],[54.5974436,24.4465191],[54.5970292,24.4463922],[54.5964451,24.4462264],[54.5958816,24.4461057],[54.5955754,24.4460755],[54.5952331,24.4460387],[54.5949944,24.4460467],[54.5939558,24.4462157],[54.5931672,24.4463207],[54.5926746,24.4463481],[54.5923152,24.4463482],[54.5919638,24.4463253],[54.5914783,24.4462496],[54.5910263,24.4461434],[54.5905797,24.445998],[54.5901774,24.4458247],[54.5898448,24.4456562],[54.5894103,24.4453827],[54.588739,24.4448648],[54.588501,24.4447015],[54.5880987,24.4443987],[54.5876186,24.4440837],[54.5872825,24.4439074],[54.5870365,24.4437956],[54.5864116,24.4435782],[54.5859458,24.4434412],[54.5854404,24.4433246],[54.5847154,24.4432178],[54.5842065,24.4431917],[54.583642,24.443184],[54.5827262,24.4432524],[54.5822498,24.4433323],[54.581952,24.4433884],[54.5817705,24.4434301],[54.5817044,24.4433726],[54.5816223,24.4433251],[54.581523,24.4432916],[54.5814067,24.4432734],[54.5812797,24.4432863],[54.58115,24.443027],[54.5809855,24.4428067],[54.5808085,24.4426162],[54.5805993,24.4423915],[54.5804008,24.4422108],[54.5802077,24.4420595],[54.5800575,24.4419569],[54.5798751,24.4418397],[54.5795478,24.4416395],[54.5792582,24.4415076],[54.5787861,24.4413709],[54.578314,24.4412732],[54.5777937,24.4412488],[54.5774289,24.4412781],[54.5771231,24.4413123],[54.5767476,24.4414002],[54.5763185,24.4415369],[54.5760502,24.4416395],[54.5758695,24.4417419],[54.575723,24.441825],[54.5754655,24.441996],[54.5751222,24.4422841],[54.5749324,24.4424977],[54.5748815,24.4424495],[54.5749135,24.4424016],[54.5748265,24.4423187],[54.5748666,24.4422038],[54.5749592,24.4419413],[54.5749727,24.4418592],[54.5749995,24.4417383],[54.5750612,24.4415772],[54.5751175,24.4414136],[54.5751807,24.4412657],[54.575226,24.4411776],[54.5752724,24.4410632],[54.5749871,24.4409867],[54.5741995,24.4412878],[54.5739581,24.4413269],[54.5739357,24.4414653],[54.5738767,24.4414702],[54.5738391,24.4414312],[54.5737801,24.4414165],[54.5737265,24.4414263],[54.5736782,24.4414702],[54.5736407,24.4415142],[54.5735707,24.441531],[54.5738016,24.4420709],[54.5739035,24.4427693],[54.5715214,24.4431084],[54.5716505,24.4437802],[54.5735977,24.4434969],[54.5736997,24.443536],[54.5735656,24.4437509],[54.5733671,24.4439902],[54.5731149,24.4442002],[54.5728038,24.4444053],[54.5724656,24.4445491],[54.572144,24.4446446],[54.5717846,24.4446883],[54.5718329,24.4448153],[54.571956,24.4447786],[54.5720635,24.445035],[54.5717738,24.4450448],[54.5715164,24.4450301],[54.5715271,24.4447811],[54.5716397,24.444786],[54.5716451,24.4447029],[54.5713715,24.4446883],[54.5710818,24.4446299],[54.570871,24.4445757],[54.5682494,24.4435178],[54.5682071,24.4435007],[54.5681982,24.4434954],[54.568184,24.4434871],[54.5681678,24.4434632],[54.5681441,24.4434247],[54.5680766,24.4433834],[54.5680067,24.443354],[54.5678948,24.4433126],[54.5677979,24.4432756],[54.5676718,24.443229],[54.5675508,24.4431878],[54.5674513,24.4431483],[54.5673594,24.4431282],[54.5672863,24.4431128],[54.5672509,24.443117],[54.5672338,24.4431082],[54.5672115,24.443091],[54.5671713,24.4430794],[54.5661057,24.4427724],[54.5670242,24.4400787],[54.5684244,24.4405494],[54.5694586,24.4407015],[54.5703973,24.4407667],[54.5713543,24.4406501],[54.5717903,24.4406409],[54.5724456,24.4407321],[54.5729069,24.4409113],[54.5732768,24.440736],[54.5732715,24.4405797],[54.5734959,24.4402578],[54.5734637,24.4401821],[54.5734601,24.439961],[54.5732768,24.4397983],[54.5730944,24.4396957],[54.5729281,24.4396811],[54.5727189,24.4396616],[54.5725044,24.4396713],[54.5723112,24.4396713],[54.5721289,24.4396616],[54.5719465,24.4396078],[54.5718177,24.4395102],[54.5717426,24.4394467],[54.5716192,24.4394467],[54.5713428,24.4396026],[54.5711285,24.4397065],[54.5709722,24.4397173],[54.5707924,24.4396702],[54.5706453,24.4395392],[54.5705779,24.4393568],[54.5706767,24.4387064],[54.5705136,24.4386668],[54.5702585,24.4386325],[54.5699339,24.4385837],[54.5696392,24.4384715],[54.5692956,24.4383908],[54.5689898,24.4383517],[54.5686652,24.4383957],[54.5683434,24.4384909],[54.5681693,24.4385594],[54.5680835,24.4386082],[54.5680349,24.4387082],[54.5680084,24.4387792],[54.5679306,24.4388622],[54.5678153,24.4388988],[54.5677265,24.4388914],[54.5676436,24.4388768],[54.5675682,24.4389231],[54.56748,24.4389745],[54.5673805,24.4389842],[54.5673107,24.4389671],[54.5672332,24.4389208],[54.5671876,24.4388378],[54.567193,24.4387352],[54.5672359,24.4386497],[54.5673164,24.4386107],[54.5673939,24.4385959],[54.5674693,24.4386131],[54.567539,24.4384153],[54.5676221,24.4381687],[54.5676997,24.438005],[54.5678313,24.4377926],[54.5678016,24.4377486],[54.567359,24.4376338],[54.5673161,24.4375923],[54.5673378,24.4374092],[54.5672623,24.4373859],[54.5671796,24.4375387],[54.5671471,24.4375508],[54.5671259,24.4375313],[54.5671286,24.4374972],[54.5672687,24.4372837],[54.5672329,24.4372187],[54.5670213,24.4372432],[54.5670079,24.4372749],[54.5670371,24.4373188],[54.567064,24.4374311],[54.5670613,24.4375459],[54.5670532,24.4376899],[54.5667904,24.4386252],[54.5667502,24.4386545],[54.5666887,24.4386375],[54.566667,24.4385886],[54.5666831,24.4385031],[54.5667424,24.4382859],[54.5668148,24.4380686],[54.5668765,24.4378805],[54.5669421,24.4376794],[54.5669502,24.4375284],[54.5668974,24.4375294],[54.5668985,24.4375477],[54.5668261,24.4375503],[54.5668279,24.4374897],[54.5669004,24.4374873],[54.5669004,24.4375141],[54.5669462,24.4375167],[54.566914,24.4373482],[54.5669248,24.4372871],[54.5669677,24.4372701],[54.5669972,24.4371846],[54.566796,24.4370478],[54.5663856,24.4369624],[54.5660209,24.4369419],[54.5657361,24.4369763],[54.5656227,24.4374358],[54.5657103,24.4375198],[54.5657684,24.437669],[54.5657585,24.4377845],[54.5657056,24.4378902],[54.5655663,24.4379993],[54.5654436,24.4380311],[54.5653176,24.4380227],[54.5652024,24.4379757],[54.5651119,24.4378957],[54.5650574,24.4377933],[54.5650448,24.4377326],[54.5650545,24.4376191],[54.5651068,24.4375145],[54.5651952,24.4374325],[54.5653082,24.4373834],[54.5653853,24.4373716],[54.5654627,24.4370177],[54.5653016,24.4368605],[54.5650571,24.4366911],[54.5646085,24.4364451],[54.5637304,24.4361377],[54.5632918,24.4361182],[54.562855,24.4361575],[54.5626519,24.4366232],[54.5627187,24.4366825],[54.5627792,24.4367863],[54.5627951,24.4369099],[54.5627833,24.4369723],[54.5627318,24.4370724],[54.562653,24.4371471],[54.562562,24.4371925],[54.5624408,24.4372131],[54.5623204,24.4371957],[54.5622306,24.4371544],[54.5621575,24.4370928],[54.5620991,24.4370001],[54.5620808,24.4369369],[54.5620779,24.4368556],[54.5621079,24.4367513],[54.5621804,24.4366551],[54.5622653,24.4365972],[54.5624015,24.4365594],[54.5625493,24.4362032],[54.562214,24.4359137],[54.562027,24.4357927],[54.5619329,24.4357559],[54.5618444,24.4357584],[54.5617505,24.4358121],[54.561268,24.4369624],[54.5611964,24.4370354],[54.5611481,24.4370891],[54.5611213,24.4371868],[54.5611052,24.4372698],[54.5611374,24.4374164],[54.5611088,24.4377243],[54.5613877,24.4380857],[54.5616854,24.4380649],[54.5621673,24.4380708],[54.562427,24.4381087],[54.562447,24.4381541],[54.5624524,24.4382132],[54.5624372,24.4382735],[54.5624313,24.4383144],[54.562441,24.4383485],[54.5624742,24.438387],[54.5625404,24.4384272],[54.5625803,24.4384524],[54.5626106,24.4384832],[54.5626692,24.4385547],[54.5627107,24.4386013],[54.5627594,24.438631],[54.5628199,24.4386547],[54.5628828,24.4386741],[54.5629578,24.4386801],[54.5631008,24.4386856],[54.5632772,24.4387168],[54.5634445,24.4387447],[54.5635281,24.4387684],[54.5636152,24.4388062],[54.5637282,24.4388593],[54.5638569,24.4389133],[54.5639693,24.438954],[54.5640361,24.4389742],[54.5640955,24.4389826],[54.5641564,24.4389881],[54.5642222,24.4389767],[54.5642738,24.4389608],[54.5643183,24.4389405],[54.5643599,24.4389103],[54.5643912,24.4388847],[54.5644264,24.4388389],[54.5644523,24.4387825],[54.56447,24.4387186],[54.5644772,24.4386526],[54.5645986,24.4387028],[54.5647335,24.4387688],[54.5649837,24.4388981],[54.5655326,24.4392257],[54.5665003,24.4398171],[54.5663149,24.4403537],[54.5662417,24.4403334],[54.5661114,24.4403482],[54.5659643,24.4403842],[54.5657867,24.4404544],[54.5657145,24.4405108],[54.5656793,24.440524],[54.5656629,24.4405628],[54.5656166,24.4406156],[54.5655963,24.4406529],[54.5655637,24.4406804],[54.5655244,24.4407505],[54.5655148,24.4408143],[54.5654918,24.440865],[54.5654605,24.4408903],[54.5654353,24.4409171],[54.5653556,24.4409468],[54.565342,24.4409596],[54.565345,24.4409753],[54.5653761,24.4410043],[54.5653808,24.441021],[54.5653795,24.441042],[54.5653662,24.4410727],[54.5653786,24.4411197],[54.5653915,24.4411378],[54.5653941,24.4411539],[54.5653795,24.4411794],[54.565348,24.4412134],[54.565323,24.4412646],[54.565314,24.4413355],[54.5653131,24.4414075],[54.5653157,24.4414525],[54.565325,24.4415301],[54.565322,24.4416191],[54.5653049,24.4416839],[54.5652892,24.4417193],[54.5652838,24.441756],[54.5652829,24.4417829],[54.5652446,24.4418121],[54.5651945,24.4418626],[54.5651584,24.441912],[54.5651084,24.4419611],[54.565077,24.4420026],[54.5650563,24.4420538],[54.5650372,24.4421116],[54.5650365,24.4421603],[54.5650247,24.4421836],[54.5649531,24.4422165],[54.5648742,24.4422584],[54.5647885,24.4422983],[54.5646949,24.4422815],[54.5644928,24.4422481],[54.5642934,24.4421959],[54.564108,24.4421304],[54.5639248,24.4420832],[54.5634304,24.4419533],[54.5634023,24.4418996],[54.5633958,24.441841],[54.5633772,24.4417483],[54.5633257,24.4416164],[54.5632122,24.4414999],[54.5630451,24.441396],[54.5628539,24.4413087],[54.5626846,24.4412696],[54.5624447,24.4412514],[54.5622515,24.4412738],[54.56207,24.4413183],[54.5618922,24.4413375],[54.5617768,24.4413336],[54.5616508,24.441351],[54.561539,24.4413376],[54.5614702,24.441293],[54.5614062,24.4412656],[54.5613039,24.4412313],[54.561153,24.4411928],[54.5610591,24.4411667],[54.5609967,24.441156],[54.560952,24.441143],[54.5609355,24.4411103],[54.5609425,24.4410554],[54.5609497,24.441005],[54.5609284,24.4409635],[54.5609327,24.4409089],[54.5609229,24.4408026],[54.5609152,24.4407417],[54.5609286,24.4406729],[54.5609228,24.4406219],[54.560882,24.4405751],[54.5608135,24.4405329],[54.560668,24.4404961],[54.5605524,24.4404465],[54.5603848,24.4404065],[54.5602482,24.4403843],[54.560142,24.4403453],[54.5600465,24.4403365],[54.56,24.440318737742306],[54.56,24.444716315258574],[54.5600431,24.4446786],[54.5609433,24.4443826],[54.5615456,24.4441997],[54.5616658,24.4437028],[54.5617509,24.4436481],[54.5619639,24.4436639],[54.5621014,24.4435483],[54.5621264,24.4436144],[54.5620338,24.4437146],[54.5621614,24.4439767],[54.562607,24.4440884],[54.5627038,24.4440132],[54.5630543,24.4441955],[54.5632445,24.4442228],[54.56359,24.4441864],[54.5636951,24.443881],[54.563585,24.4436941],[54.5636851,24.4436622],[54.5638153,24.4438263],[54.5640155,24.4440496],[54.5642108,24.4442548],[54.5643819,24.4442924],[54.5643677,24.4444246],[54.5644916,24.4444439],[54.5646191,24.4443504],[54.564809,24.4443994],[54.5650191,24.4444536],[54.5650616,24.4445374],[54.5651784,24.444605],[54.5653272,24.4445236],[54.5662406,24.444865],[54.5666717,24.4451904],[54.5672867,24.4461277],[54.5673992,24.4462229],[54.5678812,24.4474399],[54.5678879,24.4486556],[54.5679471,24.449549],[54.5674631,24.4504223],[54.5666226,24.4526575],[54.5657285,24.4541775],[54.56445004233787,24.456],[54.57046333242053,24.456],[54.5705465,24.4553145],[54.5706986,24.4544255],[54.5706917,24.4542668],[54.5705723,24.4541718],[54.5707869,24.4541523],[54.5709907,24.4541132],[54.5711098,24.4539081],[54.5712482,24.4536542],[54.571495,24.4534491],[54.5718061,24.4534491],[54.5721934,24.4534491],[54.5723318,24.4534881],[54.5724391,24.4535467],[54.5726108,24.4536639],[54.5728361,24.4537421],[54.5730507,24.4537421],[54.573233,24.4537421],[54.5734165,24.453869],[54.5735013,24.4539276],[54.5736622,24.4539862],[54.573909,24.4539667],[54.5741343,24.4540351],[54.574263,24.4541913],[54.574542,24.4542597],[54.5748531,24.4542597],[54.575112,24.4543663],[54.58064523174116,24.456],[54.5909603209137,24.456],[54.5909601,24.4559936],[54.5909806,24.455894],[54.5910136,24.4558007],[54.5910751,24.4556421],[54.5911438,24.4554936],[54.5912281,24.4553318],[54.5913625,24.4550923],[54.5915071,24.4548776],[54.5916803,24.4546371],[54.5917703,24.4545106],[54.5919024,24.4543582],[54.5920232,24.4542171],[54.5922715,24.4539662],[54.5924799,24.4537795],[54.5926656,24.4536375],[54.5927511,24.4535711],[54.5928912,24.4535058],[54.5930313,24.4534674],[54.5931748,24.4534508],[54.5933092,24.4534529],[54.5934345,24.4534664],[54.5935748,24.4534951],[54.5935893,24.4534732],[54.5936296,24.4534929],[54.5935877,24.4535714],[54.5935168,24.4537193],[54.5934394,24.4539106],[54.5933718,24.4541357],[54.593342,24.4542904],[54.5933259,24.4544195],[54.5933114,24.4545918],[54.5933154,24.4547934],[54.5933291,24.4549767],[54.5933532,24.4551373],[54.5934008,24.4553279],[54.5934459,24.4554885],[54.5935509,24.4556856],[54.5936193,24.4558174],[54.5936662,24.455909],[54.593722559756095,24.456],[54.61228524640551,24.456],[54.612277,24.4555384]],[[54.5628499,24.4433773],[54.56294,24.443505],[54.5630501,24.4435095],[54.5630676,24.4435528],[54.5630201,24.4436052],[54.562935,24.443628],[54.562925,24.4438605],[54.5627848,24.4439539],[54.5627122,24.4439539],[54.5624543,24.4437989],[54.5623968,24.4436394],[54.5624819,24.4435141],[54.5624869,24.4434708],[54.5624418,24.4434161],[54.5624643,24.4433705],[54.5625244,24.4433773],[54.562577,24.4434161],[54.5627072,24.4433819],[54.5627297,24.4433272],[54.5628073,24.4433204],[54.5628499,24.4433773]],[[54.5764434,24.4451338],[54.5763877,24.4450418],[54.5761992,24.4449689],[54.5759468,24.4449166],[54.5757542,24.4449285],[54.5755049,24.4450144],[54.575342,24.4451196],[54.5752301,24.4452715],[54.5751969,24.4454199],[54.5753068,24.445481],[54.575331,24.4455884],[54.5745344,24.4455738],[54.5744543,24.4454682],[54.574402,24.4454096],[54.5743497,24.4453656],[54.574221,24.4452924],[54.5741888,24.4446624],[54.5742036,24.4446195],[54.5744007,24.4446209],[54.5744562,24.4443602],[54.5744677,24.4443059],[54.5745858,24.4438664],[54.574736,24.4435538],[54.574854,24.4433048],[54.5749988,24.4430557],[54.5750981,24.4429043],[54.5752348,24.4427456],[54.5753877,24.4425845],[54.5756747,24.4423402],[54.576061,24.442079],[54.5763668,24.4419178],[54.5767637,24.4417616],[54.5770105,24.4416908],[54.5773806,24.4416223],[54.5778688,24.4416053],[54.5783033,24.4416199],[54.5787003,24.441703],[54.5790597,24.4418177],[54.5794566,24.4420155],[54.579639,24.442123],[54.5799287,24.4423207],[54.5802399,24.4426015],[54.5804866,24.4428432],[54.5806717,24.4430777],[54.580879,24.4433727],[54.5809671,24.4435242],[54.5809401,24.443558],[54.5808967,24.4436627],[54.5808869,24.4437814],[54.5809174,24.443902],[54.5809868,24.4440089],[54.5810852,24.4440897],[54.5811984,24.4441386],[54.5812692,24.4441604],[54.5812823,24.444195],[54.5813849,24.4445317],[54.5814441,24.4447954],[54.5814692,24.4449462],[54.5814981,24.4452316],[54.5815004,24.4453566],[54.5814991,24.4454969],[54.5814944,24.4456106],[54.5814746,24.4457444],[54.5814489,24.4458369],[54.5814146,24.4459507],[54.5813787,24.4460357],[54.5813338,24.4461301],[54.5812739,24.4462178],[54.5812085,24.4463026],[54.5811454,24.4463713],[54.5810433,24.4464541],[54.5809301,24.4465196],[54.5807739,24.4465786],[54.5806351,24.4466069],[54.5804864,24.4466153],[54.5803596,24.4466037],[54.5802374,24.4465716],[54.5801127,24.4465212],[54.5800191,24.4464698],[54.5799307,24.4464058],[54.5798586,24.4463409],[54.579794,24.4462601],[54.5797241,24.4461774],[54.579645,24.4460966],[54.5795639,24.4460259],[54.5794597,24.445941],[54.5793711,24.4458725],[54.579282,24.4458155],[54.5791696,24.4457534],[54.5790459,24.4456884],[54.5789051,24.4456344],[54.5787817,24.4455949],[54.5786409,24.4455568],[54.5785153,24.4455107],[54.5783991,24.44546],[54.5783071,24.4454047],[54.5782088,24.4453387],[54.5781276,24.4452757],[54.5780516,24.4452158],[54.5779835,24.4451532],[54.5779234,24.4450887],[54.5778631,24.4450167],[54.5778106,24.4449469],[54.5777615,24.4448742],[54.5777088,24.4447863],[54.5776664,24.4446986],[54.5776223,24.4445943],[54.5775961,24.4445168],[54.5775841,24.4444301],[54.5775959,24.4443473],[54.577638,24.4442732],[54.5777054,24.4442165],[54.5777792,24.4441867],[54.5778594,24.4441785],[54.5779386,24.4441928],[54.5780094,24.4442281],[54.5780652,24.4442812],[54.5781008,24.4443472],[54.5781129,24.4444199],[54.5781003,24.4444925],[54.5780433,24.4446287],[54.5780232,24.4447084],[54.5780194,24.4447901],[54.5780323,24.4448711],[54.5780613,24.4449485],[54.5781055,24.4450197],[54.5781633,24.4450823],[54.5782328,24.4451341],[54.5783116,24.4451735],[54.578397,24.4451989],[54.5785178,24.4452098],[54.5786378,24.445193],[54.5787495,24.4451498],[54.5788459,24.4450826],[54.5788815,24.4450346],[54.5789917,24.4448505],[54.5790628,24.444651],[54.5790922,24.4444431],[54.579079,24.4442338],[54.5790237,24.4440303],[54.578928,24.4438395],[54.5787953,24.4436681],[54.5786302,24.443522],[54.5784383,24.443406],[54.5782262,24.4433243],[54.5780012,24.4432796],[54.5777297,24.4432765],[54.577464,24.443327],[54.5772167,24.4434289],[54.5769996,24.4435772],[54.5768229,24.4437649],[54.5766953,24.443983],[54.5766227,24.4442211],[54.5766085,24.4444679],[54.5765197,24.4444627],[54.5765246,24.4445633],[54.5765634,24.4447408],[54.5766315,24.4449109],[54.5767271,24.4450695],[54.5768482,24.4452132],[54.5768633,24.4452263],[54.5767857,24.4452877],[54.5768334,24.4453413],[54.5769905,24.4454697],[54.5771678,24.4455739],[54.5773609,24.4456514],[54.577565,24.4457002],[54.5776691,24.4457223],[54.5776762,24.4456915],[54.5777038,24.4456508],[54.5777449,24.445621],[54.5777947,24.4456057],[54.5778473,24.4456067],[54.577898,24.4456253],[54.577936,24.4456553],[54.5779604,24.4456938],[54.5779701,24.4457373],[54.5779642,24.4457814],[54.5779434,24.4458215],[54.5779096,24.4458536],[54.5778665,24.4458744],[54.5778184,24.4458816],[54.5776687,24.4458702],[54.5773964,24.445822],[54.5771377,24.4457308],[54.5769008,24.4455996],[54.576693,24.4454323],[54.5765208,24.4452343],[54.5764434,24.4451338]],[[54.5971942,24.4469682],[54.5972065,24.4470789],[54.597254,24.4472149],[54.5973229,24.4473103],[54.5974402,24.4474169],[54.5975668,24.4474806],[54.5977341,24.4475268],[54.5979382,24.4475191],[54.598365,24.4495006],[54.5978473,24.4495263],[54.597529,24.4495197],[54.5969493,24.4494699],[54.5964299,24.4493782],[54.5959213,24.4492401],[54.5955151,24.449109],[54.5946525,24.4487086],[54.594237,24.4484452],[54.5938669,24.4482543],[54.593537,24.4481023],[54.5931642,24.447962],[54.5927185,24.4478453],[54.5923257,24.4477787],[54.5920869,24.4477537],[54.5917234,24.4477575],[54.5914625,24.447766],[54.5912017,24.447755],[54.5908437,24.4476988],[54.59056,24.4476333],[54.5900811,24.4474703],[54.5895293,24.4472398],[54.5891991,24.4470773],[54.5887783,24.4468369],[54.5884875,24.4467093],[54.58814,24.4465952],[54.5878113,24.4465292],[54.5874825,24.4465022],[54.5870375,24.4465121],[54.5866659,24.4465414],[54.5862678,24.446539],[54.5858366,24.4464946],[54.5855288,24.4464258],[54.5850924,24.4463043],[54.5844005,24.4460738],[54.5840251,24.4459063],[54.5838074,24.4457937],[54.5836152,24.4457002],[54.5834437,24.4456017],[54.583274,24.4455028],[54.5831161,24.4454278],[54.5829796,24.445382],[54.5828182,24.4453362],[54.5826009,24.4453071],[54.5824255,24.4453027],[54.5822725,24.4453149],[54.5821143,24.4453345],[54.5820124,24.4453442],[54.5819346,24.4453149],[54.5818863,24.4452197],[54.5818447,24.4447362],[54.5817903,24.4445026],[54.5816619,24.4441061],[54.5817394,24.4440458],[54.5817935,24.4439804],[54.5818476,24.4438957],[54.5818843,24.4437774],[54.5822288,24.4436981],[54.5826096,24.4436309],[54.5829825,24.4435894],[54.5838903,24.4435337],[54.5841755,24.4435431],[54.5846278,24.4435815],[54.5849606,24.4436222],[54.5853963,24.4436962],[54.5859873,24.4438328],[54.5864594,24.4439746],[54.5869677,24.4441705],[54.5873254,24.4443431],[54.587631,24.4445246],[54.5879897,24.4447631],[54.5889034,24.4454706],[54.5891501,24.4456465],[54.5894881,24.4458687],[54.5898657,24.4460853],[54.5903272,24.4462875],[54.5907902,24.4464433],[54.5911995,24.4465626],[54.5914843,24.4466122],[54.5918974,24.4466732],[54.5923372,24.4467123],[54.5929461,24.4467073],[54.5939097,24.4465792],[54.5949287,24.4464199],[54.5950983,24.4464051],[54.5952811,24.4464125],[54.59543,24.4464259],[54.5955492,24.4464311],[54.5956416,24.4464487],[54.5963432,24.4465699],[54.5966895,24.446674],[54.5970695,24.4467927],[54.597203,24.4468327],[54.5971942,24.4469682]],[[54.5829672,24.4460142],[54.5833029,24.4462143],[54.5835993,24.4463535],[54.5839296,24.4465003],[54.5843214,24.4466496],[54.5846344,24.4467656],[54.5850567,24.4468874],[54.5854016,24.4469687],[54.5856682,24.4470144],[54.586,24.4470564],[54.5862433,24.4470786],[54.5864161,24.4471007],[54.5865566,24.4471498],[54.5866929,24.4472528],[54.5867787,24.4473746],[54.5868361,24.4475063],[54.5868538,24.4476284],[54.5868445,24.4477379],[54.5868082,24.447836],[54.5867733,24.4479093],[54.586723,24.4479874],[54.5866446,24.4480655],[54.5865305,24.4481589],[54.5864266,24.4482218],[54.5862818,24.4482853],[54.5861235,24.4483268],[54.5859787,24.4483513],[54.5858365,24.4483414],[54.5856413,24.4483046],[54.5854557,24.4482316],[54.5854488,24.4481407],[54.5853544,24.4480728],[54.5852122,24.4480069],[54.5850433,24.4479044],[54.5848152,24.4477676],[54.5844773,24.4475772],[54.5841822,24.4474795],[54.5838497,24.4474038],[54.5835949,24.4473868],[54.5834419,24.4473843],[54.5831281,24.4473379],[54.5826427,24.4473233],[54.5825447,24.4474306],[54.5823034,24.4473916],[54.5821192,24.4473132],[54.581984,24.4472006],[54.5818729,24.4470706],[54.5817886,24.4469227],[54.5817361,24.4467751],[54.5817111,24.4466221],[54.58172,24.4464357],[54.5817763,24.4462135],[54.5818453,24.4460665],[54.5819465,24.4459733],[54.5820449,24.4458891],[54.5821706,24.445835],[54.58242,24.4457959],[54.5826426,24.4458374],[54.5829672,24.4460142]],[[54.5886704,24.4474617],[54.588829,24.4475545],[54.5890145,24.4476542],[54.5891567,24.4477164],[54.5893708,24.4478253],[54.5896431,24.4479199],[54.5898737,24.4480014],[54.5902073,24.4481068],[54.5903854,24.4481522],[54.5908057,24.4482328],[54.5910419,24.4482798],[54.5913744,24.4483051],[54.5917392,24.4483929],[54.5919969,24.4485717],[54.5921098,24.4487072],[54.5922117,24.4488708],[54.5922596,24.4489931],[54.5922856,24.4491373],[54.592251,24.4493425],[54.5921702,24.4495038],[54.5920518,24.449621],[54.5918378,24.4497486],[54.5916549,24.449798],[54.5915209,24.4497982],[54.5915238,24.4497546],[54.5912681,24.4497155],[54.5910068,24.4496417],[54.5906535,24.4494736],[54.5905219,24.4497482],[54.5888851,24.4491927],[54.5878389,24.4488552],[54.5878554,24.4486861],[54.5876239,24.4480859],[54.5875751,24.448114],[54.5875339,24.4479756],[54.5875222,24.4477753],[54.5875719,24.4476357],[54.5876918,24.447485],[54.5878264,24.4473788],[54.5879621,24.447309],[54.5881083,24.4472775],[54.5882738,24.4472837],[54.588378,24.4473048],[54.5884875,24.4473431],[54.5885765,24.4473984],[54.5886704,24.4474617]],[[54.5939883,24.4489636],[54.5940679,24.4490132],[54.5942571,24.4491188],[54.5945747,24.4492948],[54.5949079,24.4494577],[54.5951013,24.4495447],[54.5952328,24.4496002],[54.5954457,24.4496836],[54.595788,24.4497816],[54.5960834,24.4498635],[54.5963778,24.4499351],[54.5966569,24.4499854],[54.596829,24.450013],[54.5969026,24.4500166],[54.5969414,24.4500317],[54.5970051,24.4500717],[54.5970472,24.450114],[54.5970851,24.45016],[54.5971136,24.450217],[54.597129,24.45027],[54.5971334,24.4503387],[54.5971304,24.450387],[54.5971084,24.4504502],[54.5970794,24.450503],[54.5970368,24.4505572],[54.5969748,24.4506031],[54.5967851,24.4506915],[54.5967237,24.4507272],[54.5966579,24.4507736],[54.5965805,24.4508363],[54.5964505,24.4509584],[54.5963028,24.4511322],[54.5962407,24.4512133],[54.596189,24.4512526],[54.5961165,24.4512893],[54.596037,24.4513107],[54.5959811,24.4513161],[54.5958916,24.4513075],[54.5958162,24.4512817],[54.5957555,24.4512476],[54.5957054,24.4512081],[54.5956693,24.4511623],[54.5954513,24.4509965],[54.5953517,24.4509343],[54.5951146,24.4508164],[54.5949427,24.4507502],[54.5947174,24.4506877],[54.5944991,24.4506483],[54.594193,24.4506316],[54.5939172,24.4506503],[54.5935721,24.4506792],[54.593494,24.4506695],[54.5934122,24.4506387],[54.5933495,24.4505998],[54.5932823,24.4505407],[54.5932421,24.4504863],[54.5932064,24.4504071],[54.5931872,24.450324],[54.5931925,24.4500407],[54.5931609,24.4497695],[54.5931437,24.449697],[54.5931201,24.4496222],[54.5930893,24.4495438],[54.593045,24.4494499],[54.5929645,24.4493167],[54.5928999,24.4492246],[54.5928748,24.4491516],[54.5928694,24.4490542],[54.5928895,24.448948],[54.5929477,24.4488482],[54.5930221,24.4487691],[54.5931117,24.448717],[54.5932301,24.4486831],[54.5933481,24.4486758],[54.5934543,24.4487001],[54.5935393,24.448733],[54.5937253,24.4488269],[54.5939883,24.4489636]],[[54.5992088,24.4502634],[54.5993329,24.450136],[54.599561,24.4499674],[54.5997466,24.4498676],[54.5999075,24.4497943],[54.6001029,24.4497454],[54.600367,24.4497126],[54.600446,24.4497126],[54.6007328,24.4497475],[54.6009902,24.4498174],[54.6012453,24.4499777],[54.6014734,24.4502634],[54.601523,24.4503579],[54.6016217,24.450629],[54.6016718,24.4506383],[54.6017061,24.4509761],[54.6015968,24.4509837],[54.6015447,24.4511455],[54.6014192,24.4514493],[54.6013627,24.4515315],[54.6012558,24.4516286],[54.6011053,24.4517062],[54.6009021,24.4517967],[54.6006419,24.4518829],[54.6005817,24.4518965],[54.6006508,24.4519761],[54.6006057,24.4520136],[54.6002557,24.4520673],[54.600253,24.4520038],[54.600202,24.4520246],[54.6001752,24.4519489],[54.6002128,24.4519135],[54.6002047,24.4518988],[54.6003254,24.4518695],[54.6004381,24.4518341],[54.6005185,24.451806],[54.6005869,24.4517731],[54.6006453,24.4517377],[54.6006513,24.4517072],[54.6006538,24.4516754],[54.6006774,24.4513419],[54.6006977,24.4510543],[54.6007045,24.4509577],[54.6007109,24.4508675],[54.6007128,24.450775],[54.6007141,24.4506842],[54.6007066,24.4506341],[54.6003904,24.4506034],[54.6002519,24.4510197],[54.600015,24.450991],[54.5999933,24.4509884],[54.5999471,24.4509828],[54.5999872,24.4508088],[54.5999094,24.4507917],[54.5998786,24.4508698],[54.5997847,24.4508747],[54.5998196,24.4507904],[54.5996932,24.4507284],[54.5994047,24.4512476],[54.59924,24.4511717],[54.5991908,24.451149],[54.5992085,24.4511086],[54.5993194,24.4508553],[54.5992562,24.4508163],[54.5991365,24.4509663],[54.5990665,24.4509129],[54.5991772,24.4507628],[54.599076,24.4507063],[54.599021,24.4507654],[54.5985729,24.4512476],[54.5984022,24.4511161],[54.5989691,24.4505061],[54.5992088,24.4502634]],[[54.6008333,24.4493545],[54.6003925,24.449337],[54.6000926,24.4493302],[54.5999518,24.4493369],[54.5995411,24.449367],[54.5991768,24.449398],[54.5987665,24.4494477],[54.598619,24.4488055],[54.5984605,24.4480529],[54.5982824,24.4473188],[54.5983519,24.4472086],[54.598394,24.4471173],[54.5984092,24.4470015],[54.5990675,24.4468322],[54.5993923,24.4468152],[54.5995271,24.4468351],[54.5996062,24.4468583],[54.5998253,24.4469775],[54.5999616,24.4470487],[54.6000959,24.4470981],[54.6002849,24.44715],[54.6005598,24.4471732],[54.6010093,24.447239],[54.6011833,24.4472793],[54.6013309,24.4473149],[54.6017386,24.4474363],[54.6021154,24.4475187],[54.6026116,24.4476042],[54.6030126,24.4476482],[54.6032828,24.4476635],[54.6037744,24.4476702],[54.6042492,24.4476884],[54.604576,24.4477345],[54.6048593,24.4477971],[54.6051848,24.4478922],[54.6054248,24.4479793],[54.6058174,24.4481505],[54.6060664,24.4482843],[54.6063802,24.4484136],[54.6068633,24.4485774],[54.6071741,24.4486578],[54.607563,24.4487457],[54.6079278,24.4488092],[54.6081956,24.4488465],[54.6084697,24.448881],[54.6087993,24.4489443],[54.6090799,24.449015],[54.6093426,24.4490986],[54.6097049,24.449236],[54.6100734,24.4494028],[54.6102541,24.4494917],[54.6105509,24.4496031],[54.6107577,24.4496707],[54.6110355,24.4497754],[54.6113281,24.449852],[54.611671,24.4499282],[54.611856,24.4499611],[54.6119915,24.4499856],[54.6121337,24.4499966],[54.6123241,24.4500088],[54.6125118,24.4500198],[54.6127202,24.4500675],[54.6128672,24.4501101],[54.6129785,24.4501492],[54.6131046,24.450209],[54.6131985,24.4502602],[54.6132857,24.4503341],[54.6133621,24.4504337],[54.6134318,24.4505338],[54.6134667,24.4506363],[54.6134761,24.450756],[54.6134797,24.4508693],[54.6134654,24.4509696],[54.6134265,24.4511124],[54.613333,24.4513027],[54.6132409,24.4514326],[54.6130816,24.4515813],[54.6128053,24.4517731],[54.6125358,24.451889],[54.6121978,24.4519696],[54.6119377,24.4520611],[54.6117697,24.4521493],[54.611674,24.4522372],[54.6115766,24.452319],[54.6114184,24.4524872],[54.6112832,24.4526422],[54.6111558,24.4528588],[54.6110408,24.4530954],[54.6109929,24.4532181],[54.6109127,24.4533323],[54.6107724,24.4534886],[54.6106254,24.4536042],[54.610443,24.4537057],[54.6102617,24.4537742],[54.6100951,24.4538083],[54.6098993,24.4538205],[54.6096887,24.4538034],[54.6095171,24.4537558],[54.6093896,24.4537094],[54.6092677,24.4536521],[54.609175,24.4535932],[54.6090446,24.4534804],[54.6089007,24.4533033],[54.6088224,24.4531332],[54.6087217,24.4529047],[54.6086305,24.4527143],[54.6084803,24.4525116],[54.6082803,24.4522828],[54.6080485,24.4520282],[54.6076163,24.451627],[54.6073852,24.4514534],[54.6072791,24.4513701],[54.6070292,24.451198],[54.6067392,24.4510225],[54.6063962,24.4508366],[54.6061843,24.4507268],[54.6059248,24.4506233],[54.6055299,24.450485],[54.6051041,24.4503667],[54.6046179,24.4502653],[54.6042665,24.450214],[54.6039828,24.4501842],[54.6035853,24.4501701],[54.603555,24.4501713],[54.6030274,24.450192],[54.6029181,24.4501936],[54.6028633,24.4501944],[54.6026862,24.4501797],[54.6024936,24.4501334],[54.6023166,24.4500773],[54.6021208,24.4499698],[54.6019652,24.4498478],[54.60184,24.4497451],[54.6016273,24.4496036],[54.6014073,24.449501],[54.6011386,24.4494086],[54.6008333,24.4493545]],[[54.6025924,24.4516642],[54.6025119,24.451547],[54.6024746,24.4514775],[54.6024475,24.451403],[54.6024263,24.4513029],[54.6024288,24.4512003],[54.602437,24.4511161],[54.6024585,24.4510282],[54.6024866,24.4509647],[54.6025309,24.4508903],[54.6025805,24.450817],[54.6026516,24.450745],[54.6027026,24.450701],[54.6027882,24.4506485],[54.6028662,24.4506144],[54.602948,24.4505826],[54.6030673,24.4505521],[54.603184,24.4505362],[54.6033396,24.4505204],[54.6034603,24.4505118],[54.603585,24.4505081],[54.6037231,24.4505081],[54.6039833,24.4505118],[54.6040832,24.4505197],[54.6041999,24.4505307],[54.604334,24.4505466],[54.60444,24.45056],[54.6046818,24.4505997],[54.6049114,24.4506424],[54.6051139,24.4506949],[54.6052788,24.4507389],[54.6054894,24.4508073],[54.6057466,24.4509049],[54.6059812,24.4510054],[54.6062053,24.45111],[54.6064228,24.4512309],[54.6065737,24.4513218],[54.6066655,24.4513737],[54.6067621,24.4514372],[54.6068305,24.4514873],[54.6068895,24.4515446],[54.6069713,24.4516203],[54.6070287,24.4516765],[54.6071738,24.4518352],[54.6073079,24.4519866],[54.6073844,24.4520891],[54.6074608,24.4521941],[54.6075131,24.4522722],[54.6075574,24.4523406],[54.6076043,24.4524163],[54.6076237,24.4524554],[54.6076385,24.452492],[54.6076459,24.4525268],[54.6076445,24.4525646],[54.6076405,24.4525994],[54.6076325,24.4526312],[54.607615,24.4526635],[54.6075875,24.4527001],[54.6075486,24.4527355],[54.6075071,24.4527642],[54.6074581,24.452785],[54.6074226,24.4527941],[54.6073743,24.452799],[54.6071772,24.45281],[54.6067339,24.4528411],[54.6063269,24.4528601],[54.6059004,24.4528808],[54.6058448,24.4528894],[54.605824,24.4528955],[54.6057831,24.4529309],[54.6057482,24.4529602],[54.6057085,24.4529882],[54.6056785,24.4530059],[54.6056463,24.4530224],[54.6056067,24.4530371],[54.6055752,24.4530609],[54.6055464,24.4530945],[54.6055209,24.4531347],[54.605482,24.4531897],[54.6054552,24.4532275],[54.605421,24.4532831],[54.6054076,24.4533026],[54.6053874,24.4533142],[54.6053519,24.4533124],[54.6053298,24.4533044],[54.6053163,24.4532855],[54.6053133,24.453262],[54.6053204,24.4532233],[54.6053217,24.4531866],[54.6053211,24.4531689],[54.6053173,24.4531554],[54.6053036,24.4531372],[54.6052453,24.4530847],[54.6051501,24.452995],[54.6050562,24.4529088],[54.6049403,24.452808],[54.6047842,24.4527134],[54.6046793,24.4526556],[54.6045439,24.4526116],[54.6043052,24.4525628],[54.6040866,24.4525335],[54.6039122,24.4525262],[54.6037929,24.4525311],[54.6036923,24.4525604],[54.60364,24.4525758],[54.6036065,24.452597],[54.6035917,24.4526336],[54.6035877,24.4527032],[54.603577,24.452796],[54.6035615,24.4529266],[54.6035454,24.45294],[54.60353,24.4529473],[54.6035106,24.4529467],[54.6034992,24.45294],[54.6034898,24.4528692],[54.6034884,24.452774],[54.6034844,24.4526873],[54.6034724,24.452619],[54.6034553,24.4525552],[54.6034241,24.4524953],[54.6033885,24.4524242],[54.603338,24.452343],[54.6032803,24.452285],[54.6031599,24.4521807],[54.603059,24.4520964],[54.6029238,24.4519878],[54.6028043,24.4518889],[54.6025924,24.4516642]]]]}},{"type":"Feature","properties":{"layer":"infrastructure","subtype":"barrier","class":"wall","name":""},"geometry":{"type":"LineString","coordinates":[[54.56,24.41813285345121],[54.5601441,24.4181721],[54.560334,24.4176308],[54.56,24.41754110388693]]}},{"type":"Feature","properties":{"layer":"infrastructure","subtype":"barrier","class":"wall","name":""},"geometry":{"type":"LineString","coordinates":[[54.56,24.41858815535713],[54.5601392,24.4181791],[54.56,24.418139951489216]]}},{"type":"Feature","properties":{"layer":"infrastructure","subtype":"barrier","class":"wall","name":""},"geometry":{"type":"LineString","coordinates":[[54.5613644,24.4185278],[54.5619411,24.4186916],[54.5621294,24.4181644],[54.5615589,24.4180035],[54.5613928,24.4184515],[54.5613767,24.4184946],[54.5613644,24.4185278]]}},{"type":"Feature","properties":{"layer":"infrastructure","subtype":"barrier","class":"wall","name":""},"geometry":{"type":"LineString","coordinates":[[54.5623445,24.4176244],[54.562915,24.4177853],[54.5630941,24.4172586],[54.5625237,24.4170977],[54.5623445,24.4176244]]}},{"type":"Feature","properties":{"layer":"infrastructure","subtype":"barrier","class":"wall","name":""},"geometry":{"type":"LineString","coordinates":[[54.5611245,24.417273],[54.5616996,24.4174362],[54.5618788,24.4169096],[54.5613003,24.4167475],[54.5611245,24.417273]]}},{"type":"Feature","properties":{"layer":"infrastructure","subtype":"barrier","class":"wall","name":""},"geometry":{"type":"LineString","coordinates":[[54.56,24.416956218244646],[54.5604957,24.4170977],[54.5606749,24.416571],[54.560094,24.4164064],[54.56,24.416685639977402]]}},{"type":"Feature","properties":{"layer":"infrastructure","subtype":"barrier","class":"wall","name":""},"geometry":{"type":"LineString","coordinates":[[54.5606913,24.4165487],[54.5612725,24.4167188],[54.5614516,24.4161921],[54.5608725,24.4160117],[54.5606913,24.4165487]]}},{"type":"Feature","properties":{"layer":"infrastructure","subtype":"barrier","class":"wall","name":""},"geometry":{"type":"LineString","coordinates":[[54.5619189,24.4168938],[54.5624961,24.4170563],[54.5626787,24.4165375],[54.5621082,24.4163767],[54.5619189,24.4168938]]}},{"type":"Feature","properties":{"layer":"infrastructure","subtype":"barrier","class":"wall","name":""},"geometry":{"type":"LineString","coordinates":[[54.5625279,24.4170722],[54.5630984,24.4172331],[54.5632775,24.4167064],[54.5627071,24.4165455],[54.5625279,24.4170722]]}},{"type":"Feature","properties":{"layer":"infrastructure","subtype":"barrier","class":"wall","name":""},"geometry":{"type":"LineString","coordinates":[[54.5613098,24.4167239],[54.561889,24.4168897],[54.5620627,24.4163621],[54.561777,24.4162809],[54.5614863,24.4161932],[54.5613098,24.4167239]]}},{"type":"Feature","properties":{"layer":"infrastructure","subtype":"transportation","class":"crossing","name":""},"geometry":{"type":"Point","coordinates":[54.562089,24.416348]}},{"type":"Feature","properties":{"layer":"infrastructure","subtype":"transportation","class":"crossing","name":""},"geometry":{"type":"Point","coordinates":[54.5623277,24.4162167]}},{"type":"Feature","properties":{"layer":"infrastructure","subtype":"barrier","class":"wall","name":""},"geometry":{"type":"LineString","coordinates":[[54.5624961,24.4161964],[54.5629335,24.4163207],[54.5630218,24.4160614],[54.562588,24.4159365],[54.5624961,24.4161964]]}},{"type":"Feature","properties":{"layer":"infrastructure","subtype":"transportation","class":"crossing","name":""},"geometry":{"type":"Point","coordinates":[54.561777,24.4162809]}},{"type":"Feature","properties":{"layer":"infrastructure","subtype":"transportation","class":"crossing","name":""},"geometry":{"type":"Point","coordinates":[54.5614769,24.41618]}},{"type":"Feature","properties":{"layer":"infrastructure","subtype":"barrier","class":"wall","name":""},"geometry":{"type":"LineString","coordinates":[[54.5601053,24.4163882],[54.5606802,24.4165512],[54.5608512,24.4160166],[54.5602862,24.4158569],[54.5601053,24.4163882]]}},{"type":"Feature","properties":{"layer":"infrastructure","subtype":"barrier","class":"wall","name":""},"geometry":{"type":"LineString","coordinates":[[54.5625947,24.4159061],[54.5630398,24.4160371],[54.5631334,24.4157601],[54.562683,24.415637],[54.5625947,24.4159061]]}},{"type":"Feature","properties":{"layer":"infrastructure","subtype":"transportation","class":"crossing","name":""},"geometry":{"type":"Point","coordinates":[54.5624677,24.4154971]}},{"type":"Feature","properties":{"layer":"infrastructure","subtype":"transit","class":"parking","name":""},"geometry":{"type":"Polygon","coordinates":[[[54.5616353,24.4153872],[54.5621589,24.4155413],[54.5622759,24.4152039],[54.5619124,24.4151139],[54.561946809646685,24.415],[54.56176954644084,24.415],[54.5616353,24.4153872]]]}},{"type":"Feature","properties":{"layer":"infrastructure","subtype":"barrier","class":"wall","name":""},"geometry":{"type":"LineString","coordinates":[[54.56,24.416354089673916],[54.5600837,24.4163777],[54.5602629,24.415851],[54.56,24.41577750375783]]}},{"type":"Feature","properties":{"layer":"infrastructure","subtype":"barrier","class":"wall","name":""},"geometry":{"type":"MultiLineString","coordinates":[[[54.5605346,24.4150866],[54.56056252130996,24.415]],[[54.5602107795893,24.415],[54.5605346,24.4150866]]]}},{"type":"Feature","properties":{"layer":"infrastructure","subtype":"barrier","class":"wall","name":""},"geometry":{"type":"MultiLineString","coordinates":[[[54.5628934,24.4150391],[54.5633197,24.4151594],[54.56337398083301,24.415]],[[54.5629067148091,24.415],[54.5628934,24.4150391]]]}},{"type":"Feature","properties":{"layer":"infrastructure","subtype":"transit","class":"parking","name":""},"geometry":{"type":"Polygon","coordinates":[[[54.5677781,24.4154032],[54.567917,24.4154463],[54.56806842662332,24.415],[54.56790928648192,24.415],[54.5677781,24.4154032]]]}},{"type":"Feature","properties":{"layer":"infrastructure","subtype":"barrier","class":"wall","name":"International School of Choiefat"},"geometry":{"type":"Polygon","coordinates":[[[54.5677578,24.4154292],[54.567904588553375,24.415],[54.56621488058135,24.415],[54.5677578,24.4154292]]]}},{"type":"Feature","properties":{"layer":"infrastructure","subtype":"barrier","class":"wall","name":""},"geometry":{"type":"LineString","coordinates":[[54.573225830902345,24.415],[54.573298,24.4150204],[54.57330495332582,24.415]]}},{"type":"Feature","properties":{"layer":"infrastructure","subtype":"barrier","class":"wall","name":""},"geometry":{"type":"LineString","coordinates":[[54.5717609,24.4157369],[54.5723447,24.4159034],[54.5725274,24.4153726],[54.5719436,24.4152061],[54.5717609,24.4157369]]}},{"type":"Feature","properties":{"layer":"infrastructure","subtype":"barrier","class":"wall","name":""},"geometry":{"type":"LineString","coordinates":[[54.5711661,24.4155601],[54.5717421,24.4157262],[54.5719228,24.4152063],[54.5713468,24.4150403],[54.5711661,24.4155601]]}},{"type":"Feature","properties":{"layer":"infrastructure","subtype":"barrier","class":"wall","name":""},"geometry":{"type":"LineString","coordinates":[[54.5709901,24.4161233],[54.5715516,24.4162817],[54.5717308,24.415755],[54.5711694,24.4155966],[54.5709901,24.4161233]]}},{"type":"Feature","properties":{"layer":"infrastructure","subtype":"barrier","class":"wall","name":""},"geometry":{"type":"LineString","coordinates":[[54.5723638,24.4159133],[54.5729548,24.4160808],[54.5731365,24.4155494],[54.5725455,24.4153819],[54.5723638,24.4159133]]}},{"type":"Feature","properties":{"layer":"infrastructure","subtype":"barrier","class":"wall","name":""},"geometry":{"type":"LineString","coordinates":[[54.5718579,24.4163675],[54.5716571,24.41631],[54.5715819,24.4162885],[54.5716072,24.4162152],[54.5717051,24.4159314],[54.5717327,24.4158516],[54.5717648,24.4157585],[54.5723424,24.4159238],[54.5722236,24.4162681],[54.5721933,24.4163557],[54.5721596,24.4164535]]}},{"type":"Feature","properties":{"layer":"infrastructure","subtype":"barrier","class":"wall","name":""},"geometry":{"type":"LineString","coordinates":[[54.5721732,24.416467],[54.572766,24.4166358],[54.5729506,24.4160983],[54.5723578,24.4159295],[54.5721732,24.416467]]}},{"type":"Feature","properties":{"layer":"infrastructure","subtype":"transportation","class":"crossing","name":""},"geometry":{"type":"Point","coordinates":[54.5677743,24.4159049]}},{"type":"Feature","properties":{"layer":"infrastructure","subtype":"transportation","class":"crossing","name":""},"geometry":{"type":"Point","coordinates":[54.5678901,24.415568]}},{"type":"Feature","properties":{"layer":"infrastructure","subtype":"transportation","class":"crossing","name":""},"geometry":{"type":"Point","coordinates":[54.567978,24.4152987]}},{"type":"Feature","properties":{"layer":"infrastructure","subtype":"transportation","class":"crossing","name":""},"geometry":{"type":"Point","coordinates":[54.5663497,24.415212]}},{"type":"Feature","properties":{"layer":"infrastructure","subtype":"transportation","class":"crossing","name":""},"geometry":{"type":"Point","coordinates":[54.5663799,24.4151216]}},{"type":"Feature","properties":{"layer":"infrastructure","subtype":"barrier","class":"wall","name":""},"geometry":{"type":"LineString","coordinates":[[54.5639659,24.4156636],[54.5643988,24.4157805],[54.5644842,24.415516],[54.5640539,24.4153966],[54.5639659,24.4156636]]}},{"type":"Feature","properties":{"layer":"infrastructure","subtype":"barrier","class":"wall","name":""},"geometry":{"type":"LineString","coordinates":[[54.5631485,24.4157495],[54.563581,24.4158719],[54.5636749,24.4156022],[54.5632415,24.4154816],[54.5631485,24.4157495]]}},{"type":"Feature","properties":{"layer":"infrastructure","subtype":"barrier","class":"wall","name":""},"geometry":{"type":"LineString","coordinates":[[54.5630509,24.4160429],[54.5634901,24.4161626],[54.563579,24.4158953],[54.5631453,24.4157677],[54.5630509,24.4160429]]}},{"type":"Feature","properties":{"layer":"infrastructure","subtype":"barrier","class":"wall","name":""},"geometry":{"type":"LineString","coordinates":[[54.5638694,24.4159525],[54.5643001,24.4160783],[54.5643924,24.4158135],[54.563961,24.4156917],[54.5638694,24.4159525]]}},{"type":"Feature","properties":{"layer":"infrastructure","subtype":"barrier","class":"wall","name":""},"geometry":{"type":"LineString","coordinates":[[54.5644242,24.4157906],[54.5648647,24.4159153],[54.564953,24.415656],[54.5645135,24.415529],[54.5644242,24.4157906]]}},{"type":"Feature","properties":{"layer":"infrastructure","subtype":"barrier","class":"wall","name":""},"geometry":{"type":"LineString","coordinates":[[54.5643291,24.4160829],[54.5647641,24.4162059],[54.5648574,24.4159356],[54.5644149,24.4158138],[54.5643291,24.4160829]]}},{"type":"Feature","properties":{"layer":"infrastructure","subtype":"transportation","class":"crossing","name":""},"geometry":{"type":"Point","coordinates":[54.5653112,24.4162396]}},{"type":"Feature","properties":{"layer":"infrastructure","subtype":"barrier","class":"wall","name":""},"geometry":{"type":"LineString","coordinates":[[54.5637708,24.4162406],[54.5642129,24.4163647],[54.5643012,24.4161054],[54.5638564,24.4159766],[54.5637708,24.4162406]]}},{"type":"Feature","properties":{"layer":"infrastructure","subtype":"barrier","class":"wall","name":""},"geometry":{"type":"LineString","coordinates":[[54.5629531,24.4163267],[54.5633935,24.4164514],[54.5634818,24.4161921],[54.5630433,24.41607],[54.5629531,24.4163267]]}},{"type":"Feature","properties":{"layer":"infrastructure","subtype":"barrier","class":"wall","name":""},"geometry":{"type":"LineString","coordinates":[[54.5636733,24.4165286],[54.5641083,24.4166516],[54.5641966,24.4163924],[54.5637618,24.4162689],[54.5636733,24.4165286]]}},{"type":"Feature","properties":{"layer":"infrastructure","subtype":"transportation","class":"crossing","name":""},"geometry":{"type":"Point","coordinates":[54.5635088,24.4165457]}},{"type":"Feature","properties":{"layer":"infrastructure","subtype":"transportation","class":"crossing","name":""},"geometry":{"type":"Point","coordinates":[54.5646034,24.416944]}},{"type":"Feature","properties":{"layer":"infrastructure","subtype":"transportation","class":"crossing","name":""},"geometry":{"type":"Point","coordinates":[54.565114,24.4168372]}},{"type":"Feature","properties":{"layer":"infrastructure","subtype":"transportation","class":"crossing","name":""},"geometry":{"type":"Point","coordinates":[54.5668634,24.4166838]}},{"type":"Feature","properties":{"layer":"infrastructure","subtype":"transportation","class":"crossing","name":""},"geometry":{"type":"Point","coordinates":[54.5669368,24.4168013]}},{"type":"Feature","properties":{"layer":"infrastructure","subtype":"transportation","class":"crossing","name":""},"geometry":{"type":"Point","coordinates":[54.5671112,24.4168382]}},{"type":"Feature","properties":{"layer":"infrastructure","subtype":"transit","class":"parking","name":""},"geometry":{"type":"Polygon","coordinates":[[[54.5669967,24.4175101],[54.5672614,24.4167129],[54.5653737,24.416175],[54.5653276,24.4163164],[54.5651908,24.4163501],[54.5650805,24.4166899],[54.5654629,24.4167886],[54.5655846,24.4164124],[54.5668341,24.4167733],[54.5666338,24.4174065],[54.5669967,24.4175101]]]}},{"type":"Feature","properties":{"layer":"infrastructure","subtype":"transportation","class":"crossing","name":""},"geometry":{"type":"Point","coordinates":[54.5668738,24.416992]}},{"type":"Feature","properties":{"layer":"infrastructure","subtype":"transportation","class":"crossing","name":""},"geometry":{"type":"Point","coordinates":[54.5670425,24.4170378]}},{"type":"Feature","properties":{"layer":"infrastructure","subtype":"barrier","class":"wall","name":""},"geometry":{"type":"LineString","coordinates":[[54.5631076,24.4172436],[54.5636907,24.4174085],[54.5638726,24.4168696],[54.563586,24.4167905],[54.5632803,24.4167075],[54.5631076,24.4172436]]}},{"type":"Feature","properties":{"layer":"infrastructure","subtype":"barrier","class":"wall","name":""},"geometry":{"type":"LineString","coordinates":[[54.5629309,24.4177926],[54.563514,24.4179504],[54.5636878,24.4174225],[54.5631066,24.4172597],[54.5629309,24.4177926]]}},{"type":"Feature","properties":{"layer":"infrastructure","subtype":"transportation","class":"crossing","name":""},"geometry":{"type":"Point","coordinates":[54.5644642,24.4181923]}},{"type":"Feature","properties":{"layer":"infrastructure","subtype":"transportation","class":"crossing","name":""},"geometry":{"type":"Point","coordinates":[54.5643446,24.4181477]}},{"type":"Feature","properties":{"layer":"infrastructure","subtype":"transportation","class":"crossing","name":""},"geometry":{"type":"Point","coordinates":[54.5639902,24.4183258]}},{"type":"Feature","properties":{"layer":"infrastructure","subtype":"transportation","class":"crossing","name":""},"geometry":{"type":"Point","coordinates":[54.563948,24.4184355]}},{"type":"Feature","properties":{"layer":"infrastructure","subtype":"barrier","class":"wall","name":""},"geometry":{"type":"LineString","coordinates":[[54.5631787,24.419006],[54.5637573,24.4191688],[54.5639428,24.4186573],[54.56336,24.4184867],[54.5631787,24.419006]]}},{"type":"Feature","properties":{"layer":"infrastructure","subtype":"transportation","class":"crossing","name":""},"geometry":{"type":"Point","coordinates":[54.5641444,24.4187692]}},{"type":"Feature","properties":{"layer":"infrastructure","subtype":"transportation","class":"crossing","name":""},"geometry":{"type":"Point","coordinates":[54.5646224,24.4186216]}},{"type":"Feature","properties":{"layer":"infrastructure","subtype":"transportation","class":"crossing","name":""},"geometry":{"type":"Point","coordinates":[54.5642648,24.4188036]}},{"type":"Feature","properties":{"layer":"infrastructure","subtype":"transportation","class":"crossing","name":""},"geometry":{"type":"Point","coordinates":[54.5646628,24.4185125]}},{"type":"Feature","properties":{"layer":"infrastructure","subtype":"barrier","class":"wall","name":""},"geometry":{"type":"LineString","coordinates":[[54.5675953,24.4185063],[54.5678349,24.4185755],[54.568178,24.4186714],[54.5682055,24.4185681],[54.5682441,24.4184557],[54.5683572,24.4181448],[54.5678061,24.417987],[54.5677752,24.4179777],[54.5677643,24.4180078],[54.5676831,24.4182539],[54.5676637,24.4183099],[54.5676521,24.4183432],[54.5676277,24.4184133],[54.5676132,24.4184549],[54.5675953,24.4185063]]}},{"type":"Feature","properties":{"layer":"infrastructure","subtype":"transportation","class":"crossing","name":""},"geometry":{"type":"Point","coordinates":[54.5684904,24.417782]}},{"type":"Feature","properties":{"layer":"infrastructure","subtype":"barrier","class":"gate","name":""},"geometry":{"type":"Point","coordinates":[54.5684246,24.4178698]}},{"type":"Feature","properties":{"layer":"infrastructure","subtype":"transportation","class":"crossing","name":""},"geometry":{"type":"Point","coordinates":[54.5696746,24.4177841]}},{"type":"Feature","properties":{"layer":"infrastructure","subtype":"transportation","class":"crossing","name":""},"geometry":{"type":"Point","coordinates":[54.5696934,24.417726]}},{"type":"Feature","properties":{"layer":"infrastructure","subtype":"transportation","class":"crossing","name":""},"geometry":{"type":"Point","coordinates":[54.5696581,24.4178348]}},{"type":"Feature","properties":{"layer":"infrastructure","subtype":"transportation","class":"crossing","name":""},"geometry":{"type":"Point","coordinates":[54.5696405,24.4178894]}},{"type":"Feature","properties":{"layer":"infrastructure","subtype":"transportation","class":"crossing","name":""},"geometry":{"type":"Point","coordinates":[54.569623,24.4179432]}},{"type":"Feature","properties":{"layer":"infrastructure","subtype":"barrier","class":"gate","name":""},"geometry":{"type":"Point","coordinates":[54.5696843,24.4182365]}},{"type":"Feature","properties":{"layer":"infrastructure","subtype":"barrier","class":"wall","name":""},"geometry":{"type":"LineString","coordinates":[[54.5682004,24.4186789],[54.5682587,24.4186943],[54.5684323,24.418745],[54.5686207,24.4187971],[54.568784,24.4188449],[54.5689074,24.4184546],[54.5689569,24.4183061],[54.5688688,24.4182818],[54.5683779,24.4181527],[54.5682185,24.4186222],[54.5682004,24.4186789]]}},{"type":"Feature","properties":{"layer":"infrastructure","subtype":"barrier","class":"wall","name":""},"geometry":{"type":"LineString","coordinates":[[54.5688082,24.4188501],[54.5693442,24.4190031],[54.5693761,24.4190125],[54.5693885,24.4189777],[54.5694481,24.4188107],[54.5694498,24.4188029],[54.5694692,24.4187422],[54.5695584,24.4184843],[54.5693076,24.4184164],[54.5692487,24.4183983],[54.5689809,24.4183255],[54.5688082,24.4188501]]}},{"type":"Feature","properties":{"layer":"infrastructure","subtype":"transportation","class":"crossing","name":""},"geometry":{"type":"Point","coordinates":[54.5695799,24.4184519]}},{"type":"Feature","properties":{"layer":"infrastructure","subtype":"transportation","class":"crossing","name":""},"geometry":{"type":"Point","coordinates":[54.5696096,24.418364]}},{"type":"Feature","properties":{"layer":"infrastructure","subtype":"barrier","class":"gate","name":""},"geometry":{"type":"Point","coordinates":[54.5710406,24.4186168]}},{"type":"Feature","properties":{"layer":"infrastructure","subtype":"transportation","class":"crossing","name":""},"geometry":{"type":"Point","coordinates":[54.5710247,24.4186656]}},{"type":"Feature","properties":{"layer":"infrastructure","subtype":"barrier","class":"gate","name":""},"geometry":{"type":"Point","coordinates":[54.5719054,24.4176412]}},{"type":"Feature","properties":{"layer":"infrastructure","subtype":"barrier","class":"wall","name":""},"geometry":{"type":"LineString","coordinates":[[54.5715816,24.4181252],[54.572145,24.4182833],[54.5723227,24.4177583],[54.5719054,24.4176412],[54.5717593,24.4176002],[54.5715816,24.4181252]]}},{"type":"Feature","properties":{"layer":"infrastructure","subtype":"transportation","class":"crossing","name":""},"geometry":{"type":"Point","coordinates":[54.5723839,24.4176085]}},{"type":"Feature","properties":{"layer":"infrastructure","subtype":"transportation","class":"crossing","name":""},"geometry":{"type":"Point","coordinates":[54.5711893,24.4172677]}},{"type":"Feature","properties":{"layer":"infrastructure","subtype":"transportation","class":"crossing","name":""},"geometry":{"type":"Point","coordinates":[54.570579,24.4170936]}},{"type":"Feature","properties":{"layer":"infrastructure","subtype":"transportation","class":"crossing","name":""},"geometry":{"type":"Point","coordinates":[54.5712481,24.4163486]}},{"type":"Feature","properties":{"layer":"infrastructure","subtype":"transportation","class":"crossing","name":""},"geometry":{"type":"Point","coordinates":[54.5718558,24.4164527]}},{"type":"Feature","properties":{"layer":"infrastructure","subtype":"barrier","class":"wall","name":""},"geometry":{"type":"LineString","coordinates":[[54.5712785,24.4171408],[54.5718346,24.4172978],[54.5720348,24.41671],[54.5714788,24.4165529],[54.5712785,24.4171408]]}},{"type":"Feature","properties":{"layer":"infrastructure","subtype":"transportation","class":"crossing","name":""},"geometry":{"type":"Point","coordinates":[54.5726844,24.4168751]}},{"type":"Feature","properties":{"layer":"infrastructure","subtype":"transportation","class":"crossing","name":""},"geometry":{"type":"Point","coordinates":[54.5722085,24.4166196]}},{"type":"Feature","properties":{"layer":"infrastructure","subtype":"barrier","class":"wall","name":""},"geometry":{"type":"LineString","coordinates":[[54.5719108,24.4163837],[54.5721073,24.4164374]]}},{"type":"Feature","properties":{"layer":"infrastructure","subtype":"barrier","class":"wall","name":""},"geometry":{"type":"LineString","coordinates":[[54.5727739,24.4166699],[54.5733697,24.4168332],[54.5735562,24.4162688],[54.5729604,24.4161056],[54.5727739,24.4166699]]}},{"type":"Feature","properties":{"layer":"infrastructure","subtype":"barrier","class":"wall","name":""},"geometry":{"type":"LineString","coordinates":[[54.5733988,24.4168083],[54.5739692,24.4169693],[54.5741484,24.4164426],[54.573578,24.4162605],[54.5733988,24.4168083]]}},{"type":"Feature","properties":{"layer":"infrastructure","subtype":"barrier","class":"wall","name":""},"geometry":{"type":"LineString","coordinates":[[54.5740103,24.4169793],[54.5745807,24.4171402],[54.5747682,24.4166086],[54.5741724,24.4164314],[54.5740103,24.4169793]]}},{"type":"Feature","properties":{"layer":"infrastructure","subtype":"barrier","class":"wall","name":""},"geometry":{"type":"LineString","coordinates":[[54.574594,24.4171409],[54.5747984,24.4172003],[54.5751703,24.4173083],[54.5753549,24.4167818],[54.5747786,24.4166143],[54.574594,24.4171409]]}},{"type":"Feature","properties":{"layer":"infrastructure","subtype":"barrier","class":"wall","name":""},"geometry":{"type":"LineString","coordinates":[[54.5747908,24.416602],[54.5753672,24.4167631],[54.5755459,24.416233],[54.5752143,24.4161403],[54.5749695,24.4160718],[54.5747908,24.416602]]}},{"type":"Feature","properties":{"layer":"infrastructure","subtype":"transportation","class":"crossing","name":""},"geometry":{"type":"Point","coordinates":[54.5762729,24.4163649]}},{"type":"Feature","properties":{"layer":"infrastructure","subtype":"transportation","class":"crossing","name":""},"geometry":{"type":"Point","coordinates":[54.5763872,24.4163607]}},{"type":"Feature","properties":{"layer":"infrastructure","subtype":"barrier","class":"kerb","name":""},"geometry":{"type":"Point","coordinates":[54.5763572,24.4163525]}},{"type":"Feature","properties":{"layer":"infrastructure","subtype":"barrier","class":"wall","name":""},"geometry":{"type":"LineString","coordinates":[[54.5753915,24.4167659],[54.5759643,24.416927],[54.5761434,24.416399],[54.5755706,24.4162379],[54.5753915,24.4167659]]}},{"type":"Feature","properties":{"layer":"infrastructure","subtype":"transportation","class":"crossing","name":""},"geometry":{"type":"Point","coordinates":[54.5766434,24.4164548]}},{"type":"Feature","properties":{"layer":"infrastructure","subtype":"transportation","class":"crossing","name":""},"geometry":{"type":"Point","coordinates":[54.5765319,24.4163992]}},{"type":"Feature","properties":{"layer":"infrastructure","subtype":"barrier","class":"kerb","name":""},"geometry":{"type":"Point","coordinates":[54.5765852,24.4164148]}},{"type":"Feature","properties":{"layer":"infrastructure","subtype":"barrier","class":"kerb","name":""},"geometry":{"type":"Point","coordinates":[54.5766496,24.4163849]}},{"type":"Feature","properties":{"layer":"infrastructure","subtype":"transportation","class":"crossing","name":""},"geometry":{"type":"Point","coordinates":[54.576454,24.416379]}},{"type":"Feature","properties":{"layer":"infrastructure","subtype":"transportation","class":"crossing","name":""},"geometry":{"type":"Point","coordinates":[54.5766643,24.4163383]}},{"type":"Feature","properties":{"layer":"infrastructure","subtype":"transportation","class":"crossing","name":""},"geometry":{"type":"Point","coordinates":[54.5756659,24.4175316]}},{"type":"Feature","properties":{"layer":"infrastructure","subtype":"transportation","class":"crossing","name":""},"geometry":{"type":"Point","coordinates":[54.5750346,24.4175257]}},{"type":"Feature","properties":{"layer":"infrastructure","subtype":"barrier","class":"kerb","name":""},"geometry":{"type":"Point","coordinates":[54.5747475,24.4174427]}},{"type":"Feature","properties":{"layer":"infrastructure","subtype":"barrier","class":"kerb","name":""},"geometry":{"type":"Point","coordinates":[54.5745976,24.4174035]}},{"type":"Feature","properties":{"layer":"infrastructure","subtype":"transportation","class":"crossing","name":""},"geometry":{"type":"Point","coordinates":[54.5746653,24.4174186]}},{"type":"Feature","properties":{"layer":"infrastructure","subtype":"transportation","class":"crossing","name":""},"geometry":{"type":"Point","coordinates":[54.5753675,24.4174442]}},{"type":"Feature","properties":{"layer":"infrastructure","subtype":"barrier","class":"gate","name":""},"geometry":{"type":"Point","coordinates":[54.5747984,24.4172003]}},{"type":"Feature","properties":{"layer":"infrastructure","subtype":"transportation","class":"crossing","name":""},"geometry":{"type":"Point","coordinates":[54.5747737,24.4172814]}},{"type":"Feature","properties":{"layer":"infrastructure","subtype":"barrier","class":"kerb","name":""},"geometry":{"type":"Point","coordinates":[54.5735632,24.4171019]}},{"type":"Feature","properties":{"layer":"infrastructure","subtype":"barrier","class":"kerb","name":""},"geometry":{"type":"Point","coordinates":[54.5734324,24.4170764]}},{"type":"Feature","properties":{"layer":"infrastructure","subtype":"transportation","class":"crossing","name":""},"geometry":{"type":"Point","coordinates":[54.5734876,24.4170858]}},{"type":"Feature","properties":{"layer":"infrastructure","subtype":"barrier","class":"wall","name":""},"geometry":{"type":"LineString","coordinates":[[54.5734833,24.4175539],[54.5735133,24.4175624],[54.5739197,24.4176785],[54.5740589,24.4172743],[54.5738561,24.4172163],[54.573802,24.4172009],[54.573697,24.4171709],[54.5736505,24.4171576],[54.5736226,24.4171496],[54.5734931,24.4175255],[54.5734833,24.4175539]]}},{"type":"Feature","properties":{"layer":"infrastructure","subtype":"barrier","class":"wall","name":""},"geometry":{"type":"LineString","coordinates":[[54.5740807,24.4172843],[54.5744669,24.4173923],[54.5745122,24.4174069],[54.5744902,24.4174634],[54.5744667,24.4175239],[54.5743991,24.4177351],[54.5743801,24.4178023],[54.5743448,24.417794],[54.5741942,24.4177493],[54.5741143,24.4177274],[54.5740681,24.4177148],[54.5739958,24.4176954],[54.5739441,24.4176814],[54.5739862,24.4175531],[54.5740003,24.4175101],[54.5740807,24.4172843]]}},{"type":"Feature","properties":{"layer":"infrastructure","subtype":"barrier","class":"wall","name":""},"geometry":{"type":"LineString","coordinates":[[54.5733446,24.417971],[54.5734975,24.4180154],[54.5737223,24.4180807],[54.5737769,24.4180966],[54.5738067,24.4180117],[54.5738364,24.4179269],[54.5738722,24.4178247],[54.5738941,24.417762],[54.5739171,24.4176965],[54.5738464,24.4176759],[54.5735505,24.41759],[54.5734848,24.4175709],[54.5734417,24.4176939],[54.5733645,24.4179141],[54.5733446,24.417971]]}},{"type":"Feature","properties":{"layer":"infrastructure","subtype":"barrier","class":"wall","name":""},"geometry":{"type":"LineString","coordinates":[[54.5746555,24.4178828],[54.5751012,24.4180108],[54.5752385,24.4176147],[54.5750977,24.4175743],[54.5750454,24.4175593],[54.5748303,24.4174975],[54.5747928,24.4174867],[54.5747846,24.4175102],[54.5746555,24.4178828]]}},{"type":"Feature","properties":{"layer":"infrastructure","subtype":"barrier","class":"wall","name":""},"geometry":{"type":"LineString","coordinates":[[54.5751255,24.4180109],[54.5755644,24.4181342],[54.5756861,24.4177748],[54.5756964,24.4177446],[54.5756307,24.4177262],[54.5754256,24.4176686],[54.5753682,24.4176524],[54.5752574,24.4176213],[54.575246,24.417655],[54.5752302,24.4177016],[54.5751255,24.4180109]]}},{"type":"Feature","properties":{"layer":"infrastructure","subtype":"barrier","class":"wall","name":""},"geometry":{"type":"LineString","coordinates":[[54.5745232,24.4183054],[54.5745446,24.4183113],[54.5749582,24.4184261],[54.5750831,24.4180531],[54.5750903,24.4180316],[54.5750554,24.4180219],[54.5746888,24.4179202],[54.5746552,24.4179109],[54.5746466,24.4179365],[54.5746203,24.4180151],[54.5746036,24.4180652],[54.5745412,24.4182515],[54.5745232,24.4183054]]}},{"type":"Feature","properties":{"layer":"infrastructure","subtype":"barrier","class":"wall","name":""},"geometry":{"type":"LineString","coordinates":[[54.573202,24.4183938],[54.573229,24.4184016],[54.5736388,24.4185204],[54.5736676,24.4184382],[54.5737089,24.4183199],[54.5737562,24.4181845],[54.5737806,24.4181147],[54.5736991,24.4180911],[54.5733439,24.4179881],[54.5732295,24.4183152],[54.573202,24.4183938]]}},{"type":"Feature","properties":{"layer":"infrastructure","subtype":"barrier","class":"wall","name":""},"geometry":{"type":"LineString","coordinates":[[54.5736605,24.4185227],[54.5737987,24.4185622],[54.5740169,24.4186245],[54.5740959,24.4186471],[54.574107,24.418615],[54.5742196,24.4182879],[54.5742335,24.4182475],[54.5741894,24.418235],[54.5737981,24.4181232],[54.5736933,24.4184274],[54.5736605,24.4185227]]}},{"type":"Feature","properties":{"layer":"infrastructure","subtype":"barrier","class":"wall","name":""},"geometry":{"type":"LineString","coordinates":[[54.5735201,24.4189457],[54.5739549,24.4190698],[54.574087,24.4186671],[54.5736564,24.4185472],[54.5735201,24.4189457]]}},{"type":"Feature","properties":{"layer":"infrastructure","subtype":"barrier","class":"wall","name":""},"geometry":{"type":"LineString","coordinates":[[54.5748341,24.4188599],[54.5752737,24.4189831],[54.5753936,24.4186243],[54.5754119,24.4185695],[54.5752424,24.4185186],[54.5749699,24.4184392],[54.5748341,24.4188599]]}},{"type":"Feature","properties":{"layer":"infrastructure","subtype":"transportation","class":"crossing","name":""},"geometry":{"type":"Point","coordinates":[54.5757379,24.4187494]}},{"type":"Feature","properties":{"layer":"infrastructure","subtype":"transportation","class":"crossing","name":""},"geometry":{"type":"Point","coordinates":[54.5756163,24.4187585]}},{"type":"Feature","properties":{"layer":"infrastructure","subtype":"barrier","class":"wall","name":""},"geometry":{"type":"LineString","coordinates":[[54.5743781,24.4187246],[54.5747457,24.4188267],[54.5748159,24.4188469],[54.5749558,24.4184432],[54.5748855,24.418423],[54.5745452,24.4183247],[54.5745142,24.4183164],[54.574501,24.4183577],[54.5744446,24.4185306],[54.5744268,24.418579],[54.5744093,24.4186269],[54.5743781,24.4187246]]}},{"type":"Feature","properties":{"layer":"infrastructure","subtype":"barrier","class":"wall","name":""},"geometry":{"type":"LineString","coordinates":[[54.5749777,24.4184348],[54.5752856,24.4185232],[54.5753377,24.4185382],[54.5754123,24.4185596],[54.5755495,24.4181633],[54.5754726,24.4181413],[54.5754179,24.4181255],[54.5751149,24.4180386],[54.5751097,24.4180536],[54.5750993,24.4180837],[54.5750475,24.4182333],[54.5750317,24.418279],[54.5749777,24.4184348]]}},{"type":"Feature","properties":{"layer":"infrastructure","subtype":"transportation","class":"crossing","name":""},"geometry":{"type":"Point","coordinates":[54.5758322,24.4176424]}},{"type":"Feature","properties":{"layer":"infrastructure","subtype":"barrier","class":"wall","name":""},"geometry":{"type":"LineString","coordinates":[[54.5794871,24.4179271],[54.5800768,24.4180931],[54.5802622,24.4175471],[54.5796724,24.4173811],[54.5794871,24.4179271]]}},{"type":"Feature","properties":{"layer":"infrastructure","subtype":"barrier","class":"wall","name":""},"geometry":{"type":"LineString","coordinates":[[54.5801058,24.4181052],[54.5806692,24.418263],[54.5808484,24.4177321],[54.580285,24.4175744],[54.5801058,24.4181052]]}},{"type":"Feature","properties":{"layer":"infrastructure","subtype":"barrier","class":"wall","name":""},"geometry":{"type":"LineString","coordinates":[[54.5787036,24.4183059],[54.5792857,24.4184708],[54.5794688,24.4179349],[54.5788867,24.41777],[54.5787036,24.4183059]]}},{"type":"Feature","properties":{"layer":"infrastructure","subtype":"barrier","class":"wall","name":""},"geometry":{"type":"LineString","coordinates":[[54.5799123,24.418646],[54.5804889,24.4188048],[54.5806632,24.4182801],[54.5800866,24.4181213],[54.5799123,24.418646]]}},{"type":"Feature","properties":{"layer":"infrastructure","subtype":"barrier","class":"wall","name":""},"geometry":{"type":"LineString","coordinates":[[54.5793037,24.4184773],[54.5798741,24.4186382],[54.5800533,24.4181116],[54.5794828,24.4179507],[54.5793037,24.4184773]]}},{"type":"Feature","properties":{"layer":"infrastructure","subtype":"barrier","class":"wall","name":""},"geometry":{"type":"LineString","coordinates":[[54.5805049,24.4188197],[54.5810905,24.4189884],[54.5812787,24.4184468],[54.5806931,24.4182781],[54.5805049,24.4188197]]}},{"type":"Feature","properties":{"layer":"infrastructure","subtype":"barrier","class":"wall","name":""},"geometry":{"type":"LineString","coordinates":[[54.581085,24.4190309],[54.5816959,24.4191719],[54.5818856,24.4185916],[54.5813009,24.418413],[54.581085,24.4190309]]}},{"type":"Feature","properties":{"layer":"infrastructure","subtype":"barrier","class":"wall","name":""},"geometry":{"type":"LineString","coordinates":[[54.5825179,24.418789],[54.5830852,24.4189521],[54.5832656,24.4184242],[54.582693,24.4182627],[54.5825179,24.418789]]}},{"type":"Feature","properties":{"layer":"infrastructure","subtype":"barrier","class":"wall","name":""},"geometry":{"type":"LineString","coordinates":[[54.581889,24.418612],[54.5824898,24.4187774],[54.5826902,24.4182386],[54.5820667,24.4180686],[54.581889,24.418612]]}},{"type":"Feature","properties":{"layer":"infrastructure","subtype":"barrier","class":"wall","name":""},"geometry":{"type":"LineString","coordinates":[[54.5806984,24.418266],[54.5812689,24.4184269],[54.5814481,24.4179003],[54.5808776,24.4177394],[54.5806984,24.418266]]}},{"type":"Feature","properties":{"layer":"infrastructure","subtype":"pedestrian","class":"atm","name":""},"geometry":{"type":"Point","coordinates":[54.5823872,24.4176455]}},{"type":"Feature","properties":{"layer":"infrastructure","subtype":"transportation","class":"crossing","name":""},"geometry":{"type":"Point","coordinates":[54.5829939,24.4178045]}},{"type":"Feature","properties":{"layer":"infrastructure","subtype":"barrier","class":"wall","name":""},"geometry":{"type":"LineString","coordinates":[[54.5819698,24.4174869],[54.582415,24.4176143],[54.582557,24.417203],[54.5821118,24.4170756],[54.5819698,24.4174869]]}},{"type":"Feature","properties":{"layer":"infrastructure","subtype":"barrier","class":"wall","name":""},"geometry":{"type":"LineString","coordinates":[[54.5825723,24.4171875],[54.5830076,24.4173149],[54.5831475,24.4169189],[54.5827121,24.4167915],[54.5825723,24.4171875]]}},{"type":"Feature","properties":{"layer":"infrastructure","subtype":"barrier","class":"wall","name":""},"geometry":{"type":"LineString","coordinates":[[54.5811323,24.4172375],[54.5817041,24.4173932],[54.5818809,24.416855],[54.5813091,24.4166993],[54.5811323,24.4172375]]}},{"type":"Feature","properties":{"layer":"infrastructure","subtype":"transportation","class":"crossing","name":""},"geometry":{"type":"Point","coordinates":[54.5818168,24.4174701]}},{"type":"Feature","properties":{"layer":"infrastructure","subtype":"barrier","class":"wall","name":""},"geometry":{"type":"LineString","coordinates":[[54.5788906,24.4177568],[54.579461,24.4179177],[54.5796402,24.4173911],[54.5790698,24.4172301],[54.5788906,24.4177568]]}},{"type":"Feature","properties":{"layer":"infrastructure","subtype":"barrier","class":"kerb","name":""},"geometry":{"type":"Point","coordinates":[54.5790243,24.4171784]}},{"type":"Feature","properties":{"layer":"infrastructure","subtype":"transportation","class":"crossing","name":""},"geometry":{"type":"Point","coordinates":[54.5789381,24.417153]}},{"type":"Feature","properties":{"layer":"infrastructure","subtype":"barrier","class":"kerb","name":""},"geometry":{"type":"Point","coordinates":[54.5788556,24.4171287]}},{"type":"Feature","properties":{"layer":"infrastructure","subtype":"transportation","class":"crossing","name":""},"geometry":{"type":"Point","coordinates":[54.5799589,24.4171282]}},{"type":"Feature","properties":{"layer":"infrastructure","subtype":"transportation","class":"crossing","name":""},"geometry":{"type":"Point","coordinates":[54.5799485,24.4172669]}},{"type":"Feature","properties":{"layer":"infrastructure","subtype":"barrier","class":"wall","name":""},"geometry":{"type":"LineString","coordinates":[[54.5799022,24.416888],[54.5804874,24.4170551],[54.5806733,24.4165156],[54.5800881,24.4163484],[54.5799022,24.416888]]}},{"type":"Feature","properties":{"layer":"infrastructure","subtype":"barrier","class":"wall","name":""},"geometry":{"type":"LineString","coordinates":[[54.5787049,24.416547],[54.5792813,24.4167153],[54.5794773,24.4161782],[54.5788861,24.4160094],[54.5787049,24.416547]]}},{"type":"Feature","properties":{"layer":"infrastructure","subtype":"barrier","class":"wall","name":""},"geometry":{"type":"LineString","coordinates":[[54.5792964,24.4167146],[54.5798889,24.4168832],[54.5800783,24.4163312],[54.5794858,24.4161626],[54.5792964,24.4167146]]}},{"type":"Feature","properties":{"layer":"infrastructure","subtype":"barrier","class":"wall","name":""},"geometry":{"type":"LineString","coordinates":[[54.5805104,24.4170693],[54.5810865,24.4172317],[54.5812672,24.4167001],[54.5806911,24.4165377],[54.5805104,24.4170693]]}},{"type":"Feature","properties":{"layer":"infrastructure","subtype":"barrier","class":"wall","name":""},"geometry":{"type":"LineString","coordinates":[[54.5821147,24.4170661],[54.5825545,24.4171907],[54.5826948,24.4167798],[54.582255,24.4166552],[54.5821147,24.4170661]]}},{"type":"Feature","properties":{"layer":"infrastructure","subtype":"barrier","class":"wall","name":""},"geometry":{"type":"LineString","coordinates":[[54.5822559,24.4166344],[54.582706,24.4167598],[54.582843,24.4163519],[54.5823929,24.4162265],[54.5822559,24.4166344]]}},{"type":"Feature","properties":{"layer":"infrastructure","subtype":"barrier","class":"wall","name":""},"geometry":{"type":"LineString","coordinates":[[54.5828529,24.4163706],[54.5833006,24.416486],[54.5834463,24.4160769],[54.5829882,24.4159324],[54.5828529,24.4163706]]}},{"type":"Feature","properties":{"layer":"infrastructure","subtype":"barrier","class":"wall","name":""},"geometry":{"type":"LineString","coordinates":[[54.5823978,24.4162125],[54.5828403,24.416336],[54.5829777,24.4159276],[54.5825353,24.4158041],[54.5823978,24.4162125]]}},{"type":"Feature","properties":{"layer":"infrastructure","subtype":"barrier","class":"wall","name":""},"geometry":{"type":"LineString","coordinates":[[54.582991,24.4159239],[54.5834542,24.4160737],[54.5835952,24.415636],[54.5831286,24.4155005],[54.582991,24.4159239]]}},{"type":"Feature","properties":{"layer":"infrastructure","subtype":"barrier","class":"wall","name":""},"geometry":{"type":"LineString","coordinates":[[54.5825458,24.4157917],[54.5829781,24.4159138],[54.5831131,24.4155175],[54.5826807,24.4153954],[54.5825458,24.4157917]]}},{"type":"Feature","properties":{"layer":"infrastructure","subtype":"barrier","class":"wall","name":""},"geometry":{"type":"LineString","coordinates":[[54.5782906,24.4158263],[54.5788781,24.4159912],[54.579056,24.415466],[54.5784685,24.415301],[54.5782906,24.4158263]]}},{"type":"Feature","properties":{"layer":"infrastructure","subtype":"barrier","class":"wall","name":""},"geometry":{"type":"LineString","coordinates":[[54.5788924,24.4160085],[54.5794638,24.4161693],[54.5796438,24.4156391],[54.5790724,24.4154783],[54.5788924,24.4160085]]}},{"type":"Feature","properties":{"layer":"infrastructure","subtype":"barrier","class":"wall","name":""},"geometry":{"type":"LineString","coordinates":[[54.5794872,24.4161605],[54.580079,24.416329],[54.5802569,24.4158106],[54.5796651,24.4156421],[54.5794872,24.4161605]]}},{"type":"Feature","properties":{"layer":"infrastructure","subtype":"barrier","class":"wall","name":""},"geometry":{"type":"LineString","coordinates":[[54.580095,24.4163415],[54.5806654,24.4165024],[54.5808445,24.4159757],[54.5802741,24.4158149],[54.580095,24.4163415]]}},{"type":"Feature","properties":{"layer":"infrastructure","subtype":"barrier","class":"wall","name":""},"geometry":{"type":"LineString","coordinates":[[54.578105,24.4163865],[54.578687,24.4165499],[54.5788692,24.4160117],[54.5782872,24.4158483],[54.578105,24.4163865]]}},{"type":"Feature","properties":{"layer":"infrastructure","subtype":"barrier","class":"wall","name":""},"geometry":{"type":"LineString","coordinates":[[54.5774957,24.4162014],[54.5780663,24.4163635],[54.5782447,24.415843],[54.577674,24.4156809],[54.5774957,24.4162014]]}},{"type":"Feature","properties":{"layer":"infrastructure","subtype":"barrier","class":"wall","name":""},"geometry":{"type":"LineString","coordinates":[[54.5768908,24.41604],[54.577462,24.4162018],[54.5776473,24.4156598],[54.5770761,24.4154979],[54.5768908,24.41604]]}},{"type":"Feature","properties":{"layer":"infrastructure","subtype":"transportation","class":"crossing","name":""},"geometry":{"type":"Point","coordinates":[54.5763685,24.4161156]}},{"type":"Feature","properties":{"layer":"infrastructure","subtype":"barrier","class":"kerb","name":""},"geometry":{"type":"Point","coordinates":[54.5763822,24.4160826]}},{"type":"Feature","properties":{"layer":"infrastructure","subtype":"transportation","class":"crossing","name":""},"geometry":{"type":"Point","coordinates":[54.5763828,24.4159969]}},{"type":"Feature","properties":{"layer":"infrastructure","subtype":"transportation","class":"crossing","name":""},"geometry":{"type":"Point","coordinates":[54.5764922,24.4160513]}},{"type":"Feature","properties":{"layer":"infrastructure","subtype":"barrier","class":"kerb","name":""},"geometry":{"type":"Point","coordinates":[54.5764234,24.4160488]}},{"type":"Feature","properties":{"layer":"infrastructure","subtype":"transportation","class":"crossing","name":""},"geometry":{"type":"Point","coordinates":[54.5767528,24.4160854]}},{"type":"Feature","properties":{"layer":"infrastructure","subtype":"barrier","class":"kerb","name":""},"geometry":{"type":"Point","coordinates":[54.5766637,24.4161016]}},{"type":"Feature","properties":{"layer":"infrastructure","subtype":"transportation","class":"crossing","name":""},"geometry":{"type":"Point","coordinates":[54.5765751,24.4160756]}},{"type":"Feature","properties":{"layer":"infrastructure","subtype":"transportation","class":"crossing","name":""},"geometry":{"type":"Point","coordinates":[54.5766294,24.4160915]}},{"type":"Feature","properties":{"layer":"infrastructure","subtype":"transportation","class":"crossing","name":""},"geometry":{"type":"Point","coordinates":[54.5767043,24.4162117]}},{"type":"Feature","properties":{"layer":"infrastructure","subtype":"barrier","class":"kerb","name":""},"geometry":{"type":"Point","coordinates":[54.5767187,24.4161663]}},{"type":"Feature","properties":{"layer":"infrastructure","subtype":"barrier","class":"kerb","name":""},"geometry":{"type":"Point","coordinates":[54.576311,24.4162909]}},{"type":"Feature","properties":{"layer":"infrastructure","subtype":"transportation","class":"crossing","name":""},"geometry":{"type":"Point","coordinates":[54.5763273,24.4162411]}},{"type":"Feature","properties":{"layer":"infrastructure","subtype":"barrier","class":"gate","name":""},"geometry":{"type":"Point","coordinates":[54.5752143,24.4161403]}},{"type":"Feature","properties":{"layer":"infrastructure","subtype":"barrier","class":"wall","name":""},"geometry":{"type":"LineString","coordinates":[[54.5741981,24.4164286],[54.5747671,24.4165982],[54.5749477,24.4160628],[54.5743773,24.4159019],[54.5741981,24.4164286]]}},{"type":"Feature","properties":{"layer":"infrastructure","subtype":"barrier","class":"wall","name":""},"geometry":{"type":"LineString","coordinates":[[54.5735986,24.4162588],[54.574169,24.4164198],[54.5743482,24.4158931],[54.5737778,24.4157321],[54.5735986,24.4162588]]}},{"type":"Feature","properties":{"layer":"infrastructure","subtype":"barrier","class":"wall","name":""},"geometry":{"type":"LineString","coordinates":[[54.5729692,24.4160834],[54.5735687,24.4162497],[54.5737541,24.4156952],[54.5731546,24.4155289],[54.5729692,24.4160834]]}},{"type":"Feature","properties":{"layer":"infrastructure","subtype":"barrier","class":"wall","name":""},"geometry":{"type":"LineString","coordinates":[[54.5751366,24.4155476],[54.5754266,24.415629],[54.5757203,24.4157114],[54.5759004,24.4151793],[54.5753167,24.4150155],[54.5751366,24.4155476]]}},{"type":"Feature","properties":{"layer":"infrastructure","subtype":"barrier","class":"gate","name":""},"geometry":{"type":"Point","coordinates":[54.5742185,24.4152892]}},{"type":"Feature","properties":{"layer":"infrastructure","subtype":"barrier","class":"wall","name":""},"geometry":{"type":"MultiLineString","coordinates":[[[54.573937,24.4152093],[54.5742185,24.4152892],[54.5745007,24.4153692],[54.5746269979745,24.415]],[[54.57400862432027,24.415],[54.573937,24.4152093]]]}},{"type":"Feature","properties":{"layer":"infrastructure","subtype":"barrier","class":"wall","name":""},"geometry":{"type":"MultiLineString","coordinates":[[[54.5745295,24.4153916],[54.5751139,24.4155532],[54.5752959,24.4150073],[54.57526950074257,24.415]],[[54.57466005724491,24.415],[54.5745295,24.4153916]]]}},{"type":"Feature","properties":{"layer":"infrastructure","subtype":"barrier","class":"wall","name":""},"geometry":{"type":"LineString","coordinates":[[54.575745,24.4157144],[54.5763091,24.4158754],[54.5764936,24.4153397],[54.5759294,24.4151787],[54.575745,24.4157144]]}},{"type":"Feature","properties":{"layer":"infrastructure","subtype":"barrier","class":"wall","name":""},"geometry":{"type":"LineString","coordinates":[[54.5776796,24.415653],[54.5782527,24.4158173],[54.5784341,24.4152925],[54.577861,24.4151283],[54.5776796,24.415653]]}},{"type":"Feature","properties":{"layer":"infrastructure","subtype":"barrier","class":"wall","name":""},"geometry":{"type":"MultiLineString","coordinates":[[[54.5770829,24.415491],[54.5776479,24.4156483],[54.5778271,24.4151148],[54.57741501613723,24.415]],[[54.57724779355322,24.415],[54.5770829,24.415491]]]}},{"type":"Feature","properties":{"layer":"infrastructure","subtype":"barrier","class":"wall","name":""},"geometry":{"type":"MultiLineString","coordinates":[[[54.5759303,24.415161],[54.5765031,24.4153225],[54.576612796810544,24.415]],[[54.575985083654764,24.415],[54.5759303,24.415161]]]}},{"type":"Feature","properties":{"layer":"infrastructure","subtype":"barrier","class":"wall","name":""},"geometry":{"type":"LineString","coordinates":[[54.575351309657314,24.415],[54.5758992,24.4151528],[54.575950577659775,24.415]]}},{"type":"Feature","properties":{"layer":"infrastructure","subtype":"transit","class":"parking","name":""},"geometry":{"type":"Polygon","coordinates":[[[54.5804988,24.415024],[54.5808046,24.4151159],[54.58084129634835,24.415],[54.58050647364532,24.415],[54.5804988,24.415024]]]}},{"type":"Feature","properties":{"layer":"infrastructure","subtype":"barrier","class":"wall","name":""},"geometry":{"type":"LineString","coordinates":[[54.58086332210031,24.415],[54.5808275,24.4151063],[54.5816786,24.4153442],[54.581794626832014,24.415]]}},{"type":"Feature","properties":{"layer":"infrastructure","subtype":"barrier","class":"wall","name":"Himma Park"},"geometry":{"type":"Polygon","coordinates":[[[54.5808275,24.4151063],[54.5816786,24.4153442],[54.581794626832014,24.415],[54.58086227294344,24.415],[54.5808275,24.4151063]]]}},{"type":"Feature","properties":{"layer":"infrastructure","subtype":"pier","class":"pier","name":""},"geometry":{"type":"LineString","coordinates":[[54.5677051,24.4457199],[54.5672867,24.4461277]]}},{"type":"Feature","properties":{"layer":"infrastructure","subtype":"transportation","class":"crossing","name":""},"geometry":{"type":"Point","coordinates":[54.5808504,24.4453894]}},{"type":"Feature","properties":{"layer":"infrastructure","subtype":"transportation","class":"crossing","name":""},"geometry":{"type":"Point","coordinates":[54.5801026,24.4451522]}},{"type":"Feature","properties":{"layer":"infrastructure","subtype":"transportation","class":"crossing","name":""},"geometry":{"type":"Point","coordinates":[54.5799221,24.4452456]}},{"type":"Feature","properties":{"layer":"infrastructure","subtype":"transportation","class":"crossing","name":""},"geometry":{"type":"Point","coordinates":[54.5798339,24.4452112]}},{"type":"Feature","properties":{"layer":"infrastructure","subtype":"bridge","class":"bridge","name":""},"geometry":{"type":"LineString","coordinates":[[54.5821327,24.4451523],[54.5818363,24.4452224],[54.5815762,24.4452591],[54.5812999,24.4452867]]}},{"type":"Feature","properties":{"layer":"infrastructure","subtype":"bridge","class":"bridge","name":""},"geometry":{"type":"LineString","coordinates":[[54.5821265,24.4450986],[54.5818323,24.4451632],[54.5815717,24.4451928],[54.5812933,24.445218]]}},{"type":"Feature","properties":{"layer":"infrastructure","subtype":"transit","class":"parking_entrance","name":""},"geometry":{"type":"Point","coordinates":[54.5829476,24.445099]}},{"type":"Feature","properties":{"layer":"infrastructure","subtype":"transit","class":"parking_entrance","name":""},"geometry":{"type":"Point","coordinates":[54.5829891,24.4450805]}},{"type":"Feature","properties":{"layer":"infrastructure","subtype":"bridge","class":"bridge","name":""},"geometry":{"type":"Polygon","coordinates":[[[54.5815802,24.4452731],[54.5818336,24.4452395],[54.5821345,24.4451842],[54.5821327,24.4451523],[54.5821265,24.4450986],[54.5821121,24.444984],[54.5821056,24.4449264],[54.5821009,24.4449108],[54.5818061,24.4449685],[54.5815359,24.4449996],[54.5812747,24.4450255],[54.5812762,24.4450405],[54.5812819,24.4450995],[54.5812933,24.445218],[54.5812999,24.4452867],[54.5813016,24.4453039],[54.5815802,24.4452731]]]}},{"type":"Feature","properties":{"layer":"infrastructure","subtype":"transportation","class":"crossing","name":""},"geometry":{"type":"Point","coordinates":[54.5801245,24.4450378]}},{"type":"Feature","properties":{"layer":"infrastructure","subtype":"bridge","class":"bridge","name":""},"geometry":{"type":"LineString","coordinates":[[54.5812819,24.4450995],[54.5815502,24.4450778],[54.5818028,24.4450497],[54.5821121,24.444984]]}},{"type":"Feature","properties":{"layer":"infrastructure","subtype":"transportation","class":"crossing","name":""},"geometry":{"type":"Point","coordinates":[54.5828616,24.4449862]}},{"type":"Feature","properties":{"layer":"infrastructure","subtype":"bridge","class":"bridge","name":""},"geometry":{"type":"LineString","coordinates":[[54.5821056,24.4449264],[54.5817945,24.4449894],[54.5815389,24.4450214],[54.5812762,24.4450405]]}},{"type":"Feature","properties":{"layer":"infrastructure","subtype":"pier","class":"pier","name":""},"geometry":{"type":"LineString","coordinates":[[54.564809,24.4443994],[54.5648756,24.4442532]]}},{"type":"Feature","properties":{"layer":"infrastructure","subtype":"pier","class":"pier","name":""},"geometry":{"type":"LineString","coordinates":[[54.5650191,24.4444536],[54.5650721,24.4443289]]}},{"type":"Feature","properties":{"layer":"infrastructure","subtype":"transit","class":"parking","name":""},"geometry":{"type":"Point","coordinates":[54.5749786,24.4446331]}},{"type":"Feature","properties":{"layer":"infrastructure","subtype":"transit","class":"parking","name":""},"geometry":{"type":"Point","coordinates":[54.5749441,24.4445961]}},{"type":"Feature","properties":{"layer":"infrastructure","subtype":"transportation","class":"crossing","name":""},"geometry":{"type":"Point","coordinates":[54.5827209,24.4446784]}},{"type":"Feature","properties":{"layer":"infrastructure","subtype":"transportation","class":"crossing","name":""},"geometry":{"type":"Point","coordinates":[54.5750013,24.4444315]}},{"type":"Feature","properties":{"layer":"infrastructure","subtype":"transportation","class":"crossing","name":""},"geometry":{"type":"Point","coordinates":[54.5750369,24.4444399]}},{"type":"Feature","properties":{"layer":"infrastructure","subtype":"transportation","class":"crossing","name":""},"geometry":{"type":"Point","coordinates":[54.5799484,24.4440579]}},{"type":"Feature","properties":{"layer":"infrastructure","subtype":"transportation","class":"crossing","name":""},"geometry":{"type":"Point","coordinates":[54.5754662,24.4441411]}},{"type":"Feature","properties":{"layer":"infrastructure","subtype":"transportation","class":"crossing","name":""},"geometry":{"type":"Point","coordinates":[54.5760318,24.4441918]}},{"type":"Feature","properties":{"layer":"infrastructure","subtype":"transportation","class":"crossing","name":""},"geometry":{"type":"Point","coordinates":[54.5757711,24.4438738]}},{"type":"Feature","properties":{"layer":"infrastructure","subtype":"transportation","class":"crossing","name":""},"geometry":{"type":"Point","coordinates":[54.5758476,24.443895]}},{"type":"Feature","properties":{"layer":"infrastructure","subtype":"transportation","class":"crossing","name":""},"geometry":{"type":"Point","coordinates":[54.5800265,24.4439891]}},{"type":"Feature","properties":{"layer":"infrastructure","subtype":"bridge","class":"bridge","name":""},"geometry":{"type":"LineString","coordinates":[[54.5816456,24.4432248],[54.581664,24.4432547],[54.5816931,24.4432849],[54.5817267,24.4433075],[54.5817835,24.4433499],[54.5818606,24.4434309],[54.581902,24.4435283],[54.5819524,24.4436563],[54.5819592,24.4437673],[54.581939,24.4438917],[54.5819087,24.4439725],[54.5818635,24.4440604],[54.5817444,24.4441696],[54.5816223,24.4442403],[54.5814983,24.4442714],[54.5813494,24.4442753],[54.5812378,24.4442569]]}},{"type":"Feature","properties":{"layer":"infrastructure","subtype":"bridge","class":"bridge","name":""},"geometry":{"type":"LineString","coordinates":[[54.5832678,24.4437976],[54.5826796,24.4430491]]}},{"type":"Feature","properties":{"layer":"infrastructure","subtype":"bridge","class":"bridge","name":""},"geometry":{"type":"Polygon","coordinates":[[[54.5832678,24.4437976],[54.5833427,24.443748],[54.5827481,24.4430038],[54.5826796,24.4430491],[54.5826022,24.4431003],[54.5831969,24.4438446],[54.5832678,24.4437976]]]}},{"type":"Feature","properties":{"layer":"infrastructure","subtype":"bridge","class":"bridge","name":"شارع الرَّاحة"},"geometry":{"type":"LineString","coordinates":[[54.5835744,24.4437757],[54.5829534,24.4429843]]}},{"type":"Feature","properties":{"layer":"infrastructure","subtype":"water","class":"breakwater","name":""},"geometry":{"type":"Polygon","coordinates":[[[54.5681982,24.4434954],[54.5681879,24.4435092],[54.5681716,24.4435315],[54.5681482,24.4435586],[54.5681336,24.4435719],[54.5681266,24.4435937],[54.5681295,24.4436096],[54.5681395,24.4436171],[54.5681482,24.4436197],[54.5681622,24.443615],[54.5681809,24.4436027],[54.5681984,24.4435873],[54.5682183,24.4435629],[54.5682323,24.4435448],[54.5682494,24.4435178],[54.5681982,24.4434954]]]}},{"type":"Feature","properties":{"layer":"infrastructure","subtype":"water","class":"breakwater","name":""},"geometry":{"type":"Polygon","coordinates":[[[54.5671759,24.4431067],[54.5671805,24.4431372],[54.5671861,24.4431663],[54.5671962,24.4431955],[54.5672069,24.4432195],[54.5672171,24.4432339],[54.5672272,24.4432362],[54.5672374,24.4432339],[54.5672435,24.44322],[54.5672445,24.4431955],[54.567242,24.4431594],[54.5672354,24.4431233],[54.5672338,24.4431082],[54.5672115,24.443091],[54.5671713,24.4430794],[54.5671759,24.4431067]]]}},{"type":"Feature","properties":{"layer":"infrastructure","subtype":"transportation","class":"crossing","name":""},"geometry":{"type":"Point","coordinates":[54.5825503,24.4430028]}},{"type":"Feature","properties":{"layer":"infrastructure","subtype":"transportation","class":"crossing","name":""},"geometry":{"type":"Point","coordinates":[54.5792373,24.4429864]}},{"type":"Feature","properties":{"layer":"infrastructure","subtype":"transportation","class":"crossing","name":""},"geometry":{"type":"Point","coordinates":[54.5824953,24.4429279]}},{"type":"Feature","properties":{"layer":"infrastructure","subtype":"transportation","class":"crossing","name":""},"geometry":{"type":"Point","coordinates":[54.5793038,24.4429171]}},{"type":"Feature","properties":{"layer":"infrastructure","subtype":"transportation","class":"crossing","name":""},"geometry":{"type":"Point","coordinates":[54.5791606,24.4427063]}},{"type":"Feature","properties":{"layer":"infrastructure","subtype":"transportation","class":"crossing","name":""},"geometry":{"type":"Point","coordinates":[54.5792624,24.4427699]}},{"type":"Feature","properties":{"layer":"infrastructure","subtype":"transportation","class":"crossing","name":""},"geometry":{"type":"Point","coordinates":[54.582706,24.4426475]}},{"type":"Feature","properties":{"layer":"infrastructure","subtype":"transportation","class":"crossing","name":""},"geometry":{"type":"Point","coordinates":[54.583152,24.4426383]}},{"type":"Feature","properties":{"layer":"infrastructure","subtype":"transportation","class":"crossing","name":""},"geometry":{"type":"Point","coordinates":[54.5829191,24.4425153]}},{"type":"Feature","properties":{"layer":"infrastructure","subtype":"transportation","class":"crossing","name":""},"geometry":{"type":"Point","coordinates":[54.5830903,24.4425247]}},{"type":"Feature","properties":{"layer":"infrastructure","subtype":"transportation","class":"crossing","name":""},"geometry":{"type":"Point","coordinates":[54.576823,24.4425006]}},{"type":"Feature","properties":{"layer":"infrastructure","subtype":"transportation","class":"crossing","name":""},"geometry":{"type":"Point","coordinates":[54.5769176,24.4424616]}},{"type":"Feature","properties":{"layer":"infrastructure","subtype":"transportation","class":"crossing","name":""},"geometry":{"type":"Point","coordinates":[54.5771369,24.4425659]}},{"type":"Feature","properties":{"layer":"infrastructure","subtype":"transportation","class":"crossing","name":""},"geometry":{"type":"Point","coordinates":[54.5771723,24.4426459]}},{"type":"Feature","properties":{"layer":"infrastructure","subtype":"bridge","class":"bridge","name":""},"geometry":{"type":"LineString","coordinates":[[54.5802144,24.4415797],[54.5796149,24.4423568]]}},{"type":"Feature","properties":{"layer":"infrastructure","subtype":"bridge","class":"bridge","name":""},"geometry":{"type":"LineString","coordinates":[[54.5796626,24.4423872],[54.5802486,24.4416014]]}},{"type":"Feature","properties":{"layer":"infrastructure","subtype":"bridge","class":"bridge","name":""},"geometry":{"type":"Polygon","coordinates":[[[54.5802727,24.4416191],[54.5802486,24.4416014],[54.5802144,24.4415797],[54.5801121,24.4415136],[54.5800316,24.4414636],[54.5794346,24.4422422],[54.5795119,24.4422913],[54.5796149,24.4423568],[54.5796626,24.4423872],[54.5796754,24.4423953],[54.5802727,24.4416191]]]}},{"type":"Feature","properties":{"layer":"infrastructure","subtype":"bridge","class":"bridge","name":""},"geometry":{"type":"LineString","coordinates":[[54.5795119,24.4422913],[54.5801121,24.4415136]]}},{"type":"Feature","properties":{"layer":"infrastructure","subtype":"bridge","class":"bridge","name":""},"geometry":{"type":"LineString","coordinates":[[54.5766402,24.4420646],[54.5765926,24.441917],[54.5765503,24.4417637],[54.576506,24.4415904],[54.5764578,24.4413883],[54.5764381,24.4412869]]}},{"type":"Feature","properties":{"layer":"infrastructure","subtype":"bridge","class":"bridge","name":""},"geometry":{"type":"Polygon","coordinates":[[[54.5763935,24.4415736],[54.5765451,24.4420888],[54.5765645,24.4420827],[54.5766402,24.4420646],[54.5767474,24.4420231],[54.5767955,24.4420055],[54.5768146,24.4419985],[54.5766738,24.4414967],[54.5766202,24.4412488],[54.5765958,24.441255],[54.5765606,24.4412635],[54.5764381,24.4412869],[54.5763586,24.4413062],[54.5763385,24.4413111],[54.5763935,24.4415736]]]}},{"type":"Feature","properties":{"layer":"infrastructure","subtype":"bridge","class":"bridge","name":""},"geometry":{"type":"LineString","coordinates":[[54.5765606,24.4412635],[54.5765825,24.4413974],[54.5766006,24.4415042],[54.576657,24.4417264],[54.5767039,24.441879],[54.5767474,24.4420231]]}},{"type":"Feature","properties":{"layer":"infrastructure","subtype":"bridge","class":"bridge","name":""},"geometry":{"type":"LineString","coordinates":[[54.5767955,24.4420055],[54.576714,24.4417498],[54.5766097,24.4413293],[54.5765958,24.441255]]}},{"type":"Feature","properties":{"layer":"infrastructure","subtype":"bridge","class":"bridge","name":""},"geometry":{"type":"LineString","coordinates":[[54.5765645,24.4420827],[54.576449,24.4416888],[54.5763586,24.4413062]]}},{"type":"Feature","properties":{"layer":"infrastructure","subtype":"transportation","class":"crossing","name":""},"geometry":{"type":"Point","coordinates":[54.57122,24.4417532]}},{"type":"Feature","properties":{"layer":"infrastructure","subtype":"transportation","class":"crossing","name":""},"geometry":{"type":"Point","coordinates":[54.5712082,24.4416802]}},{"type":"Feature","properties":{"layer":"infrastructure","subtype":"transportation","class":"crossing","name":""},"geometry":{"type":"Point","coordinates":[54.5711923,24.4415819]}},{"type":"Feature","properties":{"layer":"infrastructure","subtype":"transportation","class":"crossing","name":""},"geometry":{"type":"Point","coordinates":[54.5712762,24.4418876]}},{"type":"Feature","properties":{"layer":"infrastructure","subtype":"transportation","class":"crossing","name":""},"geometry":{"type":"Point","coordinates":[54.5711639,24.4418719]}},{"type":"Feature","properties":{"layer":"infrastructure","subtype":"transportation","class":"crossing","name":""},"geometry":{"type":"Point","coordinates":[54.5710409,24.4418884]}},{"type":"Feature","properties":{"layer":"infrastructure","subtype":"transportation","class":"crossing","name":""},"geometry":{"type":"Point","coordinates":[54.5709237,24.4419378]}},{"type":"Feature","properties":{"layer":"infrastructure","subtype":"transportation","class":"crossing","name":""},"geometry":{"type":"Point","coordinates":[54.5677517,24.4410407]}},{"type":"Feature","properties":{"layer":"infrastructure","subtype":"transportation","class":"crossing","name":""},"geometry":{"type":"Point","coordinates":[54.5688204,24.4410095]}},{"type":"Feature","properties":{"layer":"infrastructure","subtype":"transit","class":"parking_entrance","name":""},"geometry":{"type":"Point","coordinates":[54.5683095,24.4410232]}},{"type":"Feature","properties":{"layer":"infrastructure","subtype":"transit","class":"parking_entrance","name":""},"geometry":{"type":"Point","coordinates":[54.5683408,24.4410285]}},{"type":"Feature","properties":{"layer":"infrastructure","subtype":"transit","class":"parking_entrance","name":""},"geometry":{"type":"Point","coordinates":[54.5685139,24.4410579]}},{"type":"Feature","properties":{"layer":"infrastructure","subtype":"transit","class":"parking_entrance","name":""},"geometry":{"type":"Point","coordinates":[54.5684865,24.4410532]}},{"type":"Feature","properties":{"layer":"infrastructure","subtype":"transit","class":"parking_entrance","name":""},"geometry":{"type":"Point","coordinates":[54.5714262,24.4411305]}},{"type":"Feature","properties":{"layer":"infrastructure","subtype":"transportation","class":"crossing","name":""},"geometry":{"type":"Point","coordinates":[54.5702639,24.4411284]}},{"type":"Feature","properties":{"layer":"infrastructure","subtype":"transit","class":"parking_entrance","name":""},"geometry":{"type":"Point","coordinates":[54.5689689,24.4411433]}},{"type":"Feature","properties":{"layer":"infrastructure","subtype":"transit","class":"parking_entrance","name":""},"geometry":{"type":"Point","coordinates":[54.5713914,24.4411357]}},{"type":"Feature","properties":{"layer":"infrastructure","subtype":"transportation","class":"crossing","name":""},"geometry":{"type":"Point","coordinates":[54.571054,24.4411888]}},{"type":"Feature","properties":{"layer":"infrastructure","subtype":"transportation","class":"crossing","name":""},"geometry":{"type":"Point","coordinates":[54.5709245,24.4412043]}},{"type":"Feature","properties":{"layer":"infrastructure","subtype":"transit","class":"parking_entrance","name":""},"geometry":{"type":"Point","coordinates":[54.5705792,24.4412257]}},{"type":"Feature","properties":{"layer":"infrastructure","subtype":"transit","class":"parking_entrance","name":""},"geometry":{"type":"Point","coordinates":[54.5705469,24.4412268]}},{"type":"Feature","properties":{"layer":"infrastructure","subtype":"transit","class":"parking_entrance","name":""},"geometry":{"type":"Point","coordinates":[54.5697785,24.4412312]}},{"type":"Feature","properties":{"layer":"infrastructure","subtype":"transit","class":"parking_entrance","name":""},"geometry":{"type":"Point","coordinates":[54.5697422,24.4412298]}},{"type":"Feature","properties":{"layer":"infrastructure","subtype":"transportation","class":"crossing","name":""},"geometry":{"type":"Point","coordinates":[54.5709725,24.4414865]}},{"type":"Feature","properties":{"layer":"infrastructure","subtype":"transportation","class":"crossing","name":""},"geometry":{"type":"Point","coordinates":[54.5710991,24.4414695]}},{"type":"Feature","properties":{"layer":"infrastructure","subtype":"transportation","class":"crossing","name":""},"geometry":{"type":"Point","coordinates":[54.576315,24.4411903]}},{"type":"Feature","properties":{"layer":"infrastructure","subtype":"transportation","class":"crossing","name":""},"geometry":{"type":"Point","coordinates":[54.5763014,24.441065]}},{"type":"Feature","properties":{"layer":"infrastructure","subtype":"transportation","class":"crossing","name":""},"geometry":{"type":"Point","coordinates":[54.5767636,24.4410001]}},{"type":"Feature","properties":{"layer":"infrastructure","subtype":"transportation","class":"crossing","name":""},"geometry":{"type":"Point","coordinates":[54.5767657,24.4410273]}},{"type":"Feature","properties":{"layer":"infrastructure","subtype":"transportation","class":"crossing","name":""},"geometry":{"type":"Point","coordinates":[54.5762999,24.4410507]}},{"type":"Feature","properties":{"layer":"infrastructure","subtype":"transportation","class":"crossing","name":""},"geometry":{"type":"Point","coordinates":[54.5806173,24.4410172]}},{"type":"Feature","properties":{"layer":"infrastructure","subtype":"transportation","class":"crossing","name":""},"geometry":{"type":"Point","coordinates":[54.580513,24.4409523]}},{"type":"Feature","properties":{"layer":"infrastructure","subtype":"transit","class":"parking","name":""},"geometry":{"type":"Polygon","coordinates":[[[54.5739812,24.4413134],[54.5749859,24.4409348],[54.5750535,24.4409544],[54.5750976,24.4408225],[54.5756439,24.4406124],[54.5757164,24.4407495],[54.5758219,24.4407631],[54.5761113,24.4408486],[54.5762548,24.4408436],[54.5762434,24.4404637],[54.5762628,24.4404043],[54.5763021,24.4403123],[54.5762797,24.4402933],[54.5762528,24.44028],[54.5762231,24.4402731],[54.5761924,24.4402732],[54.5761628,24.4402802],[54.5755894,24.4404554],[54.5755962,24.4404725],[54.573873,24.4410768],[54.5739812,24.4413134]]]}},{"type":"Feature","properties":{"layer":"infrastructure","subtype":"transit","class":"parking_entrance","name":""},"geometry":{"type":"Point","coordinates":[54.5758536,24.440934]}},{"type":"Feature","properties":{"layer":"infrastructure","subtype":"transit","class":"parking_entrance","name":""},"geometry":{"type":"Point","coordinates":[54.5760521,24.4409334]}},{"type":"Feature","properties":{"layer":"infrastructure","subtype":"transit","class":"parking_entrance","name":""},"geometry":{"type":"Point","coordinates":[54.5758389,24.4409651]}},{"type":"Feature","properties":{"layer":"infrastructure","subtype":"transportation","class":"crossing","name":""},"geometry":{"type":"Point","coordinates":[54.5679807,24.4408575]}},{"type":"Feature","properties":{"layer":"infrastructure","subtype":"transportation","class":"crossing","name":""},"geometry":{"type":"Point","coordinates":[54.567915,24.4408191]}},{"type":"Feature","properties":{"layer":"infrastructure","subtype":"transportation","class":"crossing","name":""},"geometry":{"type":"Point","coordinates":[54.5805236,24.4406916]}},{"type":"Feature","properties":{"layer":"infrastructure","subtype":"transportation","class":"crossing","name":""},"geometry":{"type":"Point","coordinates":[54.5806178,24.44054]}},{"type":"Feature","properties":{"layer":"infrastructure","subtype":"transit","class":"parking","name":""},"geometry":{"type":"Polygon","coordinates":[[[54.5798243,24.4404463],[54.57938,24.4403063],[54.579082,24.4402316],[54.5787024,24.4401597],[54.578295,24.4401168],[54.5777978,24.4400841],[54.5777047,24.4400878],[54.5777035,24.4401785],[54.5779907,24.4401946],[54.5783024,24.4402155],[54.578858,24.4402852],[54.5792253,24.4403707],[54.5797857,24.4405368],[54.5800739,24.4406398],[54.5801075,24.4405551],[54.5798243,24.4404463]]]}},{"type":"Feature","properties":{"layer":"infrastructure","subtype":"transportation","class":"crossing","name":""},"geometry":{"type":"Point","coordinates":[54.5765554,24.4403898]}},{"type":"Feature","properties":{"layer":"infrastructure","subtype":"transportation","class":"crossing","name":""},"geometry":{"type":"Point","coordinates":[54.5763711,24.4404163]}},{"type":"Feature","properties":{"layer":"infrastructure","subtype":"transportation","class":"crossing","name":""},"geometry":{"type":"Point","coordinates":[54.5791357,24.4402966]}},{"type":"Feature","properties":{"layer":"infrastructure","subtype":"transportation","class":"crossing","name":""},"geometry":{"type":"Point","coordinates":[54.5767653,24.440024]}},{"type":"Feature","properties":{"layer":"infrastructure","subtype":"transportation","class":"crossing","name":""},"geometry":{"type":"Point","coordinates":[54.5767521,24.4399408]}},{"type":"Feature","properties":{"layer":"infrastructure","subtype":"transportation","class":"crossing","name":""},"geometry":{"type":"Point","coordinates":[54.5774087,24.4400625]}},{"type":"Feature","properties":{"layer":"infrastructure","subtype":"transportation","class":"crossing","name":""},"geometry":{"type":"Point","coordinates":[54.5767814,24.4401248]}},{"type":"Feature","properties":{"layer":"infrastructure","subtype":"transportation","class":"crossing","name":""},"geometry":{"type":"Point","coordinates":[54.5774147,24.4401657]}},{"type":"Feature","properties":{"layer":"infrastructure","subtype":"transit","class":"parking","name":""},"geometry":{"type":"Polygon","coordinates":[[[54.5735509,24.4402211],[54.5735965,24.4403115],[54.5736313,24.4403225],[54.5739559,24.4400331],[54.573904,24.4399661],[54.5735133,24.4399208],[54.5735509,24.4402211]]]}},{"type":"Feature","properties":{"layer":"infrastructure","subtype":"transit","class":"parking","name":""},"geometry":{"type":"Polygon","coordinates":[[[54.5757045,24.4399323],[54.5759642,24.4391619],[54.5753351,24.4389862],[54.5750754,24.4397566],[54.5757045,24.4399323]]]}},{"type":"Feature","properties":{"layer":"infrastructure","subtype":"bridge","class":"bridge","name":""},"geometry":{"type":"LineString","coordinates":[[54.5811727,24.439126],[54.5830234,24.4396925],[54.5832541,24.4397364],[54.5835223,24.4397413],[54.5837584,24.4396974],[54.5839944,24.4395997],[54.5842049,24.4394515],[54.5843914,24.4393018],[54.5846328,24.4391308],[54.5848487,24.4390217],[54.5851102,24.438955]]}},{"type":"Feature","properties":{"layer":"infrastructure","subtype":"transportation","class":"motorway_junction","name":""},"geometry":{"type":"Point","coordinates":[54.5787493,24.4386603]}},{"type":"Feature","properties":{"layer":"infrastructure","subtype":"transit","class":"parking","name":""},"geometry":{"type":"Polygon","coordinates":[[[54.5751232,24.4388226],[54.5751541,24.4387324],[54.573746,24.4383332],[54.5737152,24.4384234],[54.5751232,24.4388226]]]}},{"type":"Feature","properties":{"layer":"infrastructure","subtype":"transportation","class":"motorway_junction","name":""},"geometry":{"type":"Point","coordinates":[54.576895,24.4383296]}},{"type":"Feature","properties":{"layer":"infrastructure","subtype":"transit","class":"parking_entrance","name":""},"geometry":{"type":"Point","coordinates":[54.5733525,24.4384447]}},{"type":"Feature","properties":{"layer":"infrastructure","subtype":"pier","class":"pier","name":""},"geometry":{"type":"LineString","coordinates":[[54.5674183,24.4385594],[54.5674292,24.438527],[54.5674397,24.4384959]]}},{"type":"Feature","properties":{"layer":"infrastructure","subtype":"pier","class":"pier","name":""},"geometry":{"type":"LineString","coordinates":[[54.5675414,24.4385593],[54.5674292,24.438527]]}},{"type":"Feature","properties":{"layer":"infrastructure","subtype":"pier","class":"pier","name":""},"geometry":{"type":"LineString","coordinates":[[54.5675578,24.437839],[54.5675749,24.4377869]]}},{"type":"Feature","properties":{"layer":"infrastructure","subtype":"pier","class":"pier","name":""},"geometry":{"type":"LineString","coordinates":[[54.5674853,24.4378195],[54.5675025,24.4377673]]}},{"type":"Feature","properties":{"layer":"infrastructure","subtype":"pier","class":"pier","name":""},"geometry":{"type":"LineString","coordinates":[[54.5674183,24.4378024],[54.5674375,24.4377497]]}},{"type":"Feature","properties":{"layer":"infrastructure","subtype":"pier","class":"pier","name":""},"geometry":{"type":"LineString","coordinates":[[54.5674609,24.437624],[54.5674156,24.4377438]]}},{"type":"Feature","properties":{"layer":"infrastructure","subtype":"transit","class":"parking_entrance","name":""},"geometry":{"type":"Point","coordinates":[54.5716265,24.4379525]}},{"type":"Feature","properties":{"layer":"infrastructure","subtype":"pier","class":"pier","name":""},"geometry":{"type":"LineString","coordinates":[[54.5675578,24.4378976],[54.5676421,24.4379361]]}},{"type":"Feature","properties":{"layer":"infrastructure","subtype":"pier","class":"pier","name":""},"geometry":{"type":"LineString","coordinates":[[54.5673781,24.437734],[54.5674156,24.4377438],[54.5674375,24.4377497],[54.5675025,24.4377673],[54.5675749,24.4377869],[54.5677133,24.4378244],[54.5676421,24.4379361],[54.5675997,24.4380156],[54.5675542,24.4381011],[54.5674934,24.4382151]]}},{"type":"Feature","properties":{"layer":"infrastructure","subtype":"pier","class":"pier","name":""},"geometry":{"type":"LineString","coordinates":[[54.5674907,24.4379636],[54.5675997,24.4380156]]}},{"type":"Feature","properties":{"layer":"infrastructure","subtype":"pier","class":"pier","name":""},"geometry":{"type":"LineString","coordinates":[[54.5674451,24.4380539],[54.5675542,24.4381011]]}},{"type":"Feature","properties":{"layer":"infrastructure","subtype":"pier","class":"pier","name":""},"geometry":{"type":"LineString","coordinates":[[54.5673432,24.438154],[54.5674934,24.4382151],[54.5676355,24.4382712]]}},{"type":"Feature","properties":{"layer":"infrastructure","subtype":"transportation","class":"crossing","name":""},"geometry":{"type":"Point","coordinates":[54.5822561,24.4375786]}},{"type":"Feature","properties":{"layer":"infrastructure","subtype":"barrier","class":"lift_gate","name":"Qutouf & Khannour"},"geometry":{"type":"Point","coordinates":[54.5822919,24.4374659]}},{"type":"Feature","properties":{"layer":"infrastructure","subtype":"bridge","class":"bridge","name":"pedestrian bridge"},"geometry":{"type":"LineString","coordinates":[[54.5736691,24.4379733],[54.5738944,24.4373287]]}},{"type":"Feature","properties":{"layer":"infrastructure","subtype":"transit","class":"parking","name":""},"geometry":{"type":"Polygon","coordinates":[[[54.5677104,24.4372357],[54.567359,24.4371283],[54.5672761,24.4373042],[54.567362,24.4373262],[54.5673646,24.4375851],[54.5676862,24.4376753],[54.5677104,24.4372357]]]}},{"type":"Feature","properties":{"layer":"infrastructure","subtype":"transportation","class":"crossing","name":""},"geometry":{"type":"Point","coordinates":[54.5787715,24.4365965]}},{"type":"Feature","properties":{"layer":"infrastructure","subtype":"transit","class":"parking","name":""},"geometry":{"type":"Polygon","coordinates":[[[54.5672406,24.4370166],[54.5673013,24.4368401],[54.5669451,24.4367384],[54.5668843,24.436915],[54.5672406,24.4370166]]]}},{"type":"Feature","properties":{"layer":"infrastructure","subtype":"barrier","class":"guard_rail","name":""},"geometry":{"type":"LineString","coordinates":[[54.5741012,24.4374484],[54.5736045,24.437312],[54.5711091,24.4366189],[54.570543,24.4364628]]}},{"type":"Feature","properties":{"layer":"infrastructure","subtype":"barrier","class":"gate","name":"Qutouf"},"geometry":{"type":"Point","coordinates":[54.5788122,24.4364748]}},{"type":"Feature","properties":{"layer":"infrastructure","subtype":"barrier","class":"wall","name":""},"geometry":{"type":"LineString","coordinates":[[54.577636,24.436005],[54.5780101,24.4361125],[54.578157,24.4356784],[54.5777925,24.4355676],[54.577636,24.436005]]}},{"type":"Feature","properties":{"layer":"infrastructure","subtype":"transportation","class":"motorway_junction","name":""},"geometry":{"type":"Point","coordinates":[54.5666276,24.4357856]}},{"type":"Feature","properties":{"layer":"infrastructure","subtype":"transportation","class":"crossing","name":""},"geometry":{"type":"Point","coordinates":[54.5760658,24.4357209]}},{"type":"Feature","properties":{"layer":"infrastructure","subtype":"transportation","class":"crossing","name":""},"geometry":{"type":"Point","coordinates":[54.5829308,24.4356426]}},{"type":"Feature","properties":{"layer":"infrastructure","subtype":"transportation","class":"crossing","name":""},"geometry":{"type":"Point","coordinates":[54.5828545,24.4356191]}},{"type":"Feature","properties":{"layer":"infrastructure","subtype":"barrier","class":"lift_gate","name":"17"},"geometry":{"type":"Point","coordinates":[54.582939,24.4355234]}},{"type":"Feature","properties":{"layer":"infrastructure","subtype":"transportation","class":"crossing","name":""},"geometry":{"type":"Point","coordinates":[54.5757432,24.4354166]}},{"type":"Feature","properties":{"layer":"infrastructure","subtype":"transportation","class":"crossing","name":""},"geometry":{"type":"Point","coordinates":[54.5740788,24.4353163]}},{"type":"Feature","properties":{"layer":"infrastructure","subtype":"barrier","class":"gate","name":""},"geometry":{"type":"Point","coordinates":[54.5744895,24.4352764]}},{"type":"Feature","properties":{"layer":"infrastructure","subtype":"transportation","class":"crossing","name":""},"geometry":{"type":"Point","coordinates":[54.5828907,24.435056]}},{"type":"Feature","properties":{"layer":"infrastructure","subtype":"transportation","class":"crossing","name":""},"geometry":{"type":"Point","coordinates":[54.5827871,24.4350288]}},{"type":"Feature","properties":{"layer":"infrastructure","subtype":"transit","class":"parking","name":""},"geometry":{"type":"Polygon","coordinates":[[[54.5758419,24.4354189],[54.5760731,24.4347074],[54.5759279,24.4346602],[54.5756902,24.4353801],[54.5758419,24.4354189]]]}},{"type":"Feature","properties":{"layer":"infrastructure","subtype":"transportation","class":"crossing","name":""},"geometry":{"type":"Point","coordinates":[54.5764096,24.4351003]}},{"type":"Feature","properties":{"layer":"infrastructure","subtype":"transportation","class":"crossing","name":""},"geometry":{"type":"Point","coordinates":[54.5763864,24.4351645]}},{"type":"Feature","properties":{"layer":"infrastructure","subtype":"transportation","class":"motorway_junction","name":""},"geometry":{"type":"Point","coordinates":[54.5667245,24.4354622]}},{"type":"Feature","properties":{"layer":"infrastructure","subtype":"barrier","class":"lift_gate","name":""},"geometry":{"type":"Point","coordinates":[54.5720091,24.4345838]}},{"type":"Feature","properties":{"layer":"infrastructure","subtype":"transportation","class":"crossing","name":""},"geometry":{"type":"Point","coordinates":[54.5719791,24.434666]}},{"type":"Feature","properties":{"layer":"infrastructure","subtype":"barrier","class":"kerb","name":""},"geometry":{"type":"Point","coordinates":[54.5762705,24.4348662]}},{"type":"Feature","properties":{"layer":"infrastructure","subtype":"transportation","class":"crossing","name":""},"geometry":{"type":"Point","coordinates":[54.5763426,24.434886]}},{"type":"Feature","properties":{"layer":"infrastructure","subtype":"barrier","class":"kerb","name":""},"geometry":{"type":"Point","coordinates":[54.5764139,24.4349059]}},{"type":"Feature","properties":{"layer":"infrastructure","subtype":"transportation","class":"crossing","name":""},"geometry":{"type":"Point","coordinates":[54.5822034,24.4348774]}},{"type":"Feature","properties":{"layer":"infrastructure","subtype":"transportation","class":"crossing","name":""},"geometry":{"type":"Point","coordinates":[54.5809743,24.4347307]}},{"type":"Feature","properties":{"layer":"infrastructure","subtype":"transportation","class":"crossing","name":""},"geometry":{"type":"Point","coordinates":[54.5815757,24.4347061]}},{"type":"Feature","properties":{"layer":"infrastructure","subtype":"barrier","class":"gate","name":""},"geometry":{"type":"Point","coordinates":[54.5816324,24.4345499]}},{"type":"Feature","properties":{"layer":"infrastructure","subtype":"transit","class":"parking","name":""},"geometry":{"type":"Polygon","coordinates":[[[54.5827801,24.4348592],[54.580126,24.4341176],[54.5800684,24.4342637],[54.5827326,24.4349964],[54.5827801,24.4348592]]]}},{"type":"Feature","properties":{"layer":"infrastructure","subtype":"transportation","class":"crossing","name":""},"geometry":{"type":"Point","coordinates":[54.5809192,24.4345578]}},{"type":"Feature","properties":{"layer":"infrastructure","subtype":"barrier","class":"gate","name":""},"geometry":{"type":"Point","coordinates":[54.5794035,24.4345211]}},{"type":"Feature","properties":{"layer":"infrastructure","subtype":"transportation","class":"crossing","name":""},"geometry":{"type":"Point","coordinates":[54.5761276,24.4346037]}},{"type":"Feature","properties":{"layer":"infrastructure","subtype":"transportation","class":"crossing","name":""},"geometry":{"type":"Point","coordinates":[54.5759384,24.434507]}},{"type":"Feature","properties":{"layer":"infrastructure","subtype":"transportation","class":"crossing","name":""},"geometry":{"type":"Point","coordinates":[54.5762541,24.4345543]}},{"type":"Feature","properties":{"layer":"infrastructure","subtype":"transportation","class":"crossing","name":""},"geometry":{"type":"Point","coordinates":[54.5761929,24.434452]}},{"type":"Feature","properties":{"layer":"infrastructure","subtype":"barrier","class":"wall","name":"Raha International School"},"geometry":{"type":"Polygon","coordinates":[[[54.5758639,24.4337285],[54.5747663,24.4334203],[54.5742054,24.4332631],[54.5736244,24.4350132],[54.5744895,24.4352764],[54.5754353,24.4355641],[54.575458,24.4354973],[54.5756215,24.4350147],[54.5758247,24.4344169],[54.5760416,24.4337786],[54.5758639,24.4337285]]]}},{"type":"Feature","properties":{"layer":"infrastructure","subtype":"transportation","class":"crossing","name":""},"geometry":{"type":"Point","coordinates":[54.575998,24.4343945]}},{"type":"Feature","properties":{"layer":"infrastructure","subtype":"transit","class":"parking","name":""},"geometry":{"type":"Polygon","coordinates":[[[54.5780962,24.4348189],[54.5782814,24.4342547],[54.577255,24.4339756],[54.5771431,24.4343166],[54.5768226,24.4342294],[54.5767493,24.4344526],[54.5780962,24.4348189]]]}},{"type":"Feature","properties":{"layer":"infrastructure","subtype":"transportation","class":"crossing","name":""},"geometry":{"type":"Point","coordinates":[54.5794249,24.4344523]}},{"type":"Feature","properties":{"layer":"infrastructure","subtype":"transportation","class":"crossing","name":""},"geometry":{"type":"Point","coordinates":[54.5806441,24.4344371]}},{"type":"Feature","properties":{"layer":"infrastructure","subtype":"transportation","class":"crossing","name":""},"geometry":{"type":"Point","coordinates":[54.5797314,24.4341504]}},{"type":"Feature","properties":{"layer":"infrastructure","subtype":"transportation","class":"crossing","name":""},"geometry":{"type":"Point","coordinates":[54.5796259,24.4341274]}},{"type":"Feature","properties":{"layer":"infrastructure","subtype":"transportation","class":"crossing","name":""},"geometry":{"type":"Point","coordinates":[54.5764067,24.4338276]}},{"type":"Feature","properties":{"layer":"infrastructure","subtype":"transit","class":"parking","name":""},"geometry":{"type":"Polygon","coordinates":[[[54.5762877,24.4344607],[54.5764419,24.4339827],[54.5764538,24.4337795],[54.576257,24.4335306],[54.5760087,24.4334572],[54.5759532,24.4336653],[54.5761395,24.4337133],[54.57594,24.4343542],[54.5762877,24.4344607]]]}},{"type":"Feature","properties":{"layer":"infrastructure","subtype":"transportation","class":"crossing","name":""},"geometry":{"type":"Point","coordinates":[54.5831082,24.4339716]}},{"type":"Feature","properties":{"layer":"infrastructure","subtype":"transit","class":"parking","name":""},"geometry":{"type":"Polygon","coordinates":[[[54.5825397,24.4342801],[54.5828249,24.4334914],[54.5826419,24.4334415],[54.5823616,24.4342354],[54.5825397,24.4342801]]]}},{"type":"Feature","properties":{"layer":"infrastructure","subtype":"transportation","class":"crossing","name":""},"geometry":{"type":"Point","coordinates":[54.576206,24.4337749]}},{"type":"Feature","properties":{"layer":"infrastructure","subtype":"barrier","class":"kerb","name":""},"geometry":{"type":"Point","coordinates":[54.5769565,24.4336959]}},{"type":"Feature","properties":{"layer":"infrastructure","subtype":"barrier","class":"entrance","name":""},"geometry":{"type":"Point","coordinates":[54.5758639,24.4337285]}},{"type":"Feature","properties":{"layer":"infrastructure","subtype":"transportation","class":"crossing","name":""},"geometry":{"type":"Point","coordinates":[54.5762124,24.4337437]}},{"type":"Feature","properties":{"layer":"infrastructure","subtype":"barrier","class":"kerb","name":""},"geometry":{"type":"Point","coordinates":[54.576594,24.4336381]}},{"type":"Feature","properties":{"layer":"infrastructure","subtype":"transportation","class":"crossing","name":""},"geometry":{"type":"Point","coordinates":[54.5766298,24.4336288]}},{"type":"Feature","properties":{"layer":"infrastructure","subtype":"transportation","class":"crossing","name":""},"geometry":{"type":"Point","coordinates":[54.5768289,24.4336267]}},{"type":"Feature","properties":{"layer":"infrastructure","subtype":"barrier","class":"kerb","name":""},"geometry":{"type":"Point","coordinates":[54.5769731,24.4336244]}},{"type":"Feature","properties":{"layer":"infrastructure","subtype":"barrier","class":"kerb","name":""},"geometry":{"type":"Point","coordinates":[54.5768983,24.4336296]}},{"type":"Feature","properties":{"layer":"infrastructure","subtype":"barrier","class":"kerb","name":""},"geometry":{"type":"Point","coordinates":[54.5766595,24.4336105]}},{"type":"Feature","properties":{"layer":"infrastructure","subtype":"transportation","class":"crossing","name":""},"geometry":{"type":"Point","coordinates":[54.5758946,24.4336187]}},{"type":"Feature","properties":{"layer":"infrastructure","subtype":"barrier","class":"kerb","name":""},"geometry":{"type":"Point","coordinates":[54.576937,24.4336443]}},{"type":"Feature","properties":{"layer":"infrastructure","subtype":"transportation","class":"crossing","name":""},"geometry":{"type":"Point","coordinates":[54.5769413,24.4336575]}},{"type":"Feature","properties":{"layer":"infrastructure","subtype":"barrier","class":"kerb","name":""},"geometry":{"type":"Point","coordinates":[54.5766532,24.4335442]}},{"type":"Feature","properties":{"layer":"infrastructure","subtype":"transportation","class":"crossing","name":""},"geometry":{"type":"Point","coordinates":[54.5762418,24.4335865]}},{"type":"Feature","properties":{"layer":"infrastructure","subtype":"transportation","class":"crossing","name":""},"geometry":{"type":"Point","coordinates":[54.5767311,24.4335976]}},{"type":"Feature","properties":{"layer":"infrastructure","subtype":"barrier","class":"kerb","name":""},"geometry":{"type":"Point","coordinates":[54.5767066,24.4335918]}},{"type":"Feature","properties":{"layer":"infrastructure","subtype":"transportation","class":"crossing","name":""},"geometry":{"type":"Point","coordinates":[54.5770254,24.4335735]}},{"type":"Feature","properties":{"layer":"infrastructure","subtype":"transportation","class":"crossing","name":""},"geometry":{"type":"Point","coordinates":[54.5799165,24.4334576]}},{"type":"Feature","properties":{"layer":"infrastructure","subtype":"transportation","class":"crossing","name":""},"geometry":{"type":"Point","coordinates":[54.5772329,24.4333758]}},{"type":"Feature","properties":{"layer":"infrastructure","subtype":"barrier","class":"kerb","name":""},"geometry":{"type":"Point","coordinates":[54.5771482,24.4333764]}},{"type":"Feature","properties":{"layer":"infrastructure","subtype":"barrier","class":"kerb","name":""},"geometry":{"type":"Point","coordinates":[54.5772741,24.4333868]}},{"type":"Feature","properties":{"layer":"infrastructure","subtype":"transportation","class":"crossing","name":""},"geometry":{"type":"Point","coordinates":[54.5767147,24.4333364]}},{"type":"Feature","properties":{"layer":"infrastructure","subtype":"transportation","class":"crossing","name":""},"geometry":{"type":"Point","coordinates":[54.5770577,24.4333396]}},{"type":"Feature","properties":{"layer":"infrastructure","subtype":"transportation","class":"crossing","name":""},"geometry":{"type":"Point","coordinates":[54.5769152,24.4332906]}},{"type":"Feature","properties":{"layer":"infrastructure","subtype":"barrier","class":"kerb","name":""},"geometry":{"type":"Point","coordinates":[54.5768567,24.4332717]}},{"type":"Feature","properties":{"layer":"infrastructure","subtype":"barrier","class":"kerb","name":""},"geometry":{"type":"Point","coordinates":[54.5767305,24.4332963]}},{"type":"Feature","properties":{"layer":"infrastructure","subtype":"transportation","class":"crossing","name":""},"geometry":{"type":"Point","coordinates":[54.57482,24.4332921]}},{"type":"Feature","properties":{"layer":"infrastructure","subtype":"transit","class":"parking","name":""},"geometry":{"type":"Polygon","coordinates":[[[54.5759289,24.4334265],[54.5751647,24.4331919],[54.5751804,24.4331481],[54.5745748,24.4329822],[54.5745604,24.4330256],[54.5745211,24.4331438],[54.5744334,24.4331198],[54.5743916,24.4331081],[54.5743338,24.4332821],[54.5758312,24.4336946],[54.575889,24.4335206],[54.5759289,24.4334265]]]}},{"type":"Feature","properties":{"layer":"infrastructure","subtype":"transportation","class":"crossing","name":""},"geometry":{"type":"Point","coordinates":[54.575019,24.4333688]}},{"type":"Feature","properties":{"layer":"infrastructure","subtype":"barrier","class":"entrance","name":""},"geometry":{"type":"Point","coordinates":[54.5747663,24.4334203]}},{"type":"Feature","properties":{"layer":"infrastructure","subtype":"barrier","class":"kerb","name":""},"geometry":{"type":"Point","coordinates":[54.5771479,24.4334193]}},{"type":"Feature","properties":{"layer":"infrastructure","subtype":"transportation","class":"crossing","name":""},"geometry":{"type":"Point","coordinates":[54.5771222,24.4334593]}},{"type":"Feature","properties":{"layer":"infrastructure","subtype":"transportation","class":"crossing","name":""},"geometry":{"type":"Point","coordinates":[54.5766718,24.4334682]}},{"type":"Feature","properties":{"layer":"infrastructure","subtype":"transportation","class":"crossing","name":""},"geometry":{"type":"Point","coordinates":[54.5759294,24.4335029]}},{"type":"Feature","properties":{"layer":"infrastructure","subtype":"barrier","class":"gate","name":"Al Maryah"},"geometry":{"type":"Point","coordinates":[54.5683748,24.433525]}},{"type":"Feature","properties":{"layer":"infrastructure","subtype":"transit","class":"parking","name":""},"geometry":{"type":"Polygon","coordinates":[[[54.5670061,24.4336383],[54.5670335,24.4335336],[54.5667651,24.4334611],[54.5667779,24.4334113],[54.5663436,24.4332879],[54.5662717,24.4333085],[54.5656221,24.433122],[54.5655803,24.4332254],[54.5670061,24.4336383]]]}},{"type":"Feature","properties":{"layer":"infrastructure","subtype":"pedestrian","class":"atm","name":""},"geometry":{"type":"Point","coordinates":[54.5624447,24.4322144]}},{"type":"Feature","properties":{"layer":"infrastructure","subtype":"barrier","class":"lift_gate","name":""},"geometry":{"type":"Point","coordinates":[54.5725555,24.4327896]}},{"type":"Feature","properties":{"layer":"infrastructure","subtype":"barrier","class":"lift_gate","name":"Gate 17 (Guest Entrance)"},"geometry":{"type":"Point","coordinates":[54.5726352,24.4328157]}},{"type":"Feature","properties":{"layer":"infrastructure","subtype":"transit","class":"parking","name":""},"geometry":{"type":"Point","coordinates":[54.5663369,24.4330195]}},{"type":"Feature","properties":{"layer":"infrastructure","subtype":"transportation","class":"crossing","name":""},"geometry":{"type":"Point","coordinates":[54.5750474,24.4332576]}},{"type":"Feature","properties":{"layer":"infrastructure","subtype":"transportation","class":"crossing","name":""},"geometry":{"type":"Point","coordinates":[54.5748558,24.4331949]}},{"type":"Feature","properties":{"layer":"infrastructure","subtype":"transportation","class":"crossing","name":""},"geometry":{"type":"Point","coordinates":[54.5767766,24.4332118]}},{"type":"Feature","properties":{"layer":"infrastructure","subtype":"barrier","class":"kerb","name":""},"geometry":{"type":"Point","coordinates":[54.5767779,24.4332453]}},{"type":"Feature","properties":{"layer":"infrastructure","subtype":"barrier","class":"kerb","name":""},"geometry":{"type":"Point","coordinates":[54.5767769,24.4331642]}},{"type":"Feature","properties":{"layer":"infrastructure","subtype":"transportation","class":"crossing","name":""},"geometry":{"type":"Point","coordinates":[54.5829141,24.4331761]}},{"type":"Feature","properties":{"layer":"infrastructure","subtype":"transportation","class":"crossing","name":""},"geometry":{"type":"Point","coordinates":[54.5828151,24.4331466]}},{"type":"Feature","properties":{"layer":"infrastructure","subtype":"transportation","class":"crossing","name":""},"geometry":{"type":"Point","coordinates":[54.579993,24.4330659]}},{"type":"Feature","properties":{"layer":"infrastructure","subtype":"transit","class":"parking","name":""},"geometry":{"type":"Polygon","coordinates":[[[54.5823847,24.43313],[54.5811693,24.4328045],[54.5812347,24.4329409],[54.5823059,24.4332378],[54.5823847,24.43313]]]}},{"type":"Feature","properties":{"layer":"infrastructure","subtype":"transportation","class":"crossing","name":""},"geometry":{"type":"Point","coordinates":[54.5830659,24.4329735]}},{"type":"Feature","properties":{"layer":"infrastructure","subtype":"transportation","class":"crossing","name":""},"geometry":{"type":"Point","coordinates":[54.5809288,24.4328466]}},{"type":"Feature","properties":{"layer":"infrastructure","subtype":"power","class":"transformer","name":""},"geometry":{"type":"Point","coordinates":[54.5796052,24.432912]}},{"type":"Feature","properties":{"layer":"infrastructure","subtype":"power","class":"transformer","name":""},"geometry":{"type":"Point","coordinates":[54.5796776,24.4329266]}},{"type":"Feature","properties":{"layer":"infrastructure","subtype":"power","class":"transformer","name":""},"geometry":{"type":"Point","coordinates":[54.5797527,24.432956]}},{"type":"Feature","properties":{"layer":"infrastructure","subtype":"power","class":"transformer","name":""},"geometry":{"type":"Point","coordinates":[54.5798224,24.432978]}},{"type":"Feature","properties":{"layer":"infrastructure","subtype":"transportation","class":"crossing","name":""},"geometry":{"type":"Point","coordinates":[54.574786,24.432906]}},{"type":"Feature","properties":{"layer":"infrastructure","subtype":"transportation","class":"crossing","name":""},"geometry":{"type":"Point","coordinates":[54.5747486,24.4327803]}},{"type":"Feature","properties":{"layer":"infrastructure","subtype":"transportation","class":"crossing","name":""},"geometry":{"type":"Point","coordinates":[54.5754068,24.4327902]}},{"type":"Feature","properties":{"layer":"infrastructure","subtype":"barrier","class":"gate","name":""},"geometry":{"type":"Point","coordinates":[54.5754259,24.4327251]}},{"type":"Feature","properties":{"layer":"infrastructure","subtype":"power","class":"substation","name":"Substation Khalifa 2A"},"geometry":{"type":"Polygon","coordinates":[[[54.5799728,24.4331366],[54.5801176,24.4326873],[54.5795248,24.432531],[54.57938,24.4329828],[54.5799728,24.4331366]]]}},{"type":"Feature","properties":{"layer":"infrastructure","subtype":"transportation","class":"crossing","name":""},"geometry":{"type":"Point","coordinates":[54.5807923,24.4325952]}},{"type":"Feature","properties":{"layer":"infrastructure","subtype":"transportation","class":"crossing","name":""},"geometry":{"type":"Point","coordinates":[54.5802146,24.4325616]}},{"type":"Feature","properties":{"layer":"infrastructure","subtype":"barrier","class":"wall","name":""},"geometry":{"type":"LineString","coordinates":[[54.5751794,24.4326562],[54.5754259,24.4327251],[54.5757602,24.4328186],[54.5759378,24.4322922],[54.575357,24.4321298],[54.5751794,24.4326562]]}},{"type":"Feature","properties":{"layer":"infrastructure","subtype":"transit","class":"bus_stop","name":""},"geometry":{"type":"Point","coordinates":[54.5745132,24.43265]}},{"type":"Feature","properties":{"layer":"infrastructure","subtype":"transportation","class":"crossing","name":""},"geometry":{"type":"Point","coordinates":[54.5687502,24.4323971]}},{"type":"Feature","properties":{"layer":"infrastructure","subtype":"barrier","class":"gate","name":"Samra"},"geometry":{"type":"Point","coordinates":[54.563827,24.4322388]}},{"type":"Feature","properties":{"layer":"infrastructure","subtype":"barrier","class":"kerb","name":""},"geometry":{"type":"Point","coordinates":[54.5779828,24.432223]}},{"type":"Feature","properties":{"layer":"infrastructure","subtype":"barrier","class":"kerb","name":""},"geometry":{"type":"Point","coordinates":[54.5737672,24.4323288]}},{"type":"Feature","properties":{"layer":"infrastructure","subtype":"barrier","class":"wall","name":""},"geometry":{"type":"LineString","coordinates":[[54.5745805,24.4324899],[54.57504,24.4326194],[54.575163,24.4326531],[54.5751791,24.4326047],[54.5753392,24.4321237],[54.5747453,24.4319626],[54.5745805,24.4324899]]}},{"type":"Feature","properties":{"layer":"infrastructure","subtype":"barrier","class":"kerb","name":""},"geometry":{"type":"Point","coordinates":[54.5738656,24.4323497]}},{"type":"Feature","properties":{"layer":"infrastructure","subtype":"transportation","class":"crossing","name":""},"geometry":{"type":"Point","coordinates":[54.5738154,24.4323419]}},{"type":"Feature","properties":{"layer":"infrastructure","subtype":"transit","class":"parking","name":""},"geometry":{"type":"Polygon","coordinates":[[[54.581018,24.4321554],[54.581087,24.4319514],[54.5809216,24.4319028],[54.5808616,24.4321147],[54.581018,24.4321554]]]}},{"type":"Feature","properties":{"layer":"infrastructure","subtype":"transportation","class":"crossing","name":""},"geometry":{"type":"Point","coordinates":[54.5780118,24.4321301]}},{"type":"Feature","properties":{"layer":"infrastructure","subtype":"barrier","class":"kerb","name":""},"geometry":{"type":"Point","coordinates":[54.5780213,24.4321062]}},{"type":"Feature","properties":{"layer":"infrastructure","subtype":"barrier","class":"kerb","name":""},"geometry":{"type":"Point","coordinates":[54.5782439,24.4320804]}},{"type":"Feature","properties":{"layer":"infrastructure","subtype":"transportation","class":"crossing","name":""},"geometry":{"type":"Point","coordinates":[54.5781774,24.4320729]}},{"type":"Feature","properties":{"layer":"infrastructure","subtype":"barrier","class":"kerb","name":""},"geometry":{"type":"Point","coordinates":[54.5781468,24.4320604]}},{"type":"Feature","properties":{"layer":"infrastructure","subtype":"transportation","class":"crossing","name":""},"geometry":{"type":"Point","coordinates":[54.5792313,24.4320059]}},{"type":"Feature","properties":{"layer":"infrastructure","subtype":"transportation","class":"crossing","name":""},"geometry":{"type":"Point","coordinates":[54.5832336,24.4319416]}},{"type":"Feature","properties":{"layer":"infrastructure","subtype":"transportation","class":"crossing","name":""},"geometry":{"type":"Point","coordinates":[54.5825426,24.4316893]}},{"type":"Feature","properties":{"layer":"infrastructure","subtype":"transportation","class":"crossing","name":""},"geometry":{"type":"Point","coordinates":[54.5824654,24.4316651]}},{"type":"Feature","properties":{"layer":"infrastructure","subtype":"barrier","class":"wall","name":""},"geometry":{"type":"LineString","coordinates":[[54.5776025,24.4318726],[54.5780158,24.4319976],[54.5780479,24.4320062],[54.5780573,24.4319773],[54.5780888,24.4318803],[54.5781843,24.4316012],[54.5781596,24.4315934],[54.5779618,24.4315398],[54.5777415,24.4314773],[54.5776025,24.4318726]]}},{"type":"Feature","properties":{"layer":"infrastructure","subtype":"transportation","class":"crossing","name":""},"geometry":{"type":"Point","coordinates":[54.5766156,24.4317386]}},{"type":"Feature","properties":{"layer":"infrastructure","subtype":"barrier","class":"wall","name":""},"geometry":{"type":"LineString","coordinates":[[54.5771562,24.4317516],[54.5775937,24.431881],[54.5777001,24.4315732],[54.5777348,24.4314756],[54.5775963,24.4314347],[54.5773538,24.4313691],[54.5772933,24.4313515],[54.5772811,24.4313863],[54.5771562,24.4317516]]}},{"type":"Feature","properties":{"layer":"infrastructure","subtype":"transportation","class":"crossing","name":""},"geometry":{"type":"Point","coordinates":[54.5740198,24.4317358]}},{"type":"Feature","properties":{"layer":"infrastructure","subtype":"barrier","class":"kerb","name":""},"geometry":{"type":"Point","coordinates":[54.5769412,24.4317667]}},{"type":"Feature","properties":{"layer":"infrastructure","subtype":"barrier","class":"kerb","name":""},"geometry":{"type":"Point","coordinates":[54.5770623,24.4318011]}},{"type":"Feature","properties":{"layer":"infrastructure","subtype":"transportation","class":"crossing","name":""},"geometry":{"type":"Point","coordinates":[54.5769845,24.4317787]}},{"type":"Feature","properties":{"layer":"infrastructure","subtype":"transportation","class":"crossing","name":""},"geometry":{"type":"Point","coordinates":[54.5713776,24.4318268]}},{"type":"Feature","properties":{"layer":"infrastructure","subtype":"transportation","class":"crossing","name":""},"geometry":{"type":"Point","coordinates":[54.5689318,24.4316113]}},{"type":"Feature","properties":{"layer":"infrastructure","subtype":"pedestrian","class":"atm","name":""},"geometry":{"type":"Point","coordinates":[54.5667419,24.4318931]}},{"type":"Feature","properties":{"layer":"infrastructure","subtype":"pedestrian","class":"atm","name":""},"geometry":{"type":"Point","coordinates":[54.5668147,24.431906]}},{"type":"Feature","properties":{"layer":"infrastructure","subtype":"transportation","class":"crossing","name":""},"geometry":{"type":"Point","coordinates":[54.5726378,24.4319736]}},{"type":"Feature","properties":{"layer":"infrastructure","subtype":"transportation","class":"crossing","name":""},"geometry":{"type":"Point","coordinates":[54.572652,24.431978]}},{"type":"Feature","properties":{"layer":"infrastructure","subtype":"barrier","class":"block","name":""},"geometry":{"type":"LineString","coordinates":[[54.56,24.434682081148694],[54.5602568,24.4348574],[54.5603692,24.4349867],[54.5604121,24.435082],[54.560466,24.43517],[54.5605438,24.4352262],[54.5606377,24.4352506],[54.560742,24.4352529],[54.5608174,24.4352335],[54.5609137,24.4351747],[54.5610049,24.4351259],[54.5611661,24.4351016],[54.5620056,24.4350528],[54.5622792,24.4350528]]}},{"type":"Feature","properties":{"layer":"infrastructure","subtype":"pedestrian","class":"bench","name":""},"geometry":{"type":"Point","coordinates":[54.56672,24.4314293]}},{"type":"Feature","properties":{"layer":"infrastructure","subtype":"pedestrian","class":"bench","name":""},"geometry":{"type":"Point","coordinates":[54.5668237,24.4315774]}},{"type":"Feature","properties":{"layer":"infrastructure","subtype":"pedestrian","class":"bench","name":""},"geometry":{"type":"Point","coordinates":[54.566895,24.431598]}},{"type":"Feature","properties":{"layer":"infrastructure","subtype":"pedestrian","class":"bench","name":""},"geometry":{"type":"Point","coordinates":[54.5667886,24.4315241]}},{"type":"Feature","properties":{"layer":"infrastructure","subtype":"pedestrian","class":"bench","name":""},"geometry":{"type":"Point","coordinates":[54.5669574,24.4315241]}},{"type":"Feature","properties":{"layer":"infrastructure","subtype":"pedestrian","class":"bench","name":""},"geometry":{"type":"Point","coordinates":[54.5668076,24.4314656]}},{"type":"Feature","properties":{"layer":"infrastructure","subtype":"barrier","class":"gate","name":""},"geometry":{"type":"Point","coordinates":[54.5689382,24.4315862]}},{"type":"Feature","properties":{"layer":"infrastructure","subtype":"transportation","class":"crossing","name":""},"geometry":{"type":"Point","coordinates":[54.5689643,24.4314556]}},{"type":"Feature","properties":{"layer":"infrastructure","subtype":"transportation","class":"crossing","name":""},"geometry":{"type":"Point","coordinates":[54.5752633,24.4313593]}},{"type":"Feature","properties":{"layer":"infrastructure","subtype":"barrier","class":"wall","name":""},"geometry":{"type":"LineString","coordinates":[[54.5729558,24.4315208],[54.5734022,24.4316408],[54.5734951,24.4313489],[54.5730472,24.4312338],[54.5729558,24.4315208]]}},{"type":"Feature","properties":{"layer":"infrastructure","subtype":"barrier","class":"wall","name":""},"geometry":{"type":"LineString","coordinates":[[54.5734144,24.4316635],[54.5738459,24.4317845],[54.5738938,24.4316448],[54.573947,24.4314894],[54.5735101,24.4313721],[54.5734144,24.4316635]]}},{"type":"Feature","properties":{"layer":"infrastructure","subtype":"barrier","class":"wall","name":""},"geometry":{"type":"LineString","coordinates":[[54.5741586,24.4317593],[54.5746658,24.4319094],[54.5747323,24.4319282],[54.5747402,24.4319051],[54.5748037,24.4317199],[54.5748188,24.4316744],[54.574837,24.4316273],[54.5749153,24.4314017],[54.5743369,24.4312357],[54.5741586,24.4317593]]}},{"type":"Feature","properties":{"layer":"infrastructure","subtype":"transportation","class":"crossing","name":""},"geometry":{"type":"Point","coordinates":[54.5761814,24.4315648]}},{"type":"Feature","properties":{"layer":"infrastructure","subtype":"transportation","class":"crossing","name":""},"geometry":{"type":"Point","coordinates":[54.5783977,24.4314429]}},{"type":"Feature","properties":{"layer":"infrastructure","subtype":"barrier","class":"wall","name":""},"geometry":{"type":"LineString","coordinates":[[54.5777591,24.4314526],[54.5781934,24.4315859],[54.5783252,24.4312159],[54.5783366,24.4311865],[54.5782878,24.4311708],[54.5781821,24.4311368],[54.5778896,24.4310509],[54.5777591,24.4314526]]}},{"type":"Feature","properties":{"layer":"infrastructure","subtype":"barrier","class":"wall","name":""},"geometry":{"type":"LineString","coordinates":[[54.5735104,24.4313608],[54.5739548,24.4314796],[54.5740429,24.4312158],[54.5736045,24.431083],[54.5735104,24.4313608]]}},{"type":"Feature","properties":{"layer":"infrastructure","subtype":"transportation","class":"crossing","name":""},"geometry":{"type":"Point","coordinates":[54.5751902,24.4312792]}},{"type":"Feature","properties":{"layer":"infrastructure","subtype":"transportation","class":"crossing","name":""},"geometry":{"type":"Point","coordinates":[54.5771796,24.4312044]}},{"type":"Feature","properties":{"layer":"infrastructure","subtype":"barrier","class":"wall","name":""},"geometry":{"type":"LineString","coordinates":[[54.5773002,24.431331],[54.5777275,24.4314511],[54.5778692,24.4310537],[54.5776291,24.4309886],[54.5775212,24.4309567],[54.577479,24.4309442],[54.5774314,24.4309302],[54.5774107,24.4309883],[54.5773932,24.4310414],[54.5773783,24.4310921],[54.5773675,24.431124],[54.5773459,24.4311877],[54.5773002,24.431331]]}},{"type":"Feature","properties":{"layer":"infrastructure","subtype":"barrier","class":"wall","name":""},"geometry":{"type":"LineString","coordinates":[[54.573051,24.4312265],[54.5734988,24.4313441],[54.5735869,24.4310803],[54.5731452,24.4309475],[54.573051,24.4312265]]}},{"type":"Feature","properties":{"layer":"infrastructure","subtype":"transportation","class":"crossing","name":""},"geometry":{"type":"Point","coordinates":[54.5743561,24.4311049]}},{"type":"Feature","properties":{"layer":"infrastructure","subtype":"barrier","class":"gate","name":""},"geometry":{"type":"Point","coordinates":[54.5810066,24.4310016]}},{"type":"Feature","properties":{"layer":"infrastructure","subtype":"transportation","class":"crossing","name":""},"geometry":{"type":"Point","coordinates":[54.5799582,24.4309308]}},{"type":"Feature","properties":{"layer":"infrastructure","subtype":"transportation","class":"crossing","name":""},"geometry":{"type":"Point","coordinates":[54.5807647,24.4309176]}},{"type":"Feature","properties":{"layer":"infrastructure","subtype":"barrier","class":"gate","name":""},"geometry":{"type":"Point","coordinates":[54.5809713,24.4308476]}},{"type":"Feature","properties":{"layer":"infrastructure","subtype":"transportation","class":"crossing","name":""},"geometry":{"type":"Point","coordinates":[54.5798532,24.4309131]}},{"type":"Feature","properties":{"layer":"infrastructure","subtype":"barrier","class":"wall","name":""},"geometry":{"type":"LineString","coordinates":[[54.5779029,24.4310346],[54.5783394,24.4311611],[54.5783446,24.4311425],[54.578415,24.4309475],[54.5784762,24.4307681],[54.5780366,24.4306407],[54.5779029,24.4310346]]}},{"type":"Feature","properties":{"layer":"infrastructure","subtype":"barrier","class":"wall","name":""},"geometry":{"type":"LineString","coordinates":[[54.5731469,24.4309438],[54.5735914,24.4310718],[54.5736915,24.4307726],[54.573249,24.4306504],[54.5731469,24.4309438]]}},{"type":"Feature","properties":{"layer":"infrastructure","subtype":"barrier","class":"wall","name":""},"geometry":{"type":"LineString","coordinates":[[54.5723322,24.431025],[54.5727719,24.4311475],[54.5727775,24.4311307],[54.5728701,24.4308623],[54.5724283,24.4307414],[54.5723322,24.431025]]}},{"type":"Feature","properties":{"layer":"infrastructure","subtype":"barrier","class":"wall","name":""},"geometry":{"type":"LineString","coordinates":[[54.569872,24.431161],[54.5701557,24.431241],[54.5704505,24.4313245],[54.5706308,24.4307961],[54.5700503,24.4306373],[54.569872,24.431161]]}},{"type":"Feature","properties":{"layer":"infrastructure","subtype":"barrier","class":"gate","name":""},"geometry":{"type":"Point","coordinates":[54.566219,24.4307942]}},{"type":"Feature","properties":{"layer":"infrastructure","subtype":"barrier","class":"wall","name":""},"geometry":{"type":"LineString","coordinates":[[54.5692585,24.4309899],[54.5695499,24.4310692],[54.5698463,24.4311529],[54.5700246,24.4306292],[54.5694348,24.4304583],[54.5692585,24.4309899]]}},{"type":"Feature","properties":{"layer":"infrastructure","subtype":"barrier","class":"wall","name":""},"geometry":{"type":"LineString","coordinates":[[54.5718688,24.430903],[54.57232,24.431012],[54.5724081,24.4307482],[54.571957,24.4306178],[54.5718688,24.430903]]}},{"type":"Feature","properties":{"layer":"infrastructure","subtype":"barrier","class":"wall","name":""},"geometry":{"type":"LineString","coordinates":[[54.5724287,24.430724],[54.5728755,24.4308575],[54.5729673,24.4305882],[54.5725195,24.4304627],[54.5724287,24.430724]]}},{"type":"Feature","properties":{"layer":"infrastructure","subtype":"barrier","class":"gate","name":""},"geometry":{"type":"Point","coordinates":[54.5661053,24.4307585]}},{"type":"Feature","properties":{"layer":"infrastructure","subtype":"barrier","class":"wall","name":""},"geometry":{"type":"LineString","coordinates":[[54.5686739,24.4308266],[54.568941,24.430902],[54.5692449,24.4309878],[54.5694286,24.430447],[54.5688415,24.4302786],[54.5686739,24.4308266]]}},{"type":"Feature","properties":{"layer":"infrastructure","subtype":"barrier","class":"wall","name":""},"geometry":{"type":"LineString","coordinates":[[54.5732559,24.4306472],[54.5736946,24.4307678],[54.573784,24.4304845],[54.5733483,24.4303577],[54.5732559,24.4306472]]}},{"type":"Feature","properties":{"layer":"infrastructure","subtype":"transportation","class":"crossing","name":""},"geometry":{"type":"Point","coordinates":[54.5744706,24.4307064]}},{"type":"Feature","properties":{"layer":"infrastructure","subtype":"barrier","class":"wall","name":""},"geometry":{"type":"LineString","coordinates":[[54.5774403,24.4309012],[54.5778132,24.4310119],[54.5778756,24.4310313],[54.5778987,24.4309697],[54.5780021,24.4306796],[54.578017,24.4306369],[54.5778511,24.430589],[54.5778385,24.4305845],[54.5777961,24.4305718],[54.577635,24.4305238],[54.5775721,24.4305069],[54.5775391,24.4306085],[54.5774996,24.4307282],[54.5774816,24.430779],[54.577456,24.4308518],[54.5774403,24.4309012]]}},{"type":"Feature","properties":{"layer":"infrastructure","subtype":"transportation","class":"crossing","name":""},"geometry":{"type":"Point","coordinates":[54.5802237,24.4307059]}},{"type":"Feature","properties":{"layer":"infrastructure","subtype":"transportation","class":"crossing","name":""},"geometry":{"type":"Point","coordinates":[54.5808932,24.4307605]}},{"type":"Feature","properties":{"layer":"infrastructure","subtype":"transportation","class":"crossing","name":""},"geometry":{"type":"Point","coordinates":[54.5809338,24.4305987]}},{"type":"Feature","properties":{"layer":"infrastructure","subtype":"transit","class":"parking_entrance","name":""},"geometry":{"type":"Point","coordinates":[54.5825236,24.4304647]}},{"type":"Feature","properties":{"layer":"infrastructure","subtype":"transportation","class":"crossing","name":""},"geometry":{"type":"Point","coordinates":[54.5808813,24.4304756]}},{"type":"Feature","properties":{"layer":"infrastructure","subtype":"transit","class":"parking","name":""},"geometry":{"type":"Polygon","coordinates":[[[54.5820275,24.430143],[54.5819139,24.4299922],[54.5808363,24.4307655],[54.5809478,24.430897],[54.5820275,24.430143]]]}},{"type":"Feature","properties":{"layer":"infrastructure","subtype":"barrier","class":"wall","name":""},"geometry":{"type":"LineString","coordinates":[[54.5780296,24.4306144],[54.5784094,24.4307244],[54.578476,24.4307438],[54.578512,24.4306413],[54.5786158,24.4303508],[54.5781643,24.4302233],[54.5780296,24.4306144]]}},{"type":"Feature","properties":{"layer":"infrastructure","subtype":"barrier","class":"wall","name":""},"geometry":{"type":"LineString","coordinates":[[54.5737992,24.4304903],[54.5742483,24.4306103],[54.5743344,24.430332],[54.5738974,24.4302114],[54.5737992,24.4304903]]}},{"type":"Feature","properties":{"layer":"infrastructure","subtype":"barrier","class":"wall","name":""},"geometry":{"type":"LineString","coordinates":[[54.5775791,24.4304862],[54.5776173,24.4304967],[54.5777528,24.4305338],[54.5780194,24.4306113],[54.5781217,24.4303114],[54.5781307,24.4302852],[54.5781573,24.4302073],[54.5780491,24.4301755],[54.5780368,24.4301734],[54.5779055,24.4301318],[54.577716,24.4300777],[54.5775899,24.4304535],[54.5775791,24.4304862]]}},{"type":"Feature","properties":{"layer":"infrastructure","subtype":"transportation","class":"crossing","name":""},"geometry":{"type":"Point","coordinates":[54.5766139,24.4303158]}},{"type":"Feature","properties":{"layer":"infrastructure","subtype":"barrier","class":"wall","name":""},"geometry":{"type":"LineString","coordinates":[[54.5733492,24.4303525],[54.5737852,24.4304798],[54.5738928,24.4301741],[54.5734528,24.4300474],[54.5733492,24.4303525]]}},{"type":"Feature","properties":{"layer":"infrastructure","subtype":"transportation","class":"crossing","name":""},"geometry":{"type":"Point","coordinates":[54.5787733,24.4303229]}},{"type":"Feature","properties":{"layer":"infrastructure","subtype":"barrier","class":"gate","name":""},"geometry":{"type":"Point","coordinates":[54.5820271,24.4301005]}},{"type":"Feature","properties":{"layer":"infrastructure","subtype":"barrier","class":"lift_gate","name":""},"geometry":{"type":"Point","coordinates":[54.5822022,24.4299919]}},{"type":"Feature","properties":{"layer":"infrastructure","subtype":"transportation","class":"crossing","name":""},"geometry":{"type":"Point","coordinates":[54.5819602,24.4299999]}},{"type":"Feature","properties":{"layer":"infrastructure","subtype":"barrier","class":"wall","name":""},"geometry":{"type":"LineString","coordinates":[[54.5795011,24.4301089],[54.5799441,24.4302341],[54.5799906,24.4300866],[54.5799998,24.43006],[54.580072,24.4298313],[54.5796334,24.42971],[54.5796165,24.4297597],[54.5796058,24.4297945],[54.5795011,24.4301089]]}},{"type":"Feature","properties":{"layer":"infrastructure","subtype":"barrier","class":"wall","name":""},"geometry":{"type":"LineString","coordinates":[[54.5739016,24.4302036],[54.5743403,24.4303251],[54.5743893,24.4301847],[54.5744372,24.43004],[54.5739974,24.4299151],[54.5739016,24.4302036]]}},{"type":"Feature","properties":{"layer":"infrastructure","subtype":"transportation","class":"crossing","name":""},"geometry":{"type":"Point","coordinates":[54.574433,24.4301984]}},{"type":"Feature","properties":{"layer":"infrastructure","subtype":"barrier","class":"wall","name":""},"geometry":{"type":"LineString","coordinates":[[54.572631,24.4301559],[54.5730751,24.4302781],[54.5731702,24.4299915],[54.5727261,24.4298693],[54.572631,24.4301559]]}},{"type":"Feature","properties":{"layer":"infrastructure","subtype":"transportation","class":"crossing","name":""},"geometry":{"type":"Point","coordinates":[54.5702638,24.4299558]}},{"type":"Feature","properties":{"layer":"infrastructure","subtype":"barrier","class":"wall","name":""},"geometry":{"type":"LineString","coordinates":[[54.5688488,24.4302648],[54.5694313,24.4304267],[54.569611,24.4298906],[54.5690285,24.4297287],[54.5688488,24.4302648]]}},{"type":"Feature","properties":{"layer":"infrastructure","subtype":"barrier","class":"wall","name":""},"geometry":{"type":"LineString","coordinates":[[54.5662527,24.4301328],[54.5668372,24.430294],[54.5670155,24.4297703],[54.5664444,24.4296092],[54.5662527,24.4301328]]}},{"type":"Feature","properties":{"layer":"infrastructure","subtype":"barrier","class":"block","name":""},"geometry":{"type":"Point","coordinates":[54.5644331,24.4300572]}},{"type":"Feature","properties":{"layer":"infrastructure","subtype":"barrier","class":"wall","name":""},"geometry":{"type":"LineString","coordinates":[[54.5668652,24.4303042],[54.567275,24.4304198],[54.5674363,24.4304653],[54.5676145,24.4299417],[54.5670435,24.4297805],[54.5668652,24.4303042]]}},{"type":"Feature","properties":{"layer":"infrastructure","subtype":"transportation","class":"crossing","name":""},"geometry":{"type":"Point","coordinates":[54.5660672,24.4301657]}},{"type":"Feature","properties":{"layer":"infrastructure","subtype":"transportation","class":"crossing","name":""},"geometry":{"type":"Point","coordinates":[54.5661004,24.4301739]}},{"type":"Feature","properties":{"layer":"infrastructure","subtype":"transportation","class":"crossing","name":""},"geometry":{"type":"Point","coordinates":[54.5644713,24.4301905]}},{"type":"Feature","properties":{"layer":"infrastructure","subtype":"barrier","class":"gate","name":""},"geometry":{"type":"Point","coordinates":[54.5644388,24.4303078]}},{"type":"Feature","properties":{"layer":"infrastructure","subtype":"barrier","class":"wall","name":""},"geometry":{"type":"LineString","coordinates":[[54.5720753,24.4303139],[54.5725193,24.4304364],[54.572608,24.4301698],[54.572164,24.4300473],[54.5720753,24.4303139]]}},{"type":"Feature","properties":{"layer":"infrastructure","subtype":"transportation","class":"crossing","name":""},"geometry":{"type":"Point","coordinates":[54.5715491,24.4303159]}},{"type":"Feature","properties":{"layer":"infrastructure","subtype":"barrier","class":"wall","name":""},"geometry":{"type":"LineString","coordinates":[[54.5725263,24.4304565],[54.5729697,24.4305836],[54.5730743,24.4302801],[54.5726299,24.4301572],[54.5725263,24.4304565]]}},{"type":"Feature","properties":{"layer":"infrastructure","subtype":"transportation","class":"crossing","name":""},"geometry":{"type":"Point","coordinates":[54.5644192,24.4303704]}},{"type":"Feature","properties":{"layer":"infrastructure","subtype":"transportation","class":"crossing","name":""},"geometry":{"type":"Point","coordinates":[54.5603979,24.4304696]}},{"type":"Feature","properties":{"layer":"infrastructure","subtype":"transportation","class":"crossing","name":""},"geometry":{"type":"Point","coordinates":[54.5602068,24.430537]}},{"type":"Feature","properties":{"layer":"infrastructure","subtype":"transportation","class":"crossing","name":""},"geometry":{"type":"Point","coordinates":[54.5604891,24.4306133]}},{"type":"Feature","properties":{"layer":"infrastructure","subtype":"transportation","class":"crossing","name":""},"geometry":{"type":"Point","coordinates":[54.5603151,24.4307141]}},{"type":"Feature","properties":{"layer":"infrastructure","subtype":"transportation","class":"crossing","name":""},"geometry":{"type":"Point","coordinates":[54.5608352,24.4291867]}},{"type":"Feature","properties":{"layer":"infrastructure","subtype":"transit","class":"parking","name":""},"geometry":{"type":"Polygon","coordinates":[[[54.5609177,24.4294204],[54.5625045,24.4298515],[54.5625595,24.4297107],[54.5609653,24.4292591],[54.5609177,24.4294204]]]}},{"type":"Feature","properties":{"layer":"infrastructure","subtype":"transportation","class":"crossing","name":""},"geometry":{"type":"Point","coordinates":[54.5633505,24.4294281]}},{"type":"Feature","properties":{"layer":"infrastructure","subtype":"transportation","class":"crossing","name":""},"geometry":{"type":"Point","coordinates":[54.563354,24.4294175]}},{"type":"Feature","properties":{"layer":"infrastructure","subtype":"transportation","class":"traffic_signals","name":""},"geometry":{"type":"Point","coordinates":[54.563527,24.4294486]}},{"type":"Feature","properties":{"layer":"infrastructure","subtype":"transportation","class":"crossing","name":""},"geometry":{"type":"Point","coordinates":[54.5635222,24.4294628]}},{"type":"Feature","properties":{"layer":"infrastructure","subtype":"transportation","class":"crossing","name":""},"geometry":{"type":"Point","coordinates":[54.5635121,24.4294931]}},{"type":"Feature","properties":{"layer":"infrastructure","subtype":"transportation","class":"traffic_signals","name":""},"geometry":{"type":"Point","coordinates":[54.5631595,24.4295024]}},{"type":"Feature","properties":{"layer":"infrastructure","subtype":"transportation","class":"crossing","name":""},"geometry":{"type":"Point","coordinates":[54.5632014,24.4295142]}},{"type":"Feature","properties":{"layer":"infrastructure","subtype":"transportation","class":"crossing","name":""},"geometry":{"type":"Point","coordinates":[54.5632016,24.4295143]}},{"type":"Feature","properties":{"layer":"infrastructure","subtype":"barrier","class":"wall","name":""},"geometry":{"type":"LineString","coordinates":[[54.5694298,24.4295667],[54.5698716,24.4296932],[54.5700107,24.4292907],[54.5695689,24.4291641],[54.5694298,24.4295667]]}},{"type":"Feature","properties":{"layer":"infrastructure","subtype":"barrier","class":"wall","name":""},"geometry":{"type":"LineString","coordinates":[[54.5712235,24.4296146],[54.5716558,24.4297367],[54.5717908,24.4293405],[54.5713584,24.4292184],[54.5712235,24.4296146]]}},{"type":"Feature","properties":{"layer":"infrastructure","subtype":"barrier","class":"wall","name":""},"geometry":{"type":"LineString","coordinates":[[54.5728364,24.4295842],[54.5732655,24.429703],[54.5733583,24.4294209],[54.5729285,24.4293033],[54.5728364,24.4295842]]}},{"type":"Feature","properties":{"layer":"infrastructure","subtype":"transportation","class":"crossing","name":""},"geometry":{"type":"Point","coordinates":[54.5692881,24.4295497]}},{"type":"Feature","properties":{"layer":"infrastructure","subtype":"transportation","class":"crossing","name":""},"geometry":{"type":"Point","coordinates":[54.5687424,24.4296293]}},{"type":"Feature","properties":{"layer":"infrastructure","subtype":"transportation","class":"crossing","name":""},"geometry":{"type":"Point","coordinates":[54.5690831,24.4296196]}},{"type":"Feature","properties":{"layer":"infrastructure","subtype":"barrier","class":"wall","name":""},"geometry":{"type":"LineString","coordinates":[[54.5670534,24.4297587],[54.5676245,24.4299199],[54.5678028,24.4293963],[54.5675077,24.429313],[54.5672317,24.4292351],[54.5670534,24.4297587]]}},{"type":"Feature","properties":{"layer":"infrastructure","subtype":"transportation","class":"crossing","name":""},"geometry":{"type":"Point","coordinates":[54.5635738,24.4296196]}},{"type":"Feature","properties":{"layer":"infrastructure","subtype":"transportation","class":"crossing","name":""},"geometry":{"type":"Point","coordinates":[54.5635725,24.4296192]}},{"type":"Feature","properties":{"layer":"infrastructure","subtype":"transportation","class":"crossing","name":""},"geometry":{"type":"Point","coordinates":[54.5631587,24.4296436]}},{"type":"Feature","properties":{"layer":"infrastructure","subtype":"transportation","class":"crossing","name":""},"geometry":{"type":"Point","coordinates":[54.5631556,24.4296427]}},{"type":"Feature","properties":{"layer":"infrastructure","subtype":"transportation","class":"traffic_signals","name":""},"geometry":{"type":"Point","coordinates":[54.5635726,24.42976]}},{"type":"Feature","properties":{"layer":"infrastructure","subtype":"transportation","class":"crossing","name":""},"geometry":{"type":"Point","coordinates":[54.5635282,24.4297475]}},{"type":"Feature","properties":{"layer":"infrastructure","subtype":"transportation","class":"crossing","name":""},"geometry":{"type":"Point","coordinates":[54.5635233,24.4297462]}},{"type":"Feature","properties":{"layer":"infrastructure","subtype":"barrier","class":"wall","name":""},"geometry":{"type":"LineString","coordinates":[[54.568241,24.4301045],[54.5688256,24.4302717],[54.5690051,24.4297322],[54.5687333,24.4296555],[54.5684234,24.4295638],[54.568241,24.4301045]]}},{"type":"Feature","properties":{"layer":"infrastructure","subtype":"barrier","class":"wall","name":""},"geometry":{"type":"LineString","coordinates":[[54.5710599,24.4300298],[54.5713218,24.4300993],[54.5715123,24.4301531],[54.5716473,24.4297569],[54.5711975,24.429625],[54.5710599,24.4300298]]}},{"type":"Feature","properties":{"layer":"infrastructure","subtype":"barrier","class":"wall","name":""},"geometry":{"type":"LineString","coordinates":[[54.5727285,24.4298626],[54.5731702,24.4299851],[54.5732583,24.4297213],[54.5728085,24.4295946],[54.5727285,24.4298626]]}},{"type":"Feature","properties":{"layer":"infrastructure","subtype":"barrier","class":"wall","name":""},"geometry":{"type":"LineString","coordinates":[[54.5706053,24.4298979],[54.5710456,24.4300151],[54.5711806,24.4296189],[54.5707388,24.4294907],[54.5706053,24.4298979]]}},{"type":"Feature","properties":{"layer":"infrastructure","subtype":"transportation","class":"crossing","name":""},"geometry":{"type":"Point","coordinates":[54.5693683,24.4297008]}},{"type":"Feature","properties":{"layer":"infrastructure","subtype":"transportation","class":"crossing","name":""},"geometry":{"type":"Point","coordinates":[54.5747531,24.4298355]}},{"type":"Feature","properties":{"layer":"infrastructure","subtype":"transportation","class":"crossing","name":""},"geometry":{"type":"Point","coordinates":[54.5776114,24.4299332]}},{"type":"Feature","properties":{"layer":"infrastructure","subtype":"barrier","class":"wall","name":""},"geometry":{"type":"LineString","coordinates":[[54.5777153,24.4300632],[54.5778133,24.4300931],[54.5781701,24.4301988],[54.5783166,24.4297823],[54.5778947,24.4296643],[54.5778588,24.4296538],[54.5778359,24.4297194],[54.5778107,24.4297928],[54.5777911,24.4298462],[54.5777279,24.430029],[54.5777153,24.4300632]]}},{"type":"Feature","properties":{"layer":"infrastructure","subtype":"transportation","class":"crossing","name":""},"geometry":{"type":"Point","coordinates":[54.5821309,24.429916]}},{"type":"Feature","properties":{"layer":"infrastructure","subtype":"barrier","class":"wall","name":""},"geometry":{"type":"LineString","coordinates":[[54.5796437,24.4296906],[54.5796835,24.4297019],[54.5800863,24.4298129],[54.5802153,24.4294121],[54.5797739,24.4292892],[54.579756,24.4293457],[54.5797382,24.4293997],[54.5796649,24.4296289],[54.5796437,24.4296906]]}},{"type":"Feature","properties":{"layer":"infrastructure","subtype":"barrier","class":"wall","name":""},"geometry":{"type":"LineString","coordinates":[[54.5783214,24.4297768],[54.5783737,24.4297911],[54.5787586,24.4299053],[54.5787937,24.429796],[54.5788593,24.4296025],[54.5788933,24.4294966],[54.578458,24.4293644],[54.5784502,24.4293845],[54.5783884,24.4295729],[54.5783214,24.4297768]]}},{"type":"Feature","properties":{"layer":"infrastructure","subtype":"barrier","class":"kerb","name":""},"geometry":{"type":"Point","coordinates":[54.5775629,24.4296222]}},{"type":"Feature","properties":{"layer":"infrastructure","subtype":"barrier","class":"wall","name":""},"geometry":{"type":"LineString","coordinates":[[54.5755122,24.4297528],[54.5761167,24.4299151],[54.5763195,24.4293223],[54.5759445,24.429216],[54.5757184,24.4291514],[54.5755122,24.4297528]]}},{"type":"Feature","properties":{"layer":"infrastructure","subtype":"transportation","class":"crossing","name":""},"geometry":{"type":"Point","coordinates":[54.577586,24.4295471]}},{"type":"Feature","properties":{"layer":"infrastructure","subtype":"barrier","class":"kerb","name":""},"geometry":{"type":"Point","coordinates":[54.5776038,24.4295162]}},{"type":"Feature","properties":{"layer":"infrastructure","subtype":"barrier","class":"wall","name":""},"geometry":{"type":"LineString","coordinates":[[54.5778667,24.4296446],[54.5783117,24.429771],[54.5784432,24.429375],[54.5780014,24.4292486],[54.5778667,24.4296446]]}},{"type":"Feature","properties":{"layer":"infrastructure","subtype":"transportation","class":"crossing","name":""},"geometry":{"type":"Point","coordinates":[54.582934,24.429365]}},{"type":"Feature","properties":{"layer":"infrastructure","subtype":"barrier","class":"kerb","name":""},"geometry":{"type":"Point","coordinates":[54.5822024,24.429332]}},{"type":"Feature","properties":{"layer":"infrastructure","subtype":"transportation","class":"crossing","name":""},"geometry":{"type":"Point","coordinates":[54.582167,24.4293476]}},{"type":"Feature","properties":{"layer":"infrastructure","subtype":"barrier","class":"kerb","name":""},"geometry":{"type":"Point","coordinates":[54.5821213,24.4293789]}},{"type":"Feature","properties":{"layer":"infrastructure","subtype":"barrier","class":"kerb","name":""},"geometry":{"type":"Point","coordinates":[54.5806492,24.4293704]}},{"type":"Feature","properties":{"layer":"infrastructure","subtype":"transportation","class":"crossing","name":""},"geometry":{"type":"Point","coordinates":[54.5805972,24.4293579]}},{"type":"Feature","properties":{"layer":"infrastructure","subtype":"transportation","class":"crossing","name":""},"geometry":{"type":"Point","coordinates":[54.5804949,24.4293259]}},{"type":"Feature","properties":{"layer":"infrastructure","subtype":"barrier","class":"kerb","name":""},"geometry":{"type":"Point","coordinates":[54.5804401,24.4293137]}},{"type":"Feature","properties":{"layer":"infrastructure","subtype":"transportation","class":"crossing","name":""},"geometry":{"type":"Point","coordinates":[54.580399,24.4293017]}},{"type":"Feature","properties":{"layer":"infrastructure","subtype":"barrier","class":"kerb","name":""},"geometry":{"type":"Point","coordinates":[54.5823225,24.4292793]}},{"type":"Feature","properties":{"layer":"infrastructure","subtype":"transportation","class":"crossing","name":""},"geometry":{"type":"Point","coordinates":[54.5823456,24.4292274]}},{"type":"Feature","properties":{"layer":"infrastructure","subtype":"barrier","class":"kerb","name":""},"geometry":{"type":"Point","coordinates":[54.5823609,24.429201]}},{"type":"Feature","properties":{"layer":"infrastructure","subtype":"barrier","class":"wall","name":""},"geometry":{"type":"LineString","coordinates":[[54.5797769,24.4292709],[54.5798402,24.4292898],[54.580221,24.4293959],[54.5802668,24.4292654],[54.5802795,24.4292234],[54.5802993,24.4291682],[54.5803119,24.4291285],[54.5803138,24.4291219],[54.5803524,24.4290152],[54.5803576,24.428999],[54.5799199,24.4288737],[54.5798448,24.4290828],[54.5798236,24.4291417],[54.5797769,24.4292709]]}},{"type":"Feature","properties":{"layer":"infrastructure","subtype":"barrier","class":"wall","name":""},"geometry":{"type":"LineString","coordinates":[[54.5784717,24.4293558],[54.5784988,24.4293635],[54.5789004,24.4294789],[54.5789579,24.4293108],[54.5789828,24.4292398],[54.5790362,24.4290839],[54.5785992,24.4289561],[54.578481,24.4293284],[54.5784717,24.4293558]]}},{"type":"Feature","properties":{"layer":"infrastructure","subtype":"transportation","class":"crossing","name":""},"geometry":{"type":"Point","coordinates":[54.5791427,24.4292214]}},{"type":"Feature","properties":{"layer":"infrastructure","subtype":"transportation","class":"crossing","name":""},"geometry":{"type":"Point","coordinates":[54.5765196,24.4292466]}},{"type":"Feature","properties":{"layer":"infrastructure","subtype":"transportation","class":"crossing","name":""},"geometry":{"type":"Point","coordinates":[54.5759543,24.4291862]}},{"type":"Feature","properties":{"layer":"infrastructure","subtype":"barrier","class":"wall","name":""},"geometry":{"type":"LineString","coordinates":[[54.5729187,24.4292995],[54.5733641,24.4294188],[54.573456,24.4291341],[54.5730107,24.4290149],[54.5729187,24.4292995]]}},{"type":"Feature","properties":{"layer":"infrastructure","subtype":"transportation","class":"crossing","name":""},"geometry":{"type":"Point","coordinates":[54.5748648,24.429231]}},{"type":"Feature","properties":{"layer":"infrastructure","subtype":"barrier","class":"wall","name":""},"geometry":{"type":"LineString","coordinates":[[54.5748921,24.4295801],[54.5755073,24.4297487],[54.5757134,24.4291491],[54.5755715,24.4291139],[54.5750787,24.4289751],[54.5748921,24.4295801]]}},{"type":"Feature","properties":{"layer":"infrastructure","subtype":"barrier","class":"wall","name":""},"geometry":{"type":"LineString","coordinates":[[54.5723804,24.4294499],[54.5728095,24.4295687],[54.5728976,24.4293049],[54.5724686,24.4291861],[54.5723804,24.4294499]]}},{"type":"Feature","properties":{"layer":"infrastructure","subtype":"transit","class":"parking","name":""},"geometry":{"type":"Polygon","coordinates":[[[54.5665762,24.4287095],[54.5661141,24.4285873],[54.5660799,24.4286887],[54.5656968,24.4298252],[54.5661696,24.4299177],[54.5665762,24.4287095]]]}},{"type":"Feature","properties":{"layer":"infrastructure","subtype":"barrier","class":"wall","name":""},"geometry":{"type":"LineString","coordinates":[[54.570042,24.4292776],[54.5704743,24.4293997],[54.5706093,24.4290035],[54.5701769,24.4288814],[54.570042,24.4292776]]}},{"type":"Feature","properties":{"layer":"infrastructure","subtype":"barrier","class":"wall","name":""},"geometry":{"type":"LineString","coordinates":[[54.5713502,24.4291933],[54.5717993,24.4293142],[54.5719343,24.428918],[54.5714885,24.4287898],[54.5713502,24.4291933]]}},{"type":"Feature","properties":{"layer":"infrastructure","subtype":"barrier","class":"wall","name":""},"geometry":{"type":"LineString","coordinates":[[54.569582,24.4291421],[54.5700143,24.4292641],[54.5701493,24.4288679],[54.5697169,24.4287459],[54.569582,24.4291421]]}},{"type":"Feature","properties":{"layer":"infrastructure","subtype":"barrier","class":"kerb","name":""},"geometry":{"type":"Point","coordinates":[54.5749149,24.4288862]}},{"type":"Feature","properties":{"layer":"infrastructure","subtype":"transportation","class":"crossing","name":""},"geometry":{"type":"Point","coordinates":[54.5749776,24.4288967]}},{"type":"Feature","properties":{"layer":"infrastructure","subtype":"barrier","class":"wall","name":""},"geometry":{"type":"LineString","coordinates":[[54.576454,24.4290747],[54.5766498,24.4291317],[54.5767314,24.4291551],[54.5768783,24.4291979],[54.5769325,24.4292134],[54.5770334,24.4292429],[54.5772157,24.4287108],[54.5768592,24.4286036],[54.5766303,24.4285382],[54.5766139,24.4285857],[54.5764968,24.4289469],[54.5764613,24.4290496],[54.576454,24.4290747]]}},{"type":"Feature","properties":{"layer":"infrastructure","subtype":"transportation","class":"crossing","name":""},"geometry":{"type":"Point","coordinates":[54.5754503,24.4289453]}},{"type":"Feature","properties":{"layer":"infrastructure","subtype":"barrier","class":"kerb","name":""},"geometry":{"type":"Point","coordinates":[54.5750394,24.4289313]}},{"type":"Feature","properties":{"layer":"infrastructure","subtype":"barrier","class":"wall","name":""},"geometry":{"type":"LineString","coordinates":[[54.5730336,24.4289993],[54.5734626,24.4291181],[54.5735507,24.4288544],[54.5731217,24.4287356],[54.5730336,24.4289993]]}},{"type":"Feature","properties":{"layer":"infrastructure","subtype":"transportation","class":"crossing","name":""},"geometry":{"type":"Point","coordinates":[54.5736619,24.428968]}},{"type":"Feature","properties":{"layer":"infrastructure","subtype":"transportation","class":"crossing","name":""},"geometry":{"type":"Point","coordinates":[54.5755851,24.4290712]}},{"type":"Feature","properties":{"layer":"infrastructure","subtype":"transportation","class":"crossing","name":""},"geometry":{"type":"Point","coordinates":[54.57611,24.4290684]}},{"type":"Feature","properties":{"layer":"infrastructure","subtype":"barrier","class":"wall","name":""},"geometry":{"type":"LineString","coordinates":[[54.5780106,24.429226],[54.5784394,24.4293524],[54.5785725,24.4289574],[54.5781366,24.428833],[54.5780993,24.4289539],[54.5780843,24.4289912],[54.5780539,24.429089],[54.5780421,24.4291246],[54.5780106,24.429226]]}},{"type":"Feature","properties":{"layer":"infrastructure","subtype":"barrier","class":"wall","name":""},"geometry":{"type":"LineString","coordinates":[[54.5770583,24.4292481],[54.5776347,24.4294113],[54.5777193,24.4291636],[54.5777356,24.4291187],[54.5778173,24.4288798],[54.5772255,24.4287184],[54.5772152,24.4287455],[54.5771822,24.428861],[54.5770583,24.4292481]]}},{"type":"Feature","properties":{"layer":"infrastructure","subtype":"barrier","class":"kerb","name":""},"geometry":{"type":"Point","coordinates":[54.5811579,24.4290526]}},{"type":"Feature","properties":{"layer":"infrastructure","subtype":"transportation","class":"crossing","name":""},"geometry":{"type":"Point","coordinates":[54.5811753,24.4290038]}},{"type":"Feature","properties":{"layer":"infrastructure","subtype":"barrier","class":"kerb","name":""},"geometry":{"type":"Point","coordinates":[54.5812191,24.4288888]}},{"type":"Feature","properties":{"layer":"infrastructure","subtype":"transportation","class":"crossing","name":""},"geometry":{"type":"Point","coordinates":[54.5812096,24.4289103]}},{"type":"Feature","properties":{"layer":"infrastructure","subtype":"barrier","class":"kerb","name":""},"geometry":{"type":"Point","coordinates":[54.5801371,24.4287703]}},{"type":"Feature","properties":{"layer":"infrastructure","subtype":"transportation","class":"crossing","name":""},"geometry":{"type":"Point","coordinates":[54.580146,24.4287148]}},{"type":"Feature","properties":{"layer":"infrastructure","subtype":"barrier","class":"wall","name":""},"geometry":{"type":"LineString","coordinates":[[54.5785901,24.4289321],[54.5790395,24.4290649],[54.5791811,24.4286612],[54.57875,24.4285367],[54.5785901,24.4289321]]}},{"type":"Feature","properties":{"layer":"infrastructure","subtype":"transportation","class":"crossing","name":""},"geometry":{"type":"Point","coordinates":[54.5780021,24.428783]}},{"type":"Feature","properties":{"layer":"infrastructure","subtype":"barrier","class":"wall","name":""},"geometry":{"type":"LineString","coordinates":[[54.5758501,24.4289016],[54.5758922,24.4289103],[54.5760692,24.4289638],[54.576138,24.4289845],[54.5762142,24.4290075],[54.5764338,24.4290652],[54.5766121,24.4285415],[54.5763494,24.4284689],[54.5762914,24.4284499],[54.5760263,24.4283766],[54.576023,24.428387],[54.5760132,24.4284148],[54.5758501,24.4289016]]}},{"type":"Feature","properties":{"layer":"infrastructure","subtype":"barrier","class":"wall","name":""},"geometry":{"type":"LineString","coordinates":[[54.5731095,24.4287142],[54.5735583,24.4288395],[54.5736531,24.428558],[54.5732043,24.4284327],[54.5731095,24.4287142]]}},{"type":"Feature","properties":{"layer":"infrastructure","subtype":"barrier","class":"kerb","name":""},"geometry":{"type":"Point","coordinates":[54.5738634,24.4286014]}},{"type":"Feature","properties":{"layer":"infrastructure","subtype":"barrier","class":"wall","name":""},"geometry":{"type":"LineString","coordinates":[[54.5752497,24.4287717],[54.575644,24.4288806],[54.5756977,24.4288972],[54.5757648,24.428918],[54.5758195,24.428935],[54.5758349,24.4288938],[54.5758524,24.4288418],[54.5759191,24.4286418],[54.575999,24.4284093],[54.5756088,24.4282987],[54.5755723,24.4282876],[54.5754128,24.4282426],[54.5752497,24.4287717]]}},{"type":"Feature","properties":{"layer":"infrastructure","subtype":"barrier","class":"kerb","name":""},"geometry":{"type":"Point","coordinates":[54.580193,24.4285908]}},{"type":"Feature","properties":{"layer":"infrastructure","subtype":"transportation","class":"crossing","name":""},"geometry":{"type":"Point","coordinates":[54.5801797,24.4286138]}},{"type":"Feature","properties":{"layer":"infrastructure","subtype":"barrier","class":"kerb","name":""},"geometry":{"type":"Point","coordinates":[54.5792935,24.4286419]}},{"type":"Feature","properties":{"layer":"infrastructure","subtype":"transportation","class":"crossing","name":""},"geometry":{"type":"Point","coordinates":[54.5793319,24.4286572]}},{"type":"Feature","properties":{"layer":"infrastructure","subtype":"barrier","class":"kerb","name":""},"geometry":{"type":"Point","coordinates":[54.5793917,24.4286693]}},{"type":"Feature","properties":{"layer":"infrastructure","subtype":"barrier","class":"kerb","name":""},"geometry":{"type":"Point","coordinates":[54.5809996,24.4283662]}},{"type":"Feature","properties":{"layer":"infrastructure","subtype":"transportation","class":"crossing","name":""},"geometry":{"type":"Point","coordinates":[54.5809442,24.4283505]}},{"type":"Feature","properties":{"layer":"infrastructure","subtype":"transportation","class":"crossing","name":""},"geometry":{"type":"Point","coordinates":[54.5808326,24.4283182]}},{"type":"Feature","properties":{"layer":"infrastructure","subtype":"barrier","class":"kerb","name":""},"geometry":{"type":"Point","coordinates":[54.580783,24.4283005]}},{"type":"Feature","properties":{"layer":"infrastructure","subtype":"barrier","class":"kerb","name":""},"geometry":{"type":"Point","coordinates":[54.5782179,24.4283361]}},{"type":"Feature","properties":{"layer":"infrastructure","subtype":"barrier","class":"kerb","name":""},"geometry":{"type":"Point","coordinates":[54.5780929,24.4283087]}},{"type":"Feature","properties":{"layer":"infrastructure","subtype":"transportation","class":"crossing","name":""},"geometry":{"type":"Point","coordinates":[54.5781625,24.4283109]}},{"type":"Feature","properties":{"layer":"infrastructure","subtype":"barrier","class":"wall","name":""},"geometry":{"type":"LineString","coordinates":[[54.5772496,24.4286929],[54.577827,24.4288541],[54.5780053,24.4283305],[54.5775906,24.4282108],[54.5775018,24.4281867],[54.5774658,24.4281769],[54.5774214,24.4281634],[54.5773629,24.4283438],[54.5773258,24.4284579],[54.5772496,24.4286929]]}},{"type":"Feature","properties":{"layer":"infrastructure","subtype":"transportation","class":"crossing","name":""},"geometry":{"type":"Point","coordinates":[54.5737977,24.4285655]}},{"type":"Feature","properties":{"layer":"infrastructure","subtype":"barrier","class":"kerb","name":""},"geometry":{"type":"Point","coordinates":[54.5737128,24.4285613]}},{"type":"Feature","properties":{"layer":"infrastructure","subtype":"barrier","class":"wall","name":""},"geometry":{"type":"LineString","coordinates":[[54.5726607,24.4285817],[54.5731085,24.4286981],[54.5731967,24.4284343],[54.5727488,24.4283082],[54.5726607,24.4285817]]}},{"type":"Feature","properties":{"layer":"infrastructure","subtype":"barrier","class":"wall","name":""},"geometry":{"type":"LineString","coordinates":[[54.5710236,24.4286439],[54.5714788,24.4287623],[54.5716192,24.42836],[54.5711613,24.4282257],[54.5710236,24.4286439]]}},{"type":"Feature","properties":{"layer":"infrastructure","subtype":"barrier","class":"wall","name":""},"geometry":{"type":"LineString","coordinates":[[54.5703088,24.4284351],[54.5707533,24.4285681],[54.5708922,24.4281634],[54.5704512,24.4280382],[54.5703088,24.4284351]]}},{"type":"Feature","properties":{"layer":"infrastructure","subtype":"transportation","class":"crossing","name":""},"geometry":{"type":"Point","coordinates":[54.5695503,24.4283072]}},{"type":"Feature","properties":{"layer":"infrastructure","subtype":"barrier","class":"wall","name":""},"geometry":{"type":"LineString","coordinates":[[54.5687554,24.4287853],[54.5692168,24.4289249],[54.5693883,24.428398],[54.5689336,24.4282646],[54.5687554,24.4287853]]}},{"type":"Feature","properties":{"layer":"infrastructure","subtype":"barrier","class":"wall","name":""},"geometry":{"type":"LineString","coordinates":[[54.5697241,24.4287245],[54.5701565,24.4288465],[54.5702914,24.4284503],[54.5698591,24.4283283],[54.5697241,24.4287245]]}},{"type":"Feature","properties":{"layer":"infrastructure","subtype":"barrier","class":"wall","name":""},"geometry":{"type":"LineString","coordinates":[[54.5714964,24.4287696],[54.5719361,24.4288991],[54.5720751,24.4284931],[54.5716373,24.4283649],[54.5714964,24.4287696]]}},{"type":"Feature","properties":{"layer":"infrastructure","subtype":"barrier","class":"wall","name":""},"geometry":{"type":"LineString","coordinates":[[54.570164,24.4288579],[54.5706171,24.4289897],[54.5707581,24.4285776],[54.5703037,24.4284507],[54.570164,24.4288579]]}},{"type":"Feature","properties":{"layer":"infrastructure","subtype":"barrier","class":"wall","name":""},"geometry":{"type":"LineString","coordinates":[[54.5725789,24.4288699],[54.573008,24.4289887],[54.5730961,24.4287249],[54.572667,24.4286061],[54.5725789,24.4288699]]}},{"type":"Feature","properties":{"layer":"infrastructure","subtype":"transit","class":"parking","name":""},"geometry":{"type":"Polygon","coordinates":[[[54.5639391,24.4296358],[54.5639747,24.4295298],[54.5643815,24.4283208],[54.5644485,24.4281219],[54.5640214,24.4279757],[54.5636082,24.4292066],[54.5636465,24.4294548],[54.5637682,24.4295828],[54.5639391,24.4296358]]]}},{"type":"Feature","properties":{"layer":"infrastructure","subtype":"transportation","class":"crossing","name":""},"geometry":{"type":"Point","coordinates":[54.5609448,24.4285791]}},{"type":"Feature","properties":{"layer":"infrastructure","subtype":"transportation","class":"crossing","name":""},"geometry":{"type":"Point","coordinates":[54.5609749,24.4285891]}},{"type":"Feature","properties":{"layer":"infrastructure","subtype":"transportation","class":"crossing","name":""},"geometry":{"type":"Point","coordinates":[54.5608545,24.4285493]}},{"type":"Feature","properties":{"layer":"infrastructure","subtype":"barrier","class":"wall","name":""},"geometry":{"type":"LineString","coordinates":[[54.5700044,24.4278819],[54.5704368,24.428004],[54.5705717,24.4276078],[54.5701394,24.4274857],[54.5700044,24.4278819]]}},{"type":"Feature","properties":{"layer":"infrastructure","subtype":"barrier","class":"wall","name":""},"geometry":{"type":"LineString","coordinates":[[54.5717787,24.4279241],[54.5722231,24.428048],[54.5723581,24.4276518],[54.5719109,24.4275248],[54.5717787,24.4279241]]}},{"type":"Feature","properties":{"layer":"infrastructure","subtype":"barrier","class":"wall","name":""},"geometry":{"type":"LineString","coordinates":[[54.5704698,24.4280211],[54.5709021,24.4281432],[54.5710371,24.427747],[54.5706047,24.4276249],[54.5704698,24.4280211]]}},{"type":"Feature","properties":{"layer":"infrastructure","subtype":"transportation","class":"crossing","name":""},"geometry":{"type":"Point","coordinates":[54.5640437,24.4279094]}},{"type":"Feature","properties":{"layer":"infrastructure","subtype":"transportation","class":"crossing","name":""},"geometry":{"type":"Point","coordinates":[54.5638406,24.4279586]}},{"type":"Feature","properties":{"layer":"infrastructure","subtype":"barrier","class":"gate","name":""},"geometry":{"type":"Point","coordinates":[54.5666278,24.42809]}},{"type":"Feature","properties":{"layer":"infrastructure","subtype":"barrier","class":"wall","name":""},"geometry":{"type":"LineString","coordinates":[[54.5716486,24.4283508],[54.572081,24.4284729],[54.5722159,24.4280767],[54.5717835,24.4279546],[54.5716486,24.4283508]]}},{"type":"Feature","properties":{"layer":"infrastructure","subtype":"transportation","class":"crossing","name":""},"geometry":{"type":"Point","coordinates":[54.572714,24.4281703]}},{"type":"Feature","properties":{"layer":"infrastructure","subtype":"barrier","class":"wall","name":""},"geometry":{"type":"LineString","coordinates":[[54.5711926,24.4282312],[54.571625,24.4283532],[54.5717599,24.427957],[54.5713276,24.427835],[54.5711926,24.4282312]]}},{"type":"Feature","properties":{"layer":"infrastructure","subtype":"barrier","class":"wall","name":""},"geometry":{"type":"LineString","coordinates":[[54.5734383,24.4282236],[54.5735447,24.4282539],[54.5735847,24.4282642],[54.5740133,24.4283848],[54.5741926,24.4278593],[54.5736186,24.4276945],[54.5734383,24.4282236]]}},{"type":"Feature","properties":{"layer":"infrastructure","subtype":"barrier","class":"wall","name":""},"geometry":{"type":"LineString","coordinates":[[54.5754281,24.4282239],[54.5759427,24.4283733],[54.5760085,24.4283915],[54.5760276,24.4283342],[54.576031,24.4283192],[54.5761602,24.4279367],[54.5761765,24.4278862],[54.5761839,24.4278586],[54.5761512,24.4278513],[54.5759351,24.4277907],[54.575841,24.4277653],[54.575666,24.4277166],[54.5756002,24.4276982],[54.5755847,24.4277444],[54.5755467,24.4278576],[54.5755426,24.4278693],[54.5755336,24.4278989],[54.5754281,24.4282239]]}},{"type":"Feature","properties":{"layer":"infrastructure","subtype":"barrier","class":"wall","name":""},"geometry":{"type":"LineString","coordinates":[[54.5740357,24.428396],[54.5740724,24.4284067],[54.5742861,24.4284652],[54.574317,24.4284734],[54.5743421,24.4284803],[54.5746153,24.428555],[54.5747406,24.4281989],[54.5747773,24.4280957],[54.5748007,24.4280286],[54.5745533,24.4279632],[54.5745057,24.4279499],[54.5742186,24.4278739],[54.5740855,24.4282539],[54.5740744,24.4282855],[54.5740357,24.428396]]}},{"type":"Feature","properties":{"layer":"infrastructure","subtype":"barrier","class":"wall","name":""},"geometry":{"type":"LineString","coordinates":[[54.5760441,24.4283523],[54.5766151,24.4285135],[54.5767934,24.4279898],[54.5762224,24.4278286],[54.5760441,24.4283523]]}},{"type":"Feature","properties":{"layer":"infrastructure","subtype":"transportation","class":"crossing","name":""},"geometry":{"type":"Point","coordinates":[54.5790151,24.4281224]}},{"type":"Feature","properties":{"layer":"infrastructure","subtype":"transportation","class":"crossing","name":""},"geometry":{"type":"Point","coordinates":[54.5780744,24.4278465]}},{"type":"Feature","properties":{"layer":"infrastructure","subtype":"barrier","class":"wall","name":""},"geometry":{"type":"LineString","coordinates":[[54.5728334,24.4280539],[54.5734146,24.428216],[54.5736009,24.427662],[54.5730178,24.4275138],[54.5728334,24.4280539]]}},{"type":"Feature","properties":{"layer":"infrastructure","subtype":"barrier","class":"wall","name":""},"geometry":{"type":"LineString","coordinates":[[54.5748283,24.4280109],[54.5753769,24.4281629],[54.5754075,24.4281717],[54.5754171,24.4281438],[54.5754383,24.4280844],[54.5754647,24.4280038],[54.5754971,24.4279178],[54.5755524,24.4277504],[54.5755635,24.4277168],[54.5755794,24.4276687],[54.5755886,24.4276478],[54.5752943,24.4275655],[54.5752715,24.4275593],[54.5752271,24.4275462],[54.575009,24.4274848],[54.5748877,24.4278359],[54.574858,24.4279251],[54.574848,24.4279551],[54.5748283,24.4280109]]}},{"type":"Feature","properties":{"layer":"infrastructure","subtype":"barrier","class":"gate","name":""},"geometry":{"type":"Point","coordinates":[54.5759351,24.4277907]}},{"type":"Feature","properties":{"layer":"infrastructure","subtype":"barrier","class":"wall","name":""},"geometry":{"type":"LineString","coordinates":[[54.5787617,24.4279678],[54.5789314,24.4280156],[54.5790058,24.4280368],[54.5790394,24.4280462],[54.5790772,24.4280571],[54.5791458,24.428076],[54.5793327,24.4281289],[54.5795019,24.4275998],[54.57894,24.4274441],[54.5787617,24.4279678]]}},{"type":"Feature","properties":{"layer":"infrastructure","subtype":"barrier","class":"wall","name":""},"geometry":{"type":"LineString","coordinates":[[54.5781433,24.4277918],[54.5782119,24.4278103],[54.5785092,24.4278958],[54.5786076,24.427923],[54.5787289,24.4279565],[54.5788637,24.4275522],[54.5789011,24.4274227],[54.5783259,24.4272505],[54.5781819,24.4276734],[54.5781433,24.4277918]]}},{"type":"Feature","properties":{"layer":"infrastructure","subtype":"transportation","class":"crossing","name":""},"geometry":{"type":"Point","coordinates":[54.5752943,24.4275655]}},{"type":"Feature","properties":{"layer":"infrastructure","subtype":"barrier","class":"wall","name":""},"geometry":{"type":"LineString","coordinates":[[54.5713334,24.4277953],[54.5717658,24.4279173],[54.5719008,24.4275211],[54.5714684,24.427399],[54.5713334,24.4277953]]}},{"type":"Feature","properties":{"layer":"infrastructure","subtype":"barrier","class":"lift_gate","name":""},"geometry":{"type":"Point","coordinates":[54.5645052,24.4276576]}},{"type":"Feature","properties":{"layer":"infrastructure","subtype":"barrier","class":"gate","name":""},"geometry":{"type":"Point","coordinates":[54.5666606,24.4276356]}},{"type":"Feature","properties":{"layer":"infrastructure","subtype":"transportation","class":"crossing","name":""},"geometry":{"type":"Point","coordinates":[54.5642656,24.4275936]}},{"type":"Feature","properties":{"layer":"infrastructure","subtype":"barrier","class":"lift_gate","name":""},"geometry":{"type":"Point","coordinates":[54.564548,24.4275155]}},{"type":"Feature","properties":{"layer":"infrastructure","subtype":"barrier","class":"wall","name":""},"geometry":{"type":"LineString","coordinates":[[54.5719193,24.4275057],[54.5723657,24.4276281],[54.5725024,24.4272149],[54.5720561,24.4270925],[54.5719193,24.4275057]]}},{"type":"Feature","properties":{"layer":"infrastructure","subtype":"transportation","class":"crossing","name":""},"geometry":{"type":"Point","coordinates":[54.5643176,24.4274381]}},{"type":"Feature","properties":{"layer":"infrastructure","subtype":"barrier","class":"wall","name":""},"geometry":{"type":"LineString","coordinates":[[54.5671973,24.4274965],[54.5676436,24.4276202],[54.5677985,24.4271568],[54.5673522,24.4270331],[54.5671973,24.4274965]]}},{"type":"Feature","properties":{"layer":"infrastructure","subtype":"barrier","class":"kerb","name":""},"geometry":{"type":"Point","coordinates":[54.5699925,24.4272081]}},{"type":"Feature","properties":{"layer":"infrastructure","subtype":"barrier","class":"wall","name":""},"geometry":{"type":"LineString","coordinates":[[54.568736,24.4274009],[54.5691911,24.4275285],[54.5693496,24.4270582],[54.5691201,24.4269935],[54.5688982,24.4269289],[54.568736,24.4274009]]}},{"type":"Feature","properties":{"layer":"infrastructure","subtype":"transportation","class":"crossing","name":""},"geometry":{"type":"Point","coordinates":[54.5700475,24.427262]}},{"type":"Feature","properties":{"layer":"infrastructure","subtype":"barrier","class":"kerb","name":""},"geometry":{"type":"Point","coordinates":[54.5755934,24.4271943]}},{"type":"Feature","properties":{"layer":"infrastructure","subtype":"barrier","class":"wall","name":""},"geometry":{"type":"LineString","coordinates":[[54.5769357,24.427452],[54.5769712,24.4274627],[54.5770027,24.4274722],[54.5770622,24.4274876],[54.5770944,24.4274977],[54.5771525,24.4275137],[54.5771722,24.4275194],[54.5772076,24.4275297],[54.5772483,24.4275418],[54.5772846,24.4275513],[54.5772985,24.4275558],[54.5773553,24.427573],[54.577394,24.4275837],[54.5774475,24.4275997],[54.5775218,24.4276211],[54.5775242,24.4276125],[54.5775496,24.4275361],[54.5776909,24.4270957],[54.5774418,24.4270208],[54.5774057,24.4270106],[54.577375,24.4270019],[54.5771229,24.4269262],[54.5769663,24.4273682],[54.5769357,24.427452]]}},{"type":"Feature","properties":{"layer":"infrastructure","subtype":"barrier","class":"wall","name":""},"geometry":{"type":"LineString","coordinates":[[54.577541,24.4276246],[54.5779033,24.4277263],[54.5779343,24.4277351],[54.578118,24.4277867],[54.5782855,24.4272874],[54.5782932,24.4272624],[54.5782567,24.4272532],[54.5781417,24.42722],[54.5779767,24.4271735],[54.5777213,24.427101],[54.577541,24.4276246]]}},{"type":"Feature","properties":{"layer":"infrastructure","subtype":"barrier","class":"kerb","name":""},"geometry":{"type":"Point","coordinates":[54.5810026,24.427361]}},{"type":"Feature","properties":{"layer":"infrastructure","subtype":"barrier","class":"wall","name":""},"geometry":{"type":"LineString","coordinates":[[54.5824526,24.427545],[54.5824251,24.4275369],[54.5823094,24.4275063],[54.5820151,24.427425],[54.5821065,24.4271565],[54.5824583,24.4272536],[54.5825457,24.4272778],[54.5825351,24.4273096],[54.5824526,24.427545]]}},{"type":"Feature","properties":{"layer":"infrastructure","subtype":"transportation","class":"crossing","name":""},"geometry":{"type":"Point","coordinates":[54.5810208,24.4272874]}},{"type":"Feature","properties":{"layer":"infrastructure","subtype":"barrier","class":"wall","name":""},"geometry":{"type":"LineString","coordinates":[[54.5789398,24.4274207],[54.5795098,24.427581],[54.5796992,24.4270463],[54.5795685,24.4270077],[54.5794722,24.4269781],[54.5791191,24.4268732],[54.5789398,24.4274207]]}},{"type":"Feature","properties":{"layer":"infrastructure","subtype":"barrier","class":"kerb","name":""},"geometry":{"type":"Point","coordinates":[54.5810388,24.4272489]}},{"type":"Feature","properties":{"layer":"infrastructure","subtype":"barrier","class":"wall","name":""},"geometry":{"type":"LineString","coordinates":[[54.5819952,24.4274168],[54.5815678,24.4272961],[54.5816559,24.4270375],[54.5820833,24.4271582],[54.5819952,24.4274168]]}},{"type":"Feature","properties":{"layer":"infrastructure","subtype":"barrier","class":"wall","name":""},"geometry":{"type":"LineString","coordinates":[[54.5825585,24.4272579],[54.5821087,24.4271319],[54.5821964,24.4268721],[54.5825495,24.426971],[54.5826058,24.4269868],[54.5826463,24.4269981],[54.5825585,24.4272579]]}},{"type":"Feature","properties":{"layer":"infrastructure","subtype":"barrier","class":"wall","name":""},"geometry":{"type":"LineString","coordinates":[[54.5783354,24.4272323],[54.5788072,24.4273764],[54.5788828,24.4273982],[54.5789196,24.42741],[54.5790315,24.4270524],[54.5790644,24.4269487],[54.5790878,24.4268735],[54.5790609,24.4268662],[54.5789865,24.4268464],[54.5785217,24.4267215],[54.5783354,24.4272323]]}},{"type":"Feature","properties":{"layer":"infrastructure","subtype":"transportation","class":"crossing","name":""},"geometry":{"type":"Point","coordinates":[54.5755509,24.4271805]}},{"type":"Feature","properties":{"layer":"infrastructure","subtype":"transportation","class":"crossing","name":""},"geometry":{"type":"Point","coordinates":[54.5736498,24.4270826]}},{"type":"Feature","properties":{"layer":"infrastructure","subtype":"barrier","class":"wall","name":""},"geometry":{"type":"LineString","coordinates":[[54.5763332,24.4272834],[54.5763944,24.4273003],[54.5765697,24.4273474],[54.5766215,24.4273621],[54.5766829,24.4273795],[54.5769138,24.4274417],[54.576928,24.4274058],[54.5769584,24.4273078],[54.5770961,24.4269144],[54.5765149,24.4267578],[54.5764107,24.4270518],[54.576353,24.4272241],[54.5763332,24.4272834]]}},{"type":"Feature","properties":{"layer":"infrastructure","subtype":"barrier","class":"wall","name":""},"geometry":{"type":"LineString","coordinates":[[54.5757388,24.4271172],[54.5759634,24.427175],[54.5760449,24.4271996],[54.5760594,24.4272056],[54.5761322,24.4272234],[54.5761483,24.4272296],[54.5762383,24.4272528],[54.5762679,24.4272638],[54.5763085,24.427278],[54.5763241,24.4272412],[54.5764881,24.4267547],[54.5760539,24.426615],[54.5759088,24.4265773],[54.5758615,24.4267283],[54.5757388,24.4271172]]}},{"type":"Feature","properties":{"layer":"infrastructure","subtype":"transportation","class":"crossing","name":""},"geometry":{"type":"Point","coordinates":[54.5797232,24.4269216]}},{"type":"Feature","properties":{"layer":"infrastructure","subtype":"barrier","class":"wall","name":""},"geometry":{"type":"LineString","coordinates":[[54.5833659,24.4271787],[54.5829274,24.4270449],[54.5829949,24.4268442],[54.5830197,24.4267768],[54.5831345,24.4268118],[54.583211,24.4268351],[54.5833312,24.4268738],[54.5834586,24.4269139],[54.5834494,24.4269402],[54.5833659,24.4271787]]}},{"type":"Feature","properties":{"layer":"infrastructure","subtype":"barrier","class":"wall","name":""},"geometry":{"type":"LineString","coordinates":[[54.5820891,24.4271262],[54.5816537,24.4270056],[54.5816744,24.4269403],[54.5817037,24.4268686],[54.5817478,24.4267365],[54.5821355,24.4268435],[54.5821846,24.4268591],[54.5821692,24.4268992],[54.5821003,24.4270791],[54.5820891,24.4271262]]}},{"type":"Feature","properties":{"layer":"infrastructure","subtype":"barrier","class":"wall","name":""},"geometry":{"type":"LineString","coordinates":[[54.5809827,24.4271277],[54.5805509,24.4270062],[54.5806622,24.4266598],[54.5806806,24.4266053],[54.5809238,24.4266735],[54.5810924,24.4267211],[54.5811221,24.4267297],[54.5811112,24.4267612],[54.5809827,24.4271277]]}},{"type":"Feature","properties":{"layer":"infrastructure","subtype":"barrier","class":"wall","name":""},"geometry":{"type":"LineString","coordinates":[[54.582183,24.4268375],[54.5821726,24.4268333],[54.5818581,24.4267444],[54.5818112,24.4267297],[54.5817498,24.4267135],[54.5817646,24.4266671],[54.5818403,24.4264489],[54.5822711,24.426569],[54.582183,24.4268375]]}},{"type":"Feature","properties":{"layer":"infrastructure","subtype":"barrier","class":"wall","name":""},"geometry":{"type":"LineString","coordinates":[[54.5771316,24.4269049],[54.5776743,24.4270573],[54.577707,24.4270668],[54.5777175,24.4270368],[54.5777331,24.4269937],[54.577764,24.4268983],[54.5777779,24.4268554],[54.5778121,24.4267499],[54.577872,24.4265763],[54.5778824,24.4265462],[54.5777723,24.4265146],[54.5772971,24.4263736],[54.5771316,24.4269049]]}},{"type":"Feature","properties":{"layer":"infrastructure","subtype":"transportation","class":"crossing","name":""},"geometry":{"type":"Point","coordinates":[54.5735106,24.4267335]}},{"type":"Feature","properties":{"layer":"infrastructure","subtype":"transportation","class":"crossing","name":""},"geometry":{"type":"Point","coordinates":[54.5734818,24.4268272]}},{"type":"Feature","properties":{"layer":"infrastructure","subtype":"transportation","class":"crossing","name":""},"geometry":{"type":"Point","coordinates":[54.5743858,24.4268313]}},{"type":"Feature","properties":{"layer":"infrastructure","subtype":"barrier","class":"kerb","name":""},"geometry":{"type":"Point","coordinates":[54.57435,24.4268252]}},{"type":"Feature","properties":{"layer":"infrastructure","subtype":"barrier","class":"wall","name":""},"geometry":{"type":"LineString","coordinates":[[54.5694389,24.4268027],[54.5700111,24.4269713],[54.5701441,24.4265595],[54.56958,24.4263994],[54.5694389,24.4268027]]}},{"type":"Feature","properties":{"layer":"infrastructure","subtype":"barrier","class":"wall","name":""},"geometry":{"type":"LineString","coordinates":[[54.5653712,24.4269785],[54.5657998,24.4270993],[54.5659566,24.4266382],[54.565528,24.4265174],[54.5653712,24.4269785]]}},{"type":"Feature","properties":{"layer":"infrastructure","subtype":"transportation","class":"crossing","name":""},"geometry":{"type":"Point","coordinates":[54.564681,24.4269359]}},{"type":"Feature","properties":{"layer":"infrastructure","subtype":"barrier","class":"wall","name":""},"geometry":{"type":"LineString","coordinates":[[54.5658393,24.4271099],[54.5662678,24.4272307],[54.5664246,24.4267696],[54.565996,24.4266488],[54.5658393,24.4271099]]}},{"type":"Feature","properties":{"layer":"infrastructure","subtype":"barrier","class":"wall","name":""},"geometry":{"type":"LineString","coordinates":[[54.5678442,24.4271433],[54.5682728,24.4272641],[54.5684296,24.426803],[54.568001,24.4266822],[54.5678442,24.4271433]]}},{"type":"Feature","properties":{"layer":"infrastructure","subtype":"transportation","class":"crossing","name":""},"geometry":{"type":"Point","coordinates":[54.5691294,24.4269662]}},{"type":"Feature","properties":{"layer":"infrastructure","subtype":"barrier","class":"wall","name":""},"geometry":{"type":"LineString","coordinates":[[54.5702792,24.4270526],[54.5707239,24.427175],[54.5708602,24.4267641],[54.5704155,24.4266417],[54.5702792,24.4270526]]}},{"type":"Feature","properties":{"layer":"infrastructure","subtype":"barrier","class":"wall","name":""},"geometry":{"type":"LineString","coordinates":[[54.5720576,24.4270822],[54.5725047,24.4272109],[54.5726397,24.426808],[54.5721925,24.426681],[54.5720576,24.4270822]]}},{"type":"Feature","properties":{"layer":"infrastructure","subtype":"barrier","class":"wall","name":""},"geometry":{"type":"LineString","coordinates":[[54.5707346,24.4271637],[54.5711824,24.4272955],[54.5713302,24.4268846],[54.5708797,24.4267479],[54.5707346,24.4271637]]}},{"type":"Feature","properties":{"layer":"infrastructure","subtype":"barrier","class":"kerb","name":""},"geometry":{"type":"Point","coordinates":[54.5700419,24.4270782]}},{"type":"Feature","properties":{"layer":"infrastructure","subtype":"transportation","class":"crossing","name":""},"geometry":{"type":"Point","coordinates":[54.5727753,24.4271406]}},{"type":"Feature","properties":{"layer":"infrastructure","subtype":"transportation","class":"crossing","name":""},"geometry":{"type":"Point","coordinates":[54.5728769,24.4271726]}},{"type":"Feature","properties":{"layer":"infrastructure","subtype":"transportation","class":"crossing","name":""},"geometry":{"type":"Point","coordinates":[54.5700261,24.4271197]}},{"type":"Feature","properties":{"layer":"infrastructure","subtype":"transportation","class":"crossing","name":""},"geometry":{"type":"Point","coordinates":[54.56963,24.4271275]}},{"type":"Feature","properties":{"layer":"infrastructure","subtype":"barrier","class":"wall","name":""},"geometry":{"type":"LineString","coordinates":[[54.5662973,24.4272394],[54.5667272,24.427361],[54.5668893,24.4268862],[54.5664594,24.4267645],[54.5662973,24.4272394]]}},{"type":"Feature","properties":{"layer":"infrastructure","subtype":"barrier","class":"wall","name":""},"geometry":{"type":"LineString","coordinates":[[54.5601288,24.4270233],[54.5605797,24.4271474],[54.5607119,24.4267459],[54.560265,24.4266035],[54.5601288,24.4270233]]}},{"type":"Feature","properties":{"layer":"infrastructure","subtype":"barrier","class":"wall","name":""},"geometry":{"type":"LineString","coordinates":[[54.5604489,24.4275632],[54.560885,24.4276928],[54.5610287,24.4272919],[54.5605926,24.4271623],[54.5604489,24.4275632]]}},{"type":"Feature","properties":{"layer":"infrastructure","subtype":"barrier","class":"wall","name":""},"geometry":{"type":"LineString","coordinates":[[54.56,24.427897813594953],[54.5602888,24.4279816],[54.560425,24.4275923],[54.56,24.427468999369307]]}},{"type":"Feature","properties":{"layer":"infrastructure","subtype":"barrier","class":"wall","name":""},"geometry":{"type":"LineString","coordinates":[[54.5605537,24.4257626],[54.5609818,24.4258868],[54.561118,24.4254975],[54.56069,24.4253733],[54.5606223,24.4255667],[54.5605537,24.4257626]]}},{"type":"Feature","properties":{"layer":"infrastructure","subtype":"barrier","class":"wall","name":""},"geometry":{"type":"LineString","coordinates":[[54.5610124,24.4258923],[54.5614591,24.4260172],[54.5615954,24.425613],[54.5611487,24.4254881],[54.5610124,24.4258923]]}},{"type":"Feature","properties":{"layer":"infrastructure","subtype":"barrier","class":"wall","name":""},"geometry":{"type":"LineString","coordinates":[[54.56,24.42606330785047],[54.5601292,24.4261008],[54.5602655,24.4257115],[54.56,24.425634473370707]]}},{"type":"Feature","properties":{"layer":"infrastructure","subtype":"barrier","class":"wall","name":""},"geometry":{"type":"LineString","coordinates":[[54.5604059,24.4261819],[54.5608533,24.426311],[54.5609924,24.4259113],[54.560545,24.4257822],[54.5604059,24.4261819]]}},{"type":"Feature","properties":{"layer":"infrastructure","subtype":"barrier","class":"wall","name":""},"geometry":{"type":"LineString","coordinates":[[54.5607201,24.4267351],[54.5611656,24.4268604],[54.5613018,24.4264455],[54.5608502,24.4263322],[54.5607201,24.4267351]]}},{"type":"Feature","properties":{"layer":"infrastructure","subtype":"barrier","class":"wall","name":""},"geometry":{"type":"LineString","coordinates":[[54.56,24.426495867791843],[54.5601349,24.4261109],[54.56,24.426071725366196]]}},{"type":"Feature","properties":{"layer":"infrastructure","subtype":"barrier","class":"wall","name":""},"geometry":{"type":"LineString","coordinates":[[54.5608747,24.4263103],[54.5613092,24.4264371],[54.5614478,24.4260431],[54.5610133,24.4259163],[54.5608747,24.4263103]]}},{"type":"Feature","properties":{"layer":"infrastructure","subtype":"barrier","class":"wall","name":""},"geometry":{"type":"LineString","coordinates":[[54.5649708,24.4263324],[54.5655114,24.4264839],[54.5656674,24.4260223],[54.5653847,24.4259431],[54.5651268,24.4258708],[54.5649708,24.4263324]]}},{"type":"Feature","properties":{"layer":"infrastructure","subtype":"barrier","class":"wall","name":""},"geometry":{"type":"LineString","coordinates":[[54.567608,24.4262898],[54.5680504,24.4264148],[54.5681857,24.4260178],[54.5677433,24.4258928],[54.567608,24.4262898]]}},{"type":"Feature","properties":{"layer":"infrastructure","subtype":"transportation","class":"crossing","name":""},"geometry":{"type":"Point","coordinates":[54.5704384,24.4261183]}},{"type":"Feature","properties":{"layer":"infrastructure","subtype":"transportation","class":"crossing","name":""},"geometry":{"type":"Point","coordinates":[54.5731174,24.4261176]}},{"type":"Feature","properties":{"layer":"infrastructure","subtype":"barrier","class":"wall","name":""},"geometry":{"type":"LineString","coordinates":[[54.5680734,24.4264097],[54.5682801,24.4264706],[54.5685108,24.4265376],[54.5686471,24.4261483],[54.5682089,24.426021],[54.5680734,24.4264097]]}},{"type":"Feature","properties":{"layer":"infrastructure","subtype":"barrier","class":"wall","name":""},"geometry":{"type":"LineString","coordinates":[[54.5695816,24.4263885],[54.5701432,24.4265538],[54.5702841,24.4261507],[54.5697259,24.4259872],[54.5695816,24.4263885]]}},{"type":"Feature","properties":{"layer":"infrastructure","subtype":"barrier","class":"wall","name":""},"geometry":{"type":"LineString","coordinates":[[54.5655375,24.4264925],[54.5659661,24.4266133],[54.5661229,24.4261522],[54.5656943,24.4260314],[54.5655375,24.4264925]]}},{"type":"Feature","properties":{"layer":"infrastructure","subtype":"transportation","class":"crossing","name":""},"geometry":{"type":"Point","coordinates":[54.5672876,24.4262825]}},{"type":"Feature","properties":{"layer":"infrastructure","subtype":"transportation","class":"crossing","name":""},"geometry":{"type":"Point","coordinates":[54.5666419,24.4262589]}},{"type":"Feature","properties":{"layer":"infrastructure","subtype":"barrier","class":"wall","name":""},"geometry":{"type":"LineString","coordinates":[[54.5659841,24.4266173],[54.566432,24.4267427],[54.5665889,24.4262782],[54.5661411,24.4261527],[54.5659841,24.4266173]]}},{"type":"Feature","properties":{"layer":"infrastructure","subtype":"transportation","class":"crossing","name":""},"geometry":{"type":"Point","coordinates":[54.567259,24.4264428]}},{"type":"Feature","properties":{"layer":"infrastructure","subtype":"barrier","class":"wall","name":""},"geometry":{"type":"LineString","coordinates":[[54.5664535,24.4267465],[54.5668821,24.4268673],[54.5670389,24.4264062],[54.5666311,24.4262913],[54.5666103,24.4262854],[54.5664535,24.4267465]]}},{"type":"Feature","properties":{"layer":"infrastructure","subtype":"barrier","class":"wall","name":""},"geometry":{"type":"LineString","coordinates":[[54.568987,24.4266721],[54.5694262,24.4268005],[54.5695644,24.4264083],[54.5691252,24.42628],[54.568987,24.4266721]]}},{"type":"Feature","properties":{"layer":"infrastructure","subtype":"transportation","class":"crossing","name":""},"geometry":{"type":"Point","coordinates":[54.5682542,24.4265505]}},{"type":"Feature","properties":{"layer":"infrastructure","subtype":"transportation","class":"crossing","name":""},"geometry":{"type":"Point","coordinates":[54.5725001,24.4265483]}},{"type":"Feature","properties":{"layer":"infrastructure","subtype":"transportation","class":"crossing","name":""},"geometry":{"type":"Point","coordinates":[54.5725351,24.4264465]}},{"type":"Feature","properties":{"layer":"infrastructure","subtype":"transportation","class":"crossing","name":""},"geometry":{"type":"Point","coordinates":[54.5716159,24.4264511]}},{"type":"Feature","properties":{"layer":"infrastructure","subtype":"barrier","class":"kerb","name":""},"geometry":{"type":"Point","coordinates":[54.5715623,24.4264392]}},{"type":"Feature","properties":{"layer":"infrastructure","subtype":"barrier","class":"kerb","name":""},"geometry":{"type":"Point","coordinates":[54.5716687,24.4264662]}},{"type":"Feature","properties":{"layer":"infrastructure","subtype":"barrier","class":"wall","name":""},"geometry":{"type":"LineString","coordinates":[[54.5704275,24.4266312],[54.5708707,24.4267558],[54.571013,24.4263358],[54.5705698,24.4262113],[54.5704275,24.4266312]]}},{"type":"Feature","properties":{"layer":"infrastructure","subtype":"barrier","class":"wall","name":""},"geometry":{"type":"LineString","coordinates":[[54.5685374,24.4265453],[54.5689655,24.4266694],[54.5691044,24.4262662],[54.5686744,24.4261462],[54.5685374,24.4265453]]}},{"type":"Feature","properties":{"layer":"infrastructure","subtype":"barrier","class":"wall","name":""},"geometry":{"type":"LineString","coordinates":[[54.5759157,24.4265594],[54.5759358,24.4265647],[54.5760732,24.4266047],[54.576443,24.4267095],[54.5764966,24.4267245],[54.5765605,24.4265357],[54.5765921,24.4264359],[54.5766748,24.4261962],[54.5766315,24.4261838],[54.5760995,24.4260336],[54.5759157,24.4265594]]}},{"type":"Feature","properties":{"layer":"infrastructure","subtype":"barrier","class":"gate","name":""},"geometry":{"type":"Point","coordinates":[54.5782887,24.4263987]}},{"type":"Feature","properties":{"layer":"infrastructure","subtype":"barrier","class":"wall","name":""},"geometry":{"type":"LineString","coordinates":[[54.5765208,24.4267278],[54.577094,24.4268945],[54.5772729,24.4263927],[54.5772822,24.4263661],[54.5772212,24.4263485],[54.5767012,24.4262051],[54.5765208,24.4267278]]}},{"type":"Feature","properties":{"layer":"infrastructure","subtype":"barrier","class":"wall","name":""},"geometry":{"type":"LineString","coordinates":[[54.5797939,24.4268028],[54.5793526,24.4266735],[54.5794894,24.4262729],[54.5799414,24.4264036],[54.5798807,24.4265635],[54.5798528,24.4266477],[54.5797939,24.4268028]]}},{"type":"Feature","properties":{"layer":"infrastructure","subtype":"transportation","class":"crossing","name":""},"geometry":{"type":"Point","coordinates":[54.5787617,24.4265297]}},{"type":"Feature","properties":{"layer":"infrastructure","subtype":"barrier","class":"wall","name":""},"geometry":{"type":"LineString","coordinates":[[54.5827342,24.4266695],[54.5823068,24.4265488],[54.5823949,24.4262902],[54.5828223,24.4264108],[54.5827342,24.4266695]]}},{"type":"Feature","properties":{"layer":"infrastructure","subtype":"barrier","class":"wall","name":""},"geometry":{"type":"LineString","coordinates":[[54.5811251,24.4267138],[54.5810803,24.4266993],[54.5810185,24.4266812],[54.5809541,24.426664],[54.5807772,24.426613],[54.5807193,24.4265967],[54.5806811,24.4265859],[54.5806987,24.4265342],[54.5807313,24.4264384],[54.5808117,24.426185],[54.5810586,24.4262546],[54.5811982,24.4262958],[54.5812637,24.4263138],[54.5812327,24.4264049],[54.5812122,24.426465],[54.5811659,24.4266085],[54.5811251,24.4267138]]}},{"type":"Feature","properties":{"layer":"infrastructure","subtype":"barrier","class":"wall","name":""},"geometry":{"type":"LineString","coordinates":[[54.5733761,24.4264487],[54.5735072,24.4264845],[54.5738125,24.4265732],[54.5739272,24.4262514],[54.5739713,24.4261183],[54.5737609,24.4260605],[54.5735694,24.4260062],[54.5735257,24.4259942],[54.5735037,24.4260608],[54.5734902,24.4261014],[54.5734755,24.4261478],[54.5733975,24.426384],[54.5733761,24.4264487]]}},{"type":"Feature","properties":{"layer":"infrastructure","subtype":"barrier","class":"wall","name":""},"geometry":{"type":"LineString","coordinates":[[54.5747095,24.4263097],[54.5751509,24.42643],[54.5751859,24.4263275],[54.5752113,24.4262568],[54.5752403,24.4261715],[54.574796,24.426046],[54.5747697,24.4261266],[54.574741,24.4262132],[54.5747095,24.4263097]]}},{"type":"Feature","properties":{"layer":"infrastructure","subtype":"transportation","class":"crossing","name":""},"geometry":{"type":"Point","coordinates":[54.5732232,24.4261469]}},{"type":"Feature","properties":{"layer":"infrastructure","subtype":"barrier","class":"wall","name":""},"geometry":{"type":"LineString","coordinates":[[54.5780326,24.4263274],[54.5782887,24.4263987],[54.578631,24.4264939],[54.5787437,24.4261617],[54.578757,24.4261154],[54.5788313,24.4258973],[54.5788124,24.4258912],[54.5786011,24.4258341],[54.5782329,24.4257308],[54.5780326,24.4263274]]}},{"type":"Feature","properties":{"layer":"infrastructure","subtype":"barrier","class":"wall","name":""},"geometry":{"type":"LineString","coordinates":[[54.5799575,24.4263716],[54.5798773,24.4263525],[54.5795162,24.4262485],[54.5795269,24.4262191],[54.5795783,24.4260596],[54.579649,24.4258504],[54.5800822,24.4259749],[54.5799765,24.4263054],[54.5799575,24.4263716]]}},{"type":"Feature","properties":{"layer":"infrastructure","subtype":"barrier","class":"wall","name":""},"geometry":{"type":"LineString","coordinates":[[54.5828388,24.4263875],[54.5824114,24.4262668],[54.5824671,24.4260978],[54.5824914,24.426034],[54.5825013,24.4260082],[54.5825249,24.4260157],[54.5828018,24.42609],[54.5828847,24.4261136],[54.5828958,24.426116],[54.5829281,24.4261243],[54.5829203,24.4261494],[54.5828388,24.4263875]]}},{"type":"Feature","properties":{"layer":"infrastructure","subtype":"barrier","class":"wall","name":""},"geometry":{"type":"LineString","coordinates":[[54.5812744,24.4262912],[54.5812266,24.4262769],[54.5810993,24.426242],[54.5808837,24.4261768],[54.5808365,24.4261638],[54.5808606,24.4260912],[54.5809021,24.4259595],[54.580966,24.425774],[54.5810341,24.4257934],[54.5810737,24.4258024],[54.5811448,24.425823],[54.5814058,24.4258907],[54.5812744,24.4262912]]}},{"type":"Feature","properties":{"layer":"infrastructure","subtype":"barrier","class":"wall","name":""},"geometry":{"type":"LineString","coordinates":[[54.5829302,24.4260919],[54.5828953,24.4260822],[54.5825026,24.4259713],[54.5825907,24.4257127],[54.5829984,24.4258249],[54.5830273,24.4258335],[54.583018,24.4258591],[54.5829461,24.4260442],[54.5829302,24.4260919]]}},{"type":"Feature","properties":{"layer":"infrastructure","subtype":"barrier","class":"wall","name":""},"geometry":{"type":"LineString","coordinates":[[54.5808093,24.4261592],[54.5807744,24.4261493],[54.5805834,24.4260929],[54.5805198,24.4260769],[54.5803745,24.4260336],[54.5805127,24.4256355],[54.5808971,24.425748],[54.5809427,24.4257602],[54.5808694,24.4259885],[54.5808617,24.4260094],[54.580843,24.4260642],[54.5808195,24.4261296],[54.5808093,24.4261592]]}},{"type":"Feature","properties":{"layer":"infrastructure","subtype":"barrier","class":"wall","name":""},"geometry":{"type":"LineString","coordinates":[[54.5774216,24.4261203],[54.5775048,24.4261432],[54.5780151,24.4262956],[54.5782218,24.4256999],[54.5780496,24.4256529],[54.5778623,24.4256015],[54.5776217,24.4255358],[54.5775152,24.4258433],[54.5774476,24.4260463],[54.5774366,24.4260751],[54.5774216,24.4261203]]}},{"type":"Feature","properties":{"layer":"infrastructure","subtype":"barrier","class":"wall","name":""},"geometry":{"type":"LineString","coordinates":[[54.5735493,24.4259401],[54.5739865,24.4260687],[54.5740766,24.4258246],[54.5738752,24.425771],[54.5737612,24.4257339],[54.5736245,24.4256981],[54.5735493,24.4259401]]}},{"type":"Feature","properties":{"layer":"infrastructure","subtype":"barrier","class":"wall","name":""},"geometry":{"type":"LineString","coordinates":[[54.5748055,24.4260301],[54.5749614,24.4260733],[54.5752133,24.4261465],[54.5752611,24.4261581],[54.5752727,24.4261182],[54.5753506,24.4258661],[54.574985,24.4257685],[54.5749024,24.4257454],[54.5748632,24.4258619],[54.5748561,24.4258789],[54.5748055,24.4260301]]}},{"type":"Feature","properties":{"layer":"infrastructure","subtype":"barrier","class":"wall","name":""},"geometry":{"type":"LineString","coordinates":[[54.5739966,24.4261095],[54.5744292,24.4262289],[54.5745138,24.4259907],[54.574523,24.4259642],[54.5744957,24.4259563],[54.5741187,24.4258494],[54.5740886,24.4258404],[54.5740789,24.4258674],[54.5739966,24.4261095]]}},{"type":"Feature","properties":{"layer":"infrastructure","subtype":"barrier","class":"wall","name":""},"geometry":{"type":"LineString","coordinates":[[54.5722256,24.4261282],[54.5724877,24.4261981],[54.5725455,24.4262149],[54.5728066,24.4262846],[54.5729868,24.4257667],[54.5724099,24.4256053],[54.5723985,24.4256355],[54.5723598,24.4257496],[54.5722256,24.4261282]]}},{"type":"Feature","properties":{"layer":"infrastructure","subtype":"barrier","class":"wall","name":""},"geometry":{"type":"LineString","coordinates":[[54.5686586,24.4261223],[54.5691162,24.42625],[54.5692516,24.4258479],[54.568794,24.4257202],[54.5686586,24.4261223]]}},{"type":"Feature","properties":{"layer":"infrastructure","subtype":"barrier","class":"wall","name":""},"geometry":{"type":"LineString","coordinates":[[54.5671507,24.4261447],[54.5673165,24.4261928],[54.5675942,24.426272],[54.5677271,24.4258747],[54.567287,24.4257554],[54.5671507,24.4261447]]}},{"type":"Feature","properties":{"layer":"infrastructure","subtype":"transportation","class":"crossing","name":""},"geometry":{"type":"Point","coordinates":[54.5653967,24.4259065]}},{"type":"Feature","properties":{"layer":"infrastructure","subtype":"barrier","class":"wall","name":""},"geometry":{"type":"LineString","coordinates":[[54.5662461,24.4258993],[54.5666727,24.4260227],[54.5668122,24.4256226],[54.5663856,24.4254992],[54.5662461,24.4258993]]}},{"type":"Feature","properties":{"layer":"infrastructure","subtype":"transportation","class":"crossing","name":""},"geometry":{"type":"Point","coordinates":[54.5650687,24.4258002]}},{"type":"Feature","properties":{"layer":"infrastructure","subtype":"transportation","class":"crossing","name":""},"geometry":{"type":"Point","coordinates":[54.5649935,24.4256992]}},{"type":"Feature","properties":{"layer":"infrastructure","subtype":"barrier","class":"wall","name":""},"geometry":{"type":"LineString","coordinates":[[54.5677556,24.4258663],[54.5682037,24.4259942],[54.56834,24.4256049],[54.568106,24.425537],[54.5678864,24.4254685],[54.5677556,24.4258663]]}},{"type":"Feature","properties":{"layer":"infrastructure","subtype":"transportation","class":"crossing","name":""},"geometry":{"type":"Point","coordinates":[54.5651142,24.4256524]}},{"type":"Feature","properties":{"layer":"infrastructure","subtype":"barrier","class":"wall","name":""},"geometry":{"type":"LineString","coordinates":[[54.5749121,24.4257312],[54.5753522,24.4258564],[54.5754399,24.4255965],[54.5749941,24.425466],[54.5749801,24.4255112],[54.5749711,24.4255402],[54.5749121,24.4257312]]}},{"type":"Feature","properties":{"layer":"infrastructure","subtype":"barrier","class":"wall","name":""},"geometry":{"type":"LineString","coordinates":[[54.5736362,24.4256864],[54.5740695,24.4258078],[54.5741565,24.4255416],[54.5737248,24.425418],[54.5736362,24.4256864]]}},{"type":"Feature","properties":{"layer":"infrastructure","subtype":"barrier","class":"wall","name":""},"geometry":{"type":"LineString","coordinates":[[54.5740912,24.4258103],[54.5741343,24.4258226],[54.5744184,24.4259049],[54.5745346,24.4259378],[54.5745551,24.4258778],[54.5746039,24.4257271],[54.5746238,24.4256681],[54.574511,24.4256367],[54.5742269,24.4255551],[54.5741838,24.4255428],[54.5740912,24.4258103]]}},{"type":"Feature","properties":{"layer":"infrastructure","subtype":"barrier","class":"wall","name":""},"geometry":{"type":"LineString","coordinates":[[54.5767966,24.4259484],[54.5773915,24.4261155],[54.5775915,24.4255319],[54.5770142,24.4253679],[54.5769139,24.4256407],[54.5768808,24.4257397],[54.5767966,24.4259484]]}},{"type":"Feature","properties":{"layer":"infrastructure","subtype":"barrier","class":"wall","name":""},"geometry":{"type":"LineString","coordinates":[[54.5800876,24.4259572],[54.5800137,24.4259359],[54.5799592,24.4259198],[54.579655,24.4258315],[54.5797203,24.4256366],[54.5797325,24.4256068],[54.5797457,24.4255665],[54.5797906,24.4254338],[54.5798417,24.4254482],[54.5798732,24.425457],[54.580223,24.4255592],[54.5801997,24.4256269],[54.5801773,24.4256944],[54.5801655,24.4257299],[54.5801473,24.4257813],[54.5800876,24.4259572]]}},{"type":"Feature","properties":{"layer":"infrastructure","subtype":"barrier","class":"wall","name":""},"geometry":{"type":"LineString","coordinates":[[54.5814059,24.4258614],[54.580978,24.4257454],[54.5811068,24.4253473],[54.581548,24.4254755],[54.5814774,24.4256678],[54.5814666,24.4256959],[54.5814059,24.4258614]]}},{"type":"Feature","properties":{"layer":"infrastructure","subtype":"barrier","class":"wall","name":""},"geometry":{"type":"LineString","coordinates":[[54.5796269,24.4258247],[54.5791984,24.4257021],[54.579256,24.4255336],[54.5792742,24.4254772],[54.5793332,24.4253046],[54.5797644,24.4254316],[54.5797076,24.4255921],[54.5796954,24.4256307],[54.5796269,24.4258247]]}},{"type":"Feature","properties":{"layer":"infrastructure","subtype":"barrier","class":"wall","name":""},"geometry":{"type":"LineString","coordinates":[[54.5809525,24.4257368],[54.5809167,24.4257274],[54.5808661,24.4257129],[54.580518,24.4256185],[54.5806575,24.4252204],[54.5809795,24.4253103],[54.5810854,24.4253402],[54.5810599,24.4254153],[54.5810455,24.4254568],[54.581002,24.4255902],[54.5809525,24.4257368]]}},{"type":"Feature","properties":{"layer":"infrastructure","subtype":"barrier","class":"wall","name":""},"geometry":{"type":"LineString","coordinates":[[54.5754667,24.4255695],[54.5757219,24.4256414],[54.5758998,24.4256946],[54.5759433,24.425574],[54.575991,24.425436],[54.5756427,24.4253295],[54.5755541,24.425306],[54.5755315,24.4253764],[54.5755246,24.4253953],[54.5754706,24.4255598],[54.5754667,24.4255695]]}},{"type":"Feature","properties":{"layer":"infrastructure","subtype":"barrier","class":"wall","name":""},"geometry":{"type":"LineString","coordinates":[[54.5741929,24.4255302],[54.5744836,24.4256099],[54.5746178,24.4256485],[54.5746373,24.4255922],[54.5747097,24.4254129],[54.5747215,24.4253772],[54.5746815,24.4253662],[54.5743313,24.4252654],[54.5742856,24.4252517],[54.5742354,24.4253905],[54.5741929,24.4255302]]}},{"type":"Feature","properties":{"layer":"infrastructure","subtype":"barrier","class":"wall","name":""},"geometry":{"type":"LineString","coordinates":[[54.5750056,24.4254474],[54.5751168,24.4254768],[54.5754406,24.4255656],[54.5755278,24.4253017],[54.5750942,24.4251809],[54.5750243,24.4253888],[54.5750056,24.4254474]]}},{"type":"Feature","properties":{"layer":"infrastructure","subtype":"barrier","class":"wall","name":""},"geometry":{"type":"LineString","coordinates":[[54.5737368,24.4254],[54.5738053,24.4254185],[54.574171,24.4255245],[54.5742658,24.4252505],[54.5738247,24.4251283],[54.573747,24.4253686],[54.5737368,24.4254]]}},{"type":"Feature","properties":{"layer":"infrastructure","subtype":"barrier","class":"wall","name":""},"geometry":{"type":"LineString","coordinates":[[54.5831278,24.4255236],[54.5830939,24.4255132],[54.5830193,24.4254912],[54.5827351,24.4254055],[54.5826962,24.4253943],[54.5827734,24.4251725],[54.5827898,24.4251253],[54.5828719,24.425149],[54.5832212,24.4252588],[54.5831871,24.4253567],[54.5831655,24.4254157],[54.5831278,24.4255236]]}},{"type":"Feature","properties":{"layer":"infrastructure","subtype":"barrier","class":"wall","name":""},"geometry":{"type":"LineString","coordinates":[[54.5826731,24.4253849],[54.5822457,24.4252643],[54.5823338,24.4250056],[54.5827612,24.4251263],[54.5826731,24.4253849]]}},{"type":"Feature","properties":{"layer":"infrastructure","subtype":"barrier","class":"wall","name":""},"geometry":{"type":"LineString","coordinates":[[54.5815579,24.4254524],[54.5813558,24.4253937],[54.5811694,24.4253359],[54.5811182,24.4253212],[54.5811326,24.4252796],[54.5811898,24.4251142],[54.5812556,24.424931],[54.5816202,24.4250323],[54.5816942,24.4250527],[54.5816165,24.4252862],[54.5815814,24.4253852],[54.5815579,24.4254524]]}},{"type":"Feature","properties":{"layer":"infrastructure","subtype":"barrier","class":"wall","name":""},"geometry":{"type":"LineString","coordinates":[[54.5797744,24.425409],[54.579607,24.4253592],[54.5795554,24.4253456],[54.5793412,24.4252821],[54.5794372,24.4249845],[54.5794544,24.4249336],[54.5794693,24.4248864],[54.5796923,24.4249454],[54.5797415,24.4249603],[54.5799126,24.4250055],[54.5797744,24.425409]]}},{"type":"Feature","properties":{"layer":"infrastructure","subtype":"barrier","class":"wall","name":""},"geometry":{"type":"LineString","coordinates":[[54.5810867,24.4253168],[54.580862,24.4252542],[54.5807924,24.4252344],[54.5806588,24.4251972],[54.5807849,24.4247954],[54.5809216,24.4248341],[54.581039,24.4248668],[54.5811852,24.4249074],[54.5812285,24.424921],[54.5811847,24.4250365],[54.5810867,24.4253168]]}},{"type":"Feature","properties":{"layer":"infrastructure","subtype":"barrier","class":"wall","name":""},"geometry":{"type":"LineString","coordinates":[[54.5738247,24.4251107],[54.573909,24.4251332],[54.5739601,24.4251468],[54.5742689,24.4252293],[54.5742788,24.4252034],[54.574347,24.4249961],[54.5743598,24.4249617],[54.5739589,24.4248454],[54.5739186,24.4248329],[54.5739076,24.4248623],[54.5738689,24.4249821],[54.5738477,24.425039],[54.5738247,24.4251107]]}},{"type":"Feature","properties":{"layer":"infrastructure","subtype":"transportation","class":"crossing","name":""},"geometry":{"type":"Point","coordinates":[54.57333,24.4251145]}},{"type":"Feature","properties":{"layer":"infrastructure","subtype":"transportation","class":"crossing","name":""},"geometry":{"type":"Point","coordinates":[54.5733269,24.4251233]}},{"type":"Feature","properties":{"layer":"infrastructure","subtype":"barrier","class":"wall","name":""},"geometry":{"type":"LineString","coordinates":[[54.5742938,24.425239],[54.5747264,24.4253576],[54.5747611,24.4252534],[54.5747803,24.4252028],[54.5748032,24.4251333],[54.5748171,24.425092],[54.5747655,24.4250776],[54.5743753,24.4249671],[54.5742938,24.425239]]}},{"type":"Feature","properties":{"layer":"infrastructure","subtype":"barrier","class":"gate","name":""},"geometry":{"type":"Point","coordinates":[54.5771682,24.4251268]}},{"type":"Feature","properties":{"layer":"infrastructure","subtype":"barrier","class":"wall","name":""},"geometry":{"type":"LineString","coordinates":[[54.5712146,24.4252289],[54.5713217,24.4252606],[54.5714811,24.4253045],[54.5717887,24.4253937],[54.5719593,24.4248914],[54.5719682,24.4248636],[54.571942,24.4248567],[54.5713876,24.4247041],[54.5712267,24.425191],[54.5712182,24.4252192],[54.5712146,24.4252289]]}},{"type":"Feature","properties":{"layer":"infrastructure","subtype":"barrier","class":"wall","name":""},"geometry":{"type":"LineString","coordinates":[[54.5692096,24.425271],[54.5693179,24.4253019],[54.5696143,24.4253872],[54.5696722,24.4254027],[54.5697916,24.4254374],[54.5697933,24.4254319],[54.5698101,24.4253857],[54.5699777,24.4249119],[54.5693831,24.4247388],[54.5692243,24.4252283],[54.5692096,24.425271]]}},{"type":"Feature","properties":{"layer":"infrastructure","subtype":"barrier","class":"wall","name":""},"geometry":{"type":"LineString","coordinates":[[54.5653457,24.4251968],[54.5658974,24.4253487],[54.5660354,24.4249331],[54.5654837,24.4247812],[54.5653457,24.4251968]]}},{"type":"Feature","properties":{"layer":"infrastructure","subtype":"barrier","class":"kerb","name":""},"geometry":{"type":"Point","coordinates":[54.567872,24.4250276]}},{"type":"Feature","properties":{"layer":"infrastructure","subtype":"transportation","class":"crossing","name":""},"geometry":{"type":"Point","coordinates":[54.5678273,24.4250153]}},{"type":"Feature","properties":{"layer":"infrastructure","subtype":"barrier","class":"kerb","name":""},"geometry":{"type":"Point","coordinates":[54.5677879,24.4250087]}},{"type":"Feature","properties":{"layer":"infrastructure","subtype":"barrier","class":"wall","name":""},"geometry":{"type":"LineString","coordinates":[[54.5659168,24.4253547],[54.5663624,24.425485],[54.5664959,24.4250798],[54.5662587,24.425011],[54.5660679,24.4249556],[54.5659168,24.4253547]]}},{"type":"Feature","properties":{"layer":"infrastructure","subtype":"barrier","class":"wall","name":""},"geometry":{"type":"LineString","coordinates":[[54.5698182,24.4254419],[54.5698588,24.4254528],[54.5700386,24.4255054],[54.5700834,24.4255172],[54.5701293,24.4255311],[54.5703577,24.4255958],[54.5703908,24.4256051],[54.5704105,24.4255474],[54.5704266,24.4255041],[54.5704544,24.4254209],[54.5704848,24.425337],[54.5705158,24.4252471],[54.5705454,24.4251624],[54.5705764,24.4250737],[54.5705335,24.4250613],[54.5700402,24.4249146],[54.5699958,24.4249019],[54.5699646,24.4249924],[54.5699502,24.4250341],[54.5699067,24.4251701],[54.5698868,24.4252232],[54.5698523,24.4253398],[54.5698379,24.4253814],[54.5698182,24.4254419]]}},{"type":"Feature","properties":{"layer":"infrastructure","subtype":"barrier","class":"wall","name":""},"geometry":{"type":"LineString","coordinates":[[54.5724135,24.4255726],[54.5724459,24.4255811],[54.5729941,24.4257364],[54.5730774,24.4254941],[54.5730927,24.4254417],[54.5731721,24.4252108],[54.572649,24.42506],[54.5726234,24.4250523],[54.5725891,24.4250426],[54.5724222,24.425545],[54.5724135,24.4255726]]}},{"type":"Feature","properties":{"layer":"infrastructure","subtype":"barrier","class":"wall","name":""},"geometry":{"type":"LineString","coordinates":[[54.5652043,24.4256016],[54.5657519,24.4257605],[54.5658872,24.4253678],[54.5653383,24.4252131],[54.5652043,24.4256016]]}},{"type":"Feature","properties":{"layer":"infrastructure","subtype":"transportation","class":"crossing","name":""},"geometry":{"type":"Point","coordinates":[54.5617116,24.4255107]}},{"type":"Feature","properties":{"layer":"infrastructure","subtype":"transit","class":"parking","name":""},"geometry":{"type":"Polygon","coordinates":[[[54.5624253,24.426216],[54.5629034,24.4248856],[54.5625209,24.424774],[54.5620712,24.426114],[54.5624253,24.426216]]]}},{"type":"Feature","properties":{"layer":"infrastructure","subtype":"barrier","class":"wall","name":""},"geometry":{"type":"LineString","coordinates":[[54.56,24.42559681541696],[54.5602819,24.4256786],[54.5604181,24.4252893],[54.56,24.42516797285047]]}},{"type":"Feature","properties":{"layer":"infrastructure","subtype":"barrier","class":"wall","name":""},"geometry":{"type":"LineString","coordinates":[[54.5612399,24.4252133],[54.5616801,24.4253399],[54.5618163,24.4249506],[54.5613742,24.4248246],[54.5612399,24.4252133]]}},{"type":"Feature","properties":{"layer":"infrastructure","subtype":"barrier","class":"wall","name":""},"geometry":{"type":"LineString","coordinates":[[54.5607741,24.4250879],[54.5612198,24.4252137],[54.5613546,24.4248181],[54.5609089,24.4246923],[54.5607741,24.4250879]]}},{"type":"Feature","properties":{"layer":"infrastructure","subtype":"transportation","class":"crossing","name":""},"geometry":{"type":"Point","coordinates":[54.5619364,24.4248419]}},{"type":"Feature","properties":{"layer":"infrastructure","subtype":"transportation","class":"crossing","name":""},"geometry":{"type":"Point","coordinates":[54.5648327,24.4245433]}},{"type":"Feature","properties":{"layer":"infrastructure","subtype":"transportation","class":"crossing","name":""},"geometry":{"type":"Point","coordinates":[54.5650668,24.4245545]}},{"type":"Feature","properties":{"layer":"infrastructure","subtype":"transportation","class":"crossing","name":""},"geometry":{"type":"Point","coordinates":[54.5649837,24.4245311]}},{"type":"Feature","properties":{"layer":"infrastructure","subtype":"transportation","class":"crossing","name":""},"geometry":{"type":"Point","coordinates":[54.5652837,24.4245034]}},{"type":"Feature","properties":{"layer":"infrastructure","subtype":"barrier","class":"gate","name":""},"geometry":{"type":"Point","coordinates":[54.5668678,24.4244852]}},{"type":"Feature","properties":{"layer":"infrastructure","subtype":"barrier","class":"wall","name":""},"geometry":{"type":"LineString","coordinates":[[54.5668312,24.4245961],[54.5672728,24.4247169],[54.5672798,24.4246902],[54.5673315,24.4245372],[54.5674132,24.4242759],[54.5669781,24.4241522],[54.5669712,24.4241741],[54.5669627,24.424198],[54.5668678,24.4244852],[54.5668312,24.4245961]]}},{"type":"Feature","properties":{"layer":"infrastructure","subtype":"barrier","class":"wall","name":""},"geometry":{"type":"LineString","coordinates":[[54.5728074,24.4248159],[54.5726193,24.424763],[54.572587,24.4247553],[54.5723671,24.4246935],[54.5724874,24.4243309],[54.5725006,24.4242935],[54.5725667,24.4243129],[54.5726737,24.4243443],[54.5727366,24.4243628],[54.572931,24.4244215],[54.5728074,24.4248159]]}},{"type":"Feature","properties":{"layer":"infrastructure","subtype":"barrier","class":"wall","name":""},"geometry":{"type":"LineString","coordinates":[[54.5732635,24.4249438],[54.5732516,24.4249407],[54.5732262,24.4249332],[54.5728485,24.4248294],[54.5729824,24.424435],[54.5733905,24.4245591],[54.5732635,24.4249438]]}},{"type":"Feature","properties":{"layer":"infrastructure","subtype":"barrier","class":"kerb","name":""},"geometry":{"type":"Point","coordinates":[54.5721421,24.4246974]}},{"type":"Feature","properties":{"layer":"infrastructure","subtype":"barrier","class":"kerb","name":""},"geometry":{"type":"Point","coordinates":[54.5666915,24.4246971]}},{"type":"Feature","properties":{"layer":"infrastructure","subtype":"barrier","class":"kerb","name":""},"geometry":{"type":"Point","coordinates":[54.5666206,24.4246712]}},{"type":"Feature","properties":{"layer":"infrastructure","subtype":"transportation","class":"crossing","name":""},"geometry":{"type":"Point","coordinates":[54.5666519,24.4246714]}},{"type":"Feature","properties":{"layer":"infrastructure","subtype":"barrier","class":"wall","name":""},"geometry":{"type":"LineString","coordinates":[[54.5673002,24.4247235],[54.5677279,24.4248456],[54.567756,24.4247625],[54.5677812,24.4246903],[54.5677937,24.4246527],[54.5678051,24.4246234],[54.5678687,24.4244358],[54.5678793,24.4244074],[54.5678824,24.424397],[54.5674547,24.424275],[54.5673002,24.4247235]]}},{"type":"Feature","properties":{"layer":"infrastructure","subtype":"transportation","class":"crossing","name":""},"geometry":{"type":"Point","coordinates":[54.565161,24.424581]}},{"type":"Feature","properties":{"layer":"infrastructure","subtype":"transportation","class":"crossing","name":""},"geometry":{"type":"Point","coordinates":[54.5652689,24.4246275]}},{"type":"Feature","properties":{"layer":"infrastructure","subtype":"barrier","class":"wall","name":""},"geometry":{"type":"LineString","coordinates":[[54.5686108,24.4251042],[54.5688446,24.4251723],[54.5691894,24.425269],[54.5692073,24.4252163],[54.5692105,24.4252053],[54.5692273,24.4251551],[54.5692696,24.4250291],[54.5693671,24.4247311],[54.5687967,24.4245703],[54.5687456,24.4247172],[54.5687061,24.4248304],[54.5686108,24.4251042]]}},{"type":"Feature","properties":{"layer":"infrastructure","subtype":"barrier","class":"wall","name":""},"geometry":{"type":"LineString","coordinates":[[54.5680047,24.4249348],[54.5682543,24.4250035],[54.5683368,24.4250256],[54.5685872,24.4250945],[54.5685931,24.4250766],[54.5686059,24.4250399],[54.5686459,24.424925],[54.568678,24.4248288],[54.568733,24.4246722],[54.5687484,24.4246249],[54.568771,24.4245631],[54.5687399,24.4245536],[54.5687289,24.4245502],[54.5686707,24.424535],[54.5686526,24.4245291],[54.5685563,24.4245031],[54.5681999,24.424402],[54.5680047,24.4249348]]}},{"type":"Feature","properties":{"layer":"infrastructure","subtype":"barrier","class":"wall","name":""},"geometry":{"type":"LineString","coordinates":[[54.5700054,24.4248876],[54.5705787,24.4250519],[54.5706901,24.4247235],[54.5707268,24.4246114],[54.5707578,24.4245213],[54.5701812,24.4243573],[54.5701622,24.4244146],[54.5701223,24.424535],[54.570112,24.4245661],[54.5700054,24.4248876]]}},{"type":"Feature","properties":{"layer":"infrastructure","subtype":"barrier","class":"kerb","name":""},"geometry":{"type":"Point","coordinates":[54.5722708,24.4247486]}},{"type":"Feature","properties":{"layer":"infrastructure","subtype":"transportation","class":"crossing","name":""},"geometry":{"type":"Point","coordinates":[54.5721993,24.4247284]}},{"type":"Feature","properties":{"layer":"infrastructure","subtype":"barrier","class":"wall","name":""},"geometry":{"type":"LineString","coordinates":[[54.5739287,24.4248116],[54.5743581,24.4249402],[54.5743773,24.4248836],[54.5743896,24.4248502],[54.5744506,24.4246734],[54.5740212,24.4245461],[54.5739572,24.4247286],[54.5739468,24.4247607],[54.5739287,24.4248116]]}},{"type":"Feature","properties":{"layer":"infrastructure","subtype":"barrier","class":"wall","name":""},"geometry":{"type":"LineString","coordinates":[[54.5752023,24.4248655],[54.5755859,24.4249672],[54.5756464,24.4249835],[54.5756726,24.4249028],[54.5757358,24.4247225],[54.5752836,24.4246054],[54.5752023,24.4248655]]}},{"type":"Feature","properties":{"layer":"infrastructure","subtype":"barrier","class":"wall","name":""},"geometry":{"type":"LineString","coordinates":[[54.5743906,24.4249513],[54.5747949,24.4250648],[54.5748209,24.4250721],[54.5748299,24.4250454],[54.57491,24.4248158],[54.5744831,24.4246865],[54.5744459,24.4247914],[54.5744042,24.4249139],[54.5743906,24.4249513]]}},{"type":"Feature","properties":{"layer":"infrastructure","subtype":"barrier","class":"wall","name":""},"geometry":{"type":"LineString","coordinates":[[54.5756646,24.4249891],[54.575698,24.4249986],[54.5760983,24.4251157],[54.5761622,24.4249239],[54.5761859,24.42485],[54.5761494,24.4248404],[54.5758092,24.4247416],[54.5757525,24.4247245],[54.5757416,24.4247543],[54.5757251,24.4248083],[54.5756802,24.4249406],[54.5756744,24.4249604],[54.5756646,24.4249891]]}},{"type":"Feature","properties":{"layer":"infrastructure","subtype":"barrier","class":"wall","name":""},"geometry":{"type":"LineString","coordinates":[[54.5803705,24.4251141],[54.57994,24.4249896],[54.5800611,24.4246297],[54.5800727,24.4245944],[54.5801089,24.4246043],[54.5804077,24.4246839],[54.5805102,24.4247106],[54.5804864,24.4247861],[54.5803705,24.4251141]]}},{"type":"Feature","properties":{"layer":"infrastructure","subtype":"barrier","class":"wall","name":""},"geometry":{"type":"LineString","coordinates":[[54.5827711,24.4251003],[54.5827375,24.4250904],[54.5823329,24.4249755],[54.5823717,24.4248709],[54.5823915,24.4248145],[54.5824192,24.4247392],[54.5824291,24.4247134],[54.5824588,24.4247228],[54.5825302,24.4247454],[54.58283,24.4248244],[54.5828649,24.4248346],[54.5827711,24.4251003]]}},{"type":"Feature","properties":{"layer":"infrastructure","subtype":"barrier","class":"wall","name":""},"geometry":{"type":"LineString","coordinates":[[54.5799194,24.4249857],[54.5798491,24.4249652],[54.5797647,24.4249406],[54.5794826,24.4248638],[54.579543,24.4246691],[54.5795614,24.4246166],[54.579573,24.4245837],[54.5796114,24.4244584],[54.5800593,24.4245866],[54.5799785,24.4248178],[54.5799194,24.4249857]]}},{"type":"Feature","properties":{"layer":"infrastructure","subtype":"barrier","class":"wall","name":""},"geometry":{"type":"LineString","coordinates":[[54.5812322,24.4249017],[54.580805,24.4247747],[54.5809298,24.4243784],[54.5813321,24.4244906],[54.5813715,24.4245025],[54.5813607,24.4245321],[54.5813152,24.4246566],[54.5812322,24.4249017]]}},{"type":"Feature","properties":{"layer":"infrastructure","subtype":"barrier","class":"gate","name":""},"geometry":{"type":"Point","coordinates":[54.5773268,24.4246338]}},{"type":"Feature","properties":{"layer":"infrastructure","subtype":"barrier","class":"wall","name":""},"geometry":{"type":"LineString","coordinates":[[54.5744835,24.424666],[54.5749113,24.4247948],[54.5750146,24.4245142],[54.5745757,24.4243869],[54.5745251,24.4245349],[54.5744895,24.4246533],[54.5744835,24.424666]]}},{"type":"Feature","properties":{"layer":"infrastructure","subtype":"barrier","class":"wall","name":""},"geometry":{"type":"LineString","coordinates":[[54.5753043,24.4245817],[54.5753477,24.4245939],[54.5754594,24.4246245],[54.5754906,24.4246334],[54.5756455,24.4246776],[54.5757319,24.4247013],[54.5758276,24.424413],[54.5753925,24.4242968],[54.5753043,24.4245817]]}},{"type":"Feature","properties":{"layer":"infrastructure","subtype":"barrier","class":"wall","name":""},"geometry":{"type":"LineString","coordinates":[[54.5740234,24.4245279],[54.5740643,24.4245394],[54.5744544,24.4246515],[54.5744961,24.4245437],[54.5745314,24.4244359],[54.5745485,24.4243953],[54.5741089,24.424273],[54.5740362,24.4244898],[54.5740234,24.4245279]]}},{"type":"Feature","properties":{"layer":"infrastructure","subtype":"barrier","class":"wall","name":""},"geometry":{"type":"LineString","coordinates":[[54.580514,24.4246928],[54.5804713,24.4246805],[54.5804179,24.4246661],[54.580151,24.4245907],[54.5800799,24.4245712],[54.5801267,24.4244298],[54.5801654,24.4243128],[54.5802183,24.4241745],[54.5806481,24.4243021],[54.580514,24.4246928]]}},{"type":"Feature","properties":{"layer":"infrastructure","subtype":"barrier","class":"wall","name":""},"geometry":{"type":"LineString","coordinates":[[54.5800621,24.4245683],[54.5796222,24.4244426],[54.5797576,24.4240469],[54.5799186,24.4240909],[54.5801046,24.4241415],[54.5801264,24.4241475],[54.5801954,24.4241663],[54.580186,24.4241948],[54.5801426,24.4243265],[54.5800711,24.4245439],[54.5800621,24.4245683]]}},{"type":"Feature","properties":{"layer":"infrastructure","subtype":"barrier","class":"wall","name":""},"geometry":{"type":"LineString","coordinates":[[54.5818369,24.4246053],[54.5814713,24.4245031],[54.5814011,24.4244841],[54.5815319,24.4240865],[54.5819718,24.4242062],[54.5818517,24.4245614],[54.5818369,24.4246053]]}},{"type":"Feature","properties":{"layer":"infrastructure","subtype":"barrier","class":"wall","name":""},"geometry":{"type":"LineString","coordinates":[[54.5813743,24.4244779],[54.5809438,24.4243565],[54.5810732,24.4239596],[54.5815091,24.4240792],[54.5815018,24.4241081],[54.5814528,24.4242401],[54.5814325,24.4243075],[54.5813858,24.4244421],[54.5813743,24.4244779]]}},{"type":"Feature","properties":{"layer":"infrastructure","subtype":"barrier","class":"wall","name":""},"geometry":{"type":"LineString","coordinates":[[54.5829535,24.4245217],[54.5825281,24.424399],[54.582647,24.424059],[54.5826839,24.42395],[54.5827416,24.4239662],[54.583019,24.4240497],[54.5831084,24.4240687],[54.5830936,24.4241265],[54.5829535,24.4245217]]}},{"type":"Feature","properties":{"layer":"infrastructure","subtype":"transportation","class":"crossing","name":""},"geometry":{"type":"Point","coordinates":[54.5823551,24.4241518]}},{"type":"Feature","properties":{"layer":"infrastructure","subtype":"barrier","class":"kerb","name":""},"geometry":{"type":"Point","coordinates":[54.5824003,24.4241629]}},{"type":"Feature","properties":{"layer":"infrastructure","subtype":"transportation","class":"crossing","name":""},"geometry":{"type":"Point","coordinates":[54.5737621,24.4241911]}},{"type":"Feature","properties":{"layer":"infrastructure","subtype":"transportation","class":"crossing","name":""},"geometry":{"type":"Point","coordinates":[54.5738874,24.4241825]}},{"type":"Feature","properties":{"layer":"infrastructure","subtype":"barrier","class":"wall","name":""},"geometry":{"type":"LineString","coordinates":[[54.5741146,24.4242518],[54.5745534,24.4243797],[54.574567,24.424347],[54.5746331,24.4241553],[54.5746536,24.4241063],[54.574203,24.4239828],[54.5741843,24.4240399],[54.574141,24.4241636],[54.5741146,24.4242518]]}},{"type":"Feature","properties":{"layer":"infrastructure","subtype":"barrier","class":"wall","name":""},"geometry":{"type":"LineString","coordinates":[[54.5734023,24.4245196],[54.5729696,24.4243986],[54.5729741,24.4243837],[54.5730285,24.4242158],[54.5730383,24.4241844],[54.5730944,24.4240043],[54.5731002,24.4239878],[54.573545,24.4241008],[54.5734023,24.4245196]]}},{"type":"Feature","properties":{"layer":"infrastructure","subtype":"barrier","class":"wall","name":""},"geometry":{"type":"LineString","coordinates":[[54.5758405,24.4244221],[54.576292,24.4245489],[54.5763263,24.4244429],[54.5763596,24.424357],[54.5763809,24.424302],[54.5763928,24.4242657],[54.5763387,24.4242509],[54.5762644,24.4242321],[54.5760142,24.4241651],[54.575934,24.4241444],[54.5759202,24.424189],[54.5758405,24.4244221]]}},{"type":"Feature","properties":{"layer":"infrastructure","subtype":"barrier","class":"kerb","name":""},"geometry":{"type":"Point","coordinates":[54.5711085,24.424407]}},{"type":"Feature","properties":{"layer":"infrastructure","subtype":"transportation","class":"crossing","name":""},"geometry":{"type":"Point","coordinates":[54.5710219,24.4243899]}},{"type":"Feature","properties":{"layer":"infrastructure","subtype":"barrier","class":"kerb","name":""},"geometry":{"type":"Point","coordinates":[54.5709375,24.4243599]}},{"type":"Feature","properties":{"layer":"infrastructure","subtype":"barrier","class":"wall","name":""},"geometry":{"type":"LineString","coordinates":[[54.5716553,24.4244923],[54.5720877,24.4246143],[54.5722226,24.4242181],[54.5717903,24.424096],[54.5716553,24.4244923]]}},{"type":"Feature","properties":{"layer":"infrastructure","subtype":"transportation","class":"crossing","name":""},"geometry":{"type":"Point","coordinates":[54.5649131,24.4244089]}},{"type":"Feature","properties":{"layer":"infrastructure","subtype":"transportation","class":"crossing","name":""},"geometry":{"type":"Point","coordinates":[54.5653126,24.4244084]}},{"type":"Feature","properties":{"layer":"infrastructure","subtype":"transportation","class":"crossing","name":""},"geometry":{"type":"Point","coordinates":[54.5649438,24.4243116]}},{"type":"Feature","properties":{"layer":"infrastructure","subtype":"transportation","class":"crossing","name":""},"geometry":{"type":"Point","coordinates":[54.5652607,24.4242841]}},{"type":"Feature","properties":{"layer":"infrastructure","subtype":"barrier","class":"wall","name":""},"geometry":{"type":"LineString","coordinates":[[54.5661218,24.4243976],[54.5665528,24.4245191],[54.5667098,24.424057],[54.5662788,24.4239356],[54.5661218,24.4243976]]}},{"type":"Feature","properties":{"layer":"infrastructure","subtype":"transportation","class":"crossing","name":""},"geometry":{"type":"Point","coordinates":[54.5651999,24.424268]}},{"type":"Feature","properties":{"layer":"infrastructure","subtype":"transportation","class":"crossing","name":""},"geometry":{"type":"Point","coordinates":[54.5653975,24.4242687]}},{"type":"Feature","properties":{"layer":"infrastructure","subtype":"transportation","class":"crossing","name":""},"geometry":{"type":"Point","coordinates":[54.5650819,24.4242367]}},{"type":"Feature","properties":{"layer":"infrastructure","subtype":"transportation","class":"crossing","name":""},"geometry":{"type":"Point","coordinates":[54.5649386,24.4241924]}},{"type":"Feature","properties":{"layer":"infrastructure","subtype":"barrier","class":"wall","name":""},"geometry":{"type":"LineString","coordinates":[[54.5674502,24.4242545],[54.5678613,24.4243671],[54.5678874,24.4243747],[54.5678934,24.4243575],[54.5679767,24.424115],[54.5679395,24.4241048],[54.5678287,24.4240743],[54.5675389,24.4239945],[54.5674502,24.4242545]]}},{"type":"Feature","properties":{"layer":"infrastructure","subtype":"barrier","class":"wall","name":""},"geometry":{"type":"LineString","coordinates":[[54.5682101,24.4243801],[54.5687721,24.4245381],[54.5689491,24.4240133],[54.5683893,24.4238534],[54.5682101,24.4243801]]}},{"type":"Feature","properties":{"layer":"infrastructure","subtype":"barrier","class":"wall","name":""},"geometry":{"type":"LineString","coordinates":[[54.5711901,24.4243601],[54.5712305,24.4243711],[54.5716277,24.4244825],[54.5716877,24.4243104],[54.5717256,24.4241943],[54.5717526,24.4241119],[54.5717626,24.4240862],[54.5713207,24.4239603],[54.5712499,24.4241762],[54.571205,24.4243142],[54.5711901,24.4243601]]}},{"type":"Feature","properties":{"layer":"infrastructure","subtype":"barrier","class":"wall","name":""},"geometry":{"type":"LineString","coordinates":[[54.5729433,24.4243984],[54.5725025,24.4242798],[54.5726311,24.4238703],[54.5726429,24.4238736],[54.5726765,24.423883],[54.572851,24.4239318],[54.5728965,24.4239444],[54.5730813,24.4239961],[54.5729433,24.4243984]]}},{"type":"Feature","properties":{"layer":"infrastructure","subtype":"transportation","class":"crossing","name":""},"geometry":{"type":"Point","coordinates":[54.5699614,24.4240933]}},{"type":"Feature","properties":{"layer":"infrastructure","subtype":"barrier","class":"wall","name":""},"geometry":{"type":"LineString","coordinates":[[54.5656622,24.4242655],[54.5660902,24.4243868],[54.5662423,24.4239418],[54.5658144,24.4238205],[54.5656622,24.4242655]]}},{"type":"Feature","properties":{"layer":"infrastructure","subtype":"barrier","class":"wall","name":""},"geometry":{"type":"LineString","coordinates":[[54.5675421,24.4239759],[54.567978,24.4240963],[54.5679822,24.4240831],[54.567993,24.4240588],[54.5680117,24.4240071],[54.5680304,24.4239556],[54.568043,24.4239206],[54.5680646,24.4238551],[54.5680768,24.4238184],[54.5680046,24.4237985],[54.567639,24.4236927],[54.5675421,24.4239759]]}},{"type":"Feature","properties":{"layer":"infrastructure","subtype":"barrier","class":"wall","name":""},"geometry":{"type":"LineString","coordinates":[[54.571784,24.4240686],[54.5722285,24.4241918],[54.5723634,24.4237956],[54.5719217,24.4236698],[54.571784,24.4240686]]}},{"type":"Feature","properties":{"layer":"infrastructure","subtype":"barrier","class":"wall","name":""},"geometry":{"type":"LineString","coordinates":[[54.5742133,24.423954],[54.5746513,24.4240805],[54.5746978,24.4239556],[54.5747117,24.4239164],[54.5747522,24.4238018],[54.5746999,24.4237865],[54.5743129,24.4236814],[54.5742975,24.4237283],[54.5742752,24.4237801],[54.5742556,24.4238398],[54.574231,24.4238989],[54.5742133,24.423954]]}},{"type":"Feature","properties":{"layer":"infrastructure","subtype":"barrier","class":"wall","name":""},"geometry":{"type":"LineString","coordinates":[[54.5754929,24.4240003],[54.5755519,24.4240162],[54.5756467,24.4240416],[54.5758806,24.4241037],[54.5759334,24.4241194],[54.5759466,24.4240827],[54.5759801,24.423978],[54.576004,24.4239086],[54.5760231,24.4238532],[54.5759107,24.423821],[54.5758058,24.423791],[54.5755852,24.4237299],[54.5755215,24.4239122],[54.5754929,24.4240003]]}},{"type":"Feature","properties":{"layer":"infrastructure","subtype":"barrier","class":"wall","name":""},"geometry":{"type":"LineString","coordinates":[[54.5746773,24.42408],[54.5747353,24.4240956],[54.575111,24.4242075],[54.5751808,24.4240005],[54.575203,24.4239359],[54.5750854,24.4239023],[54.5750644,24.4238951],[54.5749904,24.423874],[54.5748888,24.4238451],[54.5748234,24.4238246],[54.5747653,24.4238089],[54.5746773,24.42408]]}},{"type":"Feature","properties":{"layer":"infrastructure","subtype":"barrier","class":"wall","name":""},"geometry":{"type":"LineString","coordinates":[[54.5759519,24.4241163],[54.5763903,24.4242452],[54.5763938,24.424235],[54.5764152,24.4241728],[54.5764436,24.4240905],[54.5764603,24.4240406],[54.5764674,24.4240202],[54.5764805,24.4239823],[54.576128,24.4238796],[54.5760442,24.4238556],[54.5760121,24.4239484],[54.5759519,24.4241163]]}},{"type":"Feature","properties":{"layer":"infrastructure","subtype":"barrier","class":"gate","name":""},"geometry":{"type":"Point","coordinates":[54.5764674,24.4240202]}},{"type":"Feature","properties":{"layer":"infrastructure","subtype":"transit","class":"parking","name":""},"geometry":{"type":"Polygon","coordinates":[[[54.5780573,24.424239],[54.5781227,24.4240431],[54.5772879,24.4238049],[54.5772276,24.4239961],[54.5780573,24.424239]]]}},{"type":"Feature","properties":{"layer":"infrastructure","subtype":"barrier","class":"kerb","name":""},"geometry":{"type":"Point","coordinates":[54.5822008,24.4241162]}},{"type":"Feature","properties":{"layer":"infrastructure","subtype":"transportation","class":"crossing","name":""},"geometry":{"type":"Point","coordinates":[54.5822469,24.4241277]}},{"type":"Feature","properties":{"layer":"infrastructure","subtype":"barrier","class":"kerb","name":""},"geometry":{"type":"Point","coordinates":[54.58229,24.4241373]}},{"type":"Feature","properties":{"layer":"infrastructure","subtype":"barrier","class":"kerb","name":""},"geometry":{"type":"Point","coordinates":[54.5823319,24.4241466]}},{"type":"Feature","properties":{"layer":"infrastructure","subtype":"barrier","class":"wall","name":""},"geometry":{"type":"LineString","coordinates":[[54.5819799,24.4241867],[54.5819576,24.4241811],[54.5818943,24.4241615],[54.5818112,24.4241386],[54.5817565,24.4241232],[54.581739,24.4241181],[54.5815447,24.4240656],[54.5815635,24.424008],[54.5816794,24.4236689],[54.5817551,24.4236914],[54.5818783,24.4237252],[54.5821113,24.4237929],[54.5819799,24.4241867]]}},{"type":"Feature","properties":{"layer":"infrastructure","subtype":"barrier","class":"wall","name":""},"geometry":{"type":"LineString","coordinates":[[54.5815183,24.4240611],[54.5814641,24.424046],[54.5814062,24.4240287],[54.581365,24.4240166],[54.581088,24.4239358],[54.5812208,24.4235425],[54.5816499,24.4236628],[54.5815595,24.4239382],[54.5815183,24.4240611]]}},{"type":"Feature","properties":{"layer":"infrastructure","subtype":"barrier","class":"wall","name":""},"geometry":{"type":"LineString","coordinates":[[54.5760529,24.4238377],[54.5761029,24.4238507],[54.5763685,24.423928],[54.5764575,24.4239503],[54.576487,24.4239577],[54.5764934,24.4239366],[54.5765735,24.4236996],[54.5761384,24.4235773],[54.576066,24.4237956],[54.5760529,24.4238377]]}},{"type":"Feature","properties":{"layer":"infrastructure","subtype":"barrier","class":"wall","name":""},"geometry":{"type":"LineString","coordinates":[[54.5747755,24.4237918],[54.5751819,24.4239067],[54.5752129,24.4239166],[54.5752226,24.4238915],[54.575275,24.4237419],[54.5752974,24.4236779],[54.5753074,24.4236499],[54.5748603,24.4235257],[54.574847,24.4235674],[54.5747912,24.4237426],[54.5747755,24.4237918]]}},{"type":"Feature","properties":{"layer":"infrastructure","subtype":"barrier","class":"wall","name":""},"geometry":{"type":"LineString","coordinates":[[54.5782053,24.4238743],[54.5782925,24.4238989],[54.5787864,24.4240347],[54.5789587,24.4235075],[54.5789019,24.4234891],[54.5788417,24.4234707],[54.5787491,24.4234423],[54.5786755,24.4234187],[54.5785814,24.4233899],[54.5783887,24.4233309],[54.5783677,24.4233879],[54.5782534,24.423733],[54.5782053,24.4238743]]}},{"type":"Feature","properties":{"layer":"infrastructure","subtype":"barrier","class":"kerb","name":""},"geometry":{"type":"Point","coordinates":[54.5818904,24.4235625]}},{"type":"Feature","properties":{"layer":"infrastructure","subtype":"barrier","class":"wall","name":""},"geometry":{"type":"LineString","coordinates":[[54.5803436,24.4237244],[54.5802345,24.423693],[54.5799024,24.4236024],[54.5799866,24.423348],[54.580037,24.4232011],[54.580103,24.4232198],[54.5804376,24.4233159],[54.5804724,24.4233242],[54.5804524,24.4233933],[54.5804166,24.4235139],[54.5803638,24.4236663],[54.5803436,24.4237244]]}},{"type":"Feature","properties":{"layer":"infrastructure","subtype":"transportation","class":"crossing","name":""},"geometry":{"type":"Point","coordinates":[54.581908,24.4235093]}},{"type":"Feature","properties":{"layer":"infrastructure","subtype":"barrier","class":"kerb","name":""},"geometry":{"type":"Point","coordinates":[54.5811411,24.4234461]}},{"type":"Feature","properties":{"layer":"infrastructure","subtype":"transportation","class":"crossing","name":""},"geometry":{"type":"Point","coordinates":[54.5810968,24.4234328]}},{"type":"Feature","properties":{"layer":"infrastructure","subtype":"barrier","class":"kerb","name":""},"geometry":{"type":"Point","coordinates":[54.5810738,24.4234248]}},{"type":"Feature","properties":{"layer":"infrastructure","subtype":"transportation","class":"crossing","name":""},"geometry":{"type":"Point","coordinates":[54.5819417,24.4234121]}},{"type":"Feature","properties":{"layer":"infrastructure","subtype":"barrier","class":"kerb","name":""},"geometry":{"type":"Point","coordinates":[54.5819604,24.4233582]}},{"type":"Feature","properties":{"layer":"infrastructure","subtype":"barrier","class":"wall","name":""},"geometry":{"type":"LineString","coordinates":[[54.5770033,24.4235279],[54.5772267,24.4235918],[54.577264,24.4236022],[54.5772927,24.4236105],[54.5773263,24.4236202],[54.5773574,24.4236293],[54.5775847,24.4236952],[54.5775974,24.4236517],[54.5776447,24.4235186],[54.5776561,24.423487],[54.5777015,24.4233409],[54.5777083,24.4233166],[54.5777552,24.4231828],[54.577759,24.4231674],[54.577181,24.4230046],[54.5771761,24.4230209],[54.5771309,24.4231545],[54.5771246,24.4231752],[54.5770745,24.4233197],[54.5770679,24.4233418],[54.5770153,24.4234887],[54.5770033,24.4235279]]}},{"type":"Feature","properties":{"layer":"infrastructure","subtype":"barrier","class":"wall","name":""},"geometry":{"type":"LineString","coordinates":[[54.5748758,24.4235031],[54.5751,24.4235664],[54.5751442,24.4235795],[54.5751589,24.4235834],[54.5752672,24.4236156],[54.5753208,24.4236303],[54.5754077,24.4233741],[54.5750219,24.4232548],[54.5749674,24.4232378],[54.5749468,24.4232926],[54.5748758,24.4235031]]}},{"type":"Feature","properties":{"layer":"infrastructure","subtype":"barrier","class":"wall","name":""},"geometry":{"type":"LineString","coordinates":[[54.5736829,24.4237006],[54.5732488,24.4235722],[54.5732528,24.4235555],[54.5733054,24.4234022],[54.5733276,24.4233292],[54.5733824,24.4231647],[54.5734455,24.4231821],[54.5738209,24.4232946],[54.5736829,24.4237006]]}},{"type":"Feature","properties":{"layer":"infrastructure","subtype":"barrier","class":"wall","name":""},"geometry":{"type":"LineString","coordinates":[[54.5743171,24.4236607],[54.5743732,24.4236772],[54.5744294,24.4236937],[54.574477,24.4237072],[54.574659,24.4237599],[54.5746902,24.4237692],[54.5747512,24.4237868],[54.57477,24.4237273],[54.5747868,24.4236814],[54.5748412,24.4235142],[54.5745291,24.423428],[54.574406,24.4233924],[54.5743754,24.4234799],[54.5743324,24.4236178],[54.5743171,24.4236607]]}},{"type":"Feature","properties":{"layer":"infrastructure","subtype":"transportation","class":"crossing","name":""},"geometry":{"type":"Point","coordinates":[54.5682159,24.4235489]}},{"type":"Feature","properties":{"layer":"infrastructure","subtype":"barrier","class":"wall","name":""},"geometry":{"type":"LineString","coordinates":[[54.5719191,24.4236498],[54.5719322,24.4236541],[54.5720562,24.4236867],[54.572086,24.4236931],[54.572205,24.4237243],[54.5723639,24.4237721],[54.5724513,24.4235228],[54.5724714,24.4234617],[54.572501,24.4233736],[54.5720515,24.4232543],[54.5719191,24.4236498]]}},{"type":"Feature","properties":{"layer":"infrastructure","subtype":"transit","class":"parking","name":""},"geometry":{"type":"Polygon","coordinates":[[[54.5701749,24.4239351],[54.5705476,24.4228569],[54.570371,24.4228057],[54.5700099,24.4238863],[54.5701749,24.4239351]]]}},{"type":"Feature","properties":{"layer":"infrastructure","subtype":"barrier","class":"wall","name":""},"geometry":{"type":"LineString","coordinates":[[54.568462,24.4235819],[54.5685327,24.4236025],[54.5687435,24.4236633],[54.5687846,24.4236744],[54.5690573,24.4237529],[54.5692117,24.4233107],[54.5691592,24.4232943],[54.5690206,24.4232549],[54.5689281,24.4232285],[54.5688692,24.4232117],[54.5687301,24.4231721],[54.5686133,24.4231389],[54.5685913,24.4232029],[54.5685384,24.4233572],[54.5685076,24.4234528],[54.5684915,24.4234983],[54.568462,24.4235819]]}},{"type":"Feature","properties":{"layer":"infrastructure","subtype":"transportation","class":"crossing","name":""},"geometry":{"type":"Point","coordinates":[54.5657455,24.4233356]}},{"type":"Feature","properties":{"layer":"infrastructure","subtype":"transit","class":"parking","name":""},"geometry":{"type":"Polygon","coordinates":[[[54.565416,24.4227646],[54.5653267,24.4226762],[54.5650995,24.4228707],[54.5647315,24.4239367],[54.5648383,24.4239624],[54.5650131,24.4239199],[54.565416,24.4227646]]]}},{"type":"Feature","properties":{"layer":"infrastructure","subtype":"barrier","class":"wall","name":""},"geometry":{"type":"LineString","coordinates":[[54.5671772,24.4235482],[54.5672577,24.4235715],[54.5674346,24.4236174],[54.5674909,24.4236336],[54.5675884,24.4236616],[54.567626,24.4236723],[54.5676526,24.4235955],[54.5677033,24.4234486],[54.5677163,24.4234088],[54.5676862,24.4234006],[54.5672719,24.4232784],[54.5671999,24.4234832],[54.5671772,24.4235482]]}},{"type":"Feature","properties":{"layer":"infrastructure","subtype":"barrier","class":"wall","name":""},"geometry":{"type":"LineString","coordinates":[[54.5663705,24.4236383],[54.5668114,24.4237618],[54.5669076,24.4234773],[54.5664667,24.4233538],[54.5663705,24.4236383]]}},{"type":"Feature","properties":{"layer":"infrastructure","subtype":"barrier","class":"gate","name":""},"geometry":{"type":"Point","coordinates":[54.5633145,24.4236102]}},{"type":"Feature","properties":{"layer":"infrastructure","subtype":"barrier","class":"wall","name":""},"geometry":{"type":"LineString","coordinates":[[54.5658201,24.4237962],[54.566254,24.4239129],[54.5663519,24.4236382],[54.5659086,24.4235239],[54.5658201,24.4237962]]}},{"type":"Feature","properties":{"layer":"infrastructure","subtype":"barrier","class":"wall","name":""},"geometry":{"type":"LineString","coordinates":[[54.5730833,24.4239748],[54.5726451,24.4238617],[54.5726495,24.4238491],[54.5726606,24.4238168],[54.5727848,24.423457],[54.5732229,24.4235746],[54.5730833,24.4239748]]}},{"type":"Feature","properties":{"layer":"infrastructure","subtype":"barrier","class":"kerb","name":""},"geometry":{"type":"Point","coordinates":[54.5683617,24.4236751]}},{"type":"Feature","properties":{"layer":"infrastructure","subtype":"transportation","class":"crossing","name":""},"geometry":{"type":"Point","coordinates":[54.568346,24.4237045]}},{"type":"Feature","properties":{"layer":"infrastructure","subtype":"barrier","class":"kerb","name":""},"geometry":{"type":"Point","coordinates":[54.5683162,24.4238003]}},{"type":"Feature","properties":{"layer":"infrastructure","subtype":"barrier","class":"wall","name":""},"geometry":{"type":"LineString","coordinates":[[54.5662667,24.4239171],[54.5667077,24.424044],[54.5667996,24.4237791],[54.5663586,24.4236523],[54.5662667,24.4239171]]}},{"type":"Feature","properties":{"layer":"infrastructure","subtype":"barrier","class":"wall","name":""},"geometry":{"type":"LineString","coordinates":[[54.5670916,24.4238381],[54.5675267,24.4239581],[54.567618,24.4236938],[54.5671744,24.4235698],[54.5670916,24.4238381]]}},{"type":"Feature","properties":{"layer":"infrastructure","subtype":"barrier","class":"gate","name":""},"geometry":{"type":"Point","coordinates":[54.5639739,24.4237934]}},{"type":"Feature","properties":{"layer":"infrastructure","subtype":"barrier","class":"wall","name":""},"geometry":{"type":"LineString","coordinates":[[54.5611323,24.4240035],[54.5615923,24.4241317],[54.5617171,24.4237214],[54.5612772,24.423603],[54.5611323,24.4240035]]}},{"type":"Feature","properties":{"layer":"infrastructure","subtype":"transportation","class":"crossing","name":""},"geometry":{"type":"Point","coordinates":[54.5628647,24.4238294]}},{"type":"Feature","properties":{"layer":"infrastructure","subtype":"transportation","class":"crossing","name":""},"geometry":{"type":"Point","coordinates":[54.5629038,24.4237206]}},{"type":"Feature","properties":{"layer":"infrastructure","subtype":"transportation","class":"crossing","name":""},"geometry":{"type":"Point","coordinates":[54.5621632,24.4236306]}},{"type":"Feature","properties":{"layer":"infrastructure","subtype":"barrier","class":"wall","name":""},"geometry":{"type":"LineString","coordinates":[[54.5602319,24.4237442],[54.5606684,24.4238734],[54.5608112,24.4234734],[54.5603747,24.4233442],[54.5602319,24.4237442]]}},{"type":"Feature","properties":{"layer":"infrastructure","subtype":"utility","class":"pipeline","name":""},"geometry":{"type":"LineString","coordinates":[[54.5652895,24.4246629],[54.5640975,24.4243173],[54.5620537,24.4237068],[54.56,24.42311999005547]]}},{"type":"Feature","properties":{"layer":"infrastructure","subtype":"barrier","class":"wall","name":""},"geometry":{"type":"LineString","coordinates":[[54.56,24.42412977320144],[54.5600764,24.4241509],[54.5602127,24.4237616],[54.56,24.42369921115813]]}},{"type":"Feature","properties":{"layer":"infrastructure","subtype":"barrier","class":"wall","name":""},"geometry":{"type":"LineString","coordinates":[[54.5616154,24.4241312],[54.5620435,24.4242554],[54.5621797,24.4238661],[54.5617378,24.4237306],[54.5616154,24.4241312]]}},{"type":"Feature","properties":{"layer":"infrastructure","subtype":"transportation","class":"crossing","name":""},"geometry":{"type":"Point","coordinates":[54.5623793,24.4240061]}},{"type":"Feature","properties":{"layer":"infrastructure","subtype":"transportation","class":"crossing","name":""},"geometry":{"type":"Point","coordinates":[54.562493,24.4240361]}},{"type":"Feature","properties":{"layer":"infrastructure","subtype":"barrier","class":"wall","name":""},"geometry":{"type":"LineString","coordinates":[[54.5605596,24.4242817],[54.5609877,24.4244059],[54.5611239,24.4240166],[54.5606959,24.4238924],[54.5605596,24.4242817]]}},{"type":"Feature","properties":{"layer":"infrastructure","subtype":"barrier","class":"wall","name":""},"geometry":{"type":"LineString","coordinates":[[54.5610233,24.4244186],[54.5614513,24.4245428],[54.5615876,24.4241535],[54.5611595,24.4240293],[54.5610233,24.4244186]]}},{"type":"Feature","properties":{"layer":"infrastructure","subtype":"transportation","class":"crossing","name":""},"geometry":{"type":"Point","coordinates":[54.562167,24.4243759]}},{"type":"Feature","properties":{"layer":"infrastructure","subtype":"barrier","class":"wall","name":""},"geometry":{"type":"LineString","coordinates":[[54.5614812,24.4245482],[54.5619092,24.4246724],[54.5620455,24.424283],[54.5616174,24.4241589],[54.5614812,24.4245482]]}},{"type":"Feature","properties":{"layer":"infrastructure","subtype":"barrier","class":"wall","name":""},"geometry":{"type":"LineString","coordinates":[[54.5620633,24.422731],[54.5625142,24.4228574],[54.5626125,24.4225769],[54.5621627,24.4224569],[54.5620633,24.422731]]}},{"type":"Feature","properties":{"layer":"infrastructure","subtype":"barrier","class":"wall","name":""},"geometry":{"type":"LineString","coordinates":[[54.5661012,24.4229231],[54.5665457,24.4230477],[54.566636,24.4227856],[54.5661916,24.4226588],[54.5661012,24.4229231]]}},{"type":"Feature","properties":{"layer":"infrastructure","subtype":"barrier","class":"wall","name":""},"geometry":{"type":"LineString","coordinates":[[54.5673796,24.4229698],[54.5678232,24.423095],[54.5679176,24.4228179],[54.5675073,24.4227063],[54.5674717,24.4226959],[54.5674607,24.4227273],[54.5673796,24.4229698]]}},{"type":"Feature","properties":{"layer":"infrastructure","subtype":"barrier","class":"wall","name":""},"geometry":{"type":"LineString","coordinates":[[54.5686164,24.4231196],[54.5692071,24.4232879],[54.5692567,24.4231551],[54.5692947,24.4230447],[54.5693456,24.4228941],[54.5693685,24.4228273],[54.5692073,24.4227814],[54.5687736,24.4226587],[54.5687211,24.4228135],[54.5687034,24.4228642],[54.5686938,24.4228918],[54.5686164,24.4231196]]}},{"type":"Feature","properties":{"layer":"infrastructure","subtype":"barrier","class":"wall","name":""},"geometry":{"type":"LineString","coordinates":[[54.5678392,24.4230961],[54.5682754,24.4232181],[54.5683604,24.4229557],[54.5679327,24.4228328],[54.5678392,24.4230961]]}},{"type":"Feature","properties":{"layer":"infrastructure","subtype":"transportation","class":"crossing","name":""},"geometry":{"type":"Point","coordinates":[54.5660484,24.4230543]}},{"type":"Feature","properties":{"layer":"infrastructure","subtype":"barrier","class":"wall","name":""},"geometry":{"type":"LineString","coordinates":[[54.5664606,24.4233397],[54.5669045,24.4234648],[54.5670039,24.4231724],[54.5665601,24.4230473],[54.5664606,24.4233397]]}},{"type":"Feature","properties":{"layer":"infrastructure","subtype":"barrier","class":"wall","name":""},"geometry":{"type":"LineString","coordinates":[[54.5677407,24.4233843],[54.5681799,24.4235073],[54.5681929,24.4234665],[54.5682227,24.4233801],[54.5682711,24.4232324],[54.5678886,24.4231312],[54.567852,24.4231221],[54.5678308,24.4231162],[54.5677407,24.4233843]]}},{"type":"Feature","properties":{"layer":"infrastructure","subtype":"transportation","class":"crossing","name":""},"geometry":{"type":"Point","coordinates":[54.5672264,24.4232651]}},{"type":"Feature","properties":{"layer":"infrastructure","subtype":"barrier","class":"wall","name":""},"geometry":{"type":"LineString","coordinates":[[54.5672825,24.4232561],[54.5677248,24.4233841],[54.5678167,24.4231211],[54.5673743,24.422993],[54.5672825,24.4232561]]}},{"type":"Feature","properties":{"layer":"infrastructure","subtype":"barrier","class":"wall","name":""},"geometry":{"type":"LineString","coordinates":[[54.573234,24.4235636],[54.5732203,24.4235577],[54.5730647,24.4235156],[54.5727945,24.4234342],[54.5728099,24.4233905],[54.5728222,24.423347],[54.5728549,24.4232303],[54.5728775,24.4231626],[54.5728969,24.4231031],[54.5729191,24.4230307],[54.5730994,24.4230833],[54.5731551,24.4230971],[54.573368,24.423159],[54.573234,24.4235636]]}},{"type":"Feature","properties":{"layer":"infrastructure","subtype":"transportation","class":"crossing","name":""},"geometry":{"type":"Point","coordinates":[54.5713245,24.4231471]}},{"type":"Feature","properties":{"layer":"infrastructure","subtype":"barrier","class":"wall","name":""},"geometry":{"type":"LineString","coordinates":[[54.5720741,24.423228],[54.5724827,24.423345],[54.5725115,24.4233528],[54.5725231,24.4233174],[54.5726321,24.4229916],[54.5726433,24.4229538],[54.5726176,24.4229475],[54.5725547,24.4229295],[54.5724957,24.4229141],[54.5722085,24.4228336],[54.5720741,24.423228]]}},{"type":"Feature","properties":{"layer":"infrastructure","subtype":"barrier","class":"wall","name":""},"geometry":{"type":"LineString","coordinates":[[54.5764031,24.4233582],[54.5769771,24.4235193],[54.5771569,24.422994],[54.5765829,24.422827],[54.5764031,24.4233582]]}},{"type":"Feature","properties":{"layer":"infrastructure","subtype":"barrier","class":"wall","name":""},"geometry":{"type":"LineString","coordinates":[[54.5744144,24.4233718],[54.5744438,24.4233808],[54.5748041,24.4234833],[54.5748543,24.423497],[54.5748852,24.4234029],[54.5749205,24.4232964],[54.5749441,24.423227],[54.5748063,24.4231881],[54.5745077,24.4231088],[54.5744255,24.4233416],[54.5744144,24.4233718]]}},{"type":"Feature","properties":{"layer":"infrastructure","subtype":"barrier","class":"wall","name":""},"geometry":{"type":"LineString","coordinates":[[54.5789962,24.4234894],[54.5790353,24.423502],[54.5792632,24.4235643],[54.5792861,24.423571],[54.5793238,24.4235818],[54.5795136,24.4236371],[54.5795799,24.423656],[54.5795982,24.4236026],[54.5796426,24.4234645],[54.5796601,24.423416],[54.5796747,24.4233753],[54.579756,24.4231259],[54.5794994,24.4230528],[54.5794676,24.4230429],[54.5794424,24.4230351],[54.5791813,24.4229607],[54.5789962,24.4234894]]}},{"type":"Feature","properties":{"layer":"infrastructure","subtype":"barrier","class":"kerb","name":""},"geometry":{"type":"Point","coordinates":[54.5827516,24.4231557]}},{"type":"Feature","properties":{"layer":"infrastructure","subtype":"barrier","class":"kerb","name":""},"geometry":{"type":"Point","coordinates":[54.5826211,24.4231281]}},{"type":"Feature","properties":{"layer":"infrastructure","subtype":"transportation","class":"crossing","name":""},"geometry":{"type":"Point","coordinates":[54.5825899,24.4231167]}},{"type":"Feature","properties":{"layer":"infrastructure","subtype":"barrier","class":"kerb","name":""},"geometry":{"type":"Point","coordinates":[54.5826719,24.4231291]}},{"type":"Feature","properties":{"layer":"infrastructure","subtype":"transportation","class":"crossing","name":""},"geometry":{"type":"Point","coordinates":[54.5827002,24.4231398]}},{"type":"Feature","properties":{"layer":"infrastructure","subtype":"barrier","class":"wall","name":""},"geometry":{"type":"LineString","coordinates":[[54.5783967,24.4233191],[54.5787567,24.4234158],[54.5789725,24.4234789],[54.578998,24.4234065],[54.5790821,24.4231613],[54.5791379,24.4229992],[54.5791525,24.4229568],[54.5785745,24.4227891],[54.5783967,24.4233191]]}},{"type":"Feature","properties":{"layer":"infrastructure","subtype":"transportation","class":"crossing","name":""},"geometry":{"type":"Point","coordinates":[54.5799214,24.4230863]}},{"type":"Feature","properties":{"layer":"infrastructure","subtype":"barrier","class":"kerb","name":""},"geometry":{"type":"Point","coordinates":[54.5798899,24.4230779]}},{"type":"Feature","properties":{"layer":"infrastructure","subtype":"barrier","class":"kerb","name":""},"geometry":{"type":"Point","coordinates":[54.5799646,24.4230964]}},{"type":"Feature","properties":{"layer":"infrastructure","subtype":"barrier","class":"kerb","name":""},"geometry":{"type":"Point","coordinates":[54.5812413,24.4230725]}},{"type":"Feature","properties":{"layer":"infrastructure","subtype":"transportation","class":"crossing","name":""},"geometry":{"type":"Point","coordinates":[54.5812185,24.4230677]}},{"type":"Feature","properties":{"layer":"infrastructure","subtype":"barrier","class":"kerb","name":""},"geometry":{"type":"Point","coordinates":[54.5811868,24.4230609]}},{"type":"Feature","properties":{"layer":"infrastructure","subtype":"barrier","class":"kerb","name":""},"geometry":{"type":"Point","coordinates":[54.5825341,24.4230979]}},{"type":"Feature","properties":{"layer":"infrastructure","subtype":"barrier","class":"wall","name":""},"geometry":{"type":"LineString","coordinates":[[54.582291,24.4232654],[54.5819145,24.4231599],[54.5818502,24.4231416],[54.5818781,24.4230603],[54.5818824,24.4230513],[54.5819859,24.4227387],[54.5820444,24.4227548],[54.5824276,24.4228679],[54.582291,24.4232654]]}},{"type":"Feature","properties":{"layer":"infrastructure","subtype":"barrier","class":"wall","name":""},"geometry":{"type":"LineString","coordinates":[[54.5758184,24.4231921],[54.576383,24.4233545],[54.5765648,24.422831],[54.5759888,24.422667],[54.5758184,24.4231921]]}},{"type":"Feature","properties":{"layer":"infrastructure","subtype":"barrier","class":"wall","name":""},"geometry":{"type":"LineString","coordinates":[[54.5738284,24.423269],[54.5737958,24.42326],[54.5737766,24.4232537],[54.5737193,24.4232381],[54.5734536,24.4231587],[54.5733899,24.4231405],[54.5735227,24.4227502],[54.5735864,24.4227684],[54.5738499,24.4228475],[54.5739072,24.4228616],[54.5739296,24.4228696],[54.57396,24.4228779],[54.5739508,24.4229061],[54.5739113,24.4230249],[54.5738953,24.4230724],[54.5738923,24.4230807],[54.5738839,24.4231067],[54.573838,24.4232402],[54.5738284,24.423269]]}},{"type":"Feature","properties":{"layer":"infrastructure","subtype":"transportation","class":"crossing","name":""},"geometry":{"type":"Point","coordinates":[54.5744606,24.4229623]}},{"type":"Feature","properties":{"layer":"infrastructure","subtype":"barrier","class":"wall","name":""},"geometry":{"type":"LineString","coordinates":[[54.57781,24.4231469],[54.5778578,24.423162],[54.5779598,24.4231887],[54.5779703,24.423192],[54.5780243,24.4232071],[54.5783746,24.4233093],[54.5785563,24.4227858],[54.5781601,24.4226757],[54.5781041,24.4226553],[54.5780539,24.4226434],[54.5779812,24.4226214],[54.5779676,24.4226586],[54.57781,24.4231469]]}},{"type":"Feature","properties":{"layer":"infrastructure","subtype":"barrier","class":"wall","name":""},"geometry":{"type":"LineString","coordinates":[[54.5733665,24.4231413],[54.5729369,24.4230204],[54.5730566,24.4226127],[54.5734918,24.4227397],[54.5733665,24.4231413]]}},{"type":"Feature","properties":{"layer":"infrastructure","subtype":"barrier","class":"wall","name":""},"geometry":{"type":"LineString","coordinates":[[54.577192,24.4229825],[54.5772308,24.4229931],[54.577767,24.4231384],[54.5779378,24.4226434],[54.5779479,24.4226176],[54.57792,24.4226086],[54.5778514,24.4225875],[54.5777173,24.4225476],[54.5776327,24.4225219],[54.5775751,24.4225041],[54.5774459,24.4224642],[54.5773741,24.4224423],[54.577294,24.4226723],[54.5772166,24.4229075],[54.577192,24.4229825]]}},{"type":"Feature","properties":{"layer":"infrastructure","subtype":"barrier","class":"wall","name":""},"geometry":{"type":"LineString","coordinates":[[54.5818275,24.4231358],[54.5813934,24.4230105],[54.5815252,24.4226186],[54.5819691,24.4227452],[54.5818275,24.4231358]]}},{"type":"Feature","properties":{"layer":"infrastructure","subtype":"barrier","class":"kerb","name":""},"geometry":{"type":"Point","coordinates":[54.5800755,24.4227466]}},{"type":"Feature","properties":{"layer":"infrastructure","subtype":"transportation","class":"crossing","name":""},"geometry":{"type":"Point","coordinates":[54.5800463,24.4227419]}},{"type":"Feature","properties":{"layer":"infrastructure","subtype":"barrier","class":"kerb","name":""},"geometry":{"type":"Point","coordinates":[54.5800024,24.4227309]}},{"type":"Feature","properties":{"layer":"infrastructure","subtype":"barrier","class":"wall","name":""},"geometry":{"type":"LineString","coordinates":[[54.5811212,24.4229355],[54.5806759,24.4228103],[54.5806908,24.4227736],[54.5807313,24.4226469],[54.5808145,24.422416],[54.5810261,24.4224746],[54.5810559,24.4224824],[54.5812528,24.4225369],[54.5811662,24.4228045],[54.5811365,24.4228843],[54.5811212,24.4229355]]}},{"type":"Feature","properties":{"layer":"infrastructure","subtype":"barrier","class":"wall","name":""},"geometry":{"type":"LineString","coordinates":[[54.5824349,24.4228466],[54.5822935,24.4228051],[54.5819968,24.4227191],[54.5819979,24.4227025],[54.5820795,24.4224732],[54.5820992,24.422418],[54.5821333,24.4223221],[54.5822033,24.4223427],[54.5825708,24.4224462],[54.5824884,24.4226889],[54.5824642,24.4227644],[54.5824542,24.4227921],[54.5824349,24.4228466]]}},{"type":"Feature","properties":{"layer":"infrastructure","subtype":"barrier","class":"wall","name":""},"geometry":{"type":"LineString","coordinates":[[54.5806497,24.4227998],[54.5802119,24.4226826],[54.5803395,24.4223109],[54.5803517,24.4222776],[54.5804485,24.4223071],[54.5806267,24.4223597],[54.5806979,24.4223789],[54.5807337,24.4223898],[54.580791,24.4224067],[54.5807768,24.4224464],[54.5807601,24.4224934],[54.5807231,24.4225976],[54.5807158,24.4226173],[54.5806951,24.4226733],[54.5806497,24.4227998]]}},{"type":"Feature","properties":{"layer":"infrastructure","subtype":"barrier","class":"wall","name":""},"geometry":{"type":"LineString","coordinates":[[54.5739652,24.4228456],[54.5739359,24.4228376],[54.5735343,24.4227224],[54.5736616,24.4223203],[54.5741048,24.4224409],[54.5739843,24.4227874],[54.5739652,24.4228456]]}},{"type":"Feature","properties":{"layer":"infrastructure","subtype":"barrier","class":"wall","name":""},"geometry":{"type":"LineString","coordinates":[[54.5745926,24.4228478],[54.5746058,24.4228505],[54.5747756,24.4229005],[54.5747998,24.4229085],[54.5749739,24.4229548],[54.5751398,24.4230024],[54.5751758,24.4230125],[54.5751906,24.4229686],[54.5753477,24.4224781],[54.5752113,24.4224362],[54.575019,24.4223828],[54.5747751,24.4223092],[54.5745926,24.4228478]]}},{"type":"Feature","properties":{"layer":"infrastructure","subtype":"barrier","class":"wall","name":""},"geometry":{"type":"LineString","coordinates":[[54.5765876,24.4228063],[54.5769167,24.422901],[54.5769795,24.4229192],[54.5771623,24.4229717],[54.5773426,24.422442],[54.5771983,24.4224038],[54.5771631,24.4223928],[54.5767653,24.4222861],[54.5766636,24.4225866],[54.576652,24.4226149],[54.5765876,24.4228063]]}},{"type":"Feature","properties":{"layer":"infrastructure","subtype":"barrier","class":"wall","name":""},"geometry":{"type":"LineString","coordinates":[[54.5722172,24.4228106],[54.57265,24.4229324],[54.5727714,24.4225504],[54.5725604,24.4224862],[54.5723402,24.4224219],[54.5723205,24.4224779],[54.5722172,24.4228106]]}},{"type":"Feature","properties":{"layer":"infrastructure","subtype":"transportation","class":"crossing","name":""},"geometry":{"type":"Point","coordinates":[54.5685375,24.422667]}},{"type":"Feature","properties":{"layer":"infrastructure","subtype":"barrier","class":"wall","name":""},"geometry":{"type":"LineString","coordinates":[[54.5679365,24.4228109],[54.5683756,24.4229336],[54.5684169,24.4228057],[54.5684459,24.4227158],[54.5684648,24.4226572],[54.5683098,24.4226158],[54.5680266,24.4225467],[54.5679365,24.4228109]]}},{"type":"Feature","properties":{"layer":"infrastructure","subtype":"transportation","class":"crossing","name":""},"geometry":{"type":"Point","coordinates":[54.5631118,24.4226249]}},{"type":"Feature","properties":{"layer":"infrastructure","subtype":"barrier","class":"wall","name":""},"geometry":{"type":"LineString","coordinates":[[54.5674798,24.4226782],[54.5679118,24.4227974],[54.5679361,24.4227274],[54.5679466,24.4226966],[54.568002,24.4225369],[54.5675679,24.4224091],[54.5674798,24.4226782]]}},{"type":"Feature","properties":{"layer":"infrastructure","subtype":"barrier","class":"wall","name":""},"geometry":{"type":"LineString","coordinates":[[54.5662184,24.4226318],[54.5666429,24.4227529],[54.5667322,24.4224934],[54.5663077,24.4223724],[54.5662314,24.4225941],[54.5662184,24.4226318]]}},{"type":"Feature","properties":{"layer":"infrastructure","subtype":"barrier","class":"wall","name":""},"geometry":{"type":"LineString","coordinates":[[54.5687747,24.4226529],[54.5689935,24.422715],[54.5693689,24.4228186],[54.5693722,24.4228083],[54.5693862,24.4227689],[54.5695212,24.4223756],[54.5689257,24.4222144],[54.5688553,24.4224164],[54.56883,24.4224945],[54.5688202,24.4225214],[54.5688101,24.4225517],[54.5687956,24.422592],[54.5687747,24.4226529]]}},{"type":"Feature","properties":{"layer":"infrastructure","subtype":"transportation","class":"crossing","name":""},"geometry":{"type":"Point","coordinates":[54.5729284,24.422568]}},{"type":"Feature","properties":{"layer":"infrastructure","subtype":"transportation","class":"crossing","name":""},"geometry":{"type":"Point","coordinates":[54.5728501,24.4225463]}},{"type":"Feature","properties":{"layer":"infrastructure","subtype":"barrier","class":"wall","name":""},"geometry":{"type":"LineString","coordinates":[[54.570782,24.4227087],[54.570892,24.4227407],[54.5713751,24.422884],[54.5713971,24.4228248],[54.5714384,24.4226945],[54.5715805,24.4222852],[54.5709837,24.4221094],[54.5708331,24.4225634],[54.570782,24.4227087]]}},{"type":"Feature","properties":{"layer":"infrastructure","subtype":"barrier","class":"wall","name":""},"geometry":{"type":"LineString","coordinates":[[54.5680355,24.422517],[54.5684749,24.4226393],[54.5685646,24.4223745],[54.5681225,24.4222486],[54.5681141,24.4222737],[54.5681029,24.4223098],[54.5680355,24.422517]]}},{"type":"Feature","properties":{"layer":"infrastructure","subtype":"transportation","class":"crossing","name":""},"geometry":{"type":"Point","coordinates":[54.56743,24.4223577]}},{"type":"Feature","properties":{"layer":"infrastructure","subtype":"barrier","class":"wall","name":""},"geometry":{"type":"LineString","coordinates":[[54.5675754,24.4223926],[54.5678821,24.4224744],[54.5680211,24.422513],[54.5680499,24.4224268],[54.568055,24.4224147],[54.5681011,24.4222753],[54.5681107,24.4222504],[54.5676655,24.4221216],[54.5675754,24.4223926]]}},{"type":"Feature","properties":{"layer":"infrastructure","subtype":"barrier","class":"wall","name":""},"geometry":{"type":"LineString","coordinates":[[54.5662922,24.4223454],[54.5667317,24.4224695],[54.5668226,24.422194],[54.5663938,24.4220638],[54.5662922,24.4223454]]}},{"type":"Feature","properties":{"layer":"infrastructure","subtype":"barrier","class":"wall","name":""},"geometry":{"type":"LineString","coordinates":[[54.5701684,24.4225289],[54.5705877,24.4226483],[54.5706437,24.4226622],[54.570758,24.4226954],[54.5709609,24.422103],[54.5707519,24.4220442],[54.570694,24.4220275],[54.5704032,24.4219459],[54.5703652,24.4219349],[54.5703544,24.4219662],[54.5701684,24.4225289]]}},{"type":"Feature","properties":{"layer":"infrastructure","subtype":"transportation","class":"crossing","name":""},"geometry":{"type":"Point","coordinates":[54.5718375,24.4222651]}},{"type":"Feature","properties":{"layer":"infrastructure","subtype":"barrier","class":"kerb","name":""},"geometry":{"type":"Point","coordinates":[54.5716235,24.4222312]}},{"type":"Feature","properties":{"layer":"infrastructure","subtype":"barrier","class":"wall","name":""},"geometry":{"type":"LineString","coordinates":[[54.5753886,24.4224784],[54.5759753,24.4226463],[54.576153,24.4221111],[54.5755737,24.4219423],[54.5753886,24.4224784]]}},{"type":"Feature","properties":{"layer":"infrastructure","subtype":"barrier","class":"wall","name":""},"geometry":{"type":"LineString","coordinates":[[54.5759907,24.4226378],[54.57614,24.4226814],[54.5763608,24.4227394],[54.5765677,24.4227938],[54.5766473,24.4225425],[54.5766602,24.4225058],[54.5767132,24.4223489],[54.576728,24.4223052],[54.5767398,24.4222704],[54.5766806,24.4222538],[54.5765161,24.4222104],[54.5764611,24.4221935],[54.576396,24.4221734],[54.5762665,24.4221335],[54.5762244,24.4221239],[54.5761667,24.4221083],[54.5761586,24.422133],[54.5759907,24.4226378]]}},{"type":"Feature","properties":{"layer":"infrastructure","subtype":"transportation","class":"crossing","name":""},"geometry":{"type":"Point","coordinates":[54.5830664,24.4224617]}},{"type":"Feature","properties":{"layer":"infrastructure","subtype":"barrier","class":"wall","name":""},"geometry":{"type":"LineString","coordinates":[[54.5792404,24.4224067],[54.5793677,24.4224447],[54.5794011,24.4224524],[54.5795296,24.4224908],[54.5796589,24.4221227],[54.5796692,24.4220916],[54.5796052,24.4220739],[54.5795793,24.4220668],[54.5793708,24.4220086],[54.5792404,24.4224067]]}},{"type":"Feature","properties":{"layer":"infrastructure","subtype":"barrier","class":"wall","name":""},"geometry":{"type":"LineString","coordinates":[[54.5812597,24.4225144],[54.5808231,24.4223926],[54.5809217,24.4220761],[54.5809514,24.4219931],[54.5809874,24.4220038],[54.5813938,24.4221261],[54.5812597,24.4225144]]}},{"type":"Feature","properties":{"layer":"infrastructure","subtype":"barrier","class":"wall","name":""},"geometry":{"type":"LineString","coordinates":[[54.5807973,24.4223896],[54.5803582,24.4222643],[54.5803652,24.4222396],[54.5803847,24.4221896],[54.5804937,24.4218642],[54.5808717,24.4219736],[54.5809295,24.4219889],[54.5808828,24.4221349],[54.5807973,24.4223896]]}},{"type":"Feature","properties":{"layer":"infrastructure","subtype":"barrier","class":"wall","name":""},"geometry":{"type":"LineString","coordinates":[[54.5789295,24.4223164],[54.5791623,24.4223817],[54.5791958,24.422391],[54.5792158,24.4223967],[54.5793545,24.4219907],[54.5793142,24.4219793],[54.5791627,24.4219363],[54.579107,24.4219205],[54.5790652,24.4219088],[54.5789295,24.4223164]]}},{"type":"Feature","properties":{"layer":"infrastructure","subtype":"barrier","class":"wall","name":""},"geometry":{"type":"LineString","coordinates":[[54.5741089,24.4224208],[54.5736743,24.4223029],[54.5736806,24.4222805],[54.5737057,24.4222128],[54.5737429,24.4221126],[54.5737488,24.4220911],[54.5737724,24.4220166],[54.5738115,24.4219069],[54.5742396,24.4220302],[54.5741089,24.4224208]]}},{"type":"Feature","properties":{"layer":"infrastructure","subtype":"barrier","class":"wall","name":""},"geometry":{"type":"LineString","coordinates":[[54.5747804,24.4222922],[54.5750233,24.4223627],[54.5752145,24.4224203],[54.5753583,24.4224637],[54.5753823,24.4223977],[54.5753893,24.4223727],[54.5754295,24.4222483],[54.5755162,24.4219823],[54.5755362,24.4219212],[54.5754869,24.4219078],[54.5753808,24.421879],[54.5749588,24.4217646],[54.5747804,24.4222922]]}},{"type":"Feature","properties":{"layer":"infrastructure","subtype":"barrier","class":"wall","name":""},"geometry":{"type":"LineString","coordinates":[[54.5736551,24.422294],[54.5732184,24.4221666],[54.5733481,24.4217979],[54.573357,24.421773],[54.5734007,24.4217859],[54.5734118,24.421789],[54.5734404,24.4217974],[54.5737936,24.4219004],[54.5736551,24.422294]]}},{"type":"Feature","properties":{"layer":"infrastructure","subtype":"transportation","class":"crossing","name":""},"geometry":{"type":"Point","coordinates":[54.5746217,24.4220074]}},{"type":"Feature","properties":{"layer":"infrastructure","subtype":"barrier","class":"kerb","name":""},"geometry":{"type":"Point","coordinates":[54.574677,24.4220176]}},{"type":"Feature","properties":{"layer":"infrastructure","subtype":"transportation","class":"crossing","name":""},"geometry":{"type":"Point","coordinates":[54.5745129,24.4219783]}},{"type":"Feature","properties":{"layer":"infrastructure","subtype":"barrier","class":"kerb","name":""},"geometry":{"type":"Point","coordinates":[54.5745537,24.4219892]}},{"type":"Feature","properties":{"layer":"infrastructure","subtype":"barrier","class":"kerb","name":""},"geometry":{"type":"Point","coordinates":[54.5745936,24.4219999]}},{"type":"Feature","properties":{"layer":"infrastructure","subtype":"barrier","class":"kerb","name":""},"geometry":{"type":"Point","coordinates":[54.5744706,24.4219626]}},{"type":"Feature","properties":{"layer":"infrastructure","subtype":"barrier","class":"wall","name":""},"geometry":{"type":"LineString","coordinates":[[54.5782905,24.4221348],[54.5784038,24.4221692],[54.5784751,24.4221877],[54.578583,24.422219],[54.5786049,24.4221561],[54.5787148,24.421825],[54.5784221,24.4217392],[54.5784094,24.4217767],[54.5783991,24.4218098],[54.578338,24.4219994],[54.5783131,24.4220691],[54.5783107,24.4220797],[54.5782905,24.4221348]]}},{"type":"Feature","properties":{"layer":"infrastructure","subtype":"barrier","class":"wall","name":""},"geometry":{"type":"LineString","coordinates":[[54.5786133,24.4222249],[54.578685,24.4222448],[54.5787133,24.4222529],[54.5787588,24.4222655],[54.5787889,24.4222728],[54.5788162,24.4222808],[54.5788485,24.4222895],[54.5788791,24.4222977],[54.57891,24.4223064],[54.5790434,24.4219126],[54.5788158,24.4218482],[54.5787477,24.4218291],[54.5787169,24.42192],[54.5786133,24.4222249]]}},{"type":"Feature","properties":{"layer":"infrastructure","subtype":"barrier","class":"wall","name":""},"geometry":{"type":"LineString","coordinates":[[54.579383,24.4219835],[54.5796798,24.422067],[54.5797714,24.421766],[54.5798053,24.421666],[54.579701,24.4216367],[54.5795187,24.4215844],[54.579383,24.4219835]]}},{"type":"Feature","properties":{"layer":"infrastructure","subtype":"barrier","class":"wall","name":""},"geometry":{"type":"LineString","coordinates":[[54.5813942,24.4220932],[54.5811613,24.4220284],[54.5809786,24.4219741],[54.5809602,24.4219702],[54.5810447,24.4217263],[54.5810904,24.421588],[54.581097,24.4215713],[54.5811812,24.4215947],[54.5813187,24.421635],[54.5813962,24.4216554],[54.5815162,24.4216917],[54.581527,24.4216934],[54.5813942,24.4220932]]}},{"type":"Feature","properties":{"layer":"infrastructure","subtype":"barrier","class":"wall","name":""},"geometry":{"type":"LineString","coordinates":[[54.5827102,24.4220045],[54.5826791,24.4219956],[54.5822818,24.421881],[54.5824205,24.4214775],[54.5828493,24.4215973],[54.5827193,24.4219777],[54.5827102,24.4220045]]}},{"type":"Feature","properties":{"layer":"infrastructure","subtype":"barrier","class":"wall","name":""},"geometry":{"type":"LineString","coordinates":[[54.5790649,24.4218966],[54.5791348,24.4219155],[54.5792208,24.4219387],[54.5793081,24.4219641],[54.579352,24.4219756],[54.5793627,24.4219476],[54.5793719,24.4219221],[54.5794947,24.4215802],[54.5793822,24.4215469],[54.579287,24.421517],[54.5792394,24.4215033],[54.5792026,24.4214927],[54.5791843,24.4215453],[54.5790831,24.4218404],[54.5790649,24.4218966]]}},{"type":"Feature","properties":{"layer":"infrastructure","subtype":"barrier","class":"kerb","name":""},"geometry":{"type":"Point","coordinates":[54.5753238,24.4217094]}},{"type":"Feature","properties":{"layer":"infrastructure","subtype":"barrier","class":"wall","name":""},"geometry":{"type":"LineString","coordinates":[[54.5779701,24.4220422],[54.5780573,24.4220673],[54.5781985,24.4221108],[54.578274,24.422131],[54.5782967,24.4220604],[54.5783973,24.4217691],[54.5784097,24.4217324],[54.5783425,24.4217137],[54.5781766,24.4216699],[54.5781278,24.4216557],[54.5781008,24.4216491],[54.5779983,24.4219609],[54.5779701,24.4220422]]}},{"type":"Feature","properties":{"layer":"infrastructure","subtype":"barrier","class":"wall","name":""},"geometry":{"type":"LineString","coordinates":[[54.5682228,24.4219394],[54.5682779,24.4219559],[54.5686707,24.4220654],[54.5687599,24.4218059],[54.5683884,24.4216903],[54.5683202,24.4216699],[54.5683088,24.4217014],[54.568234,24.4219083],[54.5682228,24.4219394]]}},{"type":"Feature","properties":{"layer":"infrastructure","subtype":"barrier","class":"wall","name":""},"geometry":{"type":"LineString","coordinates":[[54.5711014,24.4218553],[54.5716719,24.4220163],[54.5718511,24.4214896],[54.5712806,24.4213287],[54.5711014,24.4218553]]}},{"type":"Feature","properties":{"layer":"infrastructure","subtype":"barrier","class":"wall","name":""},"geometry":{"type":"LineString","coordinates":[[54.5664987,24.4217679],[54.5669366,24.4218938],[54.5670259,24.4216313],[54.5665879,24.4215084],[54.5665485,24.4215714],[54.5664987,24.4217679]]}},{"type":"Feature","properties":{"layer":"infrastructure","subtype":"transportation","class":"crossing","name":""},"geometry":{"type":"Point","coordinates":[54.5634244,24.4217028]}},{"type":"Feature","properties":{"layer":"infrastructure","subtype":"barrier","class":"kerb","name":""},"geometry":{"type":"Point","coordinates":[54.5660104,24.4219129]}},{"type":"Feature","properties":{"layer":"infrastructure","subtype":"transportation","class":"crossing","name":""},"geometry":{"type":"Point","coordinates":[54.5660524,24.4219175]}},{"type":"Feature","properties":{"layer":"infrastructure","subtype":"barrier","class":"kerb","name":""},"geometry":{"type":"Point","coordinates":[54.5658916,24.4219807]}},{"type":"Feature","properties":{"layer":"infrastructure","subtype":"barrier","class":"wall","name":""},"geometry":{"type":"LineString","coordinates":[[54.5664006,24.4220491],[54.5668374,24.4221802],[54.5669266,24.4219207],[54.5664847,24.421785],[54.5664006,24.4220491]]}},{"type":"Feature","properties":{"layer":"infrastructure","subtype":"transportation","class":"crossing","name":""},"geometry":{"type":"Point","coordinates":[54.5658385,24.4219636]}},{"type":"Feature","properties":{"layer":"infrastructure","subtype":"barrier","class":"kerb","name":""},"geometry":{"type":"Point","coordinates":[54.5661123,24.4219459]}},{"type":"Feature","properties":{"layer":"infrastructure","subtype":"barrier","class":"kerb","name":""},"geometry":{"type":"Point","coordinates":[54.5657757,24.4219458]}},{"type":"Feature","properties":{"layer":"infrastructure","subtype":"barrier","class":"wall","name":""},"geometry":{"type":"LineString","coordinates":[[54.5689342,24.4221867],[54.5695351,24.4223557],[54.5697211,24.4217787],[54.5697299,24.4217527],[54.5696959,24.4217432],[54.5695223,24.4216945],[54.5694698,24.4216795],[54.5691367,24.4215888],[54.5689342,24.4221867]]}},{"type":"Feature","properties":{"layer":"infrastructure","subtype":"barrier","class":"kerb","name":""},"geometry":{"type":"Point","coordinates":[54.571672,24.4221145]}},{"type":"Feature","properties":{"layer":"infrastructure","subtype":"transportation","class":"crossing","name":""},"geometry":{"type":"Point","coordinates":[54.5716493,24.4221698]}},{"type":"Feature","properties":{"layer":"infrastructure","subtype":"barrier","class":"wall","name":""},"geometry":{"type":"LineString","coordinates":[[54.5695443,24.4223604],[54.5697042,24.4224041],[54.5697809,24.4224248],[54.5701493,24.4225254],[54.5702049,24.4223633],[54.5702429,24.4222454],[54.5702522,24.4222214],[54.5702688,24.422166],[54.5703282,24.4219935],[54.5703477,24.421938],[54.5700745,24.4218583],[54.5700202,24.4218441],[54.5699743,24.4218313],[54.5697476,24.4217671],[54.5696681,24.4220011],[54.5696512,24.4220463],[54.5695443,24.4223604]]}},{"type":"Feature","properties":{"layer":"infrastructure","subtype":"barrier","class":"wall","name":""},"geometry":{"type":"LineString","coordinates":[[54.5681494,24.4222293],[54.5685739,24.4223503],[54.5686631,24.4220909],[54.5682386,24.4219698],[54.5681494,24.4222293]]}},{"type":"Feature","properties":{"layer":"infrastructure","subtype":"transportation","class":"crossing","name":""},"geometry":{"type":"Point","coordinates":[54.568891,24.4221899]}},{"type":"Feature","properties":{"layer":"infrastructure","subtype":"barrier","class":"wall","name":""},"geometry":{"type":"LineString","coordinates":[[54.5611026,24.4218225],[54.56154,24.4219445],[54.5616293,24.421685],[54.5611912,24.4215552],[54.5611026,24.4218225]]}},{"type":"Feature","properties":{"layer":"infrastructure","subtype":"barrier","class":"wall","name":""},"geometry":{"type":"LineString","coordinates":[[54.56,24.422057997919975],[54.5601963,24.4221144],[54.5603767,24.4215865],[54.56,24.421480403073165]]}},{"type":"Feature","properties":{"layer":"infrastructure","subtype":"barrier","class":"wall","name":""},"geometry":{"type":"LineString","coordinates":[[54.5606226,24.4216892],[54.5610827,24.4218163],[54.5611719,24.4215568],[54.5607223,24.421424],[54.5606226,24.4216892]]}},{"type":"Feature","properties":{"layer":"infrastructure","subtype":"barrier","class":"wall","name":""},"geometry":{"type":"LineString","coordinates":[[54.562473,24.4215767],[54.562912,24.4217003],[54.5630012,24.4214408],[54.56256,24.4213156],[54.562473,24.4215767]]}},{"type":"Feature","properties":{"layer":"infrastructure","subtype":"barrier","class":"wall","name":""},"geometry":{"type":"LineString","coordinates":[[54.5611956,24.4215304],[54.5616379,24.4216563],[54.5617272,24.4213968],[54.5612875,24.421265],[54.5611956,24.4215304]]}},{"type":"Feature","properties":{"layer":"infrastructure","subtype":"barrier","class":"wall","name":""},"geometry":{"type":"LineString","coordinates":[[54.5625787,24.4212935],[54.5630032,24.4214145],[54.5630924,24.4211551],[54.5626679,24.4210341],[54.5625787,24.4212935]]}},{"type":"Feature","properties":{"layer":"infrastructure","subtype":"barrier","class":"wall","name":""},"geometry":{"type":"LineString","coordinates":[[54.5612874,24.4212403],[54.5617345,24.421372],[54.5618217,24.4211077],[54.561381,24.4209798],[54.5612874,24.4212403]]}},{"type":"Feature","properties":{"layer":"infrastructure","subtype":"barrier","class":"kerb","name":""},"geometry":{"type":"Point","coordinates":[54.5678911,24.4212115]}},{"type":"Feature","properties":{"layer":"infrastructure","subtype":"barrier","class":"kerb","name":""},"geometry":{"type":"Point","coordinates":[54.5677703,24.4211733]}},{"type":"Feature","properties":{"layer":"infrastructure","subtype":"transportation","class":"crossing","name":""},"geometry":{"type":"Point","coordinates":[54.5678303,24.4211732]}},{"type":"Feature","properties":{"layer":"infrastructure","subtype":"barrier","class":"wall","name":""},"geometry":{"type":"LineString","coordinates":[[54.5692829,24.4213397],[54.5693311,24.4213538],[54.569857,24.4215131],[54.5700321,24.4209819],[54.569543,24.4208422],[54.5694578,24.4208181],[54.5694443,24.4208576],[54.5693694,24.4210844],[54.5693487,24.4211425],[54.5693378,24.4211773],[54.5693198,24.4212296],[54.5693019,24.4212859],[54.5692829,24.4213397]]}},{"type":"Feature","properties":{"layer":"infrastructure","subtype":"barrier","class":"wall","name":""},"geometry":{"type":"LineString","coordinates":[[54.571274,24.4213032],[54.5718516,24.4214724],[54.5720318,24.4209375],[54.5717358,24.4208533],[54.5717029,24.4208447],[54.5714572,24.4207748],[54.571274,24.4213032]]}},{"type":"Feature","properties":{"layer":"infrastructure","subtype":"transportation","class":"crossing","name":""},"geometry":{"type":"Point","coordinates":[54.5686385,24.4212518]}},{"type":"Feature","properties":{"layer":"infrastructure","subtype":"barrier","class":"wall","name":""},"geometry":{"type":"LineString","coordinates":[[54.5726167,24.4215406],[54.5724144,24.4214834],[54.5723331,24.4214613],[54.5722052,24.421425],[54.5721817,24.4214187],[54.5721912,24.4213891],[54.5722209,24.4213017],[54.572315,24.4210251],[54.5727486,24.4211477],[54.5726167,24.4215406]]}},{"type":"Feature","properties":{"layer":"infrastructure","subtype":"barrier","class":"gate","name":""},"geometry":{"type":"Point","coordinates":[54.5722209,24.4213017]}},{"type":"Feature","properties":{"layer":"infrastructure","subtype":"transportation","class":"crossing","name":""},"geometry":{"type":"Point","coordinates":[54.5664069,24.4213855]}},{"type":"Feature","properties":{"layer":"infrastructure","subtype":"transportation","class":"crossing","name":""},"geometry":{"type":"Point","coordinates":[54.5665485,24.4215714]}},{"type":"Feature","properties":{"layer":"infrastructure","subtype":"barrier","class":"kerb","name":""},"geometry":{"type":"Point","coordinates":[54.5690842,24.4215422]}},{"type":"Feature","properties":{"layer":"infrastructure","subtype":"barrier","class":"wall","name":""},"geometry":{"type":"LineString","coordinates":[[54.568334,24.4216526],[54.5687656,24.4217721],[54.5688549,24.4215107],[54.5684208,24.4213868],[54.568334,24.4216526]]}},{"type":"Feature","properties":{"layer":"infrastructure","subtype":"barrier","class":"kerb","name":""},"geometry":{"type":"Point","coordinates":[54.568947,24.4215104]}},{"type":"Feature","properties":{"layer":"infrastructure","subtype":"transportation","class":"crossing","name":""},"geometry":{"type":"Point","coordinates":[54.5690015,24.4215161]}},{"type":"Feature","properties":{"layer":"infrastructure","subtype":"barrier","class":"wall","name":""},"geometry":{"type":"LineString","coordinates":[[54.5778012,24.4215337],[54.5778738,24.4215554],[54.577947,24.4215773],[54.5780889,24.4216199],[54.5781038,24.4215789],[54.5781426,24.4214718],[54.5781849,24.4213608],[54.5782348,24.4212237],[54.5781506,24.421201],[54.5780873,24.4211841],[54.5780083,24.421163],[54.5779362,24.421146],[54.5778927,24.4212707],[54.5778776,24.4213161],[54.5778161,24.4214926],[54.5778012,24.4215337]]}},{"type":"Feature","properties":{"layer":"infrastructure","subtype":"barrier","class":"wall","name":""},"geometry":{"type":"LineString","coordinates":[[54.5764019,24.4216036],[54.5766999,24.4216861],[54.5768094,24.4213372],[54.5768293,24.4212842],[54.5767982,24.4212745],[54.5765294,24.4212012],[54.5765237,24.4212217],[54.5764674,24.4213946],[54.5764019,24.4216036]]}},{"type":"Feature","properties":{"layer":"infrastructure","subtype":"barrier","class":"kerb","name":""},"geometry":{"type":"Point","coordinates":[54.5753835,24.4215357]}},{"type":"Feature","properties":{"layer":"infrastructure","subtype":"transportation","class":"crossing","name":""},"geometry":{"type":"Point","coordinates":[54.5753759,24.4215576]}},{"type":"Feature","properties":{"layer":"infrastructure","subtype":"barrier","class":"wall","name":""},"geometry":{"type":"LineString","coordinates":[[54.5737937,24.4218738],[54.5737628,24.4218647],[54.5733616,24.4217499],[54.5734834,24.4213548],[54.573928,24.4214828],[54.5738103,24.4218272],[54.5737937,24.4218738]]}},{"type":"Feature","properties":{"layer":"infrastructure","subtype":"transportation","class":"crossing","name":""},"geometry":{"type":"Point","coordinates":[54.5753427,24.4216544]}},{"type":"Feature","properties":{"layer":"infrastructure","subtype":"barrier","class":"wall","name":""},"geometry":{"type":"LineString","coordinates":[[54.5770359,24.4217827],[54.5773169,24.4218604],[54.5774514,24.4214682],[54.5771687,24.421382],[54.5770359,24.4217827]]}},{"type":"Feature","properties":{"layer":"infrastructure","subtype":"barrier","class":"wall","name":""},"geometry":{"type":"LineString","coordinates":[[54.5767274,24.4216912],[54.5770137,24.4217715],[54.5771471,24.4213777],[54.5770466,24.4213489],[54.5770122,24.4213397],[54.5769466,24.4213221],[54.5768608,24.4212974],[54.5767274,24.4216912]]}},{"type":"Feature","properties":{"layer":"infrastructure","subtype":"barrier","class":"wall","name":""},"geometry":{"type":"LineString","coordinates":[[54.578753,24.4218076],[54.5790417,24.4218859],[54.5791774,24.4214867],[54.5791274,24.4214757],[54.5790316,24.4214489],[54.5788853,24.4214138],[54.578753,24.4218076]]}},{"type":"Feature","properties":{"layer":"infrastructure","subtype":"barrier","class":"wall","name":""},"geometry":{"type":"LineString","coordinates":[[54.5781216,24.4216289],[54.5784138,24.4217093],[54.5784346,24.421645],[54.5784925,24.4214775],[54.578537,24.4213423],[54.5785491,24.4213078],[54.5785168,24.4212983],[54.5783196,24.4212435],[54.5782541,24.4212249],[54.5782428,24.421258],[54.5781216,24.4216289]]}},{"type":"Feature","properties":{"layer":"infrastructure","subtype":"barrier","class":"wall","name":""},"geometry":{"type":"LineString","coordinates":[[54.5815402,24.421671],[54.581414,24.4216331],[54.5811556,24.4215632],[54.5811037,24.4215485],[54.5811794,24.4213262],[54.5812405,24.4211465],[54.5816397,24.4212653],[54.5816718,24.4212741],[54.5816607,24.4213082],[54.5816182,24.4214558],[54.5815992,24.4215083],[54.5815605,24.421615],[54.5815402,24.421671]]}},{"type":"Feature","properties":{"layer":"infrastructure","subtype":"barrier","class":"wall","name":""},"geometry":{"type":"LineString","coordinates":[[54.5828511,24.4215838],[54.5824855,24.4214781],[54.5824208,24.4214596],[54.5824648,24.4213317],[54.5825542,24.4210663],[54.5829657,24.4211777],[54.5829904,24.4211849],[54.5829796,24.4212156],[54.5828511,24.4215838]]}},{"type":"Feature","properties":{"layer":"infrastructure","subtype":"barrier","class":"wall","name":""},"geometry":{"type":"LineString","coordinates":[[54.5760795,24.4215088],[54.5761597,24.4215315],[54.5763705,24.4215949],[54.5764893,24.4212365],[54.5765027,24.4211978],[54.5763332,24.4211492],[54.5762464,24.421126],[54.576215,24.4211174],[54.5762017,24.4211577],[54.5760981,24.4214546],[54.5760795,24.4215088]]}},{"type":"Feature","properties":{"layer":"infrastructure","subtype":"barrier","class":"kerb","name":""},"geometry":{"type":"Point","coordinates":[54.5741468,24.4213763]}},{"type":"Feature","properties":{"layer":"infrastructure","subtype":"transportation","class":"crossing","name":""},"geometry":{"type":"Point","coordinates":[54.5741661,24.4213196]}},{"type":"Feature","properties":{"layer":"infrastructure","subtype":"barrier","class":"wall","name":""},"geometry":{"type":"LineString","coordinates":[[54.5757704,24.4214219],[54.5757899,24.4214282],[54.5758393,24.4214407],[54.5758986,24.4214577],[54.5760013,24.4214871],[54.5760545,24.4215023],[54.5760848,24.4214146],[54.5761774,24.4211498],[54.5761915,24.4211086],[54.5759002,24.421026],[54.5758861,24.4210672],[54.5757704,24.4214219]]}},{"type":"Feature","properties":{"layer":"infrastructure","subtype":"barrier","class":"wall","name":""},"geometry":{"type":"LineString","coordinates":[[54.5771637,24.4213709],[54.5774681,24.4214583],[54.5776039,24.421041],[54.5773038,24.4209593],[54.5771637,24.4213709]]}},{"type":"Feature","properties":{"layer":"infrastructure","subtype":"barrier","class":"kerb","name":""},"geometry":{"type":"Point","coordinates":[54.5734229,24.421243]}},{"type":"Feature","properties":{"layer":"infrastructure","subtype":"transportation","class":"crossing","name":""},"geometry":{"type":"Point","coordinates":[54.5733782,24.4212351]}},{"type":"Feature","properties":{"layer":"infrastructure","subtype":"barrier","class":"kerb","name":""},"geometry":{"type":"Point","coordinates":[54.5733488,24.4212203]}},{"type":"Feature","properties":{"layer":"infrastructure","subtype":"transportation","class":"crossing","name":""},"geometry":{"type":"Point","coordinates":[54.5742031,24.4212239]}},{"type":"Feature","properties":{"layer":"infrastructure","subtype":"barrier","class":"kerb","name":""},"geometry":{"type":"Point","coordinates":[54.5742174,24.421183]}},{"type":"Feature","properties":{"layer":"infrastructure","subtype":"barrier","class":"wall","name":""},"geometry":{"type":"LineString","coordinates":[[54.5754499,24.4213309],[54.5756431,24.4213889],[54.5757095,24.4214067],[54.5757437,24.4214177],[54.5758546,24.4210949],[54.5758828,24.421019],[54.5758297,24.4210026],[54.5756187,24.4209501],[54.5755806,24.42094],[54.5755631,24.4209949],[54.5754499,24.4213309]]}},{"type":"Feature","properties":{"layer":"infrastructure","subtype":"barrier","class":"wall","name":""},"geometry":{"type":"LineString","coordinates":[[54.5823912,24.42145],[54.5823642,24.4214423],[54.5820888,24.421366],[54.5819775,24.4213347],[54.5819632,24.4213309],[54.5820978,24.420934],[54.5821223,24.4209406],[54.5821935,24.4209604],[54.5825291,24.4210522],[54.582404,24.4214127],[54.5823912,24.42145]]}},{"type":"Feature","properties":{"layer":"infrastructure","subtype":"barrier","class":"wall","name":""},"geometry":{"type":"LineString","coordinates":[[54.5816766,24.421253],[54.5816224,24.4212367],[54.5814366,24.4211852],[54.581393,24.4211754],[54.5812369,24.4211321],[54.5813086,24.4209091],[54.581352,24.4207715],[54.5813649,24.4207321],[54.5818164,24.4208553],[54.5817891,24.4209337],[54.5817661,24.4210008],[54.5817553,24.4210373],[54.5817137,24.4211512],[54.5816766,24.421253]]}},{"type":"Feature","properties":{"layer":"infrastructure","subtype":"barrier","class":"wall","name":""},"geometry":{"type":"LineString","coordinates":[[54.583003,24.421161],[54.582959,24.4211472],[54.5825691,24.4210338],[54.5827021,24.4206441],[54.5830972,24.4207482],[54.5831415,24.4207609],[54.5831284,24.420799],[54.5830791,24.4209449],[54.5830634,24.420987],[54.5830176,24.4211226],[54.583003,24.421161]]}},{"type":"Feature","properties":{"layer":"infrastructure","subtype":"barrier","class":"wall","name":""},"geometry":{"type":"LineString","coordinates":[[54.581221,24.42112],[54.5811812,24.4211087],[54.580783,24.4209958],[54.5808377,24.4208313],[54.580875,24.4207296],[54.5809033,24.4206426],[54.5809206,24.4205969],[54.5810735,24.4206448],[54.5813549,24.4207316],[54.5812643,24.4209933],[54.581221,24.42112]]}},{"type":"Feature","properties":{"layer":"infrastructure","subtype":"barrier","class":"wall","name":""},"geometry":{"type":"LineString","coordinates":[[54.5762212,24.4210933],[54.5763555,24.4211292],[54.5765206,24.4211781],[54.5765383,24.4211288],[54.5766549,24.4207831],[54.5764202,24.4207084],[54.5763624,24.4206903],[54.5763367,24.4207586],[54.5762212,24.4210933]]}},{"type":"Feature","properties":{"layer":"infrastructure","subtype":"barrier","class":"wall","name":""},"geometry":{"type":"LineString","coordinates":[[54.575912,24.421002],[54.5761989,24.4210829],[54.5762002,24.4210759],[54.576221,24.4210132],[54.5763272,24.4207126],[54.5763379,24.4206785],[54.5762759,24.4206623],[54.5760736,24.4206141],[54.5760464,24.420607],[54.5760385,24.4206319],[54.575912,24.421002]]}},{"type":"Feature","properties":{"layer":"infrastructure","subtype":"transportation","class":"crossing","name":""},"geometry":{"type":"Point","coordinates":[54.5734891,24.420895]}},{"type":"Feature","properties":{"layer":"infrastructure","subtype":"transportation","class":"crossing","name":""},"geometry":{"type":"Point","coordinates":[54.5748785,24.4209152]}},{"type":"Feature","properties":{"layer":"infrastructure","subtype":"barrier","class":"kerb","name":""},"geometry":{"type":"Point","coordinates":[54.5748288,24.4209009]}},{"type":"Feature","properties":{"layer":"infrastructure","subtype":"transportation","class":"crossing","name":""},"geometry":{"type":"Point","coordinates":[54.574985,24.4209459]}},{"type":"Feature","properties":{"layer":"infrastructure","subtype":"barrier","class":"kerb","name":""},"geometry":{"type":"Point","coordinates":[54.5750486,24.4209715]}},{"type":"Feature","properties":{"layer":"infrastructure","subtype":"barrier","class":"wall","name":""},"geometry":{"type":"LineString","coordinates":[[54.576538,24.4211824],[54.5768267,24.4212585],[54.5769347,24.4209412],[54.5769636,24.4208652],[54.5769031,24.4208461],[54.5767768,24.420806],[54.576705,24.4207843],[54.5766753,24.4207754],[54.5766609,24.420815],[54.576538,24.4211824]]}},{"type":"Feature","properties":{"layer":"infrastructure","subtype":"barrier","class":"wall","name":""},"geometry":{"type":"LineString","coordinates":[[54.5751369,24.4212474],[54.5754325,24.4213246],[54.5755488,24.4209687],[54.5755622,24.4209303],[54.5755287,24.4209206],[54.5755136,24.420916],[54.5753815,24.4208771],[54.5752657,24.420844],[54.5751812,24.4211084],[54.5751512,24.4212031],[54.5751369,24.4212474]]}},{"type":"Feature","properties":{"layer":"infrastructure","subtype":"barrier","class":"wall","name":""},"geometry":{"type":"LineString","coordinates":[[54.5706698,24.4211504],[54.570691,24.4211586],[54.5708235,24.4211932],[54.5708814,24.4212114],[54.5710301,24.4212551],[54.5712444,24.4213205],[54.5714158,24.4208186],[54.571425,24.4207947],[54.571398,24.4207861],[54.5713002,24.4207568],[54.5712381,24.4207379],[54.5712298,24.4207355],[54.5712072,24.4207286],[54.5710343,24.4206758],[54.5708444,24.4206198],[54.5708268,24.4206693],[54.5706698,24.4211504]]}},{"type":"Feature","properties":{"layer":"infrastructure","subtype":"barrier","class":"wall","name":""},"geometry":{"type":"LineString","coordinates":[[54.5686776,24.4211715],[54.5687386,24.4211892],[54.5692593,24.4213373],[54.5694385,24.4208106],[54.5688593,24.4206473],[54.5687604,24.4209352],[54.5687302,24.4210185],[54.5687256,24.4210338],[54.5686776,24.4211715]]}},{"type":"Feature","properties":{"layer":"infrastructure","subtype":"barrier","class":"kerb","name":""},"geometry":{"type":"Point","coordinates":[54.5722498,24.4209307]}},{"type":"Feature","properties":{"layer":"infrastructure","subtype":"transportation","class":"crossing","name":""},"geometry":{"type":"Point","coordinates":[54.5721943,24.4209169]}},{"type":"Feature","properties":{"layer":"infrastructure","subtype":"barrier","class":"kerb","name":""},"geometry":{"type":"Point","coordinates":[54.5721481,24.4209041]}},{"type":"Feature","properties":{"layer":"infrastructure","subtype":"transportation","class":"crossing","name":""},"geometry":{"type":"Point","coordinates":[54.5722028,24.4208916]}},{"type":"Feature","properties":{"layer":"infrastructure","subtype":"barrier","class":"wall","name":""},"geometry":{"type":"LineString","coordinates":[[54.5700697,24.4209653],[54.5706452,24.4211309],[54.570814,24.4206121],[54.5702412,24.4204554],[54.5700697,24.4209653]]}},{"type":"Feature","properties":{"layer":"infrastructure","subtype":"barrier","class":"wall","name":""},"geometry":{"type":"LineString","coordinates":[[54.5680758,24.4210014],[54.5681823,24.4210321],[54.5682102,24.4210401],[54.5682631,24.421054],[54.568585,24.4211456],[54.5686236,24.4211572],[54.5686537,24.4211645],[54.56883,24.4206394],[54.5684597,24.4205243],[54.5683517,24.4204934],[54.5682572,24.4204632],[54.5680758,24.4210014]]}},{"type":"Feature","properties":{"layer":"infrastructure","subtype":"barrier","class":"gate","name":""},"geometry":{"type":"Point","coordinates":[54.5672576,24.420812]}},{"type":"Feature","properties":{"layer":"infrastructure","subtype":"transportation","class":"crossing","name":""},"geometry":{"type":"Point","coordinates":[54.5667284,24.4208015]}},{"type":"Feature","properties":{"layer":"infrastructure","subtype":"barrier","class":"wall","name":""},"geometry":{"type":"LineString","coordinates":[[54.5674717,24.4208302],[54.5680563,24.4209966],[54.5682355,24.42047],[54.5679396,24.4203851],[54.5676546,24.4203023],[54.5676257,24.4203849],[54.5675306,24.4206613],[54.5675138,24.4207073],[54.5674717,24.4208302]]}},{"type":"Feature","properties":{"layer":"infrastructure","subtype":"barrier","class":"wall","name":""},"geometry":{"type":"LineString","coordinates":[[54.5694673,24.4207908],[54.5700418,24.4209511],[54.5702089,24.4204373],[54.5699257,24.4203579],[54.5696391,24.4202775],[54.5694673,24.4207908]]}},{"type":"Feature","properties":{"layer":"infrastructure","subtype":"barrier","class":"kerb","name":""},"geometry":{"type":"Point","coordinates":[54.5723705,24.4205714]}},{"type":"Feature","properties":{"layer":"infrastructure","subtype":"barrier","class":"wall","name":""},"geometry":{"type":"LineString","coordinates":[[54.5752758,24.4208235],[54.5753855,24.4208541],[54.5755103,24.4208906],[54.5755656,24.4209068],[54.5756164,24.4207629],[54.5756989,24.4205101],[54.575408,24.4204244],[54.5752758,24.4208235]]}},{"type":"Feature","properties":{"layer":"infrastructure","subtype":"barrier","class":"wall","name":""},"geometry":{"type":"LineString","coordinates":[[54.5736686,24.4208315],[54.5738545,24.4208823],[54.573924,24.4209023],[54.5741074,24.4209523],[54.5742353,24.4205544],[54.5740568,24.4205023],[54.5740057,24.4204879],[54.5738051,24.4204293],[54.5736686,24.4208315]]}},{"type":"Feature","properties":{"layer":"infrastructure","subtype":"barrier","class":"wall","name":""},"geometry":{"type":"LineString","coordinates":[[54.5741262,24.4209626],[54.5745674,24.4210854],[54.5746238,24.4209077],[54.5746544,24.4208171],[54.5746964,24.4206838],[54.5743159,24.4205653],[54.5742643,24.4205506],[54.5742041,24.4207253],[54.5741854,24.4207821],[54.5741307,24.4209523],[54.5741262,24.4209626]]}},{"type":"Feature","properties":{"layer":"infrastructure","subtype":"barrier","class":"wall","name":""},"geometry":{"type":"LineString","coordinates":[[54.5755904,24.4209075],[54.5756444,24.4209234],[54.575846,24.4209849],[54.5758787,24.4209933],[54.575889,24.4209601],[54.5760171,24.4205952],[54.5757568,24.4205231],[54.5757255,24.4205135],[54.5757135,24.4205459],[54.5756356,24.4207801],[54.5755904,24.4209075]]}},{"type":"Feature","properties":{"layer":"infrastructure","subtype":"barrier","class":"wall","name":""},"geometry":{"type":"LineString","coordinates":[[54.5825421,24.4210379],[54.5824858,24.4210224],[54.5823985,24.4209987],[54.5822354,24.4209524],[54.5821075,24.4209176],[54.5821549,24.4207773],[54.5821714,24.4207289],[54.5822447,24.4205118],[54.5826685,24.42063],[54.5825687,24.4209582],[54.5825421,24.4210379]]}},{"type":"Feature","properties":{"layer":"infrastructure","subtype":"transit","class":"parking","name":""},"geometry":{"type":"Polygon","coordinates":[[[54.5791365,24.4205169],[54.5791125,24.4205934],[54.5797103,24.4207486],[54.5797247,24.4206874],[54.5791365,24.4205169]]]}},{"type":"Feature","properties":{"layer":"infrastructure","subtype":"barrier","class":"wall","name":""},"geometry":{"type":"LineString","coordinates":[[54.5818261,24.4208304],[54.5817894,24.4208202],[54.5813894,24.4207042],[54.5814418,24.4205436],[54.5815113,24.4203422],[54.5815223,24.4203103],[54.5815554,24.4203197],[54.5818333,24.4204007],[54.5819544,24.4204343],[54.5819377,24.4204841],[54.5818515,24.4207549],[54.5818261,24.4208304]]}},{"type":"Feature","properties":{"layer":"infrastructure","subtype":"barrier","class":"wall","name":""},"geometry":{"type":"LineString","coordinates":[[54.5831325,24.4207408],[54.5830553,24.420719],[54.582995,24.4207026],[54.582781,24.4206426],[54.5827045,24.4206219],[54.5827142,24.420592],[54.5827201,24.4205735],[54.5827816,24.420392],[54.5828391,24.4202199],[54.5831229,24.420298],[54.5832701,24.4203388],[54.5832237,24.4204775],[54.5831325,24.4207408]]}},{"type":"Feature","properties":{"layer":"infrastructure","subtype":"barrier","class":"wall","name":""},"geometry":{"type":"LineString","coordinates":[[54.5813683,24.4207024],[54.5809931,24.4206012],[54.5809244,24.420583],[54.5809362,24.4205462],[54.5810516,24.4202059],[54.5810642,24.4201723],[54.5811321,24.4201933],[54.5815062,24.4203037],[54.5813683,24.4207024]]}},{"type":"Feature","properties":{"layer":"infrastructure","subtype":"barrier","class":"wall","name":""},"geometry":{"type":"LineString","coordinates":[[54.5729538,24.4206275],[54.5733834,24.4207519],[54.5734477,24.420574],[54.5734835,24.4204713],[54.5735271,24.420351],[54.5734904,24.4203405],[54.5733229,24.420294],[54.5730887,24.4202282],[54.5729538,24.4206275]]}},{"type":"Feature","properties":{"layer":"infrastructure","subtype":"barrier","class":"wall","name":""},"geometry":{"type":"LineString","coordinates":[[54.5742734,24.4205406],[54.5743392,24.4205587],[54.5747025,24.4206644],[54.5748351,24.4202682],[54.5744121,24.4201482],[54.5743208,24.4203984],[54.5742734,24.4205406]]}},{"type":"Feature","properties":{"layer":"infrastructure","subtype":"transportation","class":"crossing","name":""},"geometry":{"type":"Point","coordinates":[54.5753841,24.4202817]}},{"type":"Feature","properties":{"layer":"infrastructure","subtype":"barrier","class":"wall","name":""},"geometry":{"type":"LineString","coordinates":[[54.5826773,24.4206148],[54.5825541,24.4205765],[54.5822451,24.420493],[54.5822596,24.4204487],[54.5822765,24.4204012],[54.5823794,24.4200947],[54.5825744,24.4201497],[54.5826697,24.420177],[54.5828151,24.4202179],[54.5826924,24.4205745],[54.5826773,24.4206148]]}},{"type":"Feature","properties":{"layer":"infrastructure","subtype":"transit","class":"parking","name":""},"geometry":{"type":"Polygon","coordinates":[[[54.5798543,24.420565],[54.5801184,24.4198086],[54.580056,24.4197955],[54.5800128,24.419789],[54.5798999,24.4200906],[54.5798543,24.4200775],[54.5797127,24.4205212],[54.5798543,24.420565]]]}},{"type":"Feature","properties":{"layer":"infrastructure","subtype":"barrier","class":"wall","name":""},"geometry":{"type":"LineString","coordinates":[[54.5819632,24.4204131],[54.5816958,24.4203349],[54.5815326,24.4202898],[54.5816669,24.419899],[54.5819708,24.4199837],[54.582095,24.420017],[54.582077,24.4200728],[54.5819848,24.4203517],[54.5819632,24.4204131]]}},{"type":"Feature","properties":{"layer":"infrastructure","subtype":"barrier","class":"wall","name":""},"geometry":{"type":"LineString","coordinates":[[54.5832761,24.4203183],[54.5828472,24.4201985],[54.5828574,24.4201649],[54.5828973,24.4200535],[54.5829813,24.419801],[54.5834146,24.419926],[54.5833186,24.420198],[54.5832859,24.4202904],[54.5832761,24.4203183]]}},{"type":"Feature","properties":{"layer":"infrastructure","subtype":"barrier","class":"wall","name":""},"geometry":{"type":"LineString","coordinates":[[54.575814,24.4202582],[54.5760605,24.4203249],[54.5761112,24.4203382],[54.576164,24.4201717],[54.5761992,24.4200541],[54.5762222,24.4199866],[54.5762375,24.4199416],[54.5759465,24.4198595],[54.5759312,24.4199045],[54.5759083,24.4199721],[54.5758895,24.4200315],[54.5758451,24.4201613],[54.575814,24.4202582]]}},{"type":"Feature","properties":{"layer":"infrastructure","subtype":"barrier","class":"wall","name":""},"geometry":{"type":"LineString","coordinates":[[54.5754944,24.4201642],[54.5755744,24.4201879],[54.5757909,24.4202461],[54.5758051,24.4202074],[54.5758835,24.4199729],[54.5759142,24.4198838],[54.5759257,24.4198546],[54.5758752,24.4198381],[54.5757017,24.4197901],[54.5756313,24.4197691],[54.5755915,24.4198802],[54.5755233,24.4200831],[54.5754944,24.4201642]]}},{"type":"Feature","properties":{"layer":"infrastructure","subtype":"barrier","class":"wall","name":""},"geometry":{"type":"LineString","coordinates":[[54.5730947,24.420205],[54.5731508,24.4202208],[54.5733616,24.4202814],[54.57345,24.4203072],[54.573525,24.4203286],[54.5735881,24.4201486],[54.5736024,24.4201029],[54.5736622,24.4199324],[54.5736434,24.4199271],[54.5736014,24.4199153],[54.5732213,24.4198079],[54.5731216,24.4201261],[54.5730947,24.420205]]}},{"type":"Feature","properties":{"layer":"infrastructure","subtype":"barrier","class":"wall","name":""},"geometry":{"type":"LineString","coordinates":[[54.5761279,24.4203432],[54.5763889,24.4204187],[54.5764204,24.420427],[54.5764287,24.4204008],[54.5765435,24.4200589],[54.5765536,24.4200292],[54.5765224,24.4200204],[54.5762625,24.4199468],[54.5762396,24.4200193],[54.5761883,24.4201602],[54.5761825,24.4201806],[54.5761395,24.4203053],[54.5761279,24.4203432]]}},{"type":"Feature","properties":{"layer":"infrastructure","subtype":"barrier","class":"wall","name":""},"geometry":{"type":"LineString","coordinates":[[54.576443,24.4204329],[54.5765149,24.4204546],[54.5767354,24.4205097],[54.5767915,24.4203437],[54.5768118,24.4202887],[54.5768257,24.4202508],[54.57687,24.4201191],[54.5766448,24.4200541],[54.5765804,24.4200356],[54.5765425,24.4201454],[54.5764717,24.420354],[54.576443,24.4204329]]}},{"type":"Feature","properties":{"layer":"infrastructure","subtype":"barrier","class":"wall","name":""},"geometry":{"type":"LineString","coordinates":[[54.5738123,24.420408],[54.5738467,24.4204183],[54.5738915,24.4204307],[54.5742447,24.4205333],[54.5743471,24.4202343],[54.5743816,24.4201306],[54.5743297,24.4201168],[54.5742838,24.4201038],[54.5742381,24.4200908],[54.5739473,24.4200118],[54.5738123,24.420408]]}},{"type":"Feature","properties":{"layer":"infrastructure","subtype":"transportation","class":"crossing","name":""},"geometry":{"type":"Point","coordinates":[54.5713002,24.4202113]}},{"type":"Feature","properties":{"layer":"infrastructure","subtype":"barrier","class":"wall","name":""},"geometry":{"type":"LineString","coordinates":[[54.568265,24.4204546],[54.5688342,24.4206193],[54.5690134,24.4200926],[54.5687199,24.4200073],[54.5684405,24.4199228],[54.568265,24.4204546]]}},{"type":"Feature","properties":{"layer":"infrastructure","subtype":"barrier","class":"wall","name":""},"geometry":{"type":"LineString","coordinates":[[54.5716316,24.4202489],[54.5716968,24.4202676],[54.5722132,24.4204176],[54.572221,24.420395],[54.5722389,24.4203355],[54.5722776,24.4202159],[54.5722951,24.4201697],[54.5723871,24.4198835],[54.5718098,24.4197282],[54.571745,24.41992],[54.5717286,24.4199675],[54.5716316,24.4202489]]}},{"type":"Feature","properties":{"layer":"infrastructure","subtype":"barrier","class":"gate","name":""},"geometry":{"type":"Point","coordinates":[54.5687199,24.4200073]}},{"type":"Feature","properties":{"layer":"infrastructure","subtype":"barrier","class":"wall","name":""},"geometry":{"type":"LineString","coordinates":[[54.5676613,24.420275],[54.5682454,24.4204471],[54.5684246,24.4199204],[54.5681454,24.4198401],[54.5681001,24.419827],[54.5678494,24.4197549],[54.5677569,24.4200116],[54.5677388,24.420062],[54.5677328,24.4200785],[54.5677113,24.4201348],[54.5677067,24.4201492],[54.5676728,24.4202435],[54.5676613,24.420275]]}},{"type":"Feature","properties":{"layer":"infrastructure","subtype":"transportation","class":"crossing","name":""},"geometry":{"type":"Point","coordinates":[54.5639769,24.4200751]}},{"type":"Feature","properties":{"layer":"infrastructure","subtype":"barrier","class":"wall","name":""},"geometry":{"type":"LineString","coordinates":[[54.5668616,24.4206977],[54.5672576,24.420812],[54.5674415,24.4208651],[54.5675628,24.4205151],[54.5675921,24.4204287],[54.5678139,24.4197882],[54.5675943,24.4197266],[54.5672235,24.4196223],[54.5669883,24.4203269],[54.5669685,24.4203807],[54.5669271,24.4205069],[54.5669011,24.4205764],[54.5668616,24.4206977]]}},{"type":"Feature","properties":{"layer":"infrastructure","subtype":"barrier","class":"wall","name":""},"geometry":{"type":"LineString","coordinates":[[54.5724913,24.4204947],[54.5729283,24.4206179],[54.5730621,24.4202186],[54.5726275,24.4200965],[54.5724913,24.4204947]]}},{"type":"Feature","properties":{"layer":"infrastructure","subtype":"barrier","class":"gate","name":""},"geometry":{"type":"Point","coordinates":[54.5699257,24.4203579]}},{"type":"Feature","properties":{"layer":"infrastructure","subtype":"barrier","class":"kerb","name":""},"geometry":{"type":"Point","coordinates":[54.5722666,24.4205313]}},{"type":"Feature","properties":{"layer":"infrastructure","subtype":"transportation","class":"crossing","name":""},"geometry":{"type":"Point","coordinates":[54.5723203,24.4205496]}},{"type":"Feature","properties":{"layer":"infrastructure","subtype":"barrier","class":"wall","name":""},"geometry":{"type":"LineString","coordinates":[[54.5616831,24.4200806],[54.562121,24.4202135],[54.5622108,24.4199466],[54.5617733,24.4198207],[54.5616831,24.4200806]]}},{"type":"Feature","properties":{"layer":"infrastructure","subtype":"barrier","class":"wall","name":""},"geometry":{"type":"LineString","coordinates":[[54.56,24.42068414784546],[54.5600423,24.4205606],[54.56,24.42054858579882]]}},{"type":"Feature","properties":{"layer":"infrastructure","subtype":"barrier","class":"wall","name":""},"geometry":{"type":"LineString","coordinates":[[54.56,24.42119317215361],[54.5604529,24.4213222],[54.5606565,24.4207248],[54.5600643,24.4205619],[54.56,24.42074984651851]]}},{"type":"Feature","properties":{"layer":"infrastructure","subtype":"barrier","class":"wall","name":""},"geometry":{"type":"LineString","coordinates":[[54.5608487,24.4211164],[54.5612732,24.4212375],[54.5613624,24.420978],[54.5609379,24.420857],[54.5608487,24.4211164]]}},{"type":"Feature","properties":{"layer":"infrastructure","subtype":"barrier","class":"wall","name":""},"geometry":{"type":"LineString","coordinates":[[54.56212,24.4211641],[54.5625445,24.4212851],[54.5626337,24.4210256],[54.5622092,24.4209046],[54.56212,24.4211641]]}},{"type":"Feature","properties":{"layer":"infrastructure","subtype":"barrier","class":"wall","name":""},"geometry":{"type":"LineString","coordinates":[[54.5618009,24.419232],[54.5620526,24.419303],[54.5621009,24.4193166],[54.5623714,24.4193928],[54.5625505,24.4188661],[54.5619801,24.4187053],[54.5618009,24.419232]]}},{"type":"Feature","properties":{"layer":"infrastructure","subtype":"barrier","class":"wall","name":""},"geometry":{"type":"LineString","coordinates":[[54.5623939,24.4193939],[54.5629789,24.4195601],[54.563158,24.4190334],[54.5625757,24.4188672],[54.5623939,24.4193939]]}},{"type":"Feature","properties":{"layer":"infrastructure","subtype":"barrier","class":"gate","name":""},"geometry":{"type":"Point","coordinates":[54.5620526,24.419303]}},{"type":"Feature","properties":{"layer":"infrastructure","subtype":"barrier","class":"gate","name":""},"geometry":{"type":"Point","coordinates":[54.5621009,24.4193166]}},{"type":"Feature","properties":{"layer":"infrastructure","subtype":"barrier","class":"wall","name":""},"geometry":{"type":"LineString","coordinates":[[54.5617839,24.4197981],[54.5622213,24.4199223],[54.5623062,24.4196528],[54.5618747,24.4195288],[54.5617839,24.4197981]]}},{"type":"Feature","properties":{"layer":"infrastructure","subtype":"transportation","class":"crossing","name":""},"geometry":{"type":"Point","coordinates":[54.5624475,24.4196933]}},{"type":"Feature","properties":{"layer":"infrastructure","subtype":"barrier","class":"wall","name":""},"geometry":{"type":"LineString","coordinates":[[54.5613422,24.4196706],[54.5617667,24.4197916],[54.5618559,24.4195322],[54.5614314,24.4194112],[54.5613422,24.4196706]]}},{"type":"Feature","properties":{"layer":"infrastructure","subtype":"barrier","class":"wall","name":""},"geometry":{"type":"LineString","coordinates":[[54.5603854,24.4196437],[54.5609696,24.4198105],[54.5611362,24.4193268],[54.560552,24.41916],[54.5603854,24.4196437]]}},{"type":"Feature","properties":{"layer":"infrastructure","subtype":"barrier","class":"wall","name":""},"geometry":{"type":"LineString","coordinates":[[54.5727752,24.4196526],[54.5728127,24.4196637],[54.5731013,24.419743],[54.5732117,24.4197744],[54.573232,24.4197151],[54.5732878,24.4195523],[54.5733491,24.419385],[54.5729168,24.4192629],[54.5728114,24.4195512],[54.5727752,24.4196526]]}},{"type":"Feature","properties":{"layer":"infrastructure","subtype":"barrier","class":"wall","name":""},"geometry":{"type":"LineString","coordinates":[[54.5698219,24.4197412],[54.5704068,24.4199045],[54.570586,24.4193779],[54.5699967,24.4192117],[54.5699261,24.4194316],[54.569906,24.4194882],[54.5698597,24.419619],[54.5698219,24.4197412]]}},{"type":"Feature","properties":{"layer":"infrastructure","subtype":"transportation","class":"crossing","name":""},"geometry":{"type":"Point","coordinates":[54.569186,24.4196193]}},{"type":"Feature","properties":{"layer":"infrastructure","subtype":"barrier","class":"wall","name":""},"geometry":{"type":"LineString","coordinates":[[54.5704288,24.4199104],[54.5704955,24.4199283],[54.5707453,24.4199998],[54.5707771,24.4200076],[54.5710081,24.4200738],[54.5710412,24.4199731],[54.5711039,24.4197831],[54.5711829,24.4195432],[54.5709976,24.4194896],[54.5709675,24.4194821],[54.5708789,24.4194563],[54.5708287,24.4194423],[54.5706042,24.419378],[54.5704565,24.419825],[54.5704288,24.4199104]]}},{"type":"Feature","properties":{"layer":"infrastructure","subtype":"barrier","class":"gate","name":""},"geometry":{"type":"Point","coordinates":[54.5675943,24.4197266]}},{"type":"Feature","properties":{"layer":"infrastructure","subtype":"transportation","class":"crossing","name":""},"geometry":{"type":"Point","coordinates":[54.5635967,24.4198881]}},{"type":"Feature","properties":{"layer":"infrastructure","subtype":"transit","class":"parking","name":""},"geometry":{"type":"Polygon","coordinates":[[[54.5658714,24.42061],[54.5661063,24.4206797],[54.5665246,24.4194169],[54.5664969,24.419258],[54.566336,24.4192173],[54.5658714,24.42061]]]}},{"type":"Feature","properties":{"layer":"infrastructure","subtype":"barrier","class":"wall","name":""},"geometry":{"type":"LineString","coordinates":[[54.5726362,24.4200765],[54.5730697,24.4201995],[54.5732035,24.4198002],[54.5727988,24.419686],[54.5727682,24.4196777],[54.5727582,24.4197083],[54.5726362,24.4200765]]}},{"type":"Feature","properties":{"layer":"infrastructure","subtype":"barrier","class":"wall","name":""},"geometry":{"type":"LineString","coordinates":[[54.5710316,24.4200795],[54.5710703,24.4200913],[54.5716129,24.4202462],[54.5717836,24.4197127],[54.5712116,24.4195522],[54.5710415,24.4200526],[54.5710316,24.4200795]]}},{"type":"Feature","properties":{"layer":"infrastructure","subtype":"barrier","class":"gate","name":""},"geometry":{"type":"Point","coordinates":[54.5681454,24.4198401]}},{"type":"Feature","properties":{"layer":"infrastructure","subtype":"barrier","class":"gate","name":""},"geometry":{"type":"Point","coordinates":[54.5681001,24.419827]}},{"type":"Feature","properties":{"layer":"infrastructure","subtype":"barrier","class":"wall","name":""},"geometry":{"type":"LineString","coordinates":[[54.5739577,24.4199861],[54.5743853,24.4201114],[54.5745226,24.4197172],[54.5740874,24.4195882],[54.5740149,24.4198106],[54.5739577,24.4199861]]}},{"type":"Feature","properties":{"layer":"infrastructure","subtype":"barrier","class":"wall","name":""},"geometry":{"type":"LineString","coordinates":[[54.574418,24.4201219],[54.5748503,24.420244],[54.5749355,24.4199917],[54.5749472,24.419962],[54.5749853,24.4198478],[54.5745529,24.4197257],[54.574418,24.4201219]]}},{"type":"Feature","properties":{"layer":"infrastructure","subtype":"barrier","class":"wall","name":""},"geometry":{"type":"LineString","coordinates":[[54.5828183,24.4201869],[54.5823929,24.4200643],[54.5825324,24.4196591],[54.582876,24.4197608],[54.5829659,24.4197884],[54.5829484,24.4198357],[54.5828183,24.4201869]]}},{"type":"Feature","properties":{"layer":"infrastructure","subtype":"barrier","class":"wall","name":""},"geometry":{"type":"LineString","coordinates":[[54.5816423,24.4198578],[54.5812108,24.4197348],[54.5812473,24.419628],[54.5812663,24.4195722],[54.5813451,24.4193417],[54.581779,24.4194638],[54.5816423,24.4198578]]}},{"type":"Feature","properties":{"layer":"infrastructure","subtype":"utility","class":"pipeline","name":""},"geometry":{"type":"LineString","coordinates":[[54.5764786,24.4163507],[54.5761728,24.417694],[54.5755935,24.4193841],[54.5747834,24.421841],[54.574424,24.4229448]]}},{"type":"Feature","properties":{"layer":"infrastructure","subtype":"transportation","class":"crossing","name":""},"geometry":{"type":"Point","coordinates":[54.5756068,24.4196288]}},{"type":"Feature","properties":{"layer":"infrastructure","subtype":"barrier","class":"wall","name":""},"geometry":{"type":"LineString","coordinates":[[54.5732395,24.4197879],[54.5733416,24.4198148],[54.573479,24.4198539],[54.5736378,24.4198964],[54.5736777,24.4199069],[54.5736945,24.4198541],[54.5737936,24.4195493],[54.5738089,24.4195017],[54.5737816,24.4194944],[54.5736168,24.4194499],[54.5734765,24.4194101],[54.5733726,24.4193831],[54.5732395,24.4197879]]}},{"type":"Feature","properties":{"layer":"infrastructure","subtype":"barrier","class":"wall","name":""},"geometry":{"type":"LineString","coordinates":[[54.5745569,24.4197003],[54.5748285,24.4197786],[54.5749566,24.4198184],[54.5749865,24.419826],[54.5751039,24.4194988],[54.5751311,24.4194158],[54.575071,24.4193994],[54.5749608,24.4193695],[54.5746892,24.419299],[54.5745569,24.4197003]]}},{"type":"Feature","properties":{"layer":"infrastructure","subtype":"barrier","class":"wall","name":""},"geometry":{"type":"LineString","coordinates":[[54.5733787,24.4193641],[54.5734024,24.4193706],[54.5735618,24.4194149],[54.573665,24.4194445],[54.5737868,24.4194764],[54.5738104,24.4194839],[54.5739425,24.4190877],[54.5735148,24.4189667],[54.5733787,24.4193641]]}},{"type":"Feature","properties":{"layer":"infrastructure","subtype":"barrier","class":"wall","name":""},"geometry":{"type":"LineString","coordinates":[[54.5692231,24.4195679],[54.5693618,24.4196074],[54.5693971,24.4196172],[54.5694386,24.4196281],[54.5694833,24.4196427],[54.5695604,24.4196637],[54.5696016,24.4196741],[54.5696985,24.4196984],[54.5698043,24.41973],[54.5699834,24.4192034],[54.5698813,24.4191746],[54.5698451,24.4191658],[54.569432,24.4190514],[54.5693979,24.4190414],[54.5693834,24.4190823],[54.5693416,24.4191999],[54.5692231,24.4195679]]}},{"type":"Feature","properties":{"layer":"infrastructure","subtype":"transportation","class":"crossing","name":""},"geometry":{"type":"Point","coordinates":[54.5670461,24.4194197]}},{"type":"Feature","properties":{"layer":"infrastructure","subtype":"barrier","class":"kerb","name":""},"geometry":{"type":"Point","coordinates":[54.5670185,24.419383]}},{"type":"Feature","properties":{"layer":"infrastructure","subtype":"barrier","class":"wall","name":""},"geometry":{"type":"LineString","coordinates":[[54.5630052,24.4195678],[54.5635757,24.4197287],[54.563757,24.4191991],[54.563186,24.4190357],[54.5630052,24.4195678]]}},{"type":"Feature","properties":{"layer":"infrastructure","subtype":"transportation","class":"crossing","name":""},"geometry":{"type":"Point","coordinates":[54.5667349,24.4193241]}},{"type":"Feature","properties":{"layer":"infrastructure","subtype":"transportation","class":"crossing","name":""},"geometry":{"type":"Point","coordinates":[54.5665994,24.419337]}},{"type":"Feature","properties":{"layer":"infrastructure","subtype":"transportation","class":"crossing","name":""},"geometry":{"type":"Point","coordinates":[54.5668248,24.4193472]}},{"type":"Feature","properties":{"layer":"infrastructure","subtype":"transportation","class":"crossing","name":""},"geometry":{"type":"Point","coordinates":[54.5669271,24.4193736]}},{"type":"Feature","properties":{"layer":"infrastructure","subtype":"transportation","class":"crossing","name":""},"geometry":{"type":"Point","coordinates":[54.5670939,24.4193148]}},{"type":"Feature","properties":{"layer":"infrastructure","subtype":"transportation","class":"crossing","name":""},"geometry":{"type":"Point","coordinates":[54.5670537,24.4193037]}},{"type":"Feature","properties":{"layer":"infrastructure","subtype":"barrier","class":"kerb","name":""},"geometry":{"type":"Point","coordinates":[54.566649,24.4193017]}},{"type":"Feature","properties":{"layer":"infrastructure","subtype":"transportation","class":"crossing","name":""},"geometry":{"type":"Point","coordinates":[54.5638692,24.4192994]}},{"type":"Feature","properties":{"layer":"infrastructure","subtype":"transportation","class":"crossing","name":""},"geometry":{"type":"Point","coordinates":[54.5666684,24.4191974]}},{"type":"Feature","properties":{"layer":"infrastructure","subtype":"transportation","class":"crossing","name":""},"geometry":{"type":"Point","coordinates":[54.5670894,24.4192182]}},{"type":"Feature","properties":{"layer":"infrastructure","subtype":"transportation","class":"crossing","name":""},"geometry":{"type":"Point","coordinates":[54.5671233,24.4192294]}},{"type":"Feature","properties":{"layer":"infrastructure","subtype":"barrier","class":"wall","name":""},"geometry":{"type":"LineString","coordinates":[[54.5686173,24.4194001],[54.5686482,24.4194089],[54.569191,24.4195617],[54.5693592,24.4190745],[54.569374,24.4190319],[54.5691934,24.4189799],[54.56915,24.4189674],[54.5690946,24.418952],[54.5689798,24.4189189],[54.5687982,24.4188679],[54.5687591,24.4189834],[54.5686874,24.4191897],[54.5686585,24.4192824],[54.5686401,24.4193338],[54.5686173,24.4194001]]}},{"type":"Feature","properties":{"layer":"infrastructure","subtype":"barrier","class":"kerb","name":""},"geometry":{"type":"Point","coordinates":[54.5726464,24.419295]}},{"type":"Feature","properties":{"layer":"infrastructure","subtype":"transportation","class":"crossing","name":""},"geometry":{"type":"Point","coordinates":[54.5726698,24.4192295]}},{"type":"Feature","properties":{"layer":"infrastructure","subtype":"barrier","class":"wall","name":""},"geometry":{"type":"LineString","coordinates":[[54.5706128,24.41936],[54.5711927,24.419523],[54.5712728,24.4192868],[54.5712907,24.4192304],[54.5713361,24.4190971],[54.571351,24.4190538],[54.5713547,24.419041],[54.5713722,24.4189904],[54.5713075,24.4189718],[54.5711495,24.4189286],[54.5711108,24.4189166],[54.5710425,24.4188982],[54.5709946,24.4188847],[54.5708518,24.418845],[54.5707881,24.4188271],[54.5707715,24.4188762],[54.5706128,24.41936]]}},{"type":"Feature","properties":{"layer":"infrastructure","subtype":"barrier","class":"kerb","name":""},"geometry":{"type":"Point","coordinates":[54.5726838,24.4191888]}},{"type":"Feature","properties":{"layer":"infrastructure","subtype":"barrier","class":"wall","name":""},"geometry":{"type":"LineString","coordinates":[[54.5680123,24.4192287],[54.5680437,24.4192378],[54.568321,24.4193172],[54.5683508,24.4193256],[54.5685293,24.4193769],[54.5685917,24.4193945],[54.5686184,24.4193158],[54.5686506,24.4192206],[54.5687378,24.4189561],[54.5687481,24.4189282],[54.5687517,24.4189157],[54.5687697,24.4188614],[54.5686272,24.4188223],[54.5685518,24.4188027],[54.5684537,24.4187753],[54.5681929,24.4187061],[54.5680294,24.41918],[54.5680123,24.4192287]]}},{"type":"Feature","properties":{"layer":"infrastructure","subtype":"barrier","class":"kerb","name":""},"geometry":{"type":"Point","coordinates":[54.5671133,24.4191407]}},{"type":"Feature","properties":{"layer":"infrastructure","subtype":"transportation","class":"crossing","name":""},"geometry":{"type":"Point","coordinates":[54.5666968,24.4191088]}},{"type":"Feature","properties":{"layer":"infrastructure","subtype":"transportation","class":"crossing","name":""},"geometry":{"type":"Point","coordinates":[54.567152,24.4190809]}},{"type":"Feature","properties":{"layer":"infrastructure","subtype":"transportation","class":"crossing","name":""},"geometry":{"type":"Point","coordinates":[54.5669547,24.4190819]}},{"type":"Feature","properties":{"layer":"infrastructure","subtype":"transportation","class":"crossing","name":""},"geometry":{"type":"Point","coordinates":[54.56703,24.4191]}},{"type":"Feature","properties":{"layer":"infrastructure","subtype":"transportation","class":"crossing","name":""},"geometry":{"type":"Point","coordinates":[54.566829,24.4190469]}},{"type":"Feature","properties":{"layer":"infrastructure","subtype":"transportation","class":"crossing","name":""},"geometry":{"type":"Point","coordinates":[54.5667064,24.4189835]}},{"type":"Feature","properties":{"layer":"infrastructure","subtype":"barrier","class":"kerb","name":""},"geometry":{"type":"Point","coordinates":[54.5667228,24.4190256]}},{"type":"Feature","properties":{"layer":"infrastructure","subtype":"barrier","class":"wall","name":""},"geometry":{"type":"LineString","coordinates":[[54.5699933,24.4191975],[54.5705892,24.4193622],[54.5707448,24.4189043],[54.5707747,24.4188174],[54.5707075,24.4187983],[54.5704617,24.4187313],[54.5703891,24.4187103],[54.5702258,24.4186659],[54.5701797,24.4186541],[54.5701686,24.4186899],[54.5699933,24.4191975]]}},{"type":"Feature","properties":{"layer":"infrastructure","subtype":"barrier","class":"kerb","name":""},"geometry":{"type":"Point","coordinates":[54.5719545,24.4189328]}},{"type":"Feature","properties":{"layer":"infrastructure","subtype":"transportation","class":"crossing","name":""},"geometry":{"type":"Point","coordinates":[54.5719837,24.4189432]}},{"type":"Feature","properties":{"layer":"infrastructure","subtype":"barrier","class":"kerb","name":""},"geometry":{"type":"Point","coordinates":[54.5720381,24.4189637]}},{"type":"Feature","properties":{"layer":"infrastructure","subtype":"barrier","class":"wall","name":""},"geometry":{"type":"LineString","coordinates":[[54.5742274,24.4191518],[54.5746294,24.4192561],[54.5746785,24.4192697],[54.5748131,24.4188687],[54.574764,24.418855],[54.5743712,24.4187342],[54.5743653,24.4187498],[54.5743473,24.4188033],[54.5743161,24.4188968],[54.5742825,24.418989],[54.5742474,24.4190923],[54.5742309,24.4191418],[54.5742274,24.4191518]]}},{"type":"Feature","properties":{"layer":"infrastructure","subtype":"barrier","class":"wall","name":""},"geometry":{"type":"LineString","coordinates":[[54.5746977,24.4192748],[54.5749418,24.4193437],[54.5749948,24.4193592],[54.575136,24.419399],[54.5752709,24.4190027],[54.5749373,24.4189083],[54.5748578,24.4188875],[54.5748316,24.4188807],[54.5746977,24.4192748]]}},{"type":"Feature","properties":{"layer":"infrastructure","subtype":"barrier","class":"wall","name":""},"geometry":{"type":"LineString","coordinates":[[54.5823342,24.4193373],[54.5829015,24.4195004],[54.5830973,24.4189652],[54.5825065,24.4187909],[54.5823342,24.4193373]]}},{"type":"Feature","properties":{"layer":"infrastructure","subtype":"barrier","class":"wall","name":""},"geometry":{"type":"LineString","coordinates":[[54.5816991,24.4191914],[54.5822993,24.4193282],[54.5824797,24.4188003],[54.5818863,24.4186255],[54.5816991,24.4191914]]}},{"type":"Feature","properties":{"layer":"infrastructure","subtype":"barrier","class":"gate","name":""},"geometry":{"type":"Point","coordinates":[54.5800488,24.4189846]}},{"type":"Feature","properties":{"layer":"infrastructure","subtype":"barrier","class":"wall","name":""},"geometry":{"type":"LineString","coordinates":[[54.5844555,24.4154113],[54.5849006,24.4155328],[54.5850355,24.4151366],[54.5846032,24.4150145],[54.5844555,24.4154113]]}},{"type":"Feature","properties":{"layer":"infrastructure","subtype":"barrier","class":"wall","name":""},"geometry":{"type":"MultiLineString","coordinates":[[[54.5839584,24.4152957],[54.5844432,24.4154186],[54.584589,24.4150017],[54.58458304999999,24.415]],[[54.584064183891215,24.415],[54.5839584,24.4152957]]]}},{"type":"Feature","properties":{"layer":"infrastructure","subtype":"barrier","class":"wall","name":""},"geometry":{"type":"LineString","coordinates":[[54.5838674,24.4157087],[54.5842998,24.4158308],[54.5844441,24.4154339],[54.5840024,24.4153124],[54.5838674,24.4157087]]}},{"type":"Feature","properties":{"layer":"infrastructure","subtype":"barrier","class":"wall","name":""},"geometry":{"type":"MultiLineString","coordinates":[[[54.5832584,24.4150897],[54.5837334,24.4152368],[54.583802612479474,24.415]],[[54.58328512053897,24.415],[54.5832584,24.4150897]]]}},{"type":"Feature","properties":{"layer":"infrastructure","subtype":"barrier","class":"wall","name":""},"geometry":{"type":"LineString","coordinates":[[54.5831526,24.4154999],[54.583585,24.415622],[54.5837151,24.4152388],[54.5832416,24.4150876],[54.5831526,24.4154999]]}},{"type":"Feature","properties":{"layer":"infrastructure","subtype":"barrier","class":"wall","name":""},"geometry":{"type":"LineString","coordinates":[[54.5835577,24.4165476],[54.5840087,24.4166886],[54.5841615,24.4162641],[54.5837234,24.4161563],[54.5835577,24.4165476]]}},{"type":"Feature","properties":{"layer":"infrastructure","subtype":"barrier","class":"wall","name":""},"geometry":{"type":"LineString","coordinates":[[54.5834436,24.4169689],[54.583876,24.417091],[54.5840096,24.4166991],[54.5835545,24.4165495],[54.5834436,24.4169689]]}},{"type":"Feature","properties":{"layer":"infrastructure","subtype":"barrier","class":"wall","name":""},"geometry":{"type":"LineString","coordinates":[[54.5832766,24.4173896],[54.5837452,24.4175245],[54.5838828,24.41711],[54.5834197,24.4169769],[54.5832766,24.4173896]]}},{"type":"Feature","properties":{"layer":"infrastructure","subtype":"barrier","class":"wall","name":""},"geometry":{"type":"LineString","coordinates":[[54.5831352,24.417814],[54.5835917,24.4179361],[54.5837454,24.41753],[54.5832707,24.4173988],[54.5831352,24.417814]]}},{"type":"Feature","properties":{"layer":"infrastructure","subtype":"barrier","class":"wall","name":""},"geometry":{"type":"LineString","coordinates":[[54.5837494,24.4175215],[54.5841985,24.4176503],[54.5843298,24.4172458],[54.5838884,24.4171106],[54.5837494,24.4175215]]}},{"type":"Feature","properties":{"layer":"infrastructure","subtype":"barrier","class":"wall","name":""},"geometry":{"type":"LineString","coordinates":[[54.584023,24.4166838],[54.5844821,24.4168162],[54.5846305,24.4163962],[54.5841713,24.416243],[54.584023,24.4166838]]}},{"type":"Feature","properties":{"layer":"infrastructure","subtype":"barrier","class":"wall","name":""},"geometry":{"type":"LineString","coordinates":[[54.584324,24.4158448],[54.5847658,24.4159736],[54.5849054,24.4155555],[54.5844604,24.4154328],[54.584324,24.4158448]]}},{"type":"Feature","properties":{"layer":"infrastructure","subtype":"barrier","class":"wall","name":""},"geometry":{"type":"LineString","coordinates":[[54.5841678,24.4162369],[54.584623,24.4163827],[54.5847666,24.4159816],[54.5843035,24.4158479],[54.5841678,24.4162369]]}},{"type":"Feature","properties":{"layer":"infrastructure","subtype":"barrier","class":"wall","name":""},"geometry":{"type":"LineString","coordinates":[[54.5857098,24.4164357],[54.5852372,24.4163091],[54.5853383,24.4160446],[54.5858102,24.4161399],[54.5857098,24.4164357]]}},{"type":"Feature","properties":{"layer":"infrastructure","subtype":"barrier","class":"wall","name":""},"geometry":{"type":"LineString","coordinates":[[54.5855227,24.4170078],[54.5850721,24.4168843],[54.5851529,24.4166185],[54.5856059,24.4167454],[54.5855227,24.4170078]]}},{"type":"Feature","properties":{"layer":"infrastructure","subtype":"barrier","class":"kerb","name":""},"geometry":{"type":"Point","coordinates":[54.5849294,24.4170486]}},{"type":"Feature","properties":{"layer":"infrastructure","subtype":"transportation","class":"crossing","name":""},"geometry":{"type":"Point","coordinates":[54.5849329,24.4169953]}},{"type":"Feature","properties":{"layer":"infrastructure","subtype":"barrier","class":"kerb","name":""},"geometry":{"type":"Point","coordinates":[54.5849475,24.4169583]}},{"type":"Feature","properties":{"layer":"infrastructure","subtype":"barrier","class":"wall","name":""},"geometry":{"type":"LineString","coordinates":[[54.5846282,24.418227],[54.5852001,24.418387],[54.5853798,24.4178646],[54.5848038,24.417697],[54.5846282,24.418227]]}},{"type":"Feature","properties":{"layer":"infrastructure","subtype":"barrier","class":"wall","name":""},"geometry":{"type":"LineString","coordinates":[[54.5853804,24.4178425],[54.5859907,24.4180104],[54.5861698,24.4174812],[54.585565,24.4173057],[54.5853804,24.4178425]]}},{"type":"Feature","properties":{"layer":"infrastructure","subtype":"barrier","class":"wall","name":""},"geometry":{"type":"LineString","coordinates":[[54.5862553,24.4162818],[54.5858194,24.4161597],[54.5859118,24.415886],[54.5863478,24.4160081],[54.5862553,24.4162818]]}},{"type":"Feature","properties":{"layer":"infrastructure","subtype":"barrier","class":"wall","name":""},"geometry":{"type":"LineString","coordinates":[[54.5863539,24.4159988],[54.5858993,24.4158667],[54.5859966,24.4155793],[54.5864676,24.4156927],[54.5863539,24.4159988]]}},{"type":"Feature","properties":{"layer":"infrastructure","subtype":"barrier","class":"wall","name":""},"geometry":{"type":"MultiLineString","coordinates":[[[54.5860946,24.415265],[54.5856715,24.4151433],[54.585721192289625,24.415]],[[54.586150172473296,24.415],[54.5861832,24.4150095],[54.5860946,24.415265]]]}},{"type":"Feature","properties":{"layer":"infrastructure","subtype":"barrier","class":"wall","name":""},"geometry":{"type":"LineString","coordinates":[[54.58462519287926,24.415],[54.5850401,24.4151225],[54.58508179883926,24.415]]}},{"type":"Feature","properties":{"layer":"infrastructure","subtype":"barrier","class":"wall","name":""},"geometry":{"type":"MultiLineString","coordinates":[[[54.5866499,24.4151083],[54.58627329720624,24.415]],[[54.58668745530333,24.415],[54.5866499,24.4151083]]]}},{"type":"Feature","properties":{"layer":"infrastructure","subtype":"barrier","class":"wall","name":""},"geometry":{"type":"MultiLineString","coordinates":[[[54.5865479,24.4153975],[54.586102,24.4152752],[54.58619536096522,24.415]],[[54.5862203809594,24.415],[54.5866653,24.4151289],[54.5865479,24.4153975]]]}},{"type":"Feature","properties":{"layer":"infrastructure","subtype":"utility","class":"pipeline","name":""},"geometry":{"type":"LineString","coordinates":[[54.5842034,24.418539],[54.5847988,24.4175279],[54.5851099,24.416468],[54.5852172,24.4161089],[54.5854396,24.4152997],[54.58554219223859,24.415]]}},{"type":"Feature","properties":{"layer":"infrastructure","subtype":"barrier","class":"wall","name":""},"geometry":{"type":"LineString","coordinates":[[54.5872654,24.4156021],[54.5868422,24.4154804],[54.5869308,24.4152249],[54.5873725,24.4153222],[54.5872654,24.4156021]]}},{"type":"Feature","properties":{"layer":"infrastructure","subtype":"barrier","class":"wall","name":""},"geometry":{"type":"LineString","coordinates":[[54.589301374613,24.415],[54.5895598,24.4150711],[54.589583380970986,24.415]]}},{"type":"Feature","properties":{"layer":"infrastructure","subtype":"barrier","class":"wall","name":""},"geometry":{"type":"MultiLineString","coordinates":[[[54.5887863,24.4154563],[54.5893655,24.4156189],[54.5895455,24.4150875],[54.589234006453594,24.415]],[[54.58894083245532,24.415],[54.5887863,24.4154563]]]}},{"type":"Feature","properties":{"layer":"infrastructure","subtype":"barrier","class":"wall","name":""},"geometry":{"type":"MultiLineString","coordinates":[[[54.5881995,24.4152914],[54.5887715,24.4154513],[54.588926772085,24.415]],[[54.58829610184906,24.415],[54.5881995,24.4152914]]]}},{"type":"Feature","properties":{"layer":"infrastructure","subtype":"barrier","class":"wall","name":""},"geometry":{"type":"LineString","coordinates":[[54.5870902,24.4161941],[54.5866093,24.4160473],[54.5867034,24.4157656],[54.5871781,24.4159148],[54.5870902,24.4161941]]}},{"type":"Feature","properties":{"layer":"infrastructure","subtype":"barrier","class":"wall","name":""},"geometry":{"type":"LineString","coordinates":[[54.5865996,24.4181794],[54.5871957,24.4183455],[54.5873754,24.4178231],[54.587146,24.4177544],[54.5867793,24.4176445],[54.5865996,24.4181794]]}},{"type":"Feature","properties":{"layer":"infrastructure","subtype":"barrier","class":"wall","name":""},"geometry":{"type":"LineString","coordinates":[[54.5860162,24.418017],[54.5865882,24.418177],[54.5867679,24.4176546],[54.5861919,24.417487],[54.5860162,24.418017]]}},{"type":"Feature","properties":{"layer":"infrastructure","subtype":"transportation","class":"crossing","name":""},"geometry":{"type":"Point","coordinates":[54.5866688,24.4193225]}},{"type":"Feature","properties":{"layer":"infrastructure","subtype":"barrier","class":"kerb","name":""},"geometry":{"type":"Point","coordinates":[54.58662,24.4193182]}},{"type":"Feature","properties":{"layer":"infrastructure","subtype":"barrier","class":"kerb","name":""},"geometry":{"type":"Point","coordinates":[54.586716,24.4193473]}},{"type":"Feature","properties":{"layer":"infrastructure","subtype":"barrier","class":"wall","name":""},"geometry":{"type":"LineString","coordinates":[[54.587194,24.4201338],[54.586606,24.4199669],[54.5864279,24.4204941],[54.587013,24.4206577],[54.587194,24.4201338]]}},{"type":"Feature","properties":{"layer":"infrastructure","subtype":"barrier","class":"wall","name":""},"geometry":{"type":"LineString","coordinates":[[54.5866122,24.4199389],[54.5871939,24.4201062],[54.5874003,24.4195599],[54.5867965,24.4194078],[54.5866122,24.4199389]]}},{"type":"Feature","properties":{"layer":"infrastructure","subtype":"barrier","class":"wall","name":""},"geometry":{"type":"LineString","coordinates":[[54.587018,24.4189006],[54.5876141,24.4190684],[54.5877938,24.418546],[54.5872093,24.4183758],[54.587018,24.4189006]]}},{"type":"Feature","properties":{"layer":"infrastructure","subtype":"barrier","class":"wall","name":""},"geometry":{"type":"LineString","coordinates":[[54.5871924,24.4183674],[54.5878013,24.4185427],[54.5879776,24.4179916],[54.5873889,24.4178185],[54.5871924,24.4183674]]}},{"type":"Feature","properties":{"layer":"infrastructure","subtype":"barrier","class":"wall","name":""},"geometry":{"type":"LineString","coordinates":[[54.5876209,24.4190757],[54.588217,24.4192424],[54.5883896,24.418733],[54.5878093,24.4185293],[54.5876209,24.4190757]]}},{"type":"Feature","properties":{"layer":"infrastructure","subtype":"barrier","class":"wall","name":""},"geometry":{"type":"LineString","coordinates":[[54.588392,24.4186999],[54.5890002,24.4188651],[54.5891812,24.418333],[54.5885985,24.4181763],[54.588392,24.4186999]]}},{"type":"Feature","properties":{"layer":"infrastructure","subtype":"barrier","class":"wall","name":""},"geometry":{"type":"LineString","coordinates":[[54.5890377,24.4188681],[54.589615,24.4190269],[54.5897961,24.4184948],[54.5892134,24.4183381],[54.5890377,24.4188681]]}},{"type":"Feature","properties":{"layer":"infrastructure","subtype":"barrier","class":"wall","name":""},"geometry":{"type":"LineString","coordinates":[[54.5888466,24.4194207],[54.5894199,24.4195996],[54.5896137,24.4190351],[54.5890143,24.4188675],[54.5888466,24.4194207]]}},{"type":"Feature","properties":{"layer":"infrastructure","subtype":"barrier","class":"wall","name":""},"geometry":{"type":"LineString","coordinates":[[54.5884265,24.4204519],[54.5890022,24.4206201],[54.5891826,24.4200923],[54.5886024,24.4199303],[54.5884265,24.4204519]]}},{"type":"Feature","properties":{"layer":"infrastructure","subtype":"barrier","class":"wall","name":""},"geometry":{"type":"LineString","coordinates":[[54.5878367,24.4202874],[54.588404,24.4204504],[54.5885844,24.4199226],[54.5880118,24.4197611],[54.5878367,24.4202874]]}},{"type":"Feature","properties":{"layer":"infrastructure","subtype":"barrier","class":"wall","name":""},"geometry":{"type":"LineString","coordinates":[[54.5876342,24.4208326],[54.5882176,24.4210011],[54.58839,24.4204644],[54.587819,24.4202959],[54.5876342,24.4208326]]}},{"type":"Feature","properties":{"layer":"infrastructure","subtype":"transportation","class":"crossing","name":""},"geometry":{"type":"Point","coordinates":[54.5880157,24.4211991]}},{"type":"Feature","properties":{"layer":"infrastructure","subtype":"transportation","class":"crossing","name":""},"geometry":{"type":"Point","coordinates":[54.5885,24.4213397]}},{"type":"Feature","properties":{"layer":"infrastructure","subtype":"barrier","class":"wall","name":""},"geometry":{"type":"LineString","coordinates":[[54.5882371,24.421006],[54.5888198,24.4211709],[54.5890002,24.420643],[54.5884181,24.420465],[54.5882371,24.421006]]}},{"type":"Feature","properties":{"layer":"infrastructure","subtype":"barrier","class":"wall","name":""},"geometry":{"type":"LineString","coordinates":[[54.5888627,24.42118],[54.58943,24.421343],[54.5895973,24.42081],[54.5890236,24.420647],[54.5888627,24.42118]]}},{"type":"Feature","properties":{"layer":"infrastructure","subtype":"barrier","class":"wall","name":""},"geometry":{"type":"LineString","coordinates":[[54.5889432,24.4219289],[54.589371,24.4220485],[54.5893744,24.4220359],[54.5893857,24.4220042],[54.5893944,24.4219798],[54.5895031,24.4216458],[54.5890652,24.4215223],[54.5890061,24.4217201],[54.5889971,24.4217482],[54.5889432,24.4219289]]}},{"type":"Feature","properties":{"layer":"infrastructure","subtype":"barrier","class":"wall","name":""},"geometry":{"type":"LineString","coordinates":[[54.5887936,24.4223422],[54.5888119,24.4223453],[54.5889042,24.4223733],[54.588962,24.4223909],[54.5891424,24.422439],[54.5892364,24.4224646],[54.5892456,24.4224366],[54.5893248,24.4221953],[54.5893636,24.422072],[54.5893525,24.4220674],[54.5891885,24.4220229],[54.5889398,24.4219436],[54.5888508,24.4221839],[54.5888397,24.4222187],[54.5887936,24.4223422]]}},{"type":"Feature","properties":{"layer":"infrastructure","subtype":"barrier","class":"wall","name":""},"geometry":{"type":"LineString","coordinates":[[54.589106,24.4228896],[54.58917,24.4229086],[54.5894975,24.4229999],[54.5895506,24.4230139],[54.5895756,24.4229353],[54.5896187,24.4227929],[54.5896745,24.4226202],[54.5896128,24.4226036],[54.5892416,24.4224985],[54.5891816,24.4226781],[54.5891627,24.422731],[54.5891466,24.422776],[54.589106,24.4228896]]}},{"type":"Feature","properties":{"layer":"infrastructure","subtype":"barrier","class":"wall","name":""},"geometry":{"type":"LineString","coordinates":[[54.589085,24.4228862],[54.5892231,24.4224906],[54.5891165,24.4224608],[54.5890692,24.4224462],[54.5890303,24.4224356],[54.5889735,24.4224196],[54.58894,24.4224101],[54.5887951,24.4223691],[54.5887839,24.4223661],[54.5886585,24.4227702],[54.589085,24.4228862]]}},{"type":"Feature","properties":{"layer":"infrastructure","subtype":"transportation","class":"crossing","name":""},"geometry":{"type":"Point","coordinates":[54.588414,24.4227642]}},{"type":"Feature","properties":{"layer":"infrastructure","subtype":"transportation","class":"crossing","name":""},"geometry":{"type":"Point","coordinates":[54.5875484,24.4229326]}},{"type":"Feature","properties":{"layer":"infrastructure","subtype":"barrier","class":"gate","name":""},"geometry":{"type":"Point","coordinates":[54.5875798,24.4228388]}},{"type":"Feature","properties":{"layer":"infrastructure","subtype":"transportation","class":"crossing","name":""},"geometry":{"type":"Point","coordinates":[54.5866748,24.4208005]}},{"type":"Feature","properties":{"layer":"infrastructure","subtype":"transportation","class":"crossing","name":""},"geometry":{"type":"Point","coordinates":[54.5869404,24.4227537]}},{"type":"Feature","properties":{"layer":"infrastructure","subtype":"transportation","class":"crossing","name":""},"geometry":{"type":"Point","coordinates":[54.5864293,24.4226089]}},{"type":"Feature","properties":{"layer":"infrastructure","subtype":"transportation","class":"crossing","name":""},"geometry":{"type":"Point","coordinates":[54.5856248,24.4223945]}},{"type":"Feature","properties":{"layer":"infrastructure","subtype":"barrier","class":"kerb","name":""},"geometry":{"type":"Point","coordinates":[54.5857059,24.4224144]}},{"type":"Feature","properties":{"layer":"infrastructure","subtype":"barrier","class":"wall","name":""},"geometry":{"type":"LineString","coordinates":[[54.5860903,24.4227311],[54.5859575,24.4231292],[54.5855337,24.4230059],[54.5856652,24.4226102],[54.5860903,24.4227311]]}},{"type":"Feature","properties":{"layer":"infrastructure","subtype":"barrier","class":"kerb","name":""},"geometry":{"type":"Point","coordinates":[54.5855732,24.4223744]}},{"type":"Feature","properties":{"layer":"infrastructure","subtype":"barrier","class":"wall","name":""},"geometry":{"type":"LineString","coordinates":[[54.5850402,24.4228624],[54.5845983,24.4227422],[54.5847354,24.4223456],[54.5851743,24.4224741],[54.5850402,24.4228624]]}},{"type":"Feature","properties":{"layer":"infrastructure","subtype":"barrier","class":"wall","name":""},"geometry":{"type":"LineString","coordinates":[[54.5855214,24.4222767],[54.585096,24.4221563],[54.585184,24.4218985],[54.5856094,24.422019],[54.5855214,24.4222767]]}},{"type":"Feature","properties":{"layer":"infrastructure","subtype":"barrier","class":"wall","name":""},"geometry":{"type":"LineString","coordinates":[[54.5856113,24.4219909],[54.5851858,24.4218705],[54.5852738,24.4216128],[54.5856993,24.4217332],[54.5856113,24.4219909]]}},{"type":"Feature","properties":{"layer":"infrastructure","subtype":"barrier","class":"wall","name":""},"geometry":{"type":"LineString","coordinates":[[54.5857153,24.4217002],[54.5852781,24.4215748],[54.5853672,24.4213171],[54.5858045,24.4214426],[54.5857153,24.4217002]]}},{"type":"Feature","properties":{"layer":"infrastructure","subtype":"barrier","class":"wall","name":""},"geometry":{"type":"LineString","coordinates":[[54.5851593,24.4218603],[54.5847228,24.4217365],[54.5848118,24.4214674],[54.5852463,24.4215895],[54.5851593,24.4218603]]}},{"type":"Feature","properties":{"layer":"infrastructure","subtype":"barrier","class":"wall","name":""},"geometry":{"type":"LineString","coordinates":[[54.5852612,24.4215709],[54.5848217,24.4214459],[54.5849107,24.4211779],[54.5853401,24.421301],[54.5852612,24.4215709]]}},{"type":"Feature","properties":{"layer":"infrastructure","subtype":"barrier","class":"wall","name":""},"geometry":{"type":"LineString","coordinates":[[54.5853578,24.4212815],[54.5849324,24.421161],[54.5850203,24.4209033],[54.5854458,24.4210238],[54.5853578,24.4212815]]}},{"type":"Feature","properties":{"layer":"infrastructure","subtype":"barrier","class":"wall","name":""},"geometry":{"type":"LineString","coordinates":[[54.5854544,24.4209896],[54.5850289,24.4208692],[54.5851169,24.4206115],[54.5855423,24.4207319],[54.5854544,24.4209896]]}},{"type":"Feature","properties":{"layer":"infrastructure","subtype":"barrier","class":"wall","name":""},"geometry":{"type":"LineString","coordinates":[[54.5860015,24.4208309],[54.5855681,24.4207071],[54.5856624,24.4204423],[54.5860925,24.4205628],[54.5860015,24.4208309]]}},{"type":"Feature","properties":{"layer":"infrastructure","subtype":"barrier","class":"wall","name":""},"geometry":{"type":"LineString","coordinates":[[54.585905,24.4211203],[54.5854718,24.4209991],[54.5855645,24.4207299],[54.5859933,24.4208537],[54.585905,24.4211203]]}},{"type":"Feature","properties":{"layer":"infrastructure","subtype":"barrier","class":"wall","name":""},"geometry":{"type":"LineString","coordinates":[[54.5861035,24.4205403],[54.5856683,24.420414],[54.5857548,24.4201529],[54.5861914,24.4202825],[54.5861035,24.4205403]]}},{"type":"Feature","properties":{"layer":"infrastructure","subtype":"barrier","class":"wall","name":""},"geometry":{"type":"LineString","coordinates":[[54.5863969,24.4196763],[54.5859625,24.4195621],[54.5860877,24.4192148],[54.5865141,24.4193369],[54.5863969,24.4196763]]}},{"type":"Feature","properties":{"layer":"infrastructure","subtype":"barrier","class":"wall","name":""},"geometry":{"type":"LineString","coordinates":[[54.5858365,24.4185702],[54.5864085,24.4187301],[54.5865976,24.4181883],[54.5860122,24.4180402],[54.5858365,24.4185702]]}},{"type":"Feature","properties":{"layer":"infrastructure","subtype":"barrier","class":"wall","name":""},"geometry":{"type":"LineString","coordinates":[[54.5852139,24.418391],[54.585805,24.4185592],[54.5859847,24.4180368],[54.5853913,24.4178503],[54.5852139,24.418391]]}},{"type":"Feature","properties":{"layer":"infrastructure","subtype":"barrier","class":"wall","name":""},"geometry":{"type":"LineString","coordinates":[[54.5859405,24.4195488],[54.5855141,24.4194268],[54.5856313,24.4190874],[54.5860577,24.4192095],[54.5859405,24.4195488]]}},{"type":"Feature","properties":{"layer":"infrastructure","subtype":"barrier","class":"kerb","name":""},"geometry":{"type":"Point","coordinates":[54.5854353,24.418994]}},{"type":"Feature","properties":{"layer":"infrastructure","subtype":"transportation","class":"crossing","name":""},"geometry":{"type":"Point","coordinates":[54.5854846,24.4190087]}},{"type":"Feature","properties":{"layer":"infrastructure","subtype":"barrier","class":"kerb","name":""},"geometry":{"type":"Point","coordinates":[54.5855216,24.4190207]}},{"type":"Feature","properties":{"layer":"infrastructure","subtype":"barrier","class":"wall","name":""},"geometry":{"type":"LineString","coordinates":[[54.5851218,24.4196281],[54.5846963,24.4195076],[54.5847843,24.4192499],[54.5852098,24.4193704],[54.5851218,24.4196281]]}},{"type":"Feature","properties":{"layer":"infrastructure","subtype":"barrier","class":"wall","name":""},"geometry":{"type":"LineString","coordinates":[[54.5850198,24.4199211],[54.5845836,24.4198058],[54.5846764,24.419514],[54.5851193,24.4196373],[54.5850198,24.4199211]]}},{"type":"Feature","properties":{"layer":"infrastructure","subtype":"barrier","class":"wall","name":""},"geometry":{"type":"LineString","coordinates":[[54.5856387,24.4204179],[54.58521,24.4202929],[54.5852983,24.4200244],[54.5857335,24.4201455],[54.5856387,24.4204179]]}},{"type":"Feature","properties":{"layer":"infrastructure","subtype":"barrier","class":"wall","name":""},"geometry":{"type":"LineString","coordinates":[[54.5855523,24.4207039],[54.5851268,24.4205835],[54.5852148,24.4203257],[54.5856402,24.4204462],[54.5855523,24.4207039]]}},{"type":"Feature","properties":{"layer":"infrastructure","subtype":"transportation","class":"crossing","name":""},"geometry":{"type":"Point","coordinates":[54.585132,24.4203612]}},{"type":"Feature","properties":{"layer":"infrastructure","subtype":"barrier","class":"wall","name":""},"geometry":{"type":"LineString","coordinates":[[54.5844707,24.420082],[54.5840339,24.4199589],[54.5841182,24.4196941],[54.584556,24.4198127],[54.5844707,24.420082]]}},{"type":"Feature","properties":{"layer":"infrastructure","subtype":"barrier","class":"wall","name":""},"geometry":{"type":"LineString","coordinates":[[54.5845699,24.4198027],[54.5841129,24.4196719],[54.584215,24.4193973],[54.5846625,24.41952],[54.5845699,24.4198027]]}},{"type":"Feature","properties":{"layer":"infrastructure","subtype":"barrier","class":"wall","name":""},"geometry":{"type":"LineString","coordinates":[[54.5846634,24.4195006],[54.584238,24.4193802],[54.584326,24.4191225],[54.5847514,24.4192429],[54.5846634,24.4195006]]}},{"type":"Feature","properties":{"layer":"infrastructure","subtype":"barrier","class":"kerb","name":""},"geometry":{"type":"Point","coordinates":[54.5844997,24.4182403]}},{"type":"Feature","properties":{"layer":"infrastructure","subtype":"transportation","class":"crossing","name":""},"geometry":{"type":"Point","coordinates":[54.5844716,24.418246]}},{"type":"Feature","properties":{"layer":"infrastructure","subtype":"barrier","class":"kerb","name":""},"geometry":{"type":"Point","coordinates":[54.5843509,24.4185879]}},{"type":"Feature","properties":{"layer":"infrastructure","subtype":"transportation","class":"crossing","name":""},"geometry":{"type":"Point","coordinates":[54.5843472,24.418661]}},{"type":"Feature","properties":{"layer":"infrastructure","subtype":"barrier","class":"kerb","name":""},"geometry":{"type":"Point","coordinates":[54.5843622,24.4187113]}},{"type":"Feature","properties":{"layer":"infrastructure","subtype":"barrier","class":"kerb","name":""},"geometry":{"type":"Point","coordinates":[54.5842872,24.418616]}},{"type":"Feature","properties":{"layer":"infrastructure","subtype":"barrier","class":"kerb","name":""},"geometry":{"type":"Point","coordinates":[54.5843386,24.4186296]}},{"type":"Feature","properties":{"layer":"infrastructure","subtype":"transportation","class":"crossing","name":""},"geometry":{"type":"Point","coordinates":[54.584392,24.4184576]}},{"type":"Feature","properties":{"layer":"infrastructure","subtype":"transportation","class":"crossing","name":""},"geometry":{"type":"Point","coordinates":[54.5843641,24.418546]}},{"type":"Feature","properties":{"layer":"infrastructure","subtype":"transportation","class":"crossing","name":""},"geometry":{"type":"Point","coordinates":[54.5844203,24.4183682]}},{"type":"Feature","properties":{"layer":"infrastructure","subtype":"barrier","class":"kerb","name":""},"geometry":{"type":"Point","coordinates":[54.5844354,24.4183204]}},{"type":"Feature","properties":{"layer":"infrastructure","subtype":"barrier","class":"kerb","name":""},"geometry":{"type":"Point","coordinates":[54.5844294,24.4182545]}},{"type":"Feature","properties":{"layer":"infrastructure","subtype":"barrier","class":"kerb","name":""},"geometry":{"type":"Point","coordinates":[54.5843871,24.418263]}},{"type":"Feature","properties":{"layer":"infrastructure","subtype":"transportation","class":"crossing","name":""},"geometry":{"type":"Point","coordinates":[54.5843488,24.4182519]}},{"type":"Feature","properties":{"layer":"infrastructure","subtype":"transportation","class":"crossing","name":""},"geometry":{"type":"Point","coordinates":[54.5842423,24.4182212]}},{"type":"Feature","properties":{"layer":"infrastructure","subtype":"barrier","class":"kerb","name":""},"geometry":{"type":"Point","coordinates":[54.5841926,24.4182069]}},{"type":"Feature","properties":{"layer":"infrastructure","subtype":"barrier","class":"kerb","name":""},"geometry":{"type":"Point","coordinates":[54.5841283,24.4182289]}},{"type":"Feature","properties":{"layer":"infrastructure","subtype":"barrier","class":"kerb","name":""},"geometry":{"type":"Point","coordinates":[54.5841383,24.4182073]}},{"type":"Feature","properties":{"layer":"infrastructure","subtype":"barrier","class":"kerb","name":""},"geometry":{"type":"Point","coordinates":[54.5841239,24.4181494]}},{"type":"Feature","properties":{"layer":"infrastructure","subtype":"transportation","class":"crossing","name":""},"geometry":{"type":"Point","coordinates":[54.5841274,24.4181635]}},{"type":"Feature","properties":{"layer":"infrastructure","subtype":"transportation","class":"crossing","name":""},"geometry":{"type":"Point","coordinates":[54.5841102,24.4182809]}},{"type":"Feature","properties":{"layer":"infrastructure","subtype":"transportation","class":"crossing","name":""},"geometry":{"type":"Point","coordinates":[54.5840797,24.4183689]}},{"type":"Feature","properties":{"layer":"infrastructure","subtype":"barrier","class":"kerb","name":""},"geometry":{"type":"Point","coordinates":[54.58409,24.4185647]}},{"type":"Feature","properties":{"layer":"infrastructure","subtype":"transportation","class":"crossing","name":""},"geometry":{"type":"Point","coordinates":[54.584231,24.418602]}},{"type":"Feature","properties":{"layer":"infrastructure","subtype":"transportation","class":"crossing","name":""},"geometry":{"type":"Point","coordinates":[54.58413,24.4185768]}},{"type":"Feature","properties":{"layer":"infrastructure","subtype":"barrier","class":"kerb","name":""},"geometry":{"type":"Point","coordinates":[54.5840363,24.4185736]}},{"type":"Feature","properties":{"layer":"infrastructure","subtype":"transportation","class":"crossing","name":""},"geometry":{"type":"Point","coordinates":[54.584003,24.4185791]}},{"type":"Feature","properties":{"layer":"infrastructure","subtype":"barrier","class":"kerb","name":""},"geometry":{"type":"Point","coordinates":[54.5839575,24.4185866]}},{"type":"Feature","properties":{"layer":"infrastructure","subtype":"barrier","class":"kerb","name":""},"geometry":{"type":"Point","coordinates":[54.5840351,24.4184975]}},{"type":"Feature","properties":{"layer":"infrastructure","subtype":"transportation","class":"crossing","name":""},"geometry":{"type":"Point","coordinates":[54.5840497,24.4184554]}},{"type":"Feature","properties":{"layer":"infrastructure","subtype":"barrier","class":"wall","name":""},"geometry":{"type":"LineString","coordinates":[[54.5831308,24.4189588],[54.5836981,24.4191218],[54.5838785,24.418594],[54.5833058,24.4184325],[54.5831308,24.4189588]]}},{"type":"Feature","properties":{"layer":"infrastructure","subtype":"barrier","class":"wall","name":""},"geometry":{"type":"LineString","coordinates":[[54.5841749,24.4209469],[54.5837394,24.4208247],[54.5838419,24.4205461],[54.5842683,24.4206651],[54.5841749,24.4209469]]}},{"type":"Feature","properties":{"layer":"infrastructure","subtype":"barrier","class":"wall","name":""},"geometry":{"type":"LineString","coordinates":[[54.5847254,24.4207854],[54.5842926,24.4206644],[54.5843836,24.4204048],[54.5848164,24.4205228],[54.5847254,24.4207854]]}},{"type":"Feature","properties":{"layer":"infrastructure","subtype":"barrier","class":"wall","name":""},"geometry":{"type":"LineString","coordinates":[[54.5846363,24.4210763],[54.5842108,24.4209559],[54.5842988,24.4206982],[54.5847243,24.4208186],[54.5846363,24.4210763]]}},{"type":"Feature","properties":{"layer":"infrastructure","subtype":"barrier","class":"wall","name":""},"geometry":{"type":"LineString","coordinates":[[54.5844378,24.4216576],[54.5840023,24.4215332],[54.5840919,24.421269],[54.5845258,24.4213999],[54.5844378,24.4216576]]}},{"type":"Feature","properties":{"layer":"infrastructure","subtype":"barrier","class":"wall","name":""},"geometry":{"type":"LineString","coordinates":[[54.5845802,24.4227366],[54.5841537,24.4226182],[54.5842905,24.4222274],[54.5847143,24.4223483],[54.5845802,24.4227366]]}},{"type":"Feature","properties":{"layer":"infrastructure","subtype":"barrier","class":"wall","name":""},"geometry":{"type":"LineString","coordinates":[[54.5841108,24.4226035],[54.5836843,24.4224851],[54.583816,24.4220865],[54.5842474,24.422207],[54.5841108,24.4226035]]}},{"type":"Feature","properties":{"layer":"infrastructure","subtype":"barrier","class":"wall","name":""},"geometry":{"type":"LineString","coordinates":[[54.5836656,24.4224704],[54.5832217,24.4223483],[54.5833565,24.4219551],[54.5837997,24.4220821],[54.5836656,24.4224704]]}},{"type":"Feature","properties":{"layer":"infrastructure","subtype":"transportation","class":"crossing","name":""},"geometry":{"type":"Point","coordinates":[54.5833013,24.4217995]}},{"type":"Feature","properties":{"layer":"infrastructure","subtype":"barrier","class":"wall","name":""},"geometry":{"type":"LineString","coordinates":[[54.5833159,24.423553],[54.5837531,24.4236842],[54.5837645,24.4236492],[54.5837881,24.4235778],[54.5838838,24.4232858],[54.5838411,24.4232739],[54.5837181,24.4232394],[54.5834459,24.4231634],[54.5833159,24.423553]]}},{"type":"Feature","properties":{"layer":"infrastructure","subtype":"transportation","class":"crossing","name":""},"geometry":{"type":"Point","coordinates":[54.5837417,24.4241682]}},{"type":"Feature","properties":{"layer":"infrastructure","subtype":"barrier","class":"wall","name":""},"geometry":{"type":"LineString","coordinates":[[54.5839465,24.4254424],[54.5835017,24.4253095],[54.5836012,24.425049],[54.5837011,24.4250773],[54.5837602,24.4250939],[54.5838192,24.4251105],[54.5840366,24.4251721],[54.5840087,24.4252621],[54.5839489,24.4254292],[54.5839465,24.4254424]]}},{"type":"Feature","properties":{"layer":"infrastructure","subtype":"barrier","class":"wall","name":""},"geometry":{"type":"LineString","coordinates":[[54.5844622,24.4254096],[54.5843381,24.4253748],[54.5842775,24.4253579],[54.5840223,24.4252863],[54.5841577,24.424887],[54.5845591,24.4250029],[54.5845873,24.4250111],[54.5846017,24.4250152],[54.5845163,24.4252542],[54.5844975,24.4253123],[54.5844622,24.4254096]]}},{"type":"Feature","properties":{"layer":"infrastructure","subtype":"barrier","class":"wall","name":""},"geometry":{"type":"LineString","coordinates":[[54.5842339,24.4238204],[54.5846731,24.4239425],[54.5848038,24.4235429],[54.5844946,24.4234534],[54.5843709,24.4234174],[54.5843552,24.4234622],[54.5842826,24.4236771],[54.5842404,24.4238005],[54.5842339,24.4238204]]}},{"type":"Feature","properties":{"layer":"infrastructure","subtype":"barrier","class":"wall","name":""},"geometry":{"type":"LineString","coordinates":[[54.5837806,24.4236885],[54.5839443,24.423733],[54.5840047,24.4237499],[54.5842188,24.42381],[54.5842583,24.4236934],[54.5843223,24.4235031],[54.5843539,24.4234092],[54.5842767,24.4233877],[54.5841037,24.42334],[54.5839121,24.4232841],[54.5838998,24.4233189],[54.583816,24.4235792],[54.5837897,24.4236597],[54.5837806,24.4236885]]}},{"type":"Feature","properties":{"layer":"infrastructure","subtype":"barrier","class":"wall","name":""},"geometry":{"type":"LineString","coordinates":[[54.5839227,24.4232678],[54.5839465,24.4232736],[54.5840026,24.4232915],[54.5840695,24.4233095],[54.5841059,24.4233194],[54.5843114,24.4233777],[54.5843558,24.4233887],[54.5843662,24.423354],[54.5844194,24.4231898],[54.5844381,24.4231374],[54.5844892,24.4229941],[54.5843814,24.4229622],[54.5840528,24.4228685],[54.584047,24.4228885],[54.5840192,24.4229694],[54.5839227,24.4232678]]}},{"type":"Feature","properties":{"layer":"infrastructure","subtype":"barrier","class":"wall","name":""},"geometry":{"type":"LineString","coordinates":[[54.5843801,24.4233935],[54.5844453,24.423413],[54.584619,24.4234625],[54.5846653,24.4234765],[54.5848152,24.4235233],[54.5848334,24.423475],[54.58495,24.4231222],[54.5845149,24.4230003],[54.5843801,24.4233935]]}},{"type":"Feature","properties":{"layer":"infrastructure","subtype":"barrier","class":"wall","name":""},"geometry":{"type":"LineString","coordinates":[[54.5846945,24.4239523],[54.5848429,24.4239921],[54.5848769,24.4240022],[54.5849373,24.4240181],[54.5849781,24.4240294],[54.5851438,24.4240743],[54.5852779,24.4236717],[54.5848266,24.4235536],[54.5846945,24.4239523]]}},{"type":"Feature","properties":{"layer":"infrastructure","subtype":"barrier","class":"wall","name":""},"geometry":{"type":"LineString","coordinates":[[54.5851572,24.4240761],[54.5852065,24.4240899],[54.5853222,24.4241217],[54.585372,24.4241367],[54.5855536,24.4241873],[54.5855936,24.4241973],[54.5856028,24.424167],[54.5856795,24.4239344],[54.5857155,24.4238267],[54.5857238,24.4238005],[54.5853249,24.4236881],[54.5852902,24.423678],[54.5852803,24.4237064],[54.5851672,24.4240464],[54.5851572,24.4240761]]}},{"type":"Feature","properties":{"layer":"infrastructure","subtype":"barrier","class":"wall","name":""},"geometry":{"type":"LineString","coordinates":[[54.5848394,24.4235197],[54.5849135,24.4235415],[54.5850333,24.4235769],[54.5851742,24.4236184],[54.5852982,24.423655],[54.5853721,24.4236768],[54.5855512,24.4237297],[54.5857306,24.4237832],[54.5858063,24.4235655],[54.5858385,24.4234705],[54.5858687,24.4233841],[54.5857693,24.4233561],[54.5857245,24.4233438],[54.585242,24.4232085],[54.585076,24.4231619],[54.5850151,24.4231448],[54.5849686,24.4231318],[54.5849398,24.423217],[54.5848605,24.4234605],[54.5848394,24.4235197]]}},{"type":"Feature","properties":{"layer":"infrastructure","subtype":"barrier","class":"wall","name":""},"geometry":{"type":"LineString","coordinates":[[54.5864189,24.4232513],[54.5859803,24.4231302],[54.5861148,24.4227369],[54.586553,24.422863],[54.5864189,24.4232513]]}},{"type":"Feature","properties":{"layer":"infrastructure","subtype":"barrier","class":"wall","name":""},"geometry":{"type":"LineString","coordinates":[[54.5857658,24.4237824],[54.5859274,24.4238292],[54.5859713,24.4238419],[54.5861586,24.4238981],[54.5861938,24.423908],[54.5862028,24.4238816],[54.5863299,24.4235148],[54.5858972,24.4233929],[54.5858568,24.4235221],[54.5857658,24.4237824]]}},{"type":"Feature","properties":{"layer":"infrastructure","subtype":"barrier","class":"wall","name":""},"geometry":{"type":"LineString","coordinates":[[54.5861761,24.4239321],[54.5858028,24.4238295],[54.585749,24.4238137],[54.5856812,24.4240052],[54.5856169,24.4242047],[54.585643,24.4242126],[54.585787,24.4242561],[54.5858371,24.4242713],[54.5859022,24.4242904],[54.5860447,24.4243302],[54.5861761,24.4239321]]}},{"type":"Feature","properties":{"layer":"infrastructure","subtype":"barrier","class":"wall","name":""},"geometry":{"type":"LineString","coordinates":[[54.5866301,24.4240633],[54.5865,24.4244553],[54.5861293,24.4243551],[54.5860728,24.4243386],[54.5861174,24.4242118],[54.5861786,24.4240264],[54.5862066,24.4239447],[54.5862439,24.4239552],[54.5862969,24.4239703],[54.5864144,24.4240036],[54.5866301,24.4240633]]}},{"type":"Feature","properties":{"layer":"infrastructure","subtype":"barrier","class":"wall","name":""},"geometry":{"type":"LineString","coordinates":[[54.5848518,24.4251488],[54.5853554,24.4252895],[54.5854059,24.425306],[54.5854332,24.4253125],[54.5854566,24.4252538],[54.5854898,24.4251504],[54.5855125,24.4250944],[54.585548,24.4249862],[54.5855669,24.4249369],[54.5856092,24.4248243],[54.5856226,24.4247884],[54.5855149,24.4247549],[54.5854007,24.424718],[54.58534,24.4247],[54.5852707,24.4246794],[54.5850335,24.4246207],[54.5850216,24.4246586],[54.5849823,24.4247663],[54.5849676,24.4248162],[54.5849261,24.4249243],[54.5849039,24.4249923],[54.5848673,24.425101],[54.5848518,24.4251488]]}},{"type":"Feature","properties":{"layer":"infrastructure","subtype":"barrier","class":"kerb","name":""},"geometry":{"type":"Point","coordinates":[54.5848825,24.4245019]}},{"type":"Feature","properties":{"layer":"infrastructure","subtype":"transportation","class":"crossing","name":""},"geometry":{"type":"Point","coordinates":[54.5849163,24.4245124]}},{"type":"Feature","properties":{"layer":"infrastructure","subtype":"barrier","class":"kerb","name":""},"geometry":{"type":"Point","coordinates":[54.5849677,24.4245268]}},{"type":"Feature","properties":{"layer":"infrastructure","subtype":"barrier","class":"wall","name":""},"geometry":{"type":"LineString","coordinates":[[54.5846714,24.4256935],[54.5852508,24.4258596],[54.5854204,24.425381],[54.5854374,24.4253317],[54.5854392,24.4253272],[54.5852861,24.4252884],[54.5851701,24.4252553],[54.5848843,24.4251785],[54.5848442,24.4251683],[54.5848097,24.4252817],[54.5846714,24.4256935]]}},{"type":"Feature","properties":{"layer":"infrastructure","subtype":"barrier","class":"wall","name":""},"geometry":{"type":"LineString","coordinates":[[54.5858784,24.426039],[54.5861463,24.4261165],[54.5862885,24.4261571],[54.586454,24.4262038],[54.5864737,24.4261457],[54.5866335,24.4256813],[54.5860534,24.4255158],[54.5858784,24.426039]]}},{"type":"Feature","properties":{"layer":"infrastructure","subtype":"transportation","class":"crossing","name":""},"geometry":{"type":"Point","coordinates":[54.5845949,24.4278149]}},{"type":"Feature","properties":{"layer":"infrastructure","subtype":"barrier","class":"wall","name":""},"geometry":{"type":"LineString","coordinates":[[54.5847452,24.4268969],[54.584312,24.4267754],[54.5844428,24.4263804],[54.5844635,24.4263854],[54.5846086,24.4264301],[54.5848793,24.4265086],[54.5847452,24.4268969]]}},{"type":"Feature","properties":{"layer":"infrastructure","subtype":"transit","class":"parking","name":""},"geometry":{"type":"Polygon","coordinates":[[[54.5851062,24.4271474],[54.5845875,24.4269874],[54.5845516,24.4270849],[54.5845442,24.427105],[54.5850721,24.4272606],[54.5851062,24.4271474]]]}},{"type":"Feature","properties":{"layer":"infrastructure","subtype":"barrier","class":"wall","name":""},"geometry":{"type":"LineString","coordinates":[[54.5848887,24.4264781],[54.5847551,24.4264341],[54.5846738,24.4264073],[54.5845292,24.4263597],[54.5844539,24.4263381],[54.584495,24.4262191],[54.5845829,24.4259566],[54.5849879,24.4260748],[54.585019,24.4260843],[54.5850105,24.4261072],[54.5848887,24.4264781]]}},{"type":"Feature","properties":{"layer":"infrastructure","subtype":"barrier","class":"wall","name":""},"geometry":{"type":"LineString","coordinates":[[54.5837601,24.426015],[54.5833126,24.4258883],[54.583324,24.4258565],[54.5833427,24.4257984],[54.5833536,24.4257665],[54.5833626,24.4257408],[54.5834034,24.4256223],[54.5838522,24.4257515],[54.5837601,24.426015]]}},{"type":"Feature","properties":{"layer":"infrastructure","subtype":"barrier","class":"wall","name":""},"geometry":{"type":"LineString","coordinates":[[54.5838419,24.4257275],[54.5834119,24.4256031],[54.5834999,24.4253354],[54.5835612,24.4253506],[54.5836697,24.4253841],[54.5839374,24.4254566],[54.5838419,24.4257275]]}},{"type":"Feature","properties":{"layer":"infrastructure","subtype":"barrier","class":"wall","name":""},"geometry":{"type":"LineString","coordinates":[[54.5836604,24.4263004],[54.5832162,24.426176],[54.5832438,24.4260959],[54.5832619,24.4260438],[54.5832796,24.4259927],[54.5833077,24.4259113],[54.5837485,24.4260418],[54.5837404,24.4260608],[54.5836694,24.4262789],[54.5836604,24.4263004]]}},{"type":"Feature","properties":{"layer":"infrastructure","subtype":"barrier","class":"wall","name":""},"geometry":{"type":"LineString","coordinates":[[54.5835556,24.4265877],[54.5831229,24.4264628],[54.5831328,24.426434],[54.5832123,24.4262023],[54.5835881,24.4263094],[54.5836477,24.4263268],[54.583629,24.4263797],[54.5835667,24.4265565],[54.5835556,24.4265877]]}},{"type":"Feature","properties":{"layer":"infrastructure","subtype":"barrier","class":"wall","name":""},"geometry":{"type":"LineString","coordinates":[[54.5834693,24.4268885],[54.583385,24.426865],[54.5830236,24.4267564],[54.5831178,24.4264947],[54.5834776,24.4265918],[54.5835613,24.4266152],[54.5835463,24.4266598],[54.5834883,24.4268322],[54.5834693,24.4268885]]}},{"type":"Feature","properties":{"layer":"infrastructure","subtype":"barrier","class":"wall","name":""},"geometry":{"type":"LineString","coordinates":[[54.5838191,24.427313],[54.5833703,24.4271851],[54.5834678,24.4269099],[54.5838798,24.4270246],[54.5839111,24.4270324],[54.5838905,24.4271009],[54.583879,24.4271366],[54.5838555,24.4272031],[54.5838431,24.4272459],[54.5838236,24.4272946],[54.5838191,24.427313]]}},{"type":"Feature","properties":{"layer":"infrastructure","subtype":"barrier","class":"wall","name":""},"geometry":{"type":"LineString","coordinates":[[54.583919,24.4270066],[54.5838944,24.4269997],[54.5837483,24.4269591],[54.5835317,24.4269013],[54.5834821,24.4268866],[54.5835767,24.4266209],[54.5836263,24.4266355],[54.5838815,24.42671],[54.5840091,24.4267483],[54.5839999,24.4267739],[54.583919,24.4270066]]}},{"type":"Feature","properties":{"layer":"infrastructure","subtype":"transportation","class":"crossing","name":""},"geometry":{"type":"Point","coordinates":[54.5846527,24.4278866]}},{"type":"Feature","properties":{"layer":"infrastructure","subtype":"transportation","class":"crossing","name":""},"geometry":{"type":"Point","coordinates":[54.5847097,24.4279572]}},{"type":"Feature","properties":{"layer":"infrastructure","subtype":"barrier","class":"kerb","name":""},"geometry":{"type":"Point","coordinates":[54.5847462,24.428006]}},{"type":"Feature","properties":{"layer":"infrastructure","subtype":"barrier","class":"kerb","name":""},"geometry":{"type":"Point","coordinates":[54.5848236,24.4279932]}},{"type":"Feature","properties":{"layer":"infrastructure","subtype":"transportation","class":"crossing","name":""},"geometry":{"type":"Point","coordinates":[54.5848188,24.4280792]}},{"type":"Feature","properties":{"layer":"infrastructure","subtype":"transportation","class":"crossing","name":""},"geometry":{"type":"Point","coordinates":[54.5833381,24.4291229]}},{"type":"Feature","properties":{"layer":"infrastructure","subtype":"transportation","class":"crossing","name":""},"geometry":{"type":"Point","coordinates":[54.5835489,24.4309636]}},{"type":"Feature","properties":{"layer":"infrastructure","subtype":"transportation","class":"crossing","name":""},"geometry":{"type":"Point","coordinates":[54.5833348,24.4315714]}},{"type":"Feature","properties":{"layer":"infrastructure","subtype":"transportation","class":"crossing","name":""},"geometry":{"type":"Point","coordinates":[54.583347,24.4321252]}},{"type":"Feature","properties":{"layer":"infrastructure","subtype":"transit","class":"parking","name":""},"geometry":{"type":"Polygon","coordinates":[[[54.5849224,24.4333183],[54.5854948,24.4316219],[54.5853301,24.4315877],[54.5851658,24.4320689],[54.5849155,24.4324167],[54.5846372,24.4332275],[54.5848175,24.4332803],[54.5849224,24.4333183]]]}},{"type":"Feature","properties":{"layer":"infrastructure","subtype":"transportation","class":"crossing","name":""},"geometry":{"type":"Point","coordinates":[54.5848651,24.4279618]}},{"type":"Feature","properties":{"layer":"infrastructure","subtype":"transportation","class":"crossing","name":""},"geometry":{"type":"Point","coordinates":[54.5849408,24.4279045]}},{"type":"Feature","properties":{"layer":"infrastructure","subtype":"barrier","class":"kerb","name":""},"geometry":{"type":"Point","coordinates":[54.5849966,24.4278622]}},{"type":"Feature","properties":{"layer":"infrastructure","subtype":"transportation","class":"crossing","name":""},"geometry":{"type":"Point","coordinates":[54.5850582,24.4278539]}},{"type":"Feature","properties":{"layer":"infrastructure","subtype":"barrier","class":"wall","name":""},"geometry":{"type":"LineString","coordinates":[[54.5869017,24.4322358],[54.5864993,24.4321235],[54.5863243,24.4326491]]}},{"type":"Feature","properties":{"layer":"infrastructure","subtype":"barrier","class":"wall","name":""},"geometry":{"type":"LineString","coordinates":[[54.5884791,24.4314935],[54.5885231,24.4315212],[54.5886764,24.4311037],[54.5887166,24.4309931],[54.5886768,24.4309811]]}},{"type":"Feature","properties":{"layer":"infrastructure","subtype":"barrier","class":"wall","name":""},"geometry":{"type":"LineString","coordinates":[[54.5886324,24.4309461],[54.5885318,24.4308817],[54.5883853,24.4309895],[54.5881412,24.4311552],[54.588054,24.431219],[54.5880789,24.4312369],[54.5882017,24.4313215],[54.5884426,24.4314715]]}},{"type":"Feature","properties":{"layer":"infrastructure","subtype":"barrier","class":"wall","name":""},"geometry":{"type":"LineString","coordinates":[[54.5877397,24.4324392],[54.5876568,24.4324165],[54.5876796,24.4323474],[54.5878317,24.4318878],[54.5884111,24.4320496],[54.5883792,24.4321403],[54.5883165,24.4323131],[54.5883166,24.432335],[54.5882836,24.4324259],[54.5882762,24.4324729],[54.58825,24.4325436],[54.5882341,24.4325867],[54.5881968,24.4325752],[54.5878656,24.4324759],[54.5878173,24.4324627]]}},{"type":"Feature","properties":{"layer":"infrastructure","subtype":"barrier","class":"wall","name":""},"geometry":{"type":"LineString","coordinates":[[54.5884345,24.4320527],[54.5890139,24.4322114],[54.5889867,24.4322909],[54.5889118,24.4325062],[54.588841,24.4327099],[54.5888299,24.432741],[54.5887117,24.4327059],[54.5882602,24.4325875],[54.5884345,24.4320527]]}},{"type":"Feature","properties":{"layer":"infrastructure","subtype":"barrier","class":"wall","name":""},"geometry":{"type":"MultiLineString","coordinates":[[[54.5887376,24.4309989],[54.588737,24.4309788],[54.5887282,24.4309599],[54.5887229,24.4309403],[54.588739,24.4309269],[54.5887584,24.43093],[54.5887738,24.4309495],[54.5890629,24.4310429],[54.589049,24.4310825],[54.5890206,24.4311608],[54.588931,24.4314154],[54.5888634,24.4316184],[54.5888008,24.4316012],[54.5885559,24.4315301],[54.5887376,24.4309989]],[[54.5887376,24.4309989],[54.5889636,24.431071]]]}},{"type":"Feature","properties":{"layer":"infrastructure","subtype":"barrier","class":"wall","name":""},"geometry":{"type":"LineString","coordinates":[[54.5889885,24.4291226],[54.5891527,24.4293231]]}},{"type":"Feature","properties":{"layer":"infrastructure","subtype":"barrier","class":"wall","name":""},"geometry":{"type":"LineString","coordinates":[[54.5891822,24.4293683],[54.5893016,24.429513],[54.5888335,24.4298463],[54.5887094,24.429705],[54.5886277,24.4296131],[54.5885201,24.42947],[54.5884836,24.4294299],[54.5884674,24.4294128],[54.5889428,24.4290777]]}},{"type":"Feature","properties":{"layer":"infrastructure","subtype":"barrier","class":"gate","name":""},"geometry":{"type":"Point","coordinates":[54.5880062,24.4269034]}},{"type":"Feature","properties":{"layer":"infrastructure","subtype":"barrier","class":"wall","name":""},"geometry":{"type":"LineString","coordinates":[[54.586683,24.425658],[54.5871122,24.4257899],[54.587308,24.4256471],[54.5874211,24.4253284],[54.5874317,24.425297],[54.587316,24.4252647],[54.5872334,24.4252426],[54.587169,24.4252222],[54.5871013,24.4252046],[54.587036,24.4251808],[54.58686,24.425133],[54.586683,24.425658]]}},{"type":"Feature","properties":{"layer":"infrastructure","subtype":"barrier","class":"kerb","name":""},"geometry":{"type":"Point","coordinates":[54.5878594,24.4252848]}},{"type":"Feature","properties":{"layer":"infrastructure","subtype":"barrier","class":"kerb","name":""},"geometry":{"type":"Point","coordinates":[54.5877274,24.4249449]}},{"type":"Feature","properties":{"layer":"infrastructure","subtype":"transportation","class":"crossing","name":""},"geometry":{"type":"Point","coordinates":[54.5877491,24.424952]}},{"type":"Feature","properties":{"layer":"infrastructure","subtype":"transportation","class":"crossing","name":""},"geometry":{"type":"Point","coordinates":[54.5877709,24.424958]}},{"type":"Feature","properties":{"layer":"infrastructure","subtype":"barrier","class":"kerb","name":""},"geometry":{"type":"Point","coordinates":[54.5878036,24.4249667]}},{"type":"Feature","properties":{"layer":"infrastructure","subtype":"barrier","class":"kerb","name":""},"geometry":{"type":"Point","coordinates":[54.58699,24.4247987]}},{"type":"Feature","properties":{"layer":"infrastructure","subtype":"transportation","class":"crossing","name":""},"geometry":{"type":"Point","coordinates":[54.586974,24.4248343]}},{"type":"Feature","properties":{"layer":"infrastructure","subtype":"transportation","class":"crossing","name":""},"geometry":{"type":"Point","coordinates":[54.5869396,24.4249352]}},{"type":"Feature","properties":{"layer":"infrastructure","subtype":"transit","class":"parking","name":""},"geometry":{"type":"Polygon","coordinates":[[[54.5875943,24.4251903],[54.5863022,24.4248107],[54.5862437,24.4249593],[54.5875288,24.4253497],[54.5875943,24.4251903]]]}},{"type":"Feature","properties":{"layer":"infrastructure","subtype":"barrier","class":"kerb","name":""},"geometry":{"type":"Point","coordinates":[54.5869171,24.4250026]}},{"type":"Feature","properties":{"layer":"infrastructure","subtype":"barrier","class":"wall","name":""},"geometry":{"type":"LineString","coordinates":[[54.5860675,24.4254871],[54.5866455,24.4256538],[54.5868181,24.4251561],[54.5868305,24.4251209],[54.5867641,24.4251016],[54.5867422,24.4250957],[54.5866525,24.4250716],[54.5866403,24.4250684],[54.5865883,24.4250544],[54.5863846,24.4249998],[54.5863296,24.424984],[54.5862437,24.4249593],[54.5862338,24.4249877],[54.5861175,24.4253351],[54.5860937,24.4254093],[54.5860892,24.4254213],[54.5860716,24.4254755],[54.5860675,24.4254871]]}},{"type":"Feature","properties":{"layer":"infrastructure","subtype":"barrier","class":"wall","name":""},"geometry":{"type":"LineString","coordinates":[[54.5865385,24.4244663],[54.5867154,24.4245153],[54.5868049,24.4245413],[54.5869663,24.424586],[54.5870931,24.4241931],[54.5866686,24.4240731],[54.5866557,24.4241131],[54.5866363,24.4241698],[54.5865385,24.4244663]]}},{"type":"Feature","properties":{"layer":"infrastructure","subtype":"barrier","class":"wall","name":""},"geometry":{"type":"LineString","coordinates":[[54.5866691,24.4240516],[54.5867083,24.4240634],[54.5871092,24.4241769],[54.587175,24.4239749],[54.5872437,24.4237676],[54.5871524,24.4237425],[54.5870906,24.4237276],[54.5870337,24.4237114],[54.5868095,24.4236494],[54.5866845,24.4240093],[54.5866691,24.4240516]]}},{"type":"Feature","properties":{"layer":"infrastructure","subtype":"barrier","class":"wall","name":""},"geometry":{"type":"LineString","coordinates":[[54.5863523,24.4235214],[54.5862188,24.4239156],[54.5863079,24.4239405],[54.5863642,24.4239563],[54.5865553,24.4240098],[54.5866494,24.4240369],[54.5866822,24.4239425],[54.5867835,24.4236425],[54.5863523,24.4235214]]}},{"type":"Feature","properties":{"layer":"infrastructure","subtype":"barrier","class":"wall","name":""},"geometry":{"type":"LineString","coordinates":[[54.5868816,24.4233814],[54.5864551,24.423263],[54.5865919,24.4228722],[54.5870157,24.4229931],[54.5868816,24.4233814]]}},{"type":"Feature","properties":{"layer":"infrastructure","subtype":"barrier","class":"wall","name":""},"geometry":{"type":"LineString","coordinates":[[54.5873429,24.4235169],[54.5869164,24.4233985],[54.5870532,24.4230077],[54.587477,24.4231286],[54.5873429,24.4235169]]}},{"type":"Feature","properties":{"layer":"infrastructure","subtype":"transportation","class":"crossing","name":""},"geometry":{"type":"Point","coordinates":[54.5879037,24.4252635]}},{"type":"Feature","properties":{"layer":"infrastructure","subtype":"barrier","class":"kerb","name":""},"geometry":{"type":"Point","coordinates":[54.5879351,24.425253]}},{"type":"Feature","properties":{"layer":"infrastructure","subtype":"transportation","class":"crossing","name":""},"geometry":{"type":"Point","coordinates":[54.5881589,24.4251723]}},{"type":"Feature","properties":{"layer":"infrastructure","subtype":"barrier","class":"kerb","name":""},"geometry":{"type":"Point","coordinates":[54.5881624,24.4251484]}},{"type":"Feature","properties":{"layer":"infrastructure","subtype":"barrier","class":"kerb","name":""},"geometry":{"type":"Point","coordinates":[54.5881508,24.4252139]}},{"type":"Feature","properties":{"layer":"infrastructure","subtype":"barrier","class":"kerb","name":""},"geometry":{"type":"Point","coordinates":[54.5887077,24.4248374]}},{"type":"Feature","properties":{"layer":"infrastructure","subtype":"barrier","class":"kerb","name":""},"geometry":{"type":"Point","coordinates":[54.5887953,24.4249438]}},{"type":"Feature","properties":{"layer":"infrastructure","subtype":"transportation","class":"crossing","name":""},"geometry":{"type":"Point","coordinates":[54.5887535,24.424893]}},{"type":"Feature","properties":{"layer":"infrastructure","subtype":"barrier","class":"kerb","name":""},"geometry":{"type":"Point","coordinates":[54.5889367,24.4250302]}},{"type":"Feature","properties":{"layer":"infrastructure","subtype":"barrier","class":"kerb","name":""},"geometry":{"type":"Point","coordinates":[54.588868,24.4249491]}},{"type":"Feature","properties":{"layer":"infrastructure","subtype":"transportation","class":"crossing","name":""},"geometry":{"type":"Point","coordinates":[54.5888894,24.4249744]}},{"type":"Feature","properties":{"layer":"infrastructure","subtype":"barrier","class":"kerb","name":""},"geometry":{"type":"Point","coordinates":[54.5892056,24.4243607]}},{"type":"Feature","properties":{"layer":"infrastructure","subtype":"transportation","class":"crossing","name":""},"geometry":{"type":"Point","coordinates":[54.5892283,24.424367]}},{"type":"Feature","properties":{"layer":"infrastructure","subtype":"barrier","class":"kerb","name":""},"geometry":{"type":"Point","coordinates":[54.5892674,24.4243773]}},{"type":"Feature","properties":{"layer":"infrastructure","subtype":"barrier","class":"wall","name":""},"geometry":{"type":"LineString","coordinates":[[54.5888171,24.4237306],[54.5891441,24.4238242],[54.5892666,24.4238596],[54.5892863,24.4238031],[54.5894085,24.4234549],[54.5890054,24.4233366],[54.5889562,24.4233247],[54.5889476,24.4233542],[54.5889346,24.4233852],[54.5888927,24.4235007],[54.5888894,24.4235137],[54.5888733,24.4235564],[54.5888171,24.4237306]]}},{"type":"Feature","properties":{"layer":"infrastructure","subtype":"barrier","class":"wall","name":""},"geometry":{"type":"LineString","coordinates":[[54.5883712,24.4236036],[54.5886623,24.4236859],[54.588806,24.4237259],[54.5888645,24.4235516],[54.5889371,24.4233297],[54.5886645,24.4232576],[54.5885469,24.4232197],[54.5885052,24.4232063],[54.5884745,24.4232855],[54.5884577,24.4233438],[54.5884429,24.4233854],[54.5883712,24.4236036]]}},{"type":"Feature","properties":{"layer":"infrastructure","subtype":"barrier","class":"wall","name":""},"geometry":{"type":"LineString","coordinates":[[54.5886418,24.4227861],[54.5889133,24.4228666],[54.5890128,24.4228924],[54.5890722,24.4229112],[54.5889733,24.4232141],[54.5889469,24.4232997],[54.5888942,24.4232862],[54.5885758,24.4232036],[54.5885017,24.4231822],[54.5885547,24.42303],[54.5885795,24.4229616],[54.5885921,24.4229242],[54.5886418,24.4227861]]}},{"type":"Feature","properties":{"layer":"infrastructure","subtype":"barrier","class":"wall","name":""},"geometry":{"type":"LineString","coordinates":[[54.5889635,24.4233114],[54.5890524,24.4233363],[54.5892443,24.4233887],[54.589358,24.4234207],[54.5894139,24.4234357],[54.5894212,24.4234106],[54.5894447,24.4233413],[54.5894579,24.4232977],[54.5894891,24.4232038],[54.5895406,24.4230428],[54.5891843,24.4229457],[54.5890954,24.4229208],[54.5889635,24.4233114]]}},{"type":"Feature","properties":{"layer":"infrastructure","subtype":"transportation","class":"crossing","name":""},"geometry":{"type":"Point","coordinates":[54.5907298,24.4238539]}},{"type":"Feature","properties":{"layer":"infrastructure","subtype":"transportation","class":"crossing","name":""},"geometry":{"type":"Point","coordinates":[54.5910879,24.4230014]}},{"type":"Feature","properties":{"layer":"infrastructure","subtype":"barrier","class":"wall","name":""},"geometry":{"type":"LineString","coordinates":[[54.5921554,24.4274872],[54.5920428,24.4275697],[54.5916747,24.4271362],[54.5921534,24.4267967],[54.5924997,24.4272073],[54.5925182,24.4272277],[54.592491,24.4272481],[54.5921903,24.427464]]}},{"type":"Feature","properties":{"layer":"infrastructure","subtype":"barrier","class":"gate","name":""},"geometry":{"type":"Point","coordinates":[54.5905273,24.4272221]}},{"type":"Feature","properties":{"layer":"infrastructure","subtype":"barrier","class":"gate","name":""},"geometry":{"type":"Point","coordinates":[54.589698,24.428043]}},{"type":"Feature","properties":{"layer":"infrastructure","subtype":"barrier","class":"gate","name":""},"geometry":{"type":"Point","coordinates":[54.5902733,24.4284511]}},{"type":"Feature","properties":{"layer":"infrastructure","subtype":"barrier","class":"gate","name":""},"geometry":{"type":"Point","coordinates":[54.5904092,24.4302581]}},{"type":"Feature","properties":{"layer":"infrastructure","subtype":"barrier","class":"gate","name":""},"geometry":{"type":"Point","coordinates":[54.5899312,24.4298703]}},{"type":"Feature","properties":{"layer":"infrastructure","subtype":"barrier","class":"wall","name":""},"geometry":{"type":"LineString","coordinates":[[54.5892794,24.4308665],[54.5898554,24.4310264],[54.5900412,24.4304825],[54.5900064,24.4304844],[54.5897744,24.4304181],[54.5897194,24.4304018],[54.5894898,24.4303375],[54.5894618,24.4303286],[54.5892794,24.4308665]]}},{"type":"Feature","properties":{"layer":"infrastructure","subtype":"barrier","class":"gate","name":""},"geometry":{"type":"Point","coordinates":[54.590322,24.4314747]}},{"type":"Feature","properties":{"layer":"infrastructure","subtype":"barrier","class":"gate","name":""},"geometry":{"type":"Point","coordinates":[54.5904228,24.4302981]}},{"type":"Feature","properties":{"layer":"infrastructure","subtype":"barrier","class":"gate","name":""},"geometry":{"type":"Point","coordinates":[54.5904663,24.4303103]}},{"type":"Feature","properties":{"layer":"infrastructure","subtype":"barrier","class":"gate","name":""},"geometry":{"type":"Point","coordinates":[54.5904936,24.4302827]}},{"type":"Feature","properties":{"layer":"infrastructure","subtype":"barrier","class":"kerb","name":""},"geometry":{"type":"Point","coordinates":[54.5914586,24.4326263]}},{"type":"Feature","properties":{"layer":"infrastructure","subtype":"transportation","class":"crossing","name":""},"geometry":{"type":"Point","coordinates":[54.5914778,24.4325817]}},{"type":"Feature","properties":{"layer":"infrastructure","subtype":"barrier","class":"kerb","name":""},"geometry":{"type":"Point","coordinates":[54.5914839,24.4325675]}},{"type":"Feature","properties":{"layer":"infrastructure","subtype":"barrier","class":"wall","name":""},"geometry":{"type":"LineString","coordinates":[[54.5917229,24.4324068],[54.5920931,24.4322456],[54.5921525,24.4320501],[54.5921823,24.4319702],[54.5920431,24.4319273],[54.5920376,24.4319216],[54.5920214,24.4319165],[54.5919688,24.4318999],[54.5919492,24.4318937],[54.5912904,24.4317065],[54.5911074,24.4322407],[54.5917229,24.4324068]]}},{"type":"Feature","properties":{"layer":"infrastructure","subtype":"transportation","class":"crossing","name":""},"geometry":{"type":"Point","coordinates":[54.5922201,24.4323203]}},{"type":"Feature","properties":{"layer":"infrastructure","subtype":"barrier","class":"kerb","name":""},"geometry":{"type":"Point","coordinates":[54.5921821,24.4323083]}},{"type":"Feature","properties":{"layer":"infrastructure","subtype":"barrier","class":"kerb","name":""},"geometry":{"type":"Point","coordinates":[54.5922935,24.4323416]}},{"type":"Feature","properties":{"layer":"infrastructure","subtype":"barrier","class":"gate","name":""},"geometry":{"type":"Point","coordinates":[54.5912251,24.429972]}},{"type":"Feature","properties":{"layer":"infrastructure","subtype":"barrier","class":"gate","name":""},"geometry":{"type":"Point","coordinates":[54.5911347,24.4302337]}},{"type":"Feature","properties":{"layer":"infrastructure","subtype":"barrier","class":"wall","name":""},"geometry":{"type":"MultiLineString","coordinates":[[[54.593913,24.4283373],[54.5930238,24.4280709],[54.59301,24.428112],[54.5929967,24.4281554],[54.5929849,24.4281792],[54.5929737,24.4282181],[54.5929597,24.4282294],[54.5929456,24.4282741],[54.5929149,24.4284278],[54.592812,24.428718],[54.5927881,24.4287615],[54.59275,24.4288963],[54.5930153,24.4289763],[54.5935798,24.4291395],[54.5936416,24.4291569],[54.5936554,24.4291165],[54.593913,24.4283373]],[[54.593913,24.4283373],[54.5939834,24.4281265]]]}},{"type":"Feature","properties":{"layer":"infrastructure","subtype":"transportation","class":"crossing","name":""},"geometry":{"type":"Point","coordinates":[54.5937468,24.4292959]}},{"type":"Feature","properties":{"layer":"infrastructure","subtype":"barrier","class":"wall","name":""},"geometry":{"type":"LineString","coordinates":[[54.5931981,24.4304916],[54.5935563,24.4305969],[54.5935913,24.4306064],[54.5936009,24.4305771],[54.5937648,24.4300789],[54.5936646,24.4300473],[54.5935482,24.4300144],[54.5934037,24.4299746],[54.5932838,24.429938],[54.5931883,24.4299089],[54.5931723,24.4299523],[54.593007,24.4304409],[54.5931412,24.4304782]]}},{"type":"Feature","properties":{"layer":"infrastructure","subtype":"barrier","class":"wall","name":""},"geometry":{"type":"LineString","coordinates":[[54.592513,24.4291208],[54.5925463,24.429131],[54.5927823,24.4291988],[54.5930962,24.4292871],[54.5930869,24.4293092],[54.5930129,24.429526],[54.592996,24.4295712],[54.5929203,24.4297794],[54.5929075,24.4298103],[54.5923315,24.4296454],[54.5923395,24.4296182],[54.5924107,24.4294044],[54.5925026,24.4291492],[54.592513,24.4291208]]}},{"type":"Feature","properties":{"layer":"infrastructure","subtype":"barrier","class":"fence","name":""},"geometry":{"type":"LineString","coordinates":[[54.592535,24.432071],[54.5925021,24.4320631],[54.5924659,24.4321552],[54.5925618,24.4321833],[54.5925993,24.4320905],[54.5925665,24.4320814]]}},{"type":"Feature","properties":{"layer":"infrastructure","subtype":"transportation","class":"crossing","name":""},"geometry":{"type":"Point","coordinates":[54.59353,24.4321844]}},{"type":"Feature","properties":{"layer":"infrastructure","subtype":"barrier","class":"wall","name":""},"geometry":{"type":"LineString","coordinates":[[54.5935279,24.4308748],[54.5940994,24.4310364],[54.5939197,24.4315633],[54.5933482,24.4314016],[54.5935279,24.4308748]]}},{"type":"Feature","properties":{"layer":"infrastructure","subtype":"barrier","class":"wall","name":""},"geometry":{"type":"LineString","coordinates":[[54.594444,24.4311345],[54.5947049,24.4312071],[54.5945252,24.4317364],[54.5939512,24.431574],[54.5941175,24.4310746],[54.59413,24.4310462],[54.5941623,24.431058],[54.5943837,24.4311168]]}},{"type":"Feature","properties":{"layer":"infrastructure","subtype":"barrier","class":"wall","name":""},"geometry":{"type":"LineString","coordinates":[[54.5952152,24.4313567],[54.5953064,24.4313811],[54.5951246,24.4319043],[54.594718,24.4317939],[54.5946017,24.4317598],[54.59455,24.4317438],[54.5947101,24.4312825],[54.59473,24.4312185],[54.5947851,24.4312327],[54.5951401,24.4313372]]}},{"type":"Feature","properties":{"layer":"infrastructure","subtype":"transportation","class":"crossing","name":""},"geometry":{"type":"Point","coordinates":[54.5952088,24.4297018]}},{"type":"Feature","properties":{"layer":"infrastructure","subtype":"transportation","class":"crossing","name":""},"geometry":{"type":"Point","coordinates":[54.5947738,24.4296038]}},{"type":"Feature","properties":{"layer":"infrastructure","subtype":"transportation","class":"crossing","name":""},"geometry":{"type":"Point","coordinates":[54.5950342,24.4297666]}},{"type":"Feature","properties":{"layer":"infrastructure","subtype":"barrier","class":"gate","name":""},"geometry":{"type":"Point","coordinates":[54.5950048,24.4298628]}},{"type":"Feature","properties":{"layer":"infrastructure","subtype":"transportation","class":"crossing","name":""},"geometry":{"type":"Point","coordinates":[54.5946464,24.4296577]}},{"type":"Feature","properties":{"layer":"infrastructure","subtype":"barrier","class":"gate","name":""},"geometry":{"type":"Point","coordinates":[54.5946148,24.4297547]}},{"type":"Feature","properties":{"layer":"infrastructure","subtype":"transportation","class":"crossing","name":""},"geometry":{"type":"Point","coordinates":[54.5941749,24.4294368]}},{"type":"Feature","properties":{"layer":"infrastructure","subtype":"barrier","class":"wall","name":""},"geometry":{"type":"LineString","coordinates":[[54.5944786,24.4275866],[54.5945142,24.4275948],[54.5949108,24.4277227],[54.5950635,24.4277679],[54.5950836,24.4277115],[54.595134,24.4275623],[54.595248,24.4272217],[54.5951481,24.4271859],[54.5951055,24.4271736],[54.5949705,24.4271346],[54.594662,24.4270519],[54.5944891,24.4275489],[54.5944786,24.4275866]]}},{"type":"Feature","properties":{"layer":"infrastructure","subtype":"barrier","class":"wall","name":""},"geometry":{"type":"LineString","coordinates":[[54.5953335,24.4269499],[54.595584,24.427022],[54.5956533,24.4268346],[54.5956964,24.426705],[54.5957686,24.4264877],[54.5957737,24.426475],[54.5951568,24.4263089],[54.5949731,24.4268486],[54.5950044,24.4268573],[54.5950718,24.4268775],[54.595251,24.4269268]]}},{"type":"Feature","properties":{"layer":"infrastructure","subtype":"barrier","class":"gate","name":""},"geometry":{"type":"Point","coordinates":[54.5942054,24.4260709]}},{"type":"Feature","properties":{"layer":"infrastructure","subtype":"transportation","class":"crossing","name":""},"geometry":{"type":"Point","coordinates":[54.5942599,24.4261364]}},{"type":"Feature","properties":{"layer":"infrastructure","subtype":"barrier","class":"kerb","name":""},"geometry":{"type":"Point","coordinates":[54.5945869,24.4269888]}},{"type":"Feature","properties":{"layer":"infrastructure","subtype":"transportation","class":"crossing","name":""},"geometry":{"type":"Point","coordinates":[54.5945241,24.4269708]}},{"type":"Feature","properties":{"layer":"infrastructure","subtype":"barrier","class":"kerb","name":""},"geometry":{"type":"Point","coordinates":[54.5944626,24.426957]}},{"type":"Feature","properties":{"layer":"infrastructure","subtype":"waste_management","class":"recycling","name":""},"geometry":{"type":"Point","coordinates":[54.5943337,24.4277276]}},{"type":"Feature","properties":{"layer":"infrastructure","subtype":"transportation","class":"crossing","name":""},"geometry":{"type":"Point","coordinates":[54.5943327,24.4273524]}},{"type":"Feature","properties":{"layer":"infrastructure","subtype":"barrier","class":"kerb","name":""},"geometry":{"type":"Point","coordinates":[54.5937656,24.4266321]}},{"type":"Feature","properties":{"layer":"infrastructure","subtype":"transportation","class":"crossing","name":""},"geometry":{"type":"Point","coordinates":[54.5937357,24.42665]}},{"type":"Feature","properties":{"layer":"infrastructure","subtype":"barrier","class":"kerb","name":""},"geometry":{"type":"Point","coordinates":[54.5936797,24.4267234]}},{"type":"Feature","properties":{"layer":"infrastructure","subtype":"transportation","class":"crossing","name":""},"geometry":{"type":"Point","coordinates":[54.5939084,24.4263638]}},{"type":"Feature","properties":{"layer":"infrastructure","subtype":"barrier","class":"kerb","name":""},"geometry":{"type":"Point","coordinates":[54.5938556,24.426391]}},{"type":"Feature","properties":{"layer":"infrastructure","subtype":"barrier","class":"kerb","name":""},"geometry":{"type":"Point","coordinates":[54.593941,24.4263355]}},{"type":"Feature","properties":{"layer":"infrastructure","subtype":"transportation","class":"crossing","name":""},"geometry":{"type":"Point","coordinates":[54.5943411,24.4243223]}},{"type":"Feature","properties":{"layer":"infrastructure","subtype":"barrier","class":"wall","name":""},"geometry":{"type":"LineString","coordinates":[[54.5952889,24.4240047],[54.5954447,24.42358],[54.5954576,24.4235403],[54.5954774,24.4234792]]}},{"type":"Feature","properties":{"layer":"infrastructure","subtype":"barrier","class":"wall","name":""},"geometry":{"type":"LineString","coordinates":[[54.595065,24.4239455],[54.5952889,24.4240047],[54.5953439,24.4240224]]}},{"type":"Feature","properties":{"layer":"infrastructure","subtype":"transportation","class":"crossing","name":""},"geometry":{"type":"Point","coordinates":[54.5953227,24.4241453]}},{"type":"Feature","properties":{"layer":"infrastructure","subtype":"transportation","class":"crossing","name":""},"geometry":{"type":"Point","coordinates":[54.5954601,24.4226996]}},{"type":"Feature","properties":{"layer":"infrastructure","subtype":"transportation","class":"crossing","name":""},"geometry":{"type":"Point","coordinates":[54.5948098,24.422524]}},{"type":"Feature","properties":{"layer":"infrastructure","subtype":"barrier","class":"kerb","name":""},"geometry":{"type":"Point","coordinates":[54.5944107,24.4211658]}},{"type":"Feature","properties":{"layer":"infrastructure","subtype":"barrier","class":"kerb","name":""},"geometry":{"type":"Point","coordinates":[54.5941485,24.4214768]}},{"type":"Feature","properties":{"layer":"infrastructure","subtype":"transportation","class":"crossing","name":""},"geometry":{"type":"Point","coordinates":[54.5941521,24.4214192]}},{"type":"Feature","properties":{"layer":"infrastructure","subtype":"barrier","class":"kerb","name":""},"geometry":{"type":"Point","coordinates":[54.5941504,24.4213671]}},{"type":"Feature","properties":{"layer":"infrastructure","subtype":"barrier","class":"kerb","name":""},"geometry":{"type":"Point","coordinates":[54.5941291,24.421402]}},{"type":"Feature","properties":{"layer":"infrastructure","subtype":"barrier","class":"kerb","name":""},"geometry":{"type":"Point","coordinates":[54.5940447,24.4213836]}},{"type":"Feature","properties":{"layer":"infrastructure","subtype":"transportation","class":"crossing","name":""},"geometry":{"type":"Point","coordinates":[54.5942194,24.4213173]}},{"type":"Feature","properties":{"layer":"infrastructure","subtype":"transportation","class":"crossing","name":""},"geometry":{"type":"Point","coordinates":[54.5942919,24.4212599]}},{"type":"Feature","properties":{"layer":"infrastructure","subtype":"transportation","class":"crossing","name":""},"geometry":{"type":"Point","coordinates":[54.5943613,24.4212049]}},{"type":"Feature","properties":{"layer":"infrastructure","subtype":"transportation","class":"crossing","name":""},"geometry":{"type":"Point","coordinates":[54.5943466,24.4210883]}},{"type":"Feature","properties":{"layer":"infrastructure","subtype":"transportation","class":"crossing","name":""},"geometry":{"type":"Point","coordinates":[54.5941962,24.4210376]}},{"type":"Feature","properties":{"layer":"infrastructure","subtype":"barrier","class":"kerb","name":""},"geometry":{"type":"Point","coordinates":[54.5941078,24.4210269]}},{"type":"Feature","properties":{"layer":"infrastructure","subtype":"barrier","class":"kerb","name":""},"geometry":{"type":"Point","coordinates":[54.5940184,24.4210039]}},{"type":"Feature","properties":{"layer":"infrastructure","subtype":"transportation","class":"crossing","name":""},"geometry":{"type":"Point","coordinates":[54.5940108,24.4209811]}},{"type":"Feature","properties":{"layer":"infrastructure","subtype":"barrier","class":"kerb","name":""},"geometry":{"type":"Point","coordinates":[54.5940115,24.4209391]}},{"type":"Feature","properties":{"layer":"infrastructure","subtype":"transportation","class":"crossing","name":""},"geometry":{"type":"Point","coordinates":[54.5942011,24.4206836]}},{"type":"Feature","properties":{"layer":"infrastructure","subtype":"barrier","class":"kerb","name":""},"geometry":{"type":"Point","coordinates":[54.5944207,24.4211133]}},{"type":"Feature","properties":{"layer":"infrastructure","subtype":"barrier","class":"kerb","name":""},"geometry":{"type":"Point","coordinates":[54.5945002,24.4211237]}},{"type":"Feature","properties":{"layer":"infrastructure","subtype":"transportation","class":"crossing","name":""},"geometry":{"type":"Point","coordinates":[54.5945264,24.4211218]}},{"type":"Feature","properties":{"layer":"infrastructure","subtype":"barrier","class":"kerb","name":""},"geometry":{"type":"Point","coordinates":[54.5945942,24.4211303]}},{"type":"Feature","properties":{"layer":"infrastructure","subtype":"barrier","class":"kerb","name":""},"geometry":{"type":"Point","coordinates":[54.5953113,24.419991]}},{"type":"Feature","properties":{"layer":"infrastructure","subtype":"transit","class":"parking","name":""},"geometry":{"type":"Polygon","coordinates":[[[54.5951729,24.4199643],[54.5946423,24.4198187],[54.5945928,24.4199595],[54.5951244,24.420118],[54.5951729,24.4199643]]]}},{"type":"Feature","properties":{"layer":"infrastructure","subtype":"barrier","class":"kerb","name":""},"geometry":{"type":"Point","coordinates":[54.5950505,24.4197768]}},{"type":"Feature","properties":{"layer":"infrastructure","subtype":"transportation","class":"crossing","name":""},"geometry":{"type":"Point","coordinates":[54.5949802,24.419762]}},{"type":"Feature","properties":{"layer":"infrastructure","subtype":"barrier","class":"kerb","name":""},"geometry":{"type":"Point","coordinates":[54.594918,24.4197414]}},{"type":"Feature","properties":{"layer":"infrastructure","subtype":"transportation","class":"crossing","name":""},"geometry":{"type":"Point","coordinates":[54.5953334,24.4199348]}},{"type":"Feature","properties":{"layer":"infrastructure","subtype":"barrier","class":"kerb","name":""},"geometry":{"type":"Point","coordinates":[54.595343,24.4199041]}},{"type":"Feature","properties":{"layer":"infrastructure","subtype":"barrier","class":"kerb","name":""},"geometry":{"type":"Point","coordinates":[54.595379,24.4188672]}},{"type":"Feature","properties":{"layer":"infrastructure","subtype":"transportation","class":"crossing","name":""},"geometry":{"type":"Point","coordinates":[54.5953687,24.4188981]}},{"type":"Feature","properties":{"layer":"infrastructure","subtype":"barrier","class":"kerb","name":""},"geometry":{"type":"Point","coordinates":[54.5953528,24.4189441]}},{"type":"Feature","properties":{"layer":"infrastructure","subtype":"barrier","class":"kerb","name":""},"geometry":{"type":"Point","coordinates":[54.59548,24.4185583]}},{"type":"Feature","properties":{"layer":"infrastructure","subtype":"transportation","class":"crossing","name":""},"geometry":{"type":"Point","coordinates":[54.5955061,24.4184805]}},{"type":"Feature","properties":{"layer":"infrastructure","subtype":"barrier","class":"kerb","name":""},"geometry":{"type":"Point","coordinates":[54.5955221,24.4184344]}},{"type":"Feature","properties":{"layer":"infrastructure","subtype":"transportation","class":"crossing","name":""},"geometry":{"type":"Point","coordinates":[54.5944198,24.4197576]}},{"type":"Feature","properties":{"layer":"infrastructure","subtype":"barrier","class":"wall","name":""},"geometry":{"type":"LineString","coordinates":[[54.5927154,24.419334],[54.5943139,24.4197907],[54.5940162,24.4206833],[54.5936099,24.4207737],[54.5923492,24.4204159],[54.5927154,24.419334]]}},{"type":"Feature","properties":{"layer":"infrastructure","subtype":"transportation","class":"crossing","name":""},"geometry":{"type":"Point","coordinates":[54.5937905,24.4194584]}},{"type":"Feature","properties":{"layer":"infrastructure","subtype":"barrier","class":"kerb","name":""},"geometry":{"type":"Point","coordinates":[54.5937485,24.4194389]}},{"type":"Feature","properties":{"layer":"infrastructure","subtype":"barrier","class":"kerb","name":""},"geometry":{"type":"Point","coordinates":[54.5938758,24.4194723]}},{"type":"Feature","properties":{"layer":"infrastructure","subtype":"barrier","class":"gate","name":""},"geometry":{"type":"Point","coordinates":[54.5930938,24.4191717]}},{"type":"Feature","properties":{"layer":"infrastructure","subtype":"transit","class":"bus_stop","name":"161; 218"},"geometry":{"type":"Point","coordinates":[54.5928833,24.4201803]}},{"type":"Feature","properties":{"layer":"infrastructure","subtype":"barrier","class":"wall","name":""},"geometry":{"type":"LineString","coordinates":[[54.591798,24.4220098],[54.5922634,24.4221474],[54.5933001,24.4214111],[54.5933484,24.4212646],[54.5921632,24.4209265],[54.591798,24.4220098]]}},{"type":"Feature","properties":{"layer":"infrastructure","subtype":"barrier","class":"kerb","name":""},"geometry":{"type":"Point","coordinates":[54.5939928,24.4210506]}},{"type":"Feature","properties":{"layer":"infrastructure","subtype":"transportation","class":"crossing","name":""},"geometry":{"type":"Point","coordinates":[54.5939377,24.4210901]}},{"type":"Feature","properties":{"layer":"infrastructure","subtype":"transportation","class":"crossing","name":""},"geometry":{"type":"Point","coordinates":[54.5938751,24.4211359]}},{"type":"Feature","properties":{"layer":"infrastructure","subtype":"barrier","class":"kerb","name":""},"geometry":{"type":"Point","coordinates":[54.5936702,24.4212884]}},{"type":"Feature","properties":{"layer":"infrastructure","subtype":"transportation","class":"crossing","name":""},"geometry":{"type":"Point","coordinates":[54.5936286,24.4212866]}},{"type":"Feature","properties":{"layer":"infrastructure","subtype":"barrier","class":"kerb","name":""},"geometry":{"type":"Point","coordinates":[54.5937626,24.4213045]}},{"type":"Feature","properties":{"layer":"infrastructure","subtype":"transportation","class":"crossing","name":""},"geometry":{"type":"Point","coordinates":[54.5938133,24.4213187]}},{"type":"Feature","properties":{"layer":"infrastructure","subtype":"barrier","class":"kerb","name":""},"geometry":{"type":"Point","coordinates":[54.5937229,24.4212536]}},{"type":"Feature","properties":{"layer":"infrastructure","subtype":"transportation","class":"crossing","name":""},"geometry":{"type":"Point","coordinates":[54.5937835,24.4212031]}},{"type":"Feature","properties":{"layer":"infrastructure","subtype":"transportation","class":"crossing","name":""},"geometry":{"type":"Point","coordinates":[54.593961,24.4213601]}},{"type":"Feature","properties":{"layer":"infrastructure","subtype":"barrier","class":"kerb","name":""},"geometry":{"type":"Point","coordinates":[54.5935916,24.4212922]}},{"type":"Feature","properties":{"layer":"infrastructure","subtype":"transportation","class":"crossing","name":""},"geometry":{"type":"Point","coordinates":[54.5939772,24.4229558]}},{"type":"Feature","properties":{"layer":"infrastructure","subtype":"transportation","class":"crossing","name":""},"geometry":{"type":"Point","coordinates":[54.5937657,24.4229212]}},{"type":"Feature","properties":{"layer":"infrastructure","subtype":"transit","class":"bus_stop","name":"161; 218"},"geometry":{"type":"Point","coordinates":[54.5923562,24.4213026]}},{"type":"Feature","properties":{"layer":"infrastructure","subtype":"transportation","class":"crossing","name":""},"geometry":{"type":"Point","coordinates":[54.591975,24.42085]}},{"type":"Feature","properties":{"layer":"infrastructure","subtype":"barrier","class":"kerb","name":""},"geometry":{"type":"Point","coordinates":[54.5919991,24.4208741]}},{"type":"Feature","properties":{"layer":"infrastructure","subtype":"barrier","class":"kerb","name":""},"geometry":{"type":"Point","coordinates":[54.5919462,24.4208223]}},{"type":"Feature","properties":{"layer":"infrastructure","subtype":"barrier","class":"kerb","name":""},"geometry":{"type":"Point","coordinates":[54.5918727,24.4207897]}},{"type":"Feature","properties":{"layer":"infrastructure","subtype":"transportation","class":"crossing","name":""},"geometry":{"type":"Point","coordinates":[54.591828,24.420785]}},{"type":"Feature","properties":{"layer":"infrastructure","subtype":"barrier","class":"kerb","name":""},"geometry":{"type":"Point","coordinates":[54.5917738,24.4207797]}},{"type":"Feature","properties":{"layer":"infrastructure","subtype":"barrier","class":"wall","name":""},"geometry":{"type":"LineString","coordinates":[[54.5916036,24.4207725],[54.5910273,24.4206107],[54.5908419,24.4211367],[54.5914239,24.4213061],[54.5916036,24.4207725]]}},{"type":"Feature","properties":{"layer":"infrastructure","subtype":"barrier","class":"wall","name":""},"geometry":{"type":"LineString","coordinates":[[54.590824,24.4211596],[54.5914045,24.4213186],[54.5912361,24.4218507],[54.5906524,24.4216825],[54.590824,24.4211596]]}},{"type":"Feature","properties":{"layer":"infrastructure","subtype":"transportation","class":"crossing","name":""},"geometry":{"type":"Point","coordinates":[54.5912769,24.4220142]}},{"type":"Feature","properties":{"layer":"infrastructure","subtype":"transportation","class":"crossing","name":""},"geometry":{"type":"Point","coordinates":[54.591317,24.4228655]}},{"type":"Feature","properties":{"layer":"infrastructure","subtype":"barrier","class":"wall","name":""},"geometry":{"type":"LineString","coordinates":[[54.5904311,24.422805],[54.5908697,24.4229381],[54.590975,24.4226063],[54.5909898,24.4225668],[54.5910046,24.4225276],[54.5909607,24.4225139],[54.5906462,24.4224178],[54.5905591,24.4223946],[54.5904822,24.4226333],[54.5904311,24.422805]]}},{"type":"Feature","properties":{"layer":"infrastructure","subtype":"barrier","class":"wall","name":""},"geometry":{"type":"LineString","coordinates":[[54.5905685,24.4223868],[54.5910018,24.4225077],[54.5911147,24.4221766],[54.5911388,24.4221107],[54.591071,24.4220901],[54.591044,24.4220843],[54.5908842,24.4220354],[54.5907,24.421985],[54.5906352,24.4221853],[54.5905804,24.422348],[54.5905685,24.4223868]]}},{"type":"Feature","properties":{"layer":"infrastructure","subtype":"barrier","class":"wall","name":""},"geometry":{"type":"LineString","coordinates":[[54.590106,24.4222513],[54.5901638,24.4222686],[54.5905578,24.4223795],[54.5906846,24.4219866],[54.5906053,24.4219613],[54.5904865,24.4219262],[54.5904723,24.421921],[54.5904177,24.4219039],[54.590309,24.4218698],[54.5902957,24.421866],[54.5902135,24.4219087],[54.5901425,24.4221509],[54.590106,24.4222513]]}},{"type":"Feature","properties":{"layer":"infrastructure","subtype":"barrier","class":"wall","name":""},"geometry":{"type":"LineString","coordinates":[[54.5899726,24.422671],[54.590057,24.4226956],[54.5903305,24.4227761],[54.5904271,24.4228004],[54.5904461,24.4227376],[54.5904652,24.4226745],[54.590471,24.422652],[54.5905509,24.4223983],[54.590483,24.4223805],[54.5901408,24.42229],[54.5901,24.42228],[54.5900827,24.4223383],[54.5900693,24.4223837],[54.5900535,24.4224369],[54.5900345,24.4224944],[54.5900154,24.4225489],[54.5899726,24.422671]]}},{"type":"Feature","properties":{"layer":"infrastructure","subtype":"barrier","class":"wall","name":""},"geometry":{"type":"LineString","coordinates":[[54.5892533,24.4224698],[54.5896885,24.4225944],[54.5898199,24.4221976],[54.5894015,24.4220778],[54.5892533,24.4224698]]}},{"type":"Feature","properties":{"layer":"infrastructure","subtype":"barrier","class":"wall","name":""},"geometry":{"type":"LineString","coordinates":[[54.589391,24.4220497],[54.5894557,24.4220682],[54.5898363,24.4221768],[54.5899631,24.4217839],[54.5899299,24.4217743],[54.5897847,24.421731],[54.5895919,24.4216741],[54.5895272,24.4216556],[54.589391,24.4220497]]}},{"type":"Feature","properties":{"layer":"infrastructure","subtype":"barrier","class":"wall","name":""},"geometry":{"type":"LineString","coordinates":[[54.5894477,24.4213455],[54.5900281,24.4215103],[54.5902015,24.420974],[54.5896218,24.4208183],[54.5894477,24.4213455]]}},{"type":"Feature","properties":{"layer":"infrastructure","subtype":"barrier","class":"wall","name":""},"geometry":{"type":"LineString","coordinates":[[54.5896486,24.4207966],[54.5902159,24.4209596],[54.5903963,24.4204318],[54.5898236,24.4202703],[54.5896486,24.4207966]]}},{"type":"Feature","properties":{"layer":"infrastructure","subtype":"barrier","class":"wall","name":""},"geometry":{"type":"LineString","coordinates":[[54.5900513,24.421514],[54.590633,24.4216788],[54.5908133,24.421151],[54.5902263,24.4209806],[54.5900513,24.421514]]}},{"type":"Feature","properties":{"layer":"infrastructure","subtype":"barrier","class":"wall","name":""},"geometry":{"type":"LineString","coordinates":[[54.5902333,24.42097],[54.5908167,24.421133],[54.5909971,24.4206052],[54.5904164,24.4204376],[54.5902333,24.42097]]}},{"type":"Feature","properties":{"layer":"infrastructure","subtype":"barrier","class":"kerb","name":""},"geometry":{"type":"Point","coordinates":[54.590655,24.4200071]}},{"type":"Feature","properties":{"layer":"infrastructure","subtype":"transportation","class":"crossing","name":""},"geometry":{"type":"Point","coordinates":[54.5907158,24.4200053]}},{"type":"Feature","properties":{"layer":"infrastructure","subtype":"barrier","class":"kerb","name":""},"geometry":{"type":"Point","coordinates":[54.5907661,24.4200317]}},{"type":"Feature","properties":{"layer":"infrastructure","subtype":"barrier","class":"wall","name":""},"geometry":{"type":"LineString","coordinates":[[54.5901703,24.4197956],[54.5906052,24.4199382],[54.5907248,24.4195223],[54.5902938,24.4193868],[54.5901703,24.4197956]]}},{"type":"Feature","properties":{"layer":"infrastructure","subtype":"transportation","class":"crossing","name":""},"geometry":{"type":"Point","coordinates":[54.589896,24.4199417]}},{"type":"Feature","properties":{"layer":"infrastructure","subtype":"transportation","class":"crossing","name":""},"geometry":{"type":"Point","coordinates":[54.5898975,24.420084]}},{"type":"Feature","properties":{"layer":"infrastructure","subtype":"barrier","class":"wall","name":""},"geometry":{"type":"LineString","coordinates":[[54.5890397,24.4206281],[54.589607,24.4207911],[54.5897874,24.4202632],[54.5892023,24.4200997],[54.5890397,24.4206281]]}},{"type":"Feature","properties":{"layer":"infrastructure","subtype":"barrier","class":"kerb","name":""},"geometry":{"type":"Point","coordinates":[54.5894981,24.4196687]}},{"type":"Feature","properties":{"layer":"infrastructure","subtype":"transportation","class":"crossing","name":""},"geometry":{"type":"Point","coordinates":[54.5895362,24.4196844]}},{"type":"Feature","properties":{"layer":"infrastructure","subtype":"barrier","class":"kerb","name":""},"geometry":{"type":"Point","coordinates":[54.5895773,24.4196877]}},{"type":"Feature","properties":{"layer":"infrastructure","subtype":"barrier","class":"wall","name":""},"geometry":{"type":"LineString","coordinates":[[54.5897103,24.4196698],[54.5901381,24.4197895],[54.5902845,24.4193837],[54.5898167,24.4192509],[54.5897103,24.4196698]]}},{"type":"Feature","properties":{"layer":"infrastructure","subtype":"barrier","class":"wall","name":""},"geometry":{"type":"LineString","coordinates":[[54.5898306,24.4192366],[54.5902823,24.4193596],[54.590409,24.4189667],[54.5899845,24.4188467],[54.5898306,24.4192366]]}},{"type":"Feature","properties":{"layer":"infrastructure","subtype":"barrier","class":"wall","name":""},"geometry":{"type":"LineString","coordinates":[[54.5903104,24.4193737],[54.5907468,24.419503],[54.590865,24.4191004],[54.5904405,24.4189805],[54.5903104,24.4193737]]}},{"type":"Feature","properties":{"layer":"infrastructure","subtype":"barrier","class":"wall","name":""},"geometry":{"type":"LineString","coordinates":[[54.5913021,24.418724],[54.5917506,24.4188549],[54.591887,24.4184522],[54.5914398,24.4183244],[54.5913021,24.418724]]}},{"type":"Feature","properties":{"layer":"infrastructure","subtype":"barrier","class":"wall","name":""},"geometry":{"type":"LineString","coordinates":[[54.5911563,24.4191636],[54.5915846,24.4192848],[54.5917243,24.4188727],[54.5912961,24.4187521],[54.5911563,24.4191636]]}},{"type":"Feature","properties":{"layer":"infrastructure","subtype":"barrier","class":"wall","name":""},"geometry":{"type":"LineString","coordinates":[[54.5910339,24.4195807],[54.5914618,24.4197003],[54.5916049,24.4193111],[54.591164,24.4191874],[54.5910339,24.4195807]]}},{"type":"Feature","properties":{"layer":"infrastructure","subtype":"barrier","class":"wall","name":""},"geometry":{"type":"LineString","coordinates":[[54.5908721,24.4199914],[54.5913104,24.4201171],[54.5914479,24.4197199],[54.5910095,24.4195941],[54.5908721,24.4199914]]}},{"type":"Feature","properties":{"layer":"infrastructure","subtype":"barrier","class":"wall","name":""},"geometry":{"type":"LineString","coordinates":[[54.5919067,24.4198481],[54.5914688,24.4197292],[54.5913366,24.4201236],[54.5917712,24.4202486],[54.5919067,24.4198481]]}},{"type":"Feature","properties":{"layer":"infrastructure","subtype":"barrier","class":"wall","name":""},"geometry":{"type":"LineString","coordinates":[[54.5914628,24.419706],[54.5919109,24.4198243],[54.5920444,24.4194297],[54.5916113,24.4193083],[54.5914628,24.419706]]}},{"type":"Feature","properties":{"layer":"infrastructure","subtype":"barrier","class":"kerb","name":""},"geometry":{"type":"Point","coordinates":[54.5919827,24.4203885]}},{"type":"Feature","properties":{"layer":"infrastructure","subtype":"transportation","class":"crossing","name":""},"geometry":{"type":"Point","coordinates":[54.5919467,24.4203594]}},{"type":"Feature","properties":{"layer":"infrastructure","subtype":"barrier","class":"kerb","name":""},"geometry":{"type":"Point","coordinates":[54.591915,24.4203355]}},{"type":"Feature","properties":{"layer":"infrastructure","subtype":"barrier","class":"kerb","name":""},"geometry":{"type":"Point","coordinates":[54.5920709,24.4204157]}},{"type":"Feature","properties":{"layer":"infrastructure","subtype":"transportation","class":"crossing","name":""},"geometry":{"type":"Point","coordinates":[54.5921049,24.4204144]}},{"type":"Feature","properties":{"layer":"infrastructure","subtype":"barrier","class":"kerb","name":""},"geometry":{"type":"Point","coordinates":[54.5921371,24.420413]}},{"type":"Feature","properties":{"layer":"infrastructure","subtype":"barrier","class":"wall","name":""},"geometry":{"type":"LineString","coordinates":[[54.5916051,24.419291],[54.5920531,24.4194116],[54.5921893,24.4190039],[54.5917555,24.4188798],[54.5916051,24.419291]]}},{"type":"Feature","properties":{"layer":"infrastructure","subtype":"barrier","class":"wall","name":""},"geometry":{"type":"LineString","coordinates":[[54.5917742,24.4188651],[54.592202,24.4189847],[54.5923288,24.4185918],[54.5919043,24.4184719],[54.5917742,24.4188651]]}},{"type":"Feature","properties":{"layer":"infrastructure","subtype":"barrier","class":"wall","name":""},"geometry":{"type":"LineString","coordinates":[[54.5914419,24.4183095],[54.5918746,24.4184343],[54.5920135,24.4180348],[54.5915808,24.41791],[54.5914419,24.4183095]]}},{"type":"Feature","properties":{"layer":"infrastructure","subtype":"barrier","class":"wall","name":""},"geometry":{"type":"LineString","coordinates":[[54.5918991,24.4184393],[54.592345,24.4185848],[54.5924748,24.4181675],[54.592035,24.4180426],[54.5918991,24.4184393]]}},{"type":"Feature","properties":{"layer":"infrastructure","subtype":"barrier","class":"wall","name":""},"geometry":{"type":"LineString","coordinates":[[54.592032,24.4180174],[54.5924779,24.4181427],[54.5926162,24.4177345],[54.5921703,24.4176092],[54.592032,24.4180174]]}},{"type":"Feature","properties":{"layer":"infrastructure","subtype":"barrier","class":"wall","name":""},"geometry":{"type":"LineString","coordinates":[[54.5915879,24.4178911],[54.5920193,24.4180146],[54.5921566,24.417617],[54.5917252,24.4174935],[54.5915879,24.4178911]]}},{"type":"Feature","properties":{"layer":"infrastructure","subtype":"barrier","class":"wall","name":""},"geometry":{"type":"LineString","coordinates":[[54.5917028,24.4174714],[54.5921631,24.4176087],[54.5922968,24.4171994],[54.591861,24.4170775],[54.5917028,24.4174714]]}},{"type":"Feature","properties":{"layer":"infrastructure","subtype":"barrier","class":"wall","name":""},"geometry":{"type":"LineString","coordinates":[[54.5918423,24.4170426],[54.5923072,24.4171689],[54.5924545,24.4167619],[54.5920041,24.4166462],[54.5918423,24.4170426]]}},{"type":"Feature","properties":{"layer":"infrastructure","subtype":"barrier","class":"wall","name":""},"geometry":{"type":"LineString","coordinates":[[54.5921772,24.4175984],[54.592619,24.4177238],[54.5927552,24.417326],[54.5923134,24.4172006],[54.5921772,24.4175984]]}},{"type":"Feature","properties":{"layer":"infrastructure","subtype":"barrier","class":"wall","name":""},"geometry":{"type":"LineString","coordinates":[[54.5917992,24.4163107],[54.5923969,24.4164759],[54.5925741,24.4159442],[54.5919764,24.415779],[54.5917992,24.4163107]]}},{"type":"Feature","properties":{"layer":"infrastructure","subtype":"barrier","class":"wall","name":""},"geometry":{"type":"LineString","coordinates":[[54.5911443,24.4168589],[54.5915731,24.4169757],[54.591719,24.4165604],[54.591283,24.4164417],[54.5911443,24.4168589]]}},{"type":"Feature","properties":{"layer":"infrastructure","subtype":"barrier","class":"wall","name":""},"geometry":{"type":"LineString","coordinates":[[54.591199,24.4161386],[54.5917784,24.4162993],[54.5919548,24.415772],[54.5913754,24.4156113],[54.591199,24.4161386]]}},{"type":"Feature","properties":{"layer":"infrastructure","subtype":"barrier","class":"wall","name":""},"geometry":{"type":"LineString","coordinates":[[54.5906726,24.416724],[54.5911431,24.4168586],[54.5912824,24.4164412],[54.5908254,24.4163166],[54.5906726,24.416724]]}},{"type":"Feature","properties":{"layer":"infrastructure","subtype":"barrier","class":"wall","name":""},"geometry":{"type":"LineString","coordinates":[[54.5910011,24.4172671],[54.5914524,24.4173899],[54.5915791,24.416997],[54.5911331,24.4168611],[54.5910011,24.4172671]]}},{"type":"Feature","properties":{"layer":"infrastructure","subtype":"barrier","class":"wall","name":""},"geometry":{"type":"LineString","coordinates":[[54.5908549,24.4177001],[54.5913089,24.4178149],[54.5914483,24.4174031],[54.5910037,24.4172776],[54.5908549,24.4177001]]}},{"type":"Feature","properties":{"layer":"infrastructure","subtype":"barrier","class":"wall","name":""},"geometry":{"type":"LineString","coordinates":[[54.5907122,24.4181144],[54.591164,24.4182466],[54.5913135,24.4178299],[54.5908507,24.4177123],[54.5907122,24.4181144]]}},{"type":"Feature","properties":{"layer":"infrastructure","subtype":"barrier","class":"wall","name":""},"geometry":{"type":"LineString","coordinates":[[54.5905672,24.4171371],[54.590995,24.4172568],[54.5911218,24.4168639],[54.5906973,24.4167439],[54.5905672,24.4171371]]}},{"type":"Feature","properties":{"layer":"infrastructure","subtype":"barrier","class":"wall","name":""},"geometry":{"type":"LineString","coordinates":[[54.5904063,24.4175621],[54.5908502,24.4176971],[54.5909968,24.4172815],[54.5905354,24.4171347],[54.5904063,24.4175621]]}},{"type":"Feature","properties":{"layer":"infrastructure","subtype":"barrier","class":"wall","name":""},"geometry":{"type":"LineString","coordinates":[[54.5902505,24.4179993],[54.5907091,24.4181122],[54.5908486,24.417711],[54.5903973,24.4175758],[54.5902505,24.4179993]]}},{"type":"Feature","properties":{"layer":"infrastructure","subtype":"barrier","class":"wall","name":""},"geometry":{"type":"MultiLineString","coordinates":[[[54.5901739,24.4152479],[54.5907573,24.4154135],[54.59089885855856,24.415]],[[54.59025876666667,24.415],[54.5901739,24.4152479]]]}},{"type":"Feature","properties":{"layer":"infrastructure","subtype":"barrier","class":"wall","name":""},"geometry":{"type":"LineString","coordinates":[[54.5899875,24.4157965],[54.5905721,24.4159608],[54.5907513,24.4154314],[54.5901669,24.4152676],[54.5899875,24.4157965]]}},{"type":"Feature","properties":{"layer":"infrastructure","subtype":"barrier","class":"wall","name":""},"geometry":{"type":"LineString","coordinates":[[54.5893884,24.4156289],[54.5899682,24.4157918],[54.5901482,24.4152605],[54.5895684,24.4150976],[54.5893884,24.4156289]]}},{"type":"Feature","properties":{"layer":"infrastructure","subtype":"barrier","class":"wall","name":""},"geometry":{"type":"MultiLineString","coordinates":[[[54.5895742,24.415076],[54.590153,24.4152375],[54.59023293470149,24.415]],[[54.589599764925374,24.415],[54.5895742,24.415076]]]}},{"type":"Feature","properties":{"layer":"infrastructure","subtype":"barrier","class":"wall","name":""},"geometry":{"type":"MultiLineString","coordinates":[[[54.5907829,24.4154181],[54.5913255,24.4155862],[54.5915075,24.4150497],[54.59135284052838,24.415]],[[54.59091377149918,24.415],[54.5907829,24.4154181]]]}},{"type":"Feature","properties":{"layer":"infrastructure","subtype":"barrier","class":"wall","name":""},"geometry":{"type":"LineString","coordinates":[[54.5913967,24.415593],[54.5919687,24.415753],[54.5921484,24.4152306],[54.5915724,24.415063],[54.5913967,24.415593]]}},{"type":"Feature","properties":{"layer":"infrastructure","subtype":"barrier","class":"wall","name":""},"geometry":{"type":"LineString","coordinates":[[54.5919901,24.4157567],[54.5925789,24.4159241],[54.5927603,24.4153949],[54.592177,24.4152128],[54.5919901,24.4157567]]}},{"type":"Feature","properties":{"layer":"infrastructure","subtype":"transportation","class":"crossing","name":""},"geometry":{"type":"Point","coordinates":[54.5931334,24.4152773]}},{"type":"Feature","properties":{"layer":"infrastructure","subtype":"transportation","class":"crossing","name":""},"geometry":{"type":"Point","coordinates":[54.5931684,24.4151841]}},{"type":"Feature","properties":{"layer":"infrastructure","subtype":"barrier","class":"wall","name":""},"geometry":{"type":"LineString","coordinates":[[54.5925957,24.4159276],[54.5931676,24.4160876],[54.5933473,24.4155652],[54.5927713,24.4153976],[54.5925957,24.4159276]]}},{"type":"Feature","properties":{"layer":"infrastructure","subtype":"transportation","class":"crossing","name":""},"geometry":{"type":"Point","coordinates":[54.5930355,24.4168041]}},{"type":"Feature","properties":{"layer":"infrastructure","subtype":"barrier","class":"wall","name":""},"geometry":{"type":"LineString","coordinates":[[54.5923099,24.4171909],[54.592762,24.4173137],[54.5928907,24.4169152],[54.5924662,24.4167952],[54.5923099,24.4171909]]}},{"type":"Feature","properties":{"layer":"infrastructure","subtype":"transportation","class":"crossing","name":""},"geometry":{"type":"Point","coordinates":[54.5935033,24.4158461]}},{"type":"Feature","properties":{"layer":"infrastructure","subtype":"transportation","class":"crossing","name":""},"geometry":{"type":"Point","coordinates":[54.5936145,24.4158783]}},{"type":"Feature","properties":{"layer":"infrastructure","subtype":"barrier","class":"kerb","name":""},"geometry":{"type":"Point","coordinates":[54.5949385,24.4159538]}},{"type":"Feature","properties":{"layer":"infrastructure","subtype":"transportation","class":"crossing","name":""},"geometry":{"type":"Point","coordinates":[54.5949716,24.4159698]}},{"type":"Feature","properties":{"layer":"infrastructure","subtype":"barrier","class":"kerb","name":""},"geometry":{"type":"Point","coordinates":[54.5949978,24.4159779]}},{"type":"Feature","properties":{"layer":"infrastructure","subtype":"barrier","class":"kerb","name":""},"geometry":{"type":"Point","coordinates":[54.5942211,24.4154371]}},{"type":"Feature","properties":{"layer":"infrastructure","subtype":"transportation","class":"crossing","name":""},"geometry":{"type":"Point","coordinates":[54.5942052,24.415476]}},{"type":"Feature","properties":{"layer":"infrastructure","subtype":"barrier","class":"kerb","name":""},"geometry":{"type":"Point","coordinates":[54.5941479,24.4156544]}},{"type":"Feature","properties":{"layer":"infrastructure","subtype":"transportation","class":"crossing","name":""},"geometry":{"type":"Point","coordinates":[54.5941726,24.4155774]}},{"type":"Feature","properties":{"layer":"infrastructure","subtype":"barrier","class":"kerb","name":""},"geometry":{"type":"Point","coordinates":[54.5961217,24.4162989]}},{"type":"Feature","properties":{"layer":"infrastructure","subtype":"transportation","class":"crossing","name":""},"geometry":{"type":"Point","coordinates":[54.5961458,24.4163045]}},{"type":"Feature","properties":{"layer":"infrastructure","subtype":"barrier","class":"kerb","name":""},"geometry":{"type":"Point","coordinates":[54.5961905,24.4163199]}},{"type":"Feature","properties":{"layer":"infrastructure","subtype":"barrier","class":"kerb","name":""},"geometry":{"type":"Point","coordinates":[54.5956809,24.4179782]}},{"type":"Feature","properties":{"layer":"infrastructure","subtype":"barrier","class":"kerb","name":""},"geometry":{"type":"Point","coordinates":[54.5957064,24.4179032]}},{"type":"Feature","properties":{"layer":"infrastructure","subtype":"transportation","class":"crossing","name":""},"geometry":{"type":"Point","coordinates":[54.595693,24.4179433]}},{"type":"Feature","properties":{"layer":"infrastructure","subtype":"barrier","class":"gate","name":""},"geometry":{"type":"Point","coordinates":[54.5960366,24.4171566]}},{"type":"Feature","properties":{"layer":"infrastructure","subtype":"barrier","class":"kerb","name":""},"geometry":{"type":"Point","coordinates":[54.5968838,24.4179989]}},{"type":"Feature","properties":{"layer":"infrastructure","subtype":"transportation","class":"crossing","name":""},"geometry":{"type":"Point","coordinates":[54.5969346,24.4180122]}},{"type":"Feature","properties":{"layer":"infrastructure","subtype":"barrier","class":"kerb","name":""},"geometry":{"type":"Point","coordinates":[54.5969923,24.418029]}},{"type":"Feature","properties":{"layer":"infrastructure","subtype":"barrier","class":"wall","name":""},"geometry":{"type":"LineString","coordinates":[[54.5966998,24.4171237],[54.5972738,24.4172861],[54.5971008,24.4178076],[54.5965268,24.4176415],[54.5966998,24.4171237]]}},{"type":"Feature","properties":{"layer":"infrastructure","subtype":"transportation","class":"crossing","name":""},"geometry":{"type":"Point","coordinates":[54.5963218,24.4159391]}},{"type":"Feature","properties":{"layer":"infrastructure","subtype":"barrier","class":"wall","name":""},"geometry":{"type":"LineString","coordinates":[[54.5978732,24.4156937],[54.5972912,24.4155313],[54.5971128,24.4160564],[54.5976908,24.4162176],[54.5978732,24.4156937]]}},{"type":"Feature","properties":{"layer":"infrastructure","subtype":"transit","class":"parking","name":""},"geometry":{"type":"Polygon","coordinates":[[[54.5982885,24.4168499],[54.5968918,24.416429],[54.5968406,24.4165733],[54.598064,24.4169146],[54.5979154,24.4173821],[54.5981036,24.4174242],[54.5982885,24.4168499]]]}},{"type":"Feature","properties":{"layer":"infrastructure","subtype":"barrier","class":"wall","name":""},"geometry":{"type":"LineString","coordinates":[[54.5984727,24.4158696],[54.597884,24.4156967],[54.5976915,24.4162249],[54.5982943,24.4163935],[54.5984727,24.4158696]]}},{"type":"Feature","properties":{"layer":"infrastructure","subtype":"transit","class":"parking","name":""},"geometry":{"type":"Polygon","coordinates":[[[54.5978467,24.4159241],[54.5983761,24.4160752],[54.5984354,24.4159028],[54.597906,24.4157517],[54.5978467,24.4159241]]]}},{"type":"Feature","properties":{"layer":"infrastructure","subtype":"barrier","class":"wall","name":""},"geometry":{"type":"LineString","coordinates":[[54.5985143,24.4158488],[54.5986873,24.4153237],[54.5992613,24.4154861],[54.5990789,24.4160076],[54.5985143,24.4158488]]}},{"type":"Feature","properties":{"layer":"infrastructure","subtype":"transportation","class":"crossing","name":""},"geometry":{"type":"Point","coordinates":[54.5994475,24.4153646]}},{"type":"Feature","properties":{"layer":"infrastructure","subtype":"barrier","class":"wall","name":""},"geometry":{"type":"LineString","coordinates":[[54.599844195774644,24.415],[54.6001834,24.4150983],[54.600042,24.4155031],[54.5996009,24.4153754],[54.59973209066436,24.415]]}},{"type":"Feature","properties":{"layer":"infrastructure","subtype":"barrier","class":"wall","name":""},"geometry":{"type":"LineString","coordinates":[[54.6000351,24.4155349],[54.5996004,24.4154122],[54.5994648,24.4158106],[54.5998995,24.4159332],[54.6000351,24.4155349]]}},{"type":"Feature","properties":{"layer":"infrastructure","subtype":"barrier","class":"wall","name":""},"geometry":{"type":"MultiLineString","coordinates":[[[54.6013536,24.4154227],[54.6014983,24.4150053],[54.601479853137405,24.415]],[[54.601018320507904,24.415],[54.6009155,24.4152968],[54.6013536,24.4154227]]]}},{"type":"Feature","properties":{"layer":"infrastructure","subtype":"barrier","class":"wall","name":""},"geometry":{"type":"LineString","coordinates":[[54.600916,24.4153149],[54.6013533,24.415434],[54.6012381,24.4157853],[54.6011858,24.4158268],[54.6007826,24.4157195],[54.600916,24.4153149]]}},{"type":"Feature","properties":{"layer":"infrastructure","subtype":"barrier","class":"wall","name":""},"geometry":{"type":"LineString","coordinates":[[54.60070831714285,24.415],[54.6006369,24.4152083],[54.6002164,24.4150888],[54.60024682345865,24.415]]}},{"type":"Feature","properties":{"layer":"infrastructure","subtype":"barrier","class":"wall","name":""},"geometry":{"type":"LineString","coordinates":[[54.6000595,24.4155445],[54.5999249,24.4159421],[54.6003676,24.4160664],[54.6004962,24.4156666],[54.6000595,24.4155445]]}},{"type":"Feature","properties":{"layer":"infrastructure","subtype":"transportation","class":"crossing","name":""},"geometry":{"type":"Point","coordinates":[54.6005994,24.4157734]}},{"type":"Feature","properties":{"layer":"infrastructure","subtype":"transportation","class":"crossing","name":""},"geometry":{"type":"Point","coordinates":[54.6006237,24.4157016]}},{"type":"Feature","properties":{"layer":"infrastructure","subtype":"transportation","class":"crossing","name":""},"geometry":{"type":"Point","coordinates":[54.5993944,24.4171359]}},{"type":"Feature","properties":{"layer":"infrastructure","subtype":"barrier","class":"kerb","name":""},"geometry":{"type":"Point","coordinates":[54.5994409,24.4171186]}},{"type":"Feature","properties":{"layer":"infrastructure","subtype":"barrier","class":"kerb","name":""},"geometry":{"type":"Point","coordinates":[54.5996158,24.4169544]}},{"type":"Feature","properties":{"layer":"infrastructure","subtype":"transportation","class":"crossing","name":""},"geometry":{"type":"Point","coordinates":[54.5996124,24.416991]}},{"type":"Feature","properties":{"layer":"infrastructure","subtype":"barrier","class":"kerb","name":""},"geometry":{"type":"Point","coordinates":[54.5996053,24.4170417]}},{"type":"Feature","properties":{"layer":"infrastructure","subtype":"barrier","class":"wall","name":""},"geometry":{"type":"LineString","coordinates":[[54.5999115,24.4159512],[54.6003441,24.4160725],[54.600211,24.4164661],[54.5997784,24.4163448],[54.5999115,24.4159512]]}},{"type":"Feature","properties":{"layer":"infrastructure","subtype":"barrier","class":"wall","name":""},"geometry":{"type":"LineString","coordinates":[[54.5997523,24.4163416],[54.599902,24.4159419],[54.5994546,24.4158216],[54.5993196,24.4162165],[54.5997523,24.4163416]]}},{"type":"Feature","properties":{"layer":"infrastructure","subtype":"barrier","class":"wall","name":""},"geometry":{"type":"LineString","coordinates":[[54.5993087,24.4162415],[54.6000953,24.4164575],[54.6000321,24.4166273],[54.5997776,24.4168116],[54.5991803,24.4166411],[54.5993087,24.4162415]]}},{"type":"Feature","properties":{"layer":"infrastructure","subtype":"barrier","class":"kerb","name":""},"geometry":{"type":"Point","coordinates":[54.5990533,24.4167092]}},{"type":"Feature","properties":{"layer":"infrastructure","subtype":"transportation","class":"crossing","name":""},"geometry":{"type":"Point","coordinates":[54.5989996,24.416693]}},{"type":"Feature","properties":{"layer":"infrastructure","subtype":"barrier","class":"wall","name":""},"geometry":{"type":"LineString","coordinates":[[54.5984858,24.415865],[54.5990789,24.4160381],[54.5988992,24.4165632],[54.5983265,24.4164032],[54.5984858,24.415865]]}},{"type":"Feature","properties":{"layer":"infrastructure","subtype":"barrier","class":"kerb","name":""},"geometry":{"type":"Point","coordinates":[54.5989623,24.4166822]}},{"type":"Feature","properties":{"layer":"infrastructure","subtype":"barrier","class":"kerb","name":""},"geometry":{"type":"Point","coordinates":[54.5993576,24.4171495]}},{"type":"Feature","properties":{"layer":"infrastructure","subtype":"transportation","class":"crossing","name":""},"geometry":{"type":"Point","coordinates":[54.5989355,24.4175964]}},{"type":"Feature","properties":{"layer":"infrastructure","subtype":"transportation","class":"crossing","name":""},"geometry":{"type":"Point","coordinates":[54.5988228,24.4176551]}},{"type":"Feature","properties":{"layer":"infrastructure","subtype":"transportation","class":"crossing","name":""},"geometry":{"type":"Point","coordinates":[54.6015778,24.4191221]}},{"type":"Feature","properties":{"layer":"infrastructure","subtype":"barrier","class":"kerb","name":""},"geometry":{"type":"Point","coordinates":[54.6013712,24.4204027]}},{"type":"Feature","properties":{"layer":"infrastructure","subtype":"transportation","class":"crossing","name":""},"geometry":{"type":"Point","coordinates":[54.6013433,24.4204592]}},{"type":"Feature","properties":{"layer":"infrastructure","subtype":"transportation","class":"crossing","name":""},"geometry":{"type":"Point","coordinates":[54.6013324,24.4204858]}},{"type":"Feature","properties":{"layer":"infrastructure","subtype":"barrier","class":"kerb","name":""},"geometry":{"type":"Point","coordinates":[54.6013259,24.4205063]}},{"type":"Feature","properties":{"layer":"infrastructure","subtype":"transportation","class":"crossing","name":""},"geometry":{"type":"Point","coordinates":[54.6010911,24.4199404]}},{"type":"Feature","properties":{"layer":"infrastructure","subtype":"transportation","class":"crossing","name":""},"geometry":{"type":"Point","coordinates":[54.6010238,24.420125]}},{"type":"Feature","properties":{"layer":"infrastructure","subtype":"transportation","class":"crossing","name":""},"geometry":{"type":"Point","coordinates":[54.6010642,24.420013]}},{"type":"Feature","properties":{"layer":"infrastructure","subtype":"transit","class":"parking","name":""},"geometry":{"type":"Polygon","coordinates":[[[54.6006719,24.4206266],[54.6008471,24.420125],[54.6009804,24.4201574],[54.6011432,24.4196865],[54.6008209,24.4196121],[54.6004917,24.420576],[54.6006719,24.4206266]]]}},{"type":"Feature","properties":{"layer":"infrastructure","subtype":"barrier","class":"kerb","name":""},"geometry":{"type":"Point","coordinates":[54.6007828,24.4208622]}},{"type":"Feature","properties":{"layer":"infrastructure","subtype":"transportation","class":"crossing","name":""},"geometry":{"type":"Point","coordinates":[54.6007856,24.4208084]}},{"type":"Feature","properties":{"layer":"infrastructure","subtype":"barrier","class":"kerb","name":""},"geometry":{"type":"Point","coordinates":[54.6008276,24.4207159]}},{"type":"Feature","properties":{"layer":"infrastructure","subtype":"transportation","class":"crossing","name":""},"geometry":{"type":"Point","coordinates":[54.6008096,24.4207487]}},{"type":"Feature","properties":{"layer":"infrastructure","subtype":"transportation","class":"crossing","name":""},"geometry":{"type":"Point","coordinates":[54.6007987,24.4220371]}},{"type":"Feature","properties":{"layer":"infrastructure","subtype":"barrier","class":"kerb","name":""},"geometry":{"type":"Point","coordinates":[54.6003707,24.4228069]}},{"type":"Feature","properties":{"layer":"infrastructure","subtype":"barrier","class":"kerb","name":""},"geometry":{"type":"Point","coordinates":[54.6004896,24.4227795]}},{"type":"Feature","properties":{"layer":"infrastructure","subtype":"transportation","class":"crossing","name":""},"geometry":{"type":"Point","coordinates":[54.6004464,24.4227957]}},{"type":"Feature","properties":{"layer":"infrastructure","subtype":"barrier","class":"kerb","name":""},"geometry":{"type":"Point","coordinates":[54.6004245,24.4228043]}},{"type":"Feature","properties":{"layer":"infrastructure","subtype":"transportation","class":"crossing","name":""},"geometry":{"type":"Point","coordinates":[54.6003682,24.4229433]}},{"type":"Feature","properties":{"layer":"infrastructure","subtype":"barrier","class":"kerb","name":""},"geometry":{"type":"Point","coordinates":[54.6003916,24.4228547]}},{"type":"Feature","properties":{"layer":"infrastructure","subtype":"transportation","class":"crossing","name":""},"geometry":{"type":"Point","coordinates":[54.6003049,24.4227944]}},{"type":"Feature","properties":{"layer":"infrastructure","subtype":"transportation","class":"crossing","name":""},"geometry":{"type":"Point","coordinates":[54.6001988,24.4227693]}},{"type":"Feature","properties":{"layer":"infrastructure","subtype":"barrier","class":"kerb","name":""},"geometry":{"type":"Point","coordinates":[54.6001351,24.4227519]}},{"type":"Feature","properties":{"layer":"infrastructure","subtype":"transportation","class":"crossing","name":""},"geometry":{"type":"Point","coordinates":[54.6000534,24.422851]}},{"type":"Feature","properties":{"layer":"infrastructure","subtype":"transportation","class":"crossing","name":""},"geometry":{"type":"Point","coordinates":[54.6000407,24.4229025]}},{"type":"Feature","properties":{"layer":"infrastructure","subtype":"transportation","class":"crossing","name":""},"geometry":{"type":"Point","coordinates":[54.600074,24.4226852]}},{"type":"Feature","properties":{"layer":"infrastructure","subtype":"barrier","class":"kerb","name":""},"geometry":{"type":"Point","coordinates":[54.6000794,24.4227727]}},{"type":"Feature","properties":{"layer":"infrastructure","subtype":"barrier","class":"kerb","name":""},"geometry":{"type":"Point","coordinates":[54.6000821,24.4227125]}},{"type":"Feature","properties":{"layer":"infrastructure","subtype":"barrier","class":"kerb","name":""},"geometry":{"type":"Point","coordinates":[54.6000665,24.4226575]}},{"type":"Feature","properties":{"layer":"infrastructure","subtype":"transportation","class":"crossing","name":""},"geometry":{"type":"Point","coordinates":[54.5995806,24.4229438]}},{"type":"Feature","properties":{"layer":"infrastructure","subtype":"transportation","class":"crossing","name":""},"geometry":{"type":"Point","coordinates":[54.5986153,24.4222877]}},{"type":"Feature","properties":{"layer":"infrastructure","subtype":"transportation","class":"crossing","name":""},"geometry":{"type":"Point","coordinates":[54.5986399,24.422294]}},{"type":"Feature","properties":{"layer":"infrastructure","subtype":"transportation","class":"crossing","name":""},"geometry":{"type":"Point","coordinates":[54.5974073,24.4219752]}},{"type":"Feature","properties":{"layer":"infrastructure","subtype":"transportation","class":"crossing","name":""},"geometry":{"type":"Point","coordinates":[54.5973985,24.421946]}},{"type":"Feature","properties":{"layer":"infrastructure","subtype":"transportation","class":"crossing","name":""},"geometry":{"type":"Point","coordinates":[54.5974803,24.421858]}},{"type":"Feature","properties":{"layer":"infrastructure","subtype":"transportation","class":"crossing","name":""},"geometry":{"type":"Point","coordinates":[54.5978997,24.4199624]}},{"type":"Feature","properties":{"layer":"infrastructure","subtype":"barrier","class":"kerb","name":""},"geometry":{"type":"Point","coordinates":[54.5978685,24.4181548]}},{"type":"Feature","properties":{"layer":"infrastructure","subtype":"transportation","class":"crossing","name":""},"geometry":{"type":"Point","coordinates":[54.5978462,24.4181802]}},{"type":"Feature","properties":{"layer":"infrastructure","subtype":"barrier","class":"kerb","name":""},"geometry":{"type":"Point","coordinates":[54.5978269,24.4182236]}},{"type":"Feature","properties":{"layer":"infrastructure","subtype":"barrier","class":"kerb","name":""},"geometry":{"type":"Point","coordinates":[54.5972396,24.4191618]}},{"type":"Feature","properties":{"layer":"infrastructure","subtype":"barrier","class":"kerb","name":""},"geometry":{"type":"Point","coordinates":[54.5971577,24.419069]}},{"type":"Feature","properties":{"layer":"infrastructure","subtype":"transportation","class":"crossing","name":""},"geometry":{"type":"Point","coordinates":[54.5971806,24.4190963]}},{"type":"Feature","properties":{"layer":"infrastructure","subtype":"barrier","class":"kerb","name":""},"geometry":{"type":"Point","coordinates":[54.5970924,24.4190694]}},{"type":"Feature","properties":{"layer":"infrastructure","subtype":"transit","class":"parking","name":""},"geometry":{"type":"Polygon","coordinates":[[[54.5971711,24.4199531],[54.596612,24.419788],[54.596085,24.4201685],[54.5963767,24.4205188],[54.5969143,24.4206639],[54.5971711,24.4199531]]]}},{"type":"Feature","properties":{"layer":"infrastructure","subtype":"transportation","class":"crossing","name":""},"geometry":{"type":"Point","coordinates":[54.5966446,24.4196337]}},{"type":"Feature","properties":{"layer":"infrastructure","subtype":"barrier","class":"kerb","name":""},"geometry":{"type":"Point","coordinates":[54.596642,24.4196933]}},{"type":"Feature","properties":{"layer":"infrastructure","subtype":"barrier","class":"kerb","name":""},"geometry":{"type":"Point","coordinates":[54.5966496,24.4196073]}},{"type":"Feature","properties":{"layer":"infrastructure","subtype":"barrier","class":"kerb","name":""},"geometry":{"type":"Point","coordinates":[54.5967926,24.419539]}},{"type":"Feature","properties":{"layer":"infrastructure","subtype":"transportation","class":"crossing","name":""},"geometry":{"type":"Point","coordinates":[54.5967425,24.4195427]}},{"type":"Feature","properties":{"layer":"infrastructure","subtype":"barrier","class":"kerb","name":""},"geometry":{"type":"Point","coordinates":[54.5967014,24.4195474]}},{"type":"Feature","properties":{"layer":"infrastructure","subtype":"barrier","class":"kerb","name":""},"geometry":{"type":"Point","coordinates":[54.5970184,24.4189761]}},{"type":"Feature","properties":{"layer":"infrastructure","subtype":"transportation","class":"crossing","name":""},"geometry":{"type":"Point","coordinates":[54.5970421,24.4190069]}},{"type":"Feature","properties":{"layer":"infrastructure","subtype":"transit","class":"parking","name":""},"geometry":{"type":"Polygon","coordinates":[[[54.5967146,24.4183698],[54.5965061,24.4189713],[54.5966881,24.4190134],[54.5975009,24.4184435],[54.5975232,24.4182693],[54.5959873,24.4178178],[54.5958705,24.4181302],[54.5967146,24.4183698]]]}},{"type":"Feature","properties":{"layer":"infrastructure","subtype":"transit","class":"parking","name":""},"geometry":{"type":"Polygon","coordinates":[[[54.596262,24.4192568],[54.5963241,24.4190906],[54.595619,24.4188861],[54.5956008,24.4189386],[54.5954463,24.4188943],[54.5954115,24.4190018],[54.596262,24.4192568]]]}},{"type":"Feature","properties":{"layer":"infrastructure","subtype":"transportation","class":"crossing","name":""},"geometry":{"type":"Point","coordinates":[54.5957428,24.4202528]}},{"type":"Feature","properties":{"layer":"infrastructure","subtype":"barrier","class":"kerb","name":""},"geometry":{"type":"Point","coordinates":[54.5957857,24.4202629]}},{"type":"Feature","properties":{"layer":"infrastructure","subtype":"barrier","class":"kerb","name":""},"geometry":{"type":"Point","coordinates":[54.5956295,24.4203776]}},{"type":"Feature","properties":{"layer":"infrastructure","subtype":"barrier","class":"kerb","name":""},"geometry":{"type":"Point","coordinates":[54.595664,24.420314]}},{"type":"Feature","properties":{"layer":"infrastructure","subtype":"barrier","class":"kerb","name":""},"geometry":{"type":"Point","coordinates":[54.5957171,24.4202626]}},{"type":"Feature","properties":{"layer":"infrastructure","subtype":"transportation","class":"crossing","name":""},"geometry":{"type":"Point","coordinates":[54.5956542,24.4203289]}},{"type":"Feature","properties":{"layer":"infrastructure","subtype":"transportation","class":"crossing","name":""},"geometry":{"type":"Point","coordinates":[54.5959814,24.4214274]}},{"type":"Feature","properties":{"layer":"infrastructure","subtype":"transportation","class":"crossing","name":""},"geometry":{"type":"Point","coordinates":[54.5959888,24.4215456]}},{"type":"Feature","properties":{"layer":"infrastructure","subtype":"transportation","class":"crossing","name":""},"geometry":{"type":"Point","coordinates":[54.5967935,24.42166]}},{"type":"Feature","properties":{"layer":"infrastructure","subtype":"barrier","class":"gate","name":""},"geometry":{"type":"Point","coordinates":[54.5966883,24.4215218]}},{"type":"Feature","properties":{"layer":"infrastructure","subtype":"transportation","class":"crossing","name":""},"geometry":{"type":"Point","coordinates":[54.5966815,24.4215446]}},{"type":"Feature","properties":{"layer":"infrastructure","subtype":"transit","class":"parking","name":""},"geometry":{"type":"Polygon","coordinates":[[[54.5985082,24.4222417],[54.5985742,24.4220854],[54.5947773,24.4210057],[54.5947297,24.4211618],[54.5985082,24.4222417]]]}},{"type":"Feature","properties":{"layer":"infrastructure","subtype":"barrier","class":"gate","name":""},"geometry":{"type":"Point","coordinates":[54.5966279,24.4215051]}},{"type":"Feature","properties":{"layer":"infrastructure","subtype":"transportation","class":"crossing","name":""},"geometry":{"type":"Point","coordinates":[54.5966208,24.4215275]}},{"type":"Feature","properties":{"layer":"infrastructure","subtype":"barrier","class":"kerb","name":""},"geometry":{"type":"Point","coordinates":[54.5968793,24.4221821]}},{"type":"Feature","properties":{"layer":"infrastructure","subtype":"transportation","class":"crossing","name":""},"geometry":{"type":"Point","coordinates":[54.5968393,24.4221637]}},{"type":"Feature","properties":{"layer":"infrastructure","subtype":"transportation","class":"crossing","name":""},"geometry":{"type":"Point","coordinates":[54.5967902,24.4221554]}},{"type":"Feature","properties":{"layer":"infrastructure","subtype":"barrier","class":"kerb","name":""},"geometry":{"type":"Point","coordinates":[54.5967607,24.4221488]}},{"type":"Feature","properties":{"layer":"infrastructure","subtype":"transportation","class":"crossing","name":""},"geometry":{"type":"Point","coordinates":[54.5967276,24.4223036]}},{"type":"Feature","properties":{"layer":"infrastructure","subtype":"barrier","class":"wall","name":""},"geometry":{"type":"LineString","coordinates":[[54.596113,24.4236488],[54.5959399,24.4241509],[54.5959277,24.42419]]}},{"type":"Feature","properties":{"layer":"infrastructure","subtype":"barrier","class":"wall","name":""},"geometry":{"type":"LineString","coordinates":[[54.5957952,24.4241507],[54.5958631,24.4241734],[54.5959277,24.42419],[54.5959561,24.4241952]]}},{"type":"Feature","properties":{"layer":"infrastructure","subtype":"barrier","class":"wall","name":""},"geometry":{"type":"LineString","coordinates":[[54.5958193,24.4235651],[54.595639,24.4241055]]}},{"type":"Feature","properties":{"layer":"infrastructure","subtype":"barrier","class":"wall","name":""},"geometry":{"type":"LineString","coordinates":[[54.595985,24.4242032],[54.596227,24.4242728],[54.5963994,24.4237385],[54.596113,24.4236488],[54.5958193,24.4235651],[54.5952521,24.4234046],[54.5951139,24.4234687],[54.5949624,24.4239138],[54.5950221,24.4239333]]}},{"type":"Feature","properties":{"layer":"infrastructure","subtype":"barrier","class":"wall","name":""},"geometry":{"type":"LineString","coordinates":[[54.5953862,24.4240359],[54.595639,24.4241055],[54.5957644,24.4241391]]}},{"type":"Feature","properties":{"layer":"infrastructure","subtype":"transportation","class":"crossing","name":""},"geometry":{"type":"Point","coordinates":[54.5957378,24.4242693]}},{"type":"Feature","properties":{"layer":"infrastructure","subtype":"transportation","class":"crossing","name":""},"geometry":{"type":"Point","coordinates":[54.5959282,24.4243165]}},{"type":"Feature","properties":{"layer":"infrastructure","subtype":"barrier","class":"kerb","name":""},"geometry":{"type":"Point","coordinates":[54.5968809,24.4245787]}},{"type":"Feature","properties":{"layer":"infrastructure","subtype":"barrier","class":"kerb","name":""},"geometry":{"type":"Point","coordinates":[54.5968369,24.4246786]}},{"type":"Feature","properties":{"layer":"infrastructure","subtype":"transportation","class":"crossing","name":""},"geometry":{"type":"Point","coordinates":[54.5968688,24.4246113]}},{"type":"Feature","properties":{"layer":"infrastructure","subtype":"barrier","class":"kerb","name":""},"geometry":{"type":"Point","coordinates":[54.5964789,24.4229942]}},{"type":"Feature","properties":{"layer":"infrastructure","subtype":"transportation","class":"crossing","name":""},"geometry":{"type":"Point","coordinates":[54.596523,24.4230093]}},{"type":"Feature","properties":{"layer":"infrastructure","subtype":"barrier","class":"kerb","name":""},"geometry":{"type":"Point","coordinates":[54.5965797,24.4230247]}},{"type":"Feature","properties":{"layer":"infrastructure","subtype":"transportation","class":"crossing","name":""},"geometry":{"type":"Point","coordinates":[54.5973463,24.423351]}},{"type":"Feature","properties":{"layer":"infrastructure","subtype":"barrier","class":"kerb","name":""},"geometry":{"type":"Point","coordinates":[54.5973016,24.4233416]}},{"type":"Feature","properties":{"layer":"infrastructure","subtype":"barrier","class":"kerb","name":""},"geometry":{"type":"Point","coordinates":[54.597426,24.4233669]}},{"type":"Feature","properties":{"layer":"infrastructure","subtype":"transit","class":"parking","name":""},"geometry":{"type":"Polygon","coordinates":[[[54.5987155,24.4239779],[54.5985601,24.4236821],[54.5983826,24.4236679],[54.5986104,24.4240891],[54.5987155,24.4239779]]]}},{"type":"Feature","properties":{"layer":"infrastructure","subtype":"transportation","class":"crossing","name":""},"geometry":{"type":"Point","coordinates":[54.5974872,24.4263306]}},{"type":"Feature","properties":{"layer":"infrastructure","subtype":"barrier","class":"kerb","name":""},"geometry":{"type":"Point","coordinates":[54.597856,24.4264235]}},{"type":"Feature","properties":{"layer":"infrastructure","subtype":"transportation","class":"crossing","name":""},"geometry":{"type":"Point","coordinates":[54.5978826,24.4263629]}},{"type":"Feature","properties":{"layer":"infrastructure","subtype":"barrier","class":"kerb","name":""},"geometry":{"type":"Point","coordinates":[54.5978975,24.4263282]}},{"type":"Feature","properties":{"layer":"infrastructure","subtype":"barrier","class":"kerb","name":""},"geometry":{"type":"Point","coordinates":[54.5976402,24.4274817]}},{"type":"Feature","properties":{"layer":"infrastructure","subtype":"transportation","class":"crossing","name":""},"geometry":{"type":"Point","coordinates":[54.5976584,24.4274075]}},{"type":"Feature","properties":{"layer":"infrastructure","subtype":"barrier","class":"kerb","name":""},"geometry":{"type":"Point","coordinates":[54.5976745,24.4273912]}},{"type":"Feature","properties":{"layer":"infrastructure","subtype":"barrier","class":"kerb","name":""},"geometry":{"type":"Point","coordinates":[54.5974143,24.4276739]}},{"type":"Feature","properties":{"layer":"infrastructure","subtype":"transportation","class":"crossing","name":""},"geometry":{"type":"Point","coordinates":[54.5974088,24.4276956]}},{"type":"Feature","properties":{"layer":"infrastructure","subtype":"barrier","class":"kerb","name":""},"geometry":{"type":"Point","coordinates":[54.5973781,24.4277577]}},{"type":"Feature","properties":{"layer":"infrastructure","subtype":"transportation","class":"crossing","name":""},"geometry":{"type":"Point","coordinates":[54.596467,24.427389]}},{"type":"Feature","properties":{"layer":"infrastructure","subtype":"transportation","class":"crossing","name":""},"geometry":{"type":"Point","coordinates":[54.5964161,24.4273751]}},{"type":"Feature","properties":{"layer":"infrastructure","subtype":"barrier","class":"gate","name":""},"geometry":{"type":"Point","coordinates":[54.596445,24.427298]}},{"type":"Feature","properties":{"layer":"infrastructure","subtype":"barrier","class":"gate","name":""},"geometry":{"type":"Point","coordinates":[54.5965563,24.4273334]}},{"type":"Feature","properties":{"layer":"infrastructure","subtype":"transportation","class":"crossing","name":""},"geometry":{"type":"Point","coordinates":[54.5965312,24.4274066]}},{"type":"Feature","properties":{"layer":"infrastructure","subtype":"barrier","class":"wall","name":""},"geometry":{"type":"LineString","coordinates":[[54.5965846,24.4273381],[54.5967768,24.4273904],[54.5967972,24.4273959],[54.5968044,24.4273739],[54.596832,24.4272898],[54.5968661,24.4271859],[54.5968695,24.4271754],[54.596883,24.4271342],[54.5969242,24.4270086],[54.5969692,24.4268713],[54.5968136,24.426829],[54.5967359,24.4268079],[54.5966484,24.426784],[54.5963999,24.4267165],[54.59639,24.4267467],[54.5963506,24.4268671],[54.5963141,24.4269783],[54.5963014,24.427017],[54.5962976,24.4270285],[54.5962584,24.427148],[54.5962571,24.4271521],[54.5962399,24.4272044],[54.5962388,24.4272078],[54.5962281,24.4272403],[54.5962682,24.4272512],[54.5964331,24.4272961]]}},{"type":"Feature","properties":{"layer":"infrastructure","subtype":"transportation","class":"crossing","name":""},"geometry":{"type":"Point","coordinates":[54.596879,24.4261576]}},{"type":"Feature","properties":{"layer":"infrastructure","subtype":"transportation","class":"crossing","name":""},"geometry":{"type":"Point","coordinates":[54.5964899,24.4259069]}},{"type":"Feature","properties":{"layer":"infrastructure","subtype":"barrier","class":"kerb","name":""},"geometry":{"type":"Point","coordinates":[54.5965482,24.4259197]}},{"type":"Feature","properties":{"layer":"infrastructure","subtype":"barrier","class":"kerb","name":""},"geometry":{"type":"Point","coordinates":[54.5964484,24.4258925]}},{"type":"Feature","properties":{"layer":"infrastructure","subtype":"transportation","class":"crossing","name":""},"geometry":{"type":"Point","coordinates":[54.5963362,24.4260032]}},{"type":"Feature","properties":{"layer":"infrastructure","subtype":"transportation","class":"crossing","name":""},"geometry":{"type":"Point","coordinates":[54.5957058,24.4258248]}},{"type":"Feature","properties":{"layer":"infrastructure","subtype":"transportation","class":"crossing","name":""},"geometry":{"type":"Point","coordinates":[54.5959945,24.4273724]}},{"type":"Feature","properties":{"layer":"infrastructure","subtype":"barrier","class":"kerb","name":""},"geometry":{"type":"Point","coordinates":[54.5959334,24.4273581]}},{"type":"Feature","properties":{"layer":"infrastructure","subtype":"barrier","class":"kerb","name":""},"geometry":{"type":"Point","coordinates":[54.596055,24.4273868]}},{"type":"Feature","properties":{"layer":"infrastructure","subtype":"barrier","class":"wall","name":""},"geometry":{"type":"LineString","coordinates":[[54.595816,24.4283676],[54.595867,24.4282073]]}},{"type":"Feature","properties":{"layer":"infrastructure","subtype":"barrier","class":"wall","name":""},"geometry":{"type":"LineString","coordinates":[[54.5968433,24.4291711],[54.5962518,24.4289989],[54.5956913,24.4288445],[54.5956595,24.4288355],[54.5956517,24.4288584],[54.5956426,24.4288817]]}},{"type":"Feature","properties":{"layer":"infrastructure","subtype":"barrier","class":"wall","name":""},"geometry":{"type":"LineString","coordinates":[[54.5957959,24.428436],[54.5957617,24.4285447],[54.5963276,24.4287071],[54.5964599,24.4283354],[54.5964716,24.4283079],[54.5965107,24.4281851],[54.595936,24.4280178],[54.5958978,24.428132]]}},{"type":"Feature","properties":{"layer":"infrastructure","subtype":"barrier","class":"wall","name":""},"geometry":{"type":"LineString","coordinates":[[54.5961613,24.4292639],[54.5967117,24.4294183],[54.5967547,24.4294304],[54.5967954,24.4293106],[54.5968095,24.4292591],[54.5968288,24.4291998]]}},{"type":"Feature","properties":{"layer":"infrastructure","subtype":"barrier","class":"wall","name":""},"geometry":{"type":"LineString","coordinates":[[54.5962518,24.4289989],[54.5961613,24.4292639],[54.5955692,24.4291002]]}},{"type":"Feature","properties":{"layer":"infrastructure","subtype":"barrier","class":"wall","name":""},"geometry":{"type":"LineString","coordinates":[[54.5980033,24.4304617],[54.5980689,24.4302723],[54.5980866,24.4302202],[54.5980517,24.4302103],[54.5975125,24.43006],[54.5974287,24.4302981],[54.597506,24.4303171],[54.5976446,24.4303531],[54.597776,24.4303898],[54.5979129,24.4304303],[54.5980033,24.4304617]]}},{"type":"Feature","properties":{"layer":"infrastructure","subtype":"barrier","class":"wall","name":""},"geometry":{"type":"LineString","coordinates":[[54.5979396,24.4306552],[54.5979505,24.430627],[54.5979662,24.4305917],[54.5980006,24.43048],[54.5974654,24.4303276],[54.5974207,24.4303153],[54.5973826,24.4304303],[54.5972463,24.4308506],[54.5978169,24.431016],[54.5979175,24.4307199]]}},{"type":"Feature","properties":{"layer":"infrastructure","subtype":"barrier","class":"wall","name":""},"geometry":{"type":"LineString","coordinates":[[54.5973866,24.4319568],[54.597253,24.4320246],[54.5975326,24.432524],[54.5980764,24.4322584],[54.5980221,24.4321714],[54.5979096,24.4319917],[54.5977841,24.4317718],[54.5976496,24.4318327]]}},{"type":"Feature","properties":{"layer":"infrastructure","subtype":"barrier","class":"wall","name":""},"geometry":{"type":"LineString","coordinates":[[54.5980047,24.4313811],[54.5983265,24.4304251],[54.5988174,24.4305704]]}},{"type":"Feature","properties":{"layer":"infrastructure","subtype":"barrier","class":"wall","name":""},"geometry":{"type":"LineString","coordinates":[[54.5988174,24.4305704],[54.598875,24.4306729],[54.5985709,24.4315754],[54.5985158,24.4317482],[54.5984901,24.4318231],[54.5983037,24.4320246],[54.5979886,24.4317877],[54.5980556,24.431607],[54.5980194,24.4316133],[54.5979254,24.4315832],[54.5979426,24.4315387],[54.5979832,24.4314373]]}},{"type":"Feature","properties":{"layer":"infrastructure","subtype":"transportation","class":"crossing","name":""},"geometry":{"type":"Point","coordinates":[54.5985148,24.4292932]}},{"type":"Feature","properties":{"layer":"infrastructure","subtype":"barrier","class":"wall","name":""},"geometry":{"type":"LineString","coordinates":[[54.5977965,24.4292202],[54.5983127,24.4293598],[54.5983757,24.4293781],[54.5983639,24.4294118],[54.5982307,24.4298018],[54.5981936,24.4299064],[54.5981511,24.4298939],[54.5976131,24.4297425],[54.5976506,24.4296474],[54.5976837,24.4295466],[54.5977749,24.4292848],[54.5977931,24.4292325],[54.5977965,24.4292202]]}},{"type":"Feature","properties":{"layer":"infrastructure","subtype":"transportation","class":"crossing","name":""},"geometry":{"type":"Point","coordinates":[54.5981834,24.4302355]}},{"type":"Feature","properties":{"layer":"infrastructure","subtype":"transportation","class":"crossing","name":""},"geometry":{"type":"Point","coordinates":[54.5971554,24.4289091]}},{"type":"Feature","properties":{"layer":"infrastructure","subtype":"transportation","class":"crossing","name":""},"geometry":{"type":"Point","coordinates":[54.5971,24.4286511]}},{"type":"Feature","properties":{"layer":"infrastructure","subtype":"transportation","class":"street_lamp","name":""},"geometry":{"type":"Point","coordinates":[54.5994623,24.4280995]}},{"type":"Feature","properties":{"layer":"infrastructure","subtype":"transportation","class":"street_lamp","name":""},"geometry":{"type":"Point","coordinates":[54.5997042,24.4285876]}},{"type":"Feature","properties":{"layer":"infrastructure","subtype":"transportation","class":"street_lamp","name":""},"geometry":{"type":"Point","coordinates":[54.5997149,24.4291066]}},{"type":"Feature","properties":{"layer":"infrastructure","subtype":"transportation","class":"crossing","name":""},"geometry":{"type":"Point","coordinates":[54.5995822,24.429936]}},{"type":"Feature","properties":{"layer":"infrastructure","subtype":"transportation","class":"crossing","name":""},"geometry":{"type":"Point","coordinates":[54.5995102,24.429914]}},{"type":"Feature","properties":{"layer":"infrastructure","subtype":"transportation","class":"crossing","name":""},"geometry":{"type":"Point","coordinates":[54.5993801,24.4299295]}},{"type":"Feature","properties":{"layer":"infrastructure","subtype":"transportation","class":"street_lamp","name":""},"geometry":{"type":"Point","coordinates":[54.5993791,24.4301024]}},{"type":"Feature","properties":{"layer":"infrastructure","subtype":"transportation","class":"street_lamp","name":""},"geometry":{"type":"Point","coordinates":[54.5989431,24.4305779]}},{"type":"Feature","properties":{"layer":"infrastructure","subtype":"transportation","class":"crossing","name":""},"geometry":{"type":"Point","coordinates":[54.5987828,24.4302686]}},{"type":"Feature","properties":{"layer":"infrastructure","subtype":"transportation","class":"crossing","name":""},"geometry":{"type":"Point","coordinates":[54.5990205,24.4310099]}},{"type":"Feature","properties":{"layer":"infrastructure","subtype":"transportation","class":"crossing","name":""},"geometry":{"type":"Point","coordinates":[54.5991497,24.4309696]}},{"type":"Feature","properties":{"layer":"infrastructure","subtype":"barrier","class":"wall","name":""},"geometry":{"type":"LineString","coordinates":[[54.598907,24.4324592],[54.5989693,24.4324791],[54.5994826,24.4326235],[54.5996586,24.4320979],[54.5990903,24.4319339],[54.59892,24.4324253],[54.598907,24.4324592]]}},{"type":"Feature","properties":{"layer":"infrastructure","subtype":"barrier","class":"wall","name":""},"geometry":{"type":"LineString","coordinates":[[54.5997452,24.431848],[54.599722,24.4319154],[54.5997121,24.4319461],[54.5996945,24.4319994],[54.599667,24.4320734],[54.599641,24.4320668],[54.5995812,24.4320504],[54.5990936,24.4319019],[54.5992767,24.4313689],[54.5998514,24.431524],[54.599785,24.4317256],[54.5997665,24.4317797]]}},{"type":"Feature","properties":{"layer":"infrastructure","subtype":"barrier","class":"wall","name":""},"geometry":{"type":"LineString","coordinates":[[54.5997864,24.4327244],[54.6003291,24.4328888],[54.6004124,24.4326556],[54.6004385,24.4325744],[54.6003417,24.4325486],[54.5998661,24.4324117],[54.5997922,24.4325989],[54.599777,24.4326515]]}},{"type":"Feature","properties":{"layer":"infrastructure","subtype":"barrier","class":"wall","name":""},"geometry":{"type":"LineString","coordinates":[[54.6000166,24.4310468],[54.6000379,24.430985],[54.5999878,24.4309707],[54.5994598,24.4308347],[54.5992827,24.431353],[54.5997183,24.4314816],[54.59982,24.4315085],[54.599854,24.4315175],[54.5998645,24.4314988],[54.5998748,24.4314667],[54.5999056,24.4313783],[54.5999237,24.4313234],[54.5999661,24.4311975],[54.5999881,24.4311305]]}},{"type":"Feature","properties":{"layer":"infrastructure","subtype":"transportation","class":"crossing","name":""},"geometry":{"type":"Point","coordinates":[54.5998102,24.430504]}},{"type":"Feature","properties":{"layer":"infrastructure","subtype":"transportation","class":"crossing","name":""},"geometry":{"type":"Point","coordinates":[54.5998283,24.4306188]}},{"type":"Feature","properties":{"layer":"infrastructure","subtype":"barrier","class":"wall","name":""},"geometry":{"type":"LineString","coordinates":[[54.5999231,24.4322285],[54.5999878,24.4320444],[54.6000204,24.4319538],[54.6000841,24.4317773],[54.6006634,24.4319434],[54.6004468,24.4325521],[54.5999926,24.4324282],[54.5998693,24.4323874],[54.5998904,24.4323347],[54.5999117,24.4322719]]}},{"type":"Feature","properties":{"layer":"infrastructure","subtype":"transportation","class":"crossing","name":""},"geometry":{"type":"Point","coordinates":[54.6013713,24.4322183]}},{"type":"Feature","properties":{"layer":"infrastructure","subtype":"barrier","class":"wall","name":""},"geometry":{"type":"LineString","coordinates":[[54.6017175,24.4319507],[54.6014386,24.4318769],[54.6016183,24.4313524],[54.6017822,24.4313959],[54.6018668,24.4314226]]}},{"type":"Feature","properties":{"layer":"infrastructure","subtype":"transportation","class":"crossing","name":""},"geometry":{"type":"Point","coordinates":[54.6012616,24.4299669]}},{"type":"Feature","properties":{"layer":"infrastructure","subtype":"transportation","class":"crossing","name":""},"geometry":{"type":"Point","coordinates":[54.6007266,24.429179]}},{"type":"Feature","properties":{"layer":"infrastructure","subtype":"transportation","class":"crossing","name":""},"geometry":{"type":"Point","coordinates":[54.6012335,24.4281286]}},{"type":"Feature","properties":{"layer":"infrastructure","subtype":"transportation","class":"crossing","name":""},"geometry":{"type":"Point","coordinates":[54.6010323,24.4282992]}},{"type":"Feature","properties":{"layer":"infrastructure","subtype":"barrier","class":"wall","name":""},"geometry":{"type":"LineString","coordinates":[[54.6013146,24.4281616],[54.6011668,24.4286],[54.6017351,24.4287589],[54.6019122,24.4282339],[54.6013439,24.428075],[54.601322,24.4281399]]}},{"type":"Feature","properties":{"layer":"infrastructure","subtype":"transportation","class":"crossing","name":""},"geometry":{"type":"Point","coordinates":[54.6012365,24.4275907]}},{"type":"Feature","properties":{"layer":"infrastructure","subtype":"barrier","class":"wall","name":""},"geometry":{"type":"LineString","coordinates":[[54.6011033,24.4259444],[54.6016523,24.4260869],[54.6016792,24.4260945],[54.6016676,24.4261287],[54.6014962,24.4266294],[54.6009249,24.426464],[54.6011033,24.4259444]]}},{"type":"Feature","properties":{"layer":"infrastructure","subtype":"barrier","class":"kerb","name":""},"geometry":{"type":"Point","coordinates":[54.6004444,24.4256991]}},{"type":"Feature","properties":{"layer":"infrastructure","subtype":"transportation","class":"crossing","name":""},"geometry":{"type":"Point","coordinates":[54.6004681,24.4256195]}},{"type":"Feature","properties":{"layer":"infrastructure","subtype":"barrier","class":"kerb","name":""},"geometry":{"type":"Point","coordinates":[54.600484,24.4256026]}},{"type":"Feature","properties":{"layer":"infrastructure","subtype":"barrier","class":"wall","name":""},"geometry":{"type":"LineString","coordinates":[[54.6002658,24.4264646],[54.6001565,24.4267851],[54.600198,24.4268614],[54.600707,24.4270092],[54.6008874,24.4264805],[54.6003134,24.426315],[54.6003028,24.4263405],[54.6002843,24.426393]]}},{"type":"Feature","properties":{"layer":"infrastructure","subtype":"transportation","class":"crossing","name":""},"geometry":{"type":"Point","coordinates":[54.5999648,24.4268581]}},{"type":"Feature","properties":{"layer":"infrastructure","subtype":"transportation","class":"street_lamp","name":""},"geometry":{"type":"Point","coordinates":[54.5991989,24.4276408]}},{"type":"Feature","properties":{"layer":"infrastructure","subtype":"transportation","class":"crossing","name":""},"geometry":{"type":"Point","coordinates":[54.5989233,24.4274274]}},{"type":"Feature","properties":{"layer":"infrastructure","subtype":"transportation","class":"street_lamp","name":""},"geometry":{"type":"Point","coordinates":[54.5989585,24.4271653]}},{"type":"Feature","properties":{"layer":"infrastructure","subtype":"transportation","class":"street_lamp","name":""},"geometry":{"type":"Point","coordinates":[54.5989385,24.426638]}},{"type":"Feature","properties":{"layer":"infrastructure","subtype":"transportation","class":"street_lamp","name":""},"geometry":{"type":"Point","coordinates":[54.599108,24.4261428]}},{"type":"Feature","properties":{"layer":"infrastructure","subtype":"transportation","class":"crossing","name":""},"geometry":{"type":"Point","coordinates":[54.5989374,24.4262928]}},{"type":"Feature","properties":{"layer":"infrastructure","subtype":"transportation","class":"street_lamp","name":""},"geometry":{"type":"Point","coordinates":[54.5992713,24.4256407]}},{"type":"Feature","properties":{"layer":"infrastructure","subtype":"barrier","class":"wall","name":""},"geometry":{"type":"LineString","coordinates":[[54.599846,24.4267802],[54.6001417,24.4258864],[54.6002161,24.4256536],[54.6002366,24.4255903],[54.5996646,24.4254369],[54.5996215,24.4255703],[54.5994692,24.4260229],[54.5994555,24.4260697],[54.5993758,24.4262985],[54.5993538,24.4263649],[54.5993337,24.4264258],[54.5993227,24.4264612],[54.5992671,24.4266157],[54.5993676,24.4266457],[54.5994096,24.4266583],[54.599846,24.4267802]]}},{"type":"Feature","properties":{"layer":"infrastructure","subtype":"transportation","class":"street_lamp","name":""},"geometry":{"type":"Point","coordinates":[54.5996117,24.4246406]}},{"type":"Feature","properties":{"layer":"infrastructure","subtype":"transportation","class":"crossing","name":""},"geometry":{"type":"Point","coordinates":[54.5993856,24.424999]}},{"type":"Feature","properties":{"layer":"infrastructure","subtype":"transportation","class":"street_lamp","name":""},"geometry":{"type":"Point","coordinates":[54.5994454,24.4251427]}},{"type":"Feature","properties":{"layer":"infrastructure","subtype":"transportation","class":"street_lamp","name":""},"geometry":{"type":"Point","coordinates":[54.5997827,24.4241356]}},{"type":"Feature","properties":{"layer":"infrastructure","subtype":"transportation","class":"street_lamp","name":""},"geometry":{"type":"Point","coordinates":[54.5999645,24.4236405]}},{"type":"Feature","properties":{"layer":"infrastructure","subtype":"barrier","class":"kerb","name":""},"geometry":{"type":"Point","coordinates":[54.599915,24.4231379]}},{"type":"Feature","properties":{"layer":"infrastructure","subtype":"transportation","class":"crossing","name":""},"geometry":{"type":"Point","coordinates":[54.6000129,24.4230004]}},{"type":"Feature","properties":{"layer":"infrastructure","subtype":"barrier","class":"kerb","name":""},"geometry":{"type":"Point","coordinates":[54.6000029,24.4230425]}},{"type":"Feature","properties":{"layer":"infrastructure","subtype":"barrier","class":"kerb","name":""},"geometry":{"type":"Point","coordinates":[54.5999904,24.4230936]}},{"type":"Feature","properties":{"layer":"infrastructure","subtype":"transportation","class":"crossing","name":""},"geometry":{"type":"Point","coordinates":[54.5999684,24.4231082]}},{"type":"Feature","properties":{"layer":"infrastructure","subtype":"transportation","class":"crossing","name":""},"geometry":{"type":"Point","coordinates":[54.6000927,24.4231019]}},{"type":"Feature","properties":{"layer":"infrastructure","subtype":"barrier","class":"kerb","name":""},"geometry":{"type":"Point","coordinates":[54.6000525,24.4230905]}},{"type":"Feature","properties":{"layer":"infrastructure","subtype":"barrier","class":"kerb","name":""},"geometry":{"type":"Point","coordinates":[54.6003181,24.4231141]}},{"type":"Feature","properties":{"layer":"infrastructure","subtype":"barrier","class":"kerb","name":""},"geometry":{"type":"Point","coordinates":[54.6002819,24.4231364]}},{"type":"Feature","properties":{"layer":"infrastructure","subtype":"barrier","class":"kerb","name":""},"geometry":{"type":"Point","coordinates":[54.6003133,24.4231562]}},{"type":"Feature","properties":{"layer":"infrastructure","subtype":"transportation","class":"crossing","name":""},"geometry":{"type":"Point","coordinates":[54.6001951,24.4231262]}},{"type":"Feature","properties":{"layer":"infrastructure","subtype":"barrier","class":"kerb","name":""},"geometry":{"type":"Point","coordinates":[54.6003457,24.4232377]}},{"type":"Feature","properties":{"layer":"infrastructure","subtype":"transportation","class":"crossing","name":""},"geometry":{"type":"Point","coordinates":[54.6003211,24.4231717]}},{"type":"Feature","properties":{"layer":"infrastructure","subtype":"transportation","class":"crossing","name":""},"geometry":{"type":"Point","coordinates":[54.6003315,24.423089]}},{"type":"Feature","properties":{"layer":"infrastructure","subtype":"transportation","class":"crossing","name":""},"geometry":{"type":"Point","coordinates":[54.6003521,24.4230217]}},{"type":"Feature","properties":{"layer":"infrastructure","subtype":"barrier","class":"wall","name":""},"geometry":{"type":"LineString","coordinates":[[54.6001223,24.4241177],[54.6000941,24.4241989],[54.6007338,24.4243851],[54.6009644,24.4237383],[54.6010158,24.4235888],[54.6009605,24.423573],[54.6005816,24.4234522],[54.6002933,24.4235914],[54.6001561,24.4240166]]}},{"type":"Feature","properties":{"layer":"infrastructure","subtype":"barrier","class":"wall","name":""},"geometry":{"type":"LineString","coordinates":[[54.600139,24.4240658],[54.6003126,24.424119]]}},{"type":"Feature","properties":{"layer":"infrastructure","subtype":"transportation","class":"crossing","name":""},"geometry":{"type":"Point","coordinates":[54.6009057,24.4242451]}},{"type":"Feature","properties":{"layer":"infrastructure","subtype":"barrier","class":"wall","name":""},"geometry":{"type":"LineString","coordinates":[[54.6012619,24.4242251],[54.6013638,24.4242528],[54.6013981,24.4242619]]}},{"type":"Feature","properties":{"layer":"infrastructure","subtype":"barrier","class":"wall","name":""},"geometry":{"type":"LineString","coordinates":[[54.6018617,24.4238228],[54.6016873,24.4243466],[54.6013981,24.4242619],[54.6014399,24.4241306],[54.6015774,24.4237361],[54.6018617,24.4238228]]}},{"type":"Feature","properties":{"layer":"infrastructure","subtype":"barrier","class":"wall","name":""},"geometry":{"type":"LineString","coordinates":[[54.6012223,24.4242138],[54.6010396,24.4241659],[54.6011668,24.4237807],[54.6012171,24.4236332],[54.601309,24.4236592],[54.6015774,24.4237361]]}},{"type":"Feature","properties":{"layer":"infrastructure","subtype":"transportation","class":"crossing","name":""},"geometry":{"type":"Point","coordinates":[54.6023475,24.423406]}},{"type":"Feature","properties":{"layer":"infrastructure","subtype":"barrier","class":"wall","name":""},"geometry":{"type":"LineString","coordinates":[[54.6021064,24.4244633],[54.6022928,24.4245176],[54.6024679,24.4239895],[54.6018952,24.4238326],[54.6018576,24.4239412],[54.6018099,24.4240952],[54.6017278,24.4243212],[54.6017163,24.4243557],[54.6017468,24.4243642],[54.6020709,24.4244535]]}},{"type":"Feature","properties":{"layer":"infrastructure","subtype":"transportation","class":"crossing","name":""},"geometry":{"type":"Point","coordinates":[54.6021154,24.4247154]}},{"type":"Feature","properties":{"layer":"infrastructure","subtype":"transportation","class":"street_lamp","name":""},"geometry":{"type":"Point","coordinates":[54.6021452,24.4246303]}},{"type":"Feature","properties":{"layer":"infrastructure","subtype":"barrier","class":"wall","name":""},"geometry":{"type":"LineString","coordinates":[[54.6024976,24.4239989],[54.60264,24.4240412],[54.6030693,24.4241653],[54.6029352,24.4245634]]}},{"type":"Feature","properties":{"layer":"infrastructure","subtype":"barrier","class":"wall","name":""},"geometry":{"type":"LineString","coordinates":[[54.6029111,24.4246342],[54.6029051,24.4246606],[54.6028957,24.4246877],[54.6028588,24.4246771],[54.6024945,24.4245733],[54.602462,24.4245645],[54.6023881,24.4245438],[54.6023522,24.4245351],[54.6023166,24.4245265],[54.6023267,24.424492],[54.6024758,24.4240596],[54.6024976,24.4239989]]}},{"type":"Feature","properties":{"layer":"infrastructure","subtype":"barrier","class":"kerb","name":""},"geometry":{"type":"Point","coordinates":[54.6030359,24.4248368]}},{"type":"Feature","properties":{"layer":"infrastructure","subtype":"transportation","class":"crossing","name":""},"geometry":{"type":"Point","coordinates":[54.6030768,24.4248547]}},{"type":"Feature","properties":{"layer":"infrastructure","subtype":"barrier","class":"kerb","name":""},"geometry":{"type":"Point","coordinates":[54.603132,24.4248644]}},{"type":"Feature","properties":{"layer":"infrastructure","subtype":"transportation","class":"crossing","name":""},"geometry":{"type":"Point","coordinates":[54.6033282,24.424008]}},{"type":"Feature","properties":{"layer":"infrastructure","subtype":"barrier","class":"kerb","name":""},"geometry":{"type":"Point","coordinates":[54.6033083,24.4240119]}},{"type":"Feature","properties":{"layer":"infrastructure","subtype":"barrier","class":"kerb","name":""},"geometry":{"type":"Point","coordinates":[54.6034276,24.4240359]}},{"type":"Feature","properties":{"layer":"infrastructure","subtype":"transportation","class":"crossing","name":""},"geometry":{"type":"Point","coordinates":[54.6034103,24.4240247]}},{"type":"Feature","properties":{"layer":"infrastructure","subtype":"barrier","class":"kerb","name":""},"geometry":{"type":"Point","coordinates":[54.6041156,24.423827]}},{"type":"Feature","properties":{"layer":"infrastructure","subtype":"transportation","class":"crossing","name":""},"geometry":{"type":"Point","coordinates":[54.6040849,24.4238159]}},{"type":"Feature","properties":{"layer":"infrastructure","subtype":"barrier","class":"kerb","name":""},"geometry":{"type":"Point","coordinates":[54.6040377,24.4238057]}},{"type":"Feature","properties":{"layer":"infrastructure","subtype":"barrier","class":"wall","name":""},"geometry":{"type":"LineString","coordinates":[[54.603933,24.4249853],[54.6041147,24.4244578],[54.604678,24.4246263],[54.6044983,24.4251465],[54.6042444,24.4250695],[54.6042055,24.425059],[54.6041897,24.4250555],[54.6041559,24.4250466],[54.603933,24.4249853]]}},{"type":"Feature","properties":{"layer":"infrastructure","subtype":"barrier","class":"wall","name":""},"geometry":{"type":"LineString","coordinates":[[54.6035921,24.4248858],[54.6035172,24.4248648],[54.6033242,24.4248155],[54.6034245,24.4245248],[54.6034589,24.4244209],[54.6035072,24.4242874],[54.6040745,24.4244498],[54.6038988,24.4249749],[54.6037082,24.4249193],[54.6036257,24.4248954]]}},{"type":"Feature","properties":{"layer":"infrastructure","subtype":"barrier","class":"kerb","name":""},"geometry":{"type":"Point","coordinates":[54.6032768,24.4265052]}},{"type":"Feature","properties":{"layer":"infrastructure","subtype":"transportation","class":"crossing","name":""},"geometry":{"type":"Point","coordinates":[54.6033177,24.4265083]}},{"type":"Feature","properties":{"layer":"infrastructure","subtype":"barrier","class":"kerb","name":""},"geometry":{"type":"Point","coordinates":[54.6033747,24.4265211]}},{"type":"Feature","properties":{"layer":"infrastructure","subtype":"transportation","class":"crossing","name":""},"geometry":{"type":"Point","coordinates":[54.6035,24.4264394]}},{"type":"Feature","properties":{"layer":"infrastructure","subtype":"transportation","class":"crossing","name":""},"geometry":{"type":"Point","coordinates":[54.6040905,24.4266019]}},{"type":"Feature","properties":{"layer":"infrastructure","subtype":"barrier","class":"kerb","name":""},"geometry":{"type":"Point","coordinates":[54.6047167,24.4267974]}},{"type":"Feature","properties":{"layer":"infrastructure","subtype":"barrier","class":"kerb","name":""},"geometry":{"type":"Point","coordinates":[54.6047117,24.426915]}},{"type":"Feature","properties":{"layer":"infrastructure","subtype":"transportation","class":"crossing","name":""},"geometry":{"type":"Point","coordinates":[54.6022806,24.4260882]}},{"type":"Feature","properties":{"layer":"infrastructure","subtype":"barrier","class":"kerb","name":""},"geometry":{"type":"Point","coordinates":[54.6018025,24.4260808]}},{"type":"Feature","properties":{"layer":"infrastructure","subtype":"transportation","class":"crossing","name":""},"geometry":{"type":"Point","coordinates":[54.6018487,24.4260943]}},{"type":"Feature","properties":{"layer":"infrastructure","subtype":"barrier","class":"kerb","name":""},"geometry":{"type":"Point","coordinates":[54.6019013,24.4261053]}},{"type":"Feature","properties":{"layer":"infrastructure","subtype":"barrier","class":"wall","name":""},"geometry":{"type":"LineString","coordinates":[[54.601747,24.4267167],[54.6023693,24.426892],[54.6021876,24.4274421],[54.6016216,24.4272815],[54.6015787,24.4272601],[54.6016029,24.4272345],[54.6015668,24.4272236],[54.6016028,24.4271249],[54.6016438,24.4269988],[54.6016136,24.4269945],[54.6016525,24.4268749],[54.6016773,24.4268505],[54.6016894,24.4268613],[54.6017008,24.4268547],[54.601747,24.4267167]]}},{"type":"Feature","properties":{"layer":"infrastructure","subtype":"transportation","class":"crossing","name":""},"geometry":{"type":"Point","coordinates":[54.6025373,24.4286791]}},{"type":"Feature","properties":{"layer":"infrastructure","subtype":"barrier","class":"wall","name":""},"geometry":{"type":"LineString","coordinates":[[54.6025617,24.4301778],[54.6027629,24.4302352],[54.602781,24.4302422]]}},{"type":"Feature","properties":{"layer":"infrastructure","subtype":"barrier","class":"wall","name":""},"geometry":{"type":"LineString","coordinates":[[54.6023572,24.4297681],[54.6022533,24.4300893],[54.6024606,24.4301449]]}},{"type":"Feature","properties":{"layer":"infrastructure","subtype":"transportation","class":"crossing","name":""},"geometry":{"type":"Point","coordinates":[54.602328,24.4292741]}},{"type":"Feature","properties":{"layer":"infrastructure","subtype":"barrier","class":"gate","name":""},"geometry":{"type":"Point","coordinates":[54.6022254,24.4292464]}},{"type":"Feature","properties":{"layer":"infrastructure","subtype":"barrier","class":"wall","name":""},"geometry":{"type":"LineString","coordinates":[[54.6017645,24.431966],[54.602085,24.432057],[54.6022627,24.4315313],[54.6020548,24.4314765],[54.6019689,24.4314524]]}},{"type":"Feature","properties":{"layer":"infrastructure","subtype":"barrier","class":"wall","name":""},"geometry":{"type":"LineString","coordinates":[[54.6021128,24.4323562],[54.6019087,24.43296],[54.6013316,24.4327982],[54.6015357,24.4321944],[54.6021128,24.4323562]]}},{"type":"Feature","properties":{"layer":"infrastructure","subtype":"water","class":"drinking_water","name":""},"geometry":{"type":"Point","coordinates":[54.6021659,24.4321834]}},{"type":"Feature","properties":{"layer":"infrastructure","subtype":"transit","class":"parking","name":""},"geometry":{"type":"Polygon","coordinates":[[[54.6035784,24.4303642],[54.6035578,24.4302167],[54.60313,24.4304241],[54.6032557,24.430518],[54.6035784,24.4303642]]]}},{"type":"Feature","properties":{"layer":"infrastructure","subtype":"transportation","class":"crossing","name":""},"geometry":{"type":"Point","coordinates":[54.6041214,24.4317682]}},{"type":"Feature","properties":{"layer":"infrastructure","subtype":"transportation","class":"crossing","name":""},"geometry":{"type":"Point","coordinates":[54.6041394,24.4317065]}},{"type":"Feature","properties":{"layer":"infrastructure","subtype":"transportation","class":"crossing","name":""},"geometry":{"type":"Point","coordinates":[54.6041362,24.4315898]}},{"type":"Feature","properties":{"layer":"infrastructure","subtype":"barrier","class":"kerb","name":""},"geometry":{"type":"Point","coordinates":[54.6041274,24.4315631]}},{"type":"Feature","properties":{"layer":"infrastructure","subtype":"barrier","class":"kerb","name":""},"geometry":{"type":"Point","coordinates":[54.6041499,24.4316224]}},{"type":"Feature","properties":{"layer":"infrastructure","subtype":"transportation","class":"crossing","name":""},"geometry":{"type":"Point","coordinates":[54.6042789,24.4316484]}},{"type":"Feature","properties":{"layer":"infrastructure","subtype":"barrier","class":"kerb","name":""},"geometry":{"type":"Point","coordinates":[54.6042153,24.4316327]}},{"type":"Feature","properties":{"layer":"infrastructure","subtype":"barrier","class":"kerb","name":""},"geometry":{"type":"Point","coordinates":[54.6041517,24.4316728]}},{"type":"Feature","properties":{"layer":"infrastructure","subtype":"transportation","class":"crossing","name":""},"geometry":{"type":"Point","coordinates":[54.6042659,24.431976]}},{"type":"Feature","properties":{"layer":"infrastructure","subtype":"transportation","class":"crossing","name":""},"geometry":{"type":"Point","coordinates":[54.6041764,24.4319517]}},{"type":"Feature","properties":{"layer":"infrastructure","subtype":"barrier","class":"kerb","name":""},"geometry":{"type":"Point","coordinates":[54.6040708,24.4319421]}},{"type":"Feature","properties":{"layer":"infrastructure","subtype":"barrier","class":"kerb","name":""},"geometry":{"type":"Point","coordinates":[54.604135,24.4319421]}},{"type":"Feature","properties":{"layer":"infrastructure","subtype":"transportation","class":"crossing","name":""},"geometry":{"type":"Point","coordinates":[54.6041022,24.4318339]}},{"type":"Feature","properties":{"layer":"infrastructure","subtype":"barrier","class":"kerb","name":""},"geometry":{"type":"Point","coordinates":[54.6040893,24.4318781]}},{"type":"Feature","properties":{"layer":"infrastructure","subtype":"transportation","class":"crossing","name":""},"geometry":{"type":"Point","coordinates":[54.6039789,24.4319587]}},{"type":"Feature","properties":{"layer":"infrastructure","subtype":"barrier","class":"kerb","name":""},"geometry":{"type":"Point","coordinates":[54.6040088,24.4319548]}},{"type":"Feature","properties":{"layer":"infrastructure","subtype":"transportation","class":"crossing","name":""},"geometry":{"type":"Point","coordinates":[54.6040387,24.4319509]}},{"type":"Feature","properties":{"layer":"infrastructure","subtype":"barrier","class":"kerb","name":""},"geometry":{"type":"Point","coordinates":[54.6045042,24.4320842]}},{"type":"Feature","properties":{"layer":"infrastructure","subtype":"transportation","class":"crossing","name":""},"geometry":{"type":"Point","coordinates":[54.6045553,24.431817]}},{"type":"Feature","properties":{"layer":"infrastructure","subtype":"transportation","class":"crossing","name":""},"geometry":{"type":"Point","coordinates":[54.6045059,24.4320635]}},{"type":"Feature","properties":{"layer":"infrastructure","subtype":"barrier","class":"kerb","name":""},"geometry":{"type":"Point","coordinates":[54.6044961,24.4320427]}},{"type":"Feature","properties":{"layer":"infrastructure","subtype":"transportation","class":"crossing","name":""},"geometry":{"type":"Point","coordinates":[54.6045107,24.4319465]}},{"type":"Feature","properties":{"layer":"infrastructure","subtype":"barrier","class":"kerb","name":""},"geometry":{"type":"Point","coordinates":[54.6044951,24.431999]}},{"type":"Feature","properties":{"layer":"infrastructure","subtype":"barrier","class":"kerb","name":""},"geometry":{"type":"Point","coordinates":[54.6044406,24.4320234]}},{"type":"Feature","properties":{"layer":"infrastructure","subtype":"transportation","class":"crossing","name":""},"geometry":{"type":"Point","coordinates":[54.6043719,24.4320047]}},{"type":"Feature","properties":{"layer":"infrastructure","subtype":"transportation","class":"crossing","name":""},"geometry":{"type":"Point","coordinates":[54.6044745,24.4316968]}},{"type":"Feature","properties":{"layer":"infrastructure","subtype":"transportation","class":"crossing","name":""},"geometry":{"type":"Point","coordinates":[54.6043948,24.431677]}},{"type":"Feature","properties":{"layer":"infrastructure","subtype":"barrier","class":"kerb","name":""},"geometry":{"type":"Point","coordinates":[54.6045246,24.4317139]}},{"type":"Feature","properties":{"layer":"infrastructure","subtype":"barrier","class":"kerb","name":""},"geometry":{"type":"Point","coordinates":[54.6045718,24.4317727]}},{"type":"Feature","properties":{"layer":"infrastructure","subtype":"barrier","class":"kerb","name":""},"geometry":{"type":"Point","coordinates":[54.6045754,24.4317187]}},{"type":"Feature","properties":{"layer":"infrastructure","subtype":"transportation","class":"crossing","name":""},"geometry":{"type":"Point","coordinates":[54.604606,24.4316946]}},{"type":"Feature","properties":{"layer":"infrastructure","subtype":"barrier","class":"kerb","name":""},"geometry":{"type":"Point","coordinates":[54.6046252,24.4316877]}},{"type":"Feature","properties":{"layer":"infrastructure","subtype":"barrier","class":"wall","name":""},"geometry":{"type":"LineString","coordinates":[[54.604157,24.4291979],[54.6040953,24.429367],[54.6046753,24.4295282],[54.6048497,24.4289983],[54.6042817,24.4288328],[54.6041744,24.429146]]}},{"type":"Feature","properties":{"layer":"infrastructure","subtype":"barrier","class":"wall","name":""},"geometry":{"type":"LineString","coordinates":[[54.6040105,24.4296244],[54.6040237,24.4295894],[54.6040946,24.4293927],[54.6046612,24.4295563],[54.6045852,24.4297938],[54.604569,24.4298365],[54.6044869,24.4300771],[54.6039163,24.4299165],[54.6039794,24.4297146],[54.6039929,24.4296802]]}},{"type":"Feature","properties":{"layer":"infrastructure","subtype":"barrier","class":"wall","name":""},"geometry":{"type":"LineString","coordinates":[[54.6032061,24.4297578],[54.6030251,24.4297077],[54.6031891,24.4292226],[54.6032043,24.4291769],[54.6033034,24.4292042],[54.6034086,24.4292252],[54.6035252,24.429261],[54.6035505,24.429267],[54.6036268,24.429291],[54.6037956,24.4293432],[54.6036694,24.4297132],[54.6036502,24.4297612],[54.6036307,24.4298101],[54.6036061,24.4298716],[54.6035163,24.4298418],[54.6032564,24.4297712]]}},{"type":"Feature","properties":{"layer":"infrastructure","subtype":"transportation","class":"crossing","name":""},"geometry":{"type":"Point","coordinates":[54.6052636,24.4283234]}},{"type":"Feature","properties":{"layer":"infrastructure","subtype":"transportation","class":"crossing","name":""},"geometry":{"type":"Point","coordinates":[54.6052718,24.4282973]}},{"type":"Feature","properties":{"layer":"infrastructure","subtype":"barrier","class":"kerb","name":""},"geometry":{"type":"Point","coordinates":[54.6052559,24.42835]}},{"type":"Feature","properties":{"layer":"infrastructure","subtype":"transportation","class":"crossing","name":""},"geometry":{"type":"Point","coordinates":[54.6052264,24.4282933]}},{"type":"Feature","properties":{"layer":"infrastructure","subtype":"barrier","class":"kerb","name":""},"geometry":{"type":"Point","coordinates":[54.6052725,24.4282778]}},{"type":"Feature","properties":{"layer":"infrastructure","subtype":"transportation","class":"crossing","name":""},"geometry":{"type":"Point","coordinates":[54.6057635,24.4280943]}},{"type":"Feature","properties":{"layer":"infrastructure","subtype":"transit","class":"parking","name":""},"geometry":{"type":"Polygon","coordinates":[[[54.6050713,24.4306056],[54.6055156,24.4293176],[54.6054352,24.4291562],[54.6049539,24.4306516],[54.6050713,24.4306056]]]}},{"type":"Feature","properties":{"layer":"infrastructure","subtype":"transportation","class":"crossing","name":""},"geometry":{"type":"Point","coordinates":[54.6049014,24.4306424]}},{"type":"Feature","properties":{"layer":"infrastructure","subtype":"pedestrian","class":"toilets","name":""},"geometry":{"type":"Point","coordinates":[54.6050109,24.4309904]}},{"type":"Feature","properties":{"layer":"infrastructure","subtype":"bridge","class":"bridge","name":""},"geometry":{"type":"LineString","coordinates":[[54.6066675,24.426544],[54.6066722,24.4264896]]}},{"type":"Feature","properties":{"layer":"infrastructure","subtype":"pedestrian","class":"bench","name":""},"geometry":{"type":"Point","coordinates":[54.606772,24.4259354]}},{"type":"Feature","properties":{"layer":"infrastructure","subtype":"pedestrian","class":"toilets","name":""},"geometry":{"type":"Point","coordinates":[54.6066509,24.425887]}},{"type":"Feature","properties":{"layer":"infrastructure","subtype":"water","class":"drinking_water","name":""},"geometry":{"type":"Point","coordinates":[54.6064072,24.4269799]}},{"type":"Feature","properties":{"layer":"infrastructure","subtype":"transit","class":"parking","name":""},"geometry":{"type":"Polygon","coordinates":[[[54.605928,24.4280672],[54.606378,24.4267627],[54.6063169,24.4267058],[54.6062529,24.4266888],[54.6057925,24.428112],[54.605928,24.4280672]]]}},{"type":"Feature","properties":{"layer":"infrastructure","subtype":"transportation","class":"crossing","name":""},"geometry":{"type":"Point","coordinates":[54.6047235,24.4268275]}},{"type":"Feature","properties":{"layer":"infrastructure","subtype":"transportation","class":"crossing","name":""},"geometry":{"type":"Point","coordinates":[54.6050722,24.4262608]}},{"type":"Feature","properties":{"layer":"infrastructure","subtype":"transit","class":"parking","name":""},"geometry":{"type":"Polygon","coordinates":[[[54.6051586,24.4256896],[54.605052,24.4255224],[54.6048882,24.425528],[54.6050451,24.4258138],[54.6051586,24.4256896]]]}},{"type":"Feature","properties":{"layer":"infrastructure","subtype":"barrier","class":"kerb","name":""},"geometry":{"type":"Point","coordinates":[54.6050589,24.4254444]}},{"type":"Feature","properties":{"layer":"infrastructure","subtype":"barrier","class":"wall","name":""},"geometry":{"type":"LineString","coordinates":[[54.6053861,24.4254719],[54.6054672,24.4254951]]}},{"type":"Feature","properties":{"layer":"infrastructure","subtype":"communication","class":"communication_tower","name":""},"geometry":{"type":"Point","coordinates":[54.605938,24.4256388]}},{"type":"Feature","properties":{"layer":"infrastructure","subtype":"barrier","class":"wall","name":""},"geometry":{"type":"LineString","coordinates":[[54.6055014,24.4255091],[54.6056805,24.4255622],[54.6058656,24.4250298],[54.6052781,24.4248735],[54.6051139,24.4253949],[54.6053412,24.425459]]}},{"type":"Feature","properties":{"layer":"infrastructure","subtype":"barrier","class":"wall","name":""},"geometry":{"type":"LineString","coordinates":[[54.6047115,24.4246324],[54.605182,24.4247634],[54.6052773,24.4247898],[54.6051963,24.4250318],[54.6051104,24.4252995],[54.6050917,24.4253565],[54.6050841,24.4253796],[54.604511,24.4252154],[54.6047115,24.4246324]]}},{"type":"Feature","properties":{"layer":"infrastructure","subtype":"barrier","class":"wall","name":""},"geometry":{"type":"LineString","coordinates":[[54.605083,24.4238716],[54.6048845,24.4238118],[54.6050669,24.4232916],[54.6056396,24.4234516],[54.6055469,24.4237222],[54.6054585,24.4239803],[54.6051474,24.4238912]]}},{"type":"Feature","properties":{"layer":"infrastructure","subtype":"transit","class":"parking","name":""},"geometry":{"type":"Polygon","coordinates":[[[54.605627,24.4232982],[54.6060276,24.4231193],[54.6059938,24.4229689],[54.6054944,24.4231987],[54.605627,24.4232982]]]}},{"type":"Feature","properties":{"layer":"infrastructure","subtype":"barrier","class":"wall","name":""},"geometry":{"type":"LineString","coordinates":[[54.6060947,24.4232779],[54.6067693,24.4234788],[54.6065869,24.4240033],[54.6059351,24.4238165],[54.6060947,24.4232779]]}},{"type":"Feature","properties":{"layer":"infrastructure","subtype":"barrier","class":"kerb","name":""},"geometry":{"type":"Point","coordinates":[54.6065249,24.4246052]}},{"type":"Feature","properties":{"layer":"infrastructure","subtype":"transportation","class":"crossing","name":""},"geometry":{"type":"Point","coordinates":[54.6065044,24.4245876]}},{"type":"Feature","properties":{"layer":"infrastructure","subtype":"barrier","class":"kerb","name":""},"geometry":{"type":"Point","coordinates":[54.6064932,24.4245521]}},{"type":"Feature","properties":{"layer":"infrastructure","subtype":"barrier","class":"kerb","name":""},"geometry":{"type":"Point","coordinates":[54.6065815,24.4246054]}},{"type":"Feature","properties":{"layer":"infrastructure","subtype":"barrier","class":"kerb","name":""},"geometry":{"type":"Point","coordinates":[54.6065341,24.4246576]}},{"type":"Feature","properties":{"layer":"infrastructure","subtype":"transportation","class":"crossing","name":""},"geometry":{"type":"Point","coordinates":[54.6065141,24.4247192]}},{"type":"Feature","properties":{"layer":"infrastructure","subtype":"barrier","class":"kerb","name":""},"geometry":{"type":"Point","coordinates":[54.6063876,24.4249738]}},{"type":"Feature","properties":{"layer":"infrastructure","subtype":"transportation","class":"crossing","name":""},"geometry":{"type":"Point","coordinates":[54.6064138,24.4249566]}},{"type":"Feature","properties":{"layer":"infrastructure","subtype":"transportation","class":"crossing","name":""},"geometry":{"type":"Point","coordinates":[54.6065586,24.4249621]}},{"type":"Feature","properties":{"layer":"infrastructure","subtype":"barrier","class":"kerb","name":""},"geometry":{"type":"Point","coordinates":[54.6064344,24.4249486]}},{"type":"Feature","properties":{"layer":"infrastructure","subtype":"barrier","class":"kerb","name":""},"geometry":{"type":"Point","coordinates":[54.6064921,24.4249423]}},{"type":"Feature","properties":{"layer":"infrastructure","subtype":"barrier","class":"kerb","name":""},"geometry":{"type":"Point","coordinates":[54.6064728,24.4248698]}},{"type":"Feature","properties":{"layer":"infrastructure","subtype":"transportation","class":"crossing","name":""},"geometry":{"type":"Point","coordinates":[54.6064813,24.4248387]}},{"type":"Feature","properties":{"layer":"infrastructure","subtype":"transportation","class":"crossing","name":""},"geometry":{"type":"Point","coordinates":[54.6067375,24.425013]}},{"type":"Feature","properties":{"layer":"infrastructure","subtype":"barrier","class":"kerb","name":""},"geometry":{"type":"Point","coordinates":[54.6068129,24.4250113]}},{"type":"Feature","properties":{"layer":"infrastructure","subtype":"transportation","class":"crossing","name":""},"geometry":{"type":"Point","coordinates":[54.6066568,24.4249887]}},{"type":"Feature","properties":{"layer":"infrastructure","subtype":"transportation","class":"crossing","name":""},"geometry":{"type":"Point","coordinates":[54.606916,24.4250694]}},{"type":"Feature","properties":{"layer":"infrastructure","subtype":"barrier","class":"kerb","name":""},"geometry":{"type":"Point","coordinates":[54.6069206,24.4250913]}},{"type":"Feature","properties":{"layer":"infrastructure","subtype":"barrier","class":"kerb","name":""},"geometry":{"type":"Point","coordinates":[54.6068878,24.424979]}},{"type":"Feature","properties":{"layer":"infrastructure","subtype":"barrier","class":"kerb","name":""},"geometry":{"type":"Point","coordinates":[54.606897,24.4250157]}},{"type":"Feature","properties":{"layer":"infrastructure","subtype":"transportation","class":"crossing","name":""},"geometry":{"type":"Point","coordinates":[54.6068978,24.4249558]}},{"type":"Feature","properties":{"layer":"infrastructure","subtype":"transportation","class":"crossing","name":""},"geometry":{"type":"Point","coordinates":[54.606938,24.4248317]}},{"type":"Feature","properties":{"layer":"infrastructure","subtype":"barrier","class":"kerb","name":""},"geometry":{"type":"Point","coordinates":[54.6069543,24.4247488]}},{"type":"Feature","properties":{"layer":"infrastructure","subtype":"barrier","class":"kerb","name":""},"geometry":{"type":"Point","coordinates":[54.6069765,24.4246828]}},{"type":"Feature","properties":{"layer":"infrastructure","subtype":"transportation","class":"crossing","name":""},"geometry":{"type":"Point","coordinates":[54.6069966,24.4246778]}},{"type":"Feature","properties":{"layer":"infrastructure","subtype":"transportation","class":"crossing","name":""},"geometry":{"type":"Point","coordinates":[54.6068521,24.4246885]}},{"type":"Feature","properties":{"layer":"infrastructure","subtype":"barrier","class":"kerb","name":""},"geometry":{"type":"Point","coordinates":[54.6069083,24.4247005]}},{"type":"Feature","properties":{"layer":"infrastructure","subtype":"transportation","class":"crossing","name":""},"geometry":{"type":"Point","coordinates":[54.6067853,24.4246645]}},{"type":"Feature","properties":{"layer":"infrastructure","subtype":"transportation","class":"crossing","name":""},"geometry":{"type":"Point","coordinates":[54.6066682,24.424629]}},{"type":"Feature","properties":{"layer":"infrastructure","subtype":"barrier","class":"kerb","name":""},"geometry":{"type":"Point","coordinates":[54.6070213,24.4246709]}},{"type":"Feature","properties":{"layer":"infrastructure","subtype":"barrier","class":"wall","name":""},"geometry":{"type":"LineString","coordinates":[[54.6064328,24.4224472],[54.6063765,24.4226157],[54.6069552,24.422783],[54.607041,24.4225071],[54.6064684,24.4223453]]}},{"type":"Feature","properties":{"layer":"infrastructure","subtype":"barrier","class":"wall","name":""},"geometry":{"type":"LineString","coordinates":[[54.6064442,24.4224179],[54.606455,24.4223831],[54.6064858,24.4223917]]}},{"type":"Feature","properties":{"layer":"infrastructure","subtype":"transportation","class":"crossing","name":""},"geometry":{"type":"Point","coordinates":[54.6071148,24.4202165]}},{"type":"Feature","properties":{"layer":"infrastructure","subtype":"transit","class":"parking","name":""},"geometry":{"type":"Polygon","coordinates":[[[54.6076462,24.4184127],[54.6074523,24.4180896],[54.6072852,24.4180778],[54.6075156,24.4184826],[54.6076462,24.4184127]]]}},{"type":"Feature","properties":{"layer":"infrastructure","subtype":"transportation","class":"crossing","name":""},"geometry":{"type":"Point","coordinates":[54.6069121,24.420344]}},{"type":"Feature","properties":{"layer":"infrastructure","subtype":"transportation","class":"crossing","name":""},"geometry":{"type":"Point","coordinates":[54.6061773,24.4183051]}},{"type":"Feature","properties":{"layer":"infrastructure","subtype":"transportation","class":"crossing","name":""},"geometry":{"type":"Point","coordinates":[54.6047856,24.4217032]}},{"type":"Feature","properties":{"layer":"infrastructure","subtype":"transportation","class":"crossing","name":""},"geometry":{"type":"Point","coordinates":[54.6056876,24.4219468]}},{"type":"Feature","properties":{"layer":"infrastructure","subtype":"transportation","class":"crossing","name":""},"geometry":{"type":"Point","coordinates":[54.6060055,24.422033]}},{"type":"Feature","properties":{"layer":"infrastructure","subtype":"transportation","class":"crossing","name":""},"geometry":{"type":"Point","coordinates":[54.6042192,24.4228755]}},{"type":"Feature","properties":{"layer":"infrastructure","subtype":"transportation","class":"crossing","name":""},"geometry":{"type":"Point","coordinates":[54.6045338,24.4215001]}},{"type":"Feature","properties":{"layer":"infrastructure","subtype":"transportation","class":"crossing","name":""},"geometry":{"type":"Point","coordinates":[54.6041715,24.4213827]}},{"type":"Feature","properties":{"layer":"infrastructure","subtype":"transportation","class":"crossing","name":""},"geometry":{"type":"Point","coordinates":[54.6037596,24.4206223]}},{"type":"Feature","properties":{"layer":"infrastructure","subtype":"transportation","class":"crossing","name":""},"geometry":{"type":"Point","coordinates":[54.603908,24.4227782]}},{"type":"Feature","properties":{"layer":"infrastructure","subtype":"transit","class":"parking","name":""},"geometry":{"type":"Polygon","coordinates":[[[54.602086,24.4222366],[54.6018172,24.4217624],[54.6017132,24.4218982],[54.6019185,24.4222535],[54.602086,24.4222366]]]}},{"type":"Feature","properties":{"layer":"infrastructure","subtype":"transportation","class":"crossing","name":""},"geometry":{"type":"Point","coordinates":[54.602002,24.4206609]}},{"type":"Feature","properties":{"layer":"infrastructure","subtype":"barrier","class":"kerb","name":""},"geometry":{"type":"Point","coordinates":[54.6019933,24.4206825]}},{"type":"Feature","properties":{"layer":"infrastructure","subtype":"barrier","class":"kerb","name":""},"geometry":{"type":"Point","coordinates":[54.6020261,24.4205788]}},{"type":"Feature","properties":{"layer":"infrastructure","subtype":"transportation","class":"crossing","name":""},"geometry":{"type":"Point","coordinates":[54.6024295,24.4194466]}},{"type":"Feature","properties":{"layer":"infrastructure","subtype":"barrier","class":"kerb","name":""},"geometry":{"type":"Point","coordinates":[54.6023518,24.4201208]}},{"type":"Feature","properties":{"layer":"infrastructure","subtype":"transportation","class":"crossing","name":""},"geometry":{"type":"Point","coordinates":[54.6023558,24.4200969]}},{"type":"Feature","properties":{"layer":"infrastructure","subtype":"barrier","class":"kerb","name":""},"geometry":{"type":"Point","coordinates":[54.6023773,24.4200528]}},{"type":"Feature","properties":{"layer":"infrastructure","subtype":"transportation","class":"crossing","name":""},"geometry":{"type":"Point","coordinates":[54.6017535,24.4188713]}},{"type":"Feature","properties":{"layer":"infrastructure","subtype":"transportation","class":"crossing","name":""},"geometry":{"type":"Point","coordinates":[54.6020468,24.4185982]}},{"type":"Feature","properties":{"layer":"infrastructure","subtype":"transit","class":"parking","name":""},"geometry":{"type":"Polygon","coordinates":[[[54.6039794,24.4196456],[54.6042571,24.4188168],[54.6040152,24.4187498],[54.6037374,24.4195732],[54.6039794,24.4196456]]]}},{"type":"Feature","properties":{"layer":"infrastructure","subtype":"transportation","class":"crossing","name":""},"geometry":{"type":"Point","coordinates":[54.6041159,24.4160505]}},{"type":"Feature","properties":{"layer":"infrastructure","subtype":"transportation","class":"crossing","name":""},"geometry":{"type":"Point","coordinates":[54.6041269,24.4161786]}},{"type":"Feature","properties":{"layer":"infrastructure","subtype":"barrier","class":"kerb","name":""},"geometry":{"type":"Point","coordinates":[54.6039636,24.4163165]}},{"type":"Feature","properties":{"layer":"infrastructure","subtype":"transportation","class":"crossing","name":""},"geometry":{"type":"Point","coordinates":[54.6040182,24.4163266]}},{"type":"Feature","properties":{"layer":"infrastructure","subtype":"transportation","class":"crossing","name":""},"geometry":{"type":"Point","coordinates":[54.6041212,24.4163593]}},{"type":"Feature","properties":{"layer":"infrastructure","subtype":"barrier","class":"kerb","name":""},"geometry":{"type":"Point","coordinates":[54.604164,24.4163673]}},{"type":"Feature","properties":{"layer":"infrastructure","subtype":"transportation","class":"crossing","name":""},"geometry":{"type":"Point","coordinates":[54.6022306,24.4156855]}},{"type":"Feature","properties":{"layer":"infrastructure","subtype":"transportation","class":"crossing","name":""},"geometry":{"type":"Point","coordinates":[54.6023424,24.4155441]}},{"type":"Feature","properties":{"layer":"infrastructure","subtype":"transportation","class":"crossing","name":""},"geometry":{"type":"Point","coordinates":[54.6023057,24.4156478]}},{"type":"Feature","properties":{"layer":"infrastructure","subtype":"transportation","class":"crossing","name":""},"geometry":{"type":"Point","coordinates":[54.6022459,24.4154256]}},{"type":"Feature","properties":{"layer":"infrastructure","subtype":"transportation","class":"crossing","name":""},"geometry":{"type":"Point","coordinates":[54.602401,24.4154255]}},{"type":"Feature","properties":{"layer":"infrastructure","subtype":"transportation","class":"crossing","name":""},"geometry":{"type":"Point","coordinates":[54.6020996,24.4153889]}},{"type":"Feature","properties":{"layer":"infrastructure","subtype":"transportation","class":"crossing","name":""},"geometry":{"type":"Point","coordinates":[54.604615,24.4151284]}},{"type":"Feature","properties":{"layer":"infrastructure","subtype":"barrier","class":"gate","name":""},"geometry":{"type":"Point","coordinates":[54.6052591,24.4153115]}},{"type":"Feature","properties":{"layer":"infrastructure","subtype":"transportation","class":"crossing","name":""},"geometry":{"type":"Point","coordinates":[54.6049023,24.4152134]}},{"type":"Feature","properties":{"layer":"infrastructure","subtype":"barrier","class":"kerb","name":""},"geometry":{"type":"Point","coordinates":[54.6068812,24.4157434]}},{"type":"Feature","properties":{"layer":"infrastructure","subtype":"barrier","class":"kerb","name":""},"geometry":{"type":"Point","coordinates":[54.6069917,24.4157864]}},{"type":"Feature","properties":{"layer":"infrastructure","subtype":"transportation","class":"crossing","name":""},"geometry":{"type":"Point","coordinates":[54.6069599,24.4157686]}},{"type":"Feature","properties":{"layer":"infrastructure","subtype":"transportation","class":"crossing","name":""},"geometry":{"type":"Point","coordinates":[54.6067559,24.4167896]}},{"type":"Feature","properties":{"layer":"infrastructure","subtype":"transportation","class":"crossing","name":""},"geometry":{"type":"Point","coordinates":[54.6067795,24.4169198]}},{"type":"Feature","properties":{"layer":"infrastructure","subtype":"transportation","class":"crossing","name":""},"geometry":{"type":"Point","coordinates":[54.6086547,24.415242]}},{"type":"Feature","properties":{"layer":"infrastructure","subtype":"barrier","class":"gate","name":""},"geometry":{"type":"Point","coordinates":[54.6085864,24.4152242]}},{"type":"Feature","properties":{"layer":"infrastructure","subtype":"transportation","class":"crossing","name":""},"geometry":{"type":"Point","coordinates":[54.6088938,24.4176484]}},{"type":"Feature","properties":{"layer":"infrastructure","subtype":"transportation","class":"crossing","name":""},"geometry":{"type":"Point","coordinates":[54.6089513,24.4175225]}},{"type":"Feature","properties":{"layer":"infrastructure","subtype":"transportation","class":"crossing","name":""},"geometry":{"type":"Point","coordinates":[54.6089894,24.4176358]}},{"type":"Feature","properties":{"layer":"infrastructure","subtype":"transportation","class":"crossing","name":""},"geometry":{"type":"Point","coordinates":[54.6090598,24.4176554]}},{"type":"Feature","properties":{"layer":"infrastructure","subtype":"transportation","class":"crossing","name":""},"geometry":{"type":"Point","coordinates":[54.609198,24.4176926]}},{"type":"Feature","properties":{"layer":"infrastructure","subtype":"transportation","class":"crossing","name":""},"geometry":{"type":"Point","coordinates":[54.6093056,24.4173784]}},{"type":"Feature","properties":{"layer":"infrastructure","subtype":"transportation","class":"crossing","name":""},"geometry":{"type":"Point","coordinates":[54.6091905,24.4173493]}},{"type":"Feature","properties":{"layer":"infrastructure","subtype":"transportation","class":"crossing","name":""},"geometry":{"type":"Point","coordinates":[54.6089948,24.4173955]}},{"type":"Feature","properties":{"layer":"infrastructure","subtype":"transportation","class":"crossing","name":""},"geometry":{"type":"Point","coordinates":[54.6090062,24.4172878]}},{"type":"Feature","properties":{"layer":"infrastructure","subtype":"transportation","class":"crossing","name":""},"geometry":{"type":"Point","coordinates":[54.6090958,24.4173307]}},{"type":"Feature","properties":{"layer":"infrastructure","subtype":"transportation","class":"crossing","name":""},"geometry":{"type":"Point","coordinates":[54.6094121,24.4175003]}},{"type":"Feature","properties":{"layer":"infrastructure","subtype":"transportation","class":"crossing","name":""},"geometry":{"type":"Point","coordinates":[54.6094668,24.4173925]}},{"type":"Feature","properties":{"layer":"infrastructure","subtype":"transportation","class":"crossing","name":""},"geometry":{"type":"Point","coordinates":[54.6093679,24.4176447]}},{"type":"Feature","properties":{"layer":"infrastructure","subtype":"transportation","class":"crossing","name":""},"geometry":{"type":"Point","coordinates":[54.6093748,24.4177574]}},{"type":"Feature","properties":{"layer":"infrastructure","subtype":"transportation","class":"crossing","name":""},"geometry":{"type":"Point","coordinates":[54.6117115,24.4180853]}},{"type":"Feature","properties":{"layer":"infrastructure","subtype":"transportation","class":"crossing","name":""},"geometry":{"type":"Point","coordinates":[54.6118388,24.4181178]}},{"type":"Feature","properties":{"layer":"infrastructure","subtype":"transportation","class":"crossing","name":""},"geometry":{"type":"Point","coordinates":[54.6118881,24.4183305]}},{"type":"Feature","properties":{"layer":"infrastructure","subtype":"transportation","class":"crossing","name":""},"geometry":{"type":"Point","coordinates":[54.6119204,24.4182318]}},{"type":"Feature","properties":{"layer":"infrastructure","subtype":"transportation","class":"crossing","name":""},"geometry":{"type":"Point","coordinates":[54.6079103,24.4204368]}},{"type":"Feature","properties":{"layer":"infrastructure","subtype":"barrier","class":"kerb","name":""},"geometry":{"type":"Point","coordinates":[54.6093294,24.4260421]}},{"type":"Feature","properties":{"layer":"infrastructure","subtype":"transportation","class":"crossing","name":""},"geometry":{"type":"Point","coordinates":[54.6093822,24.4260923]}},{"type":"Feature","properties":{"layer":"infrastructure","subtype":"transportation","class":"crossing","name":""},"geometry":{"type":"Point","coordinates":[54.6094495,24.4261767]}},{"type":"Feature","properties":{"layer":"infrastructure","subtype":"barrier","class":"kerb","name":""},"geometry":{"type":"Point","coordinates":[54.6094758,24.4262158]}},{"type":"Feature","properties":{"layer":"infrastructure","subtype":"barrier","class":"kerb","name":""},"geometry":{"type":"Point","coordinates":[54.6094717,24.426275]}},{"type":"Feature","properties":{"layer":"infrastructure","subtype":"transportation","class":"crossing","name":""},"geometry":{"type":"Point","coordinates":[54.6094282,24.4263114]}},{"type":"Feature","properties":{"layer":"infrastructure","subtype":"transportation","class":"crossing","name":""},"geometry":{"type":"Point","coordinates":[54.6093562,24.4263741]}},{"type":"Feature","properties":{"layer":"infrastructure","subtype":"barrier","class":"kerb","name":""},"geometry":{"type":"Point","coordinates":[54.6093142,24.4263916]}},{"type":"Feature","properties":{"layer":"infrastructure","subtype":"transportation","class":"crossing","name":""},"geometry":{"type":"Point","coordinates":[54.6095442,24.4262572]}},{"type":"Feature","properties":{"layer":"infrastructure","subtype":"transportation","class":"crossing","name":""},"geometry":{"type":"Point","coordinates":[54.610459,24.4255838]}},{"type":"Feature","properties":{"layer":"infrastructure","subtype":"transportation","class":"crossing","name":""},"geometry":{"type":"Point","coordinates":[54.6092819,24.4264634]}},{"type":"Feature","properties":{"layer":"infrastructure","subtype":"barrier","class":"kerb","name":""},"geometry":{"type":"Point","coordinates":[54.6092713,24.4263857]}},{"type":"Feature","properties":{"layer":"infrastructure","subtype":"transportation","class":"crossing","name":""},"geometry":{"type":"Point","coordinates":[54.6092299,24.4263446]}},{"type":"Feature","properties":{"layer":"infrastructure","subtype":"barrier","class":"kerb","name":""},"geometry":{"type":"Point","coordinates":[54.609104,24.4262351]}},{"type":"Feature","properties":{"layer":"infrastructure","subtype":"transportation","class":"crossing","name":""},"geometry":{"type":"Point","coordinates":[54.609028,24.4262018]}},{"type":"Feature","properties":{"layer":"infrastructure","subtype":"barrier","class":"kerb","name":""},"geometry":{"type":"Point","coordinates":[54.6091016,24.4261498]}},{"type":"Feature","properties":{"layer":"infrastructure","subtype":"transportation","class":"crossing","name":""},"geometry":{"type":"Point","coordinates":[54.6091471,24.4261178]}},{"type":"Feature","properties":{"layer":"infrastructure","subtype":"transportation","class":"crossing","name":""},"geometry":{"type":"Point","coordinates":[54.6091539,24.4262709]}},{"type":"Feature","properties":{"layer":"infrastructure","subtype":"transportation","class":"crossing","name":""},"geometry":{"type":"Point","coordinates":[54.6092298,24.4260598]}},{"type":"Feature","properties":{"layer":"infrastructure","subtype":"barrier","class":"kerb","name":""},"geometry":{"type":"Point","coordinates":[54.6092625,24.4260368]}},{"type":"Feature","properties":{"layer":"infrastructure","subtype":"transportation","class":"crossing","name":""},"geometry":{"type":"Point","coordinates":[54.6081427,24.4269498]}},{"type":"Feature","properties":{"layer":"infrastructure","subtype":"transportation","class":"crossing","name":""},"geometry":{"type":"Point","coordinates":[54.6082925,24.426988]}},{"type":"Feature","properties":{"layer":"infrastructure","subtype":"transportation","class":"crossing","name":""},"geometry":{"type":"Point","coordinates":[54.6100647,24.4307728]}},{"type":"Feature","properties":{"layer":"infrastructure","subtype":"barrier","class":"kerb","name":""},"geometry":{"type":"Point","coordinates":[54.6100271,24.4308041]}},{"type":"Feature","properties":{"layer":"infrastructure","subtype":"barrier","class":"kerb","name":""},"geometry":{"type":"Point","coordinates":[54.6100089,24.4308523]}},{"type":"Feature","properties":{"layer":"infrastructure","subtype":"barrier","class":"kerb","name":""},"geometry":{"type":"Point","coordinates":[54.6099628,24.4308283]}},{"type":"Feature","properties":{"layer":"infrastructure","subtype":"transportation","class":"crossing","name":""},"geometry":{"type":"Point","coordinates":[54.6099418,24.4308266]}},{"type":"Feature","properties":{"layer":"infrastructure","subtype":"barrier","class":"kerb","name":""},"geometry":{"type":"Point","coordinates":[54.6099127,24.4307905]}},{"type":"Feature","properties":{"layer":"infrastructure","subtype":"transportation","class":"crossing","name":""},"geometry":{"type":"Point","coordinates":[54.610047,24.4308978]}},{"type":"Feature","properties":{"layer":"infrastructure","subtype":"barrier","class":"kerb","name":""},"geometry":{"type":"Point","coordinates":[54.6105007,24.430901]}},{"type":"Feature","properties":{"layer":"infrastructure","subtype":"transportation","class":"crossing","name":""},"geometry":{"type":"Point","coordinates":[54.6104775,24.4308986]}},{"type":"Feature","properties":{"layer":"infrastructure","subtype":"barrier","class":"kerb","name":""},"geometry":{"type":"Point","coordinates":[54.6102196,24.4310415]}},{"type":"Feature","properties":{"layer":"infrastructure","subtype":"barrier","class":"kerb","name":""},"geometry":{"type":"Point","coordinates":[54.6102047,24.43108]}},{"type":"Feature","properties":{"layer":"infrastructure","subtype":"barrier","class":"kerb","name":""},"geometry":{"type":"Point","coordinates":[54.610167,24.4310287]}},{"type":"Feature","properties":{"layer":"infrastructure","subtype":"barrier","class":"kerb","name":""},"geometry":{"type":"Point","coordinates":[54.6101874,24.431116]}},{"type":"Feature","properties":{"layer":"infrastructure","subtype":"transportation","class":"crossing","name":""},"geometry":{"type":"Point","coordinates":[54.6101947,24.4311009]}},{"type":"Feature","properties":{"layer":"infrastructure","subtype":"transportation","class":"crossing","name":""},"geometry":{"type":"Point","coordinates":[54.6101358,24.431]}},{"type":"Feature","properties":{"layer":"infrastructure","subtype":"transportation","class":"crossing","name":""},"geometry":{"type":"Point","coordinates":[54.6102678,24.4310061]}},{"type":"Feature","properties":{"layer":"infrastructure","subtype":"transportation","class":"crossing","name":""},"geometry":{"type":"Point","coordinates":[54.6103561,24.4309454]}},{"type":"Feature","properties":{"layer":"infrastructure","subtype":"barrier","class":"kerb","name":""},"geometry":{"type":"Point","coordinates":[54.6103967,24.4309165]}},{"type":"Feature","properties":{"layer":"infrastructure","subtype":"barrier","class":"kerb","name":""},"geometry":{"type":"Point","coordinates":[54.6104499,24.4308985]}},{"type":"Feature","properties":{"layer":"infrastructure","subtype":"barrier","class":"kerb","name":""},"geometry":{"type":"Point","coordinates":[54.6103935,24.4308563]}},{"type":"Feature","properties":{"layer":"infrastructure","subtype":"transportation","class":"crossing","name":""},"geometry":{"type":"Point","coordinates":[54.6103785,24.4308343]}},{"type":"Feature","properties":{"layer":"infrastructure","subtype":"barrier","class":"kerb","name":""},"geometry":{"type":"Point","coordinates":[54.610267,24.4306216]}},{"type":"Feature","properties":{"layer":"infrastructure","subtype":"transportation","class":"crossing","name":""},"geometry":{"type":"Point","coordinates":[54.6102868,24.4307212]}},{"type":"Feature","properties":{"layer":"infrastructure","subtype":"transportation","class":"crossing","name":""},"geometry":{"type":"Point","coordinates":[54.610154,24.4307141]}},{"type":"Feature","properties":{"layer":"infrastructure","subtype":"barrier","class":"kerb","name":""},"geometry":{"type":"Point","coordinates":[54.6102023,24.4306816]}},{"type":"Feature","properties":{"layer":"infrastructure","subtype":"barrier","class":"kerb","name":""},"geometry":{"type":"Point","coordinates":[54.6102502,24.4306815]}},{"type":"Feature","properties":{"layer":"infrastructure","subtype":"barrier","class":"kerb","name":""},"geometry":{"type":"Point","coordinates":[54.6102452,24.4306483]}},{"type":"Feature","properties":{"layer":"infrastructure","subtype":"transportation","class":"crossing","name":""},"geometry":{"type":"Point","coordinates":[54.6102584,24.4306348]}},{"type":"Feature","properties":{"layer":"infrastructure","subtype":"transportation","class":"crossing","name":""},"geometry":{"type":"Point","coordinates":[54.6094671,24.4300295]}},{"type":"Feature","properties":{"layer":"infrastructure","subtype":"barrier","class":"kerb","name":""},"geometry":{"type":"Point","coordinates":[54.6118932,24.4298524]}},{"type":"Feature","properties":{"layer":"infrastructure","subtype":"transportation","class":"crossing","name":""},"geometry":{"type":"Point","coordinates":[54.6118464,24.429749]}},{"type":"Feature","properties":{"layer":"infrastructure","subtype":"barrier","class":"kerb","name":""},"geometry":{"type":"Point","coordinates":[54.6118075,24.4296869]}},{"type":"Feature","properties":{"layer":"infrastructure","subtype":"transportation","class":"crossing","name":""},"geometry":{"type":"Point","coordinates":[54.6118791,24.42983]}},{"type":"Feature","properties":{"layer":"infrastructure","subtype":"transportation","class":"crossing","name":""},"geometry":{"type":"Point","coordinates":[54.6110694,24.4315382]}},{"type":"Feature","properties":{"layer":"infrastructure","subtype":"barrier","class":"kerb","name":""},"geometry":{"type":"Point","coordinates":[54.6111502,24.4319814]}},{"type":"Feature","properties":{"layer":"infrastructure","subtype":"transportation","class":"crossing","name":""},"geometry":{"type":"Point","coordinates":[54.611179,24.4319601]}},{"type":"Feature","properties":{"layer":"infrastructure","subtype":"barrier","class":"kerb","name":""},"geometry":{"type":"Point","coordinates":[54.6112167,24.4319361]}},{"type":"Feature","properties":{"layer":"infrastructure","subtype":"barrier","class":"kerb","name":""},"geometry":{"type":"Point","coordinates":[54.6111555,24.4320417]}},{"type":"Feature","properties":{"layer":"infrastructure","subtype":"transportation","class":"crossing","name":""},"geometry":{"type":"Point","coordinates":[54.6111237,24.4320633]}},{"type":"Feature","properties":{"layer":"infrastructure","subtype":"barrier","class":"kerb","name":""},"geometry":{"type":"Point","coordinates":[54.6110998,24.4320782]}},{"type":"Feature","properties":{"layer":"infrastructure","subtype":"barrier","class":"kerb","name":""},"geometry":{"type":"Point","coordinates":[54.6113035,24.4318703]}},{"type":"Feature","properties":{"layer":"infrastructure","subtype":"transportation","class":"crossing","name":""},"geometry":{"type":"Point","coordinates":[54.6112822,24.4318944]}},{"type":"Feature","properties":{"layer":"infrastructure","subtype":"barrier","class":"kerb","name":""},"geometry":{"type":"Point","coordinates":[54.6112544,24.4319121]}},{"type":"Feature","properties":{"layer":"infrastructure","subtype":"transportation","class":"crossing","name":""},"geometry":{"type":"Point","coordinates":[54.6117214,24.4323291]}},{"type":"Feature","properties":{"layer":"infrastructure","subtype":"transportation","class":"crossing","name":""},"geometry":{"type":"Point","coordinates":[54.612463,24.4310974]}},{"type":"Feature","properties":{"layer":"infrastructure","subtype":"transportation","class":"crossing","name":""},"geometry":{"type":"Point","coordinates":[54.6135961,24.4325256]}},{"type":"Feature","properties":{"layer":"infrastructure","subtype":"transportation","class":"crossing","name":""},"geometry":{"type":"Point","coordinates":[54.6135498,24.4324721]}},{"type":"Feature","properties":{"layer":"infrastructure","subtype":"transit","class":"parking","name":""},"geometry":{"type":"Polygon","coordinates":[[[54.584405,24.4333],[54.5831295,24.4329383],[54.5833539,24.4321778],[54.5832131,24.4321355],[54.5828823,24.4330465],[54.5844095,24.4334548],[54.584405,24.4333]]]}},{"type":"Feature","properties":{"layer":"infrastructure","subtype":"barrier","class":"wall","name":""},"geometry":{"type":"LineString","coordinates":[[54.5862432,24.4328805],[54.586277,24.4327784],[54.5863062,24.43269]]}},{"type":"Feature","properties":{"layer":"infrastructure","subtype":"transportation","class":"crossing","name":""},"geometry":{"type":"Point","coordinates":[54.5836194,24.4333495]}},{"type":"Feature","properties":{"layer":"infrastructure","subtype":"transportation","class":"crossing","name":""},"geometry":{"type":"Point","coordinates":[54.5833751,24.4334759]}},{"type":"Feature","properties":{"layer":"infrastructure","subtype":"barrier","class":"wall","name":""},"geometry":{"type":"LineString","coordinates":[[54.5862271,24.432933],[54.5860594,24.4334385],[54.5864542,24.4335519],[54.5868547,24.4336669],[54.5870737,24.4330311],[54.5870929,24.4329778],[54.5871082,24.4329269]]}},{"type":"Feature","properties":{"layer":"infrastructure","subtype":"barrier","class":"wall","name":""},"geometry":{"type":"LineString","coordinates":[[54.5877761,24.4339257],[54.5879517,24.4334007],[54.5873851,24.4332383],[54.5872068,24.4337615],[54.5877761,24.4339257]]}},{"type":"Feature","properties":{"layer":"infrastructure","subtype":"barrier","class":"wall","name":""},"geometry":{"type":"LineString","coordinates":[[54.5871229,24.4328866],[54.587247,24.432513],[54.5870478,24.4322822],[54.5869017,24.4322358],[54.5866861,24.4328958],[54.5864542,24.4335519]]}},{"type":"Feature","properties":{"layer":"infrastructure","subtype":"barrier","class":"wall","name":""},"geometry":{"type":"LineString","coordinates":[[54.586277,24.4327784],[54.5866861,24.4328958],[54.5870528,24.4330021]]}},{"type":"Feature","properties":{"layer":"infrastructure","subtype":"barrier","class":"wall","name":""},"geometry":{"type":"LineString","coordinates":[[54.5889795,24.4327959],[54.5888623,24.4327621],[54.5889031,24.4326449],[54.5890474,24.4322328],[54.5908096,24.432723],[54.5908033,24.4327399],[54.5907513,24.4329172],[54.590722,24.4330176],[54.5906625,24.4332219],[54.5906448,24.433273],[54.5906176,24.4332653],[54.5891017,24.4328323]]}},{"type":"Feature","properties":{"layer":"infrastructure","subtype":"barrier","class":"gate","name":""},"geometry":{"type":"Point","coordinates":[54.590722,24.4330176]}},{"type":"Feature","properties":{"layer":"infrastructure","subtype":"barrier","class":"kerb","name":""},"geometry":{"type":"Point","coordinates":[54.5914732,24.4327603]}},{"type":"Feature","properties":{"layer":"infrastructure","subtype":"transportation","class":"crossing","name":""},"geometry":{"type":"Point","coordinates":[54.5914947,24.432698]}},{"type":"Feature","properties":{"layer":"infrastructure","subtype":"barrier","class":"kerb","name":""},"geometry":{"type":"Point","coordinates":[54.5915005,24.4326845]}},{"type":"Feature","properties":{"layer":"infrastructure","subtype":"transportation","class":"crossing","name":""},"geometry":{"type":"Point","coordinates":[54.5925894,24.4328945]}},{"type":"Feature","properties":{"layer":"infrastructure","subtype":"barrier","class":"kerb","name":""},"geometry":{"type":"Point","coordinates":[54.5925949,24.4328752]}},{"type":"Feature","properties":{"layer":"infrastructure","subtype":"barrier","class":"kerb","name":""},"geometry":{"type":"Point","coordinates":[54.5925752,24.4329306]}},{"type":"Feature","properties":{"layer":"infrastructure","subtype":"barrier","class":"kerb","name":""},"geometry":{"type":"Point","coordinates":[54.5926089,24.4329884]}},{"type":"Feature","properties":{"layer":"infrastructure","subtype":"transportation","class":"crossing","name":""},"geometry":{"type":"Point","coordinates":[54.5926023,24.4330075]}},{"type":"Feature","properties":{"layer":"infrastructure","subtype":"barrier","class":"kerb","name":""},"geometry":{"type":"Point","coordinates":[54.5925822,24.4330664]}},{"type":"Feature","properties":{"layer":"infrastructure","subtype":"barrier","class":"kerb","name":""},"geometry":{"type":"Point","coordinates":[54.5920166,24.4333023]}},{"type":"Feature","properties":{"layer":"infrastructure","subtype":"barrier","class":"kerb","name":""},"geometry":{"type":"Point","coordinates":[54.5919299,24.4332771]}},{"type":"Feature","properties":{"layer":"infrastructure","subtype":"barrier","class":"kerb","name":""},"geometry":{"type":"Point","coordinates":[54.5917917,24.4332838]}},{"type":"Feature","properties":{"layer":"infrastructure","subtype":"transportation","class":"crossing","name":""},"geometry":{"type":"Point","coordinates":[54.5919541,24.4332847]}},{"type":"Feature","properties":{"layer":"infrastructure","subtype":"barrier","class":"kerb","name":""},"geometry":{"type":"Point","coordinates":[54.5918766,24.4333105]}},{"type":"Feature","properties":{"layer":"infrastructure","subtype":"transportation","class":"crossing","name":""},"geometry":{"type":"Point","coordinates":[54.5918379,24.433297]}},{"type":"Feature","properties":{"layer":"infrastructure","subtype":"barrier","class":"wall","name":""},"geometry":{"type":"LineString","coordinates":[[54.5940337,24.4336473],[54.5942925,24.4337267],[54.5942222,24.4339346],[54.5941903,24.4340234],[54.5941208,24.4342432],[54.5935863,24.4340886],[54.5935455,24.4340765],[54.5935675,24.434015],[54.5935688,24.4339804],[54.593643,24.4337674],[54.5936624,24.4337285],[54.5937148,24.4335781],[54.5937225,24.4335521],[54.5939961,24.4336314]]}},{"type":"Feature","properties":{"layer":"infrastructure","subtype":"barrier","class":"wall","name":""},"geometry":{"type":"LineString","coordinates":[[54.5946907,24.4343991],[54.5941483,24.4342474],[54.5943173,24.4337316],[54.5943756,24.4337493]]}},{"type":"Feature","properties":{"layer":"infrastructure","subtype":"barrier","class":"wall","name":""},"geometry":{"type":"LineString","coordinates":[[54.594446,24.4337615],[54.5948993,24.4338879],[54.5948169,24.4341229],[54.5947327,24.4343837],[54.5947213,24.4344101]]}},{"type":"Feature","properties":{"layer":"infrastructure","subtype":"transportation","class":"crossing","name":""},"geometry":{"type":"Point","coordinates":[54.5932482,24.4342285]}},{"type":"Feature","properties":{"layer":"infrastructure","subtype":"transportation","class":"crossing","name":""},"geometry":{"type":"Point","coordinates":[54.5930639,24.4341757]}},{"type":"Feature","properties":{"layer":"infrastructure","subtype":"barrier","class":"wall","name":""},"geometry":{"type":"LineString","coordinates":[[54.5926979,24.4346333],[54.5927391,24.4344763],[54.5927589,24.43442],[54.5928461,24.4341681],[54.5930285,24.4342218]]}},{"type":"Feature","properties":{"layer":"infrastructure","subtype":"barrier","class":"wall","name":""},"geometry":{"type":"LineString","coordinates":[[54.5930661,24.4342297],[54.5932156,24.4342737]]}},{"type":"Feature","properties":{"layer":"infrastructure","subtype":"barrier","class":"wall","name":""},"geometry":{"type":"LineString","coordinates":[[54.5950965,24.4345191],[54.5952975,24.4345708],[54.5953288,24.4345817],[54.5953385,24.4345588],[54.5955015,24.4340557],[54.5952058,24.4339764],[54.5949262,24.4338988],[54.5947596,24.4343935],[54.5947498,24.4344184],[54.5947841,24.4344297],[54.5949724,24.4344819]]}},{"type":"Feature","properties":{"layer":"infrastructure","subtype":"transportation","class":"crossing","name":""},"geometry":{"type":"Point","coordinates":[54.5941843,24.4345039]}},{"type":"Feature","properties":{"layer":"infrastructure","subtype":"barrier","class":"wall","name":""},"geometry":{"type":"LineString","coordinates":[[54.5945379,24.4346467],[54.5946727,24.4346864]]}},{"type":"Feature","properties":{"layer":"infrastructure","subtype":"transportation","class":"crossing","name":""},"geometry":{"type":"Point","coordinates":[54.5950255,24.4347198]}},{"type":"Feature","properties":{"layer":"infrastructure","subtype":"barrier","class":"wall","name":""},"geometry":{"type":"LineString","coordinates":[[54.5947277,24.4346992],[54.5947419,24.4347039],[54.5947686,24.4347114]]}},{"type":"Feature","properties":{"layer":"infrastructure","subtype":"barrier","class":"wall","name":""},"geometry":{"type":"LineString","coordinates":[[54.5932464,24.4342889],[54.5934235,24.4343372],[54.5933398,24.4345806],[54.5933224,24.4346302],[54.5932209,24.4349184],[54.5926523,24.4347615],[54.5926785,24.4346815]]}},{"type":"Feature","properties":{"layer":"infrastructure","subtype":"transportation","class":"crossing","name":""},"geometry":{"type":"Point","coordinates":[54.5926003,24.4346382]}},{"type":"Feature","properties":{"layer":"infrastructure","subtype":"barrier","class":"wall","name":""},"geometry":{"type":"LineString","coordinates":[[54.5882025,24.4349001],[54.5887819,24.435071],[54.5889589,24.434535],[54.5883876,24.4343775],[54.5882025,24.4349001]]}},{"type":"Feature","properties":{"layer":"infrastructure","subtype":"barrier","class":"wall","name":""},"geometry":{"type":"LineString","coordinates":[[54.5877506,24.434209],[54.5877466,24.4342242],[54.5877539,24.4342316],[54.5876554,24.4345179],[54.587578,24.4347332]]}},{"type":"Feature","properties":{"layer":"infrastructure","subtype":"barrier","class":"wall","name":""},"geometry":{"type":"LineString","coordinates":[[54.5883487,24.4343762],[54.5877506,24.434209],[54.5871551,24.4340393],[54.5866241,24.4338891],[54.586616,24.4338353],[54.5865865,24.4338292],[54.5865677,24.4338817],[54.5863914,24.4344019],[54.5869774,24.4345673],[54.5873737,24.4346766],[54.587578,24.4347332],[54.5881737,24.4348982],[54.5883487,24.4343762]]}},{"type":"Feature","properties":{"layer":"infrastructure","subtype":"barrier","class":"wall","name":""},"geometry":{"type":"LineString","coordinates":[[54.5871551,24.4340393],[54.5869774,24.4345673]]}},{"type":"Feature","properties":{"layer":"infrastructure","subtype":"barrier","class":"wall","name":""},"geometry":{"type":"LineString","coordinates":[[54.5877791,24.4339907],[54.5884071,24.4341632],[54.588606,24.4335559],[54.5879821,24.4333865],[54.5877791,24.4339907]]}},{"type":"Feature","properties":{"layer":"infrastructure","subtype":"barrier","class":"gate","name":""},"geometry":{"type":"Point","coordinates":[54.5855847,24.4344788]}},{"type":"Feature","properties":{"layer":"infrastructure","subtype":"barrier","class":"gate","name":""},"geometry":{"type":"Point","coordinates":[54.5893157,24.4353945]}},{"type":"Feature","properties":{"layer":"infrastructure","subtype":"barrier","class":"wall","name":""},"geometry":{"type":"LineString","coordinates":[[54.5892265,24.43548],[54.5892537,24.4354887],[54.5892647,24.4354922]]}},{"type":"Feature","properties":{"layer":"infrastructure","subtype":"barrier","class":"wall","name":""},"geometry":{"type":"LineString","coordinates":[[54.5892537,24.4354887],[54.5891708,24.4357187]]}},{"type":"Feature","properties":{"layer":"infrastructure","subtype":"barrier","class":"lift_gate","name":"16"},"geometry":{"type":"Point","coordinates":[54.5867057,24.436689]}},{"type":"Feature","properties":{"layer":"infrastructure","subtype":"barrier","class":"wall","name":""},"geometry":{"type":"LineString","coordinates":[[54.5886611,24.4364956],[54.5887288,24.4365145],[54.5889555,24.4365778],[54.5890288,24.4365983]]}},{"type":"Feature","properties":{"layer":"infrastructure","subtype":"barrier","class":"wall","name":""},"geometry":{"type":"LineString","coordinates":[[54.5893166,24.4354999],[54.5893414,24.4355075],[54.5894736,24.4355454],[54.5894967,24.4355521],[54.5893511,24.4360058],[54.5893213,24.4360901],[54.5891299,24.4366369],[54.5890682,24.4366174]]}},{"type":"Feature","properties":{"layer":"infrastructure","subtype":"barrier","class":"wall","name":""},"geometry":{"type":"LineString","coordinates":[[54.5887363,24.4359213],[54.5891541,24.436041],[54.5893213,24.4360901]]}},{"type":"Feature","properties":{"layer":"infrastructure","subtype":"barrier","class":"wall","name":""},"geometry":{"type":"LineString","coordinates":[[54.5886196,24.4364843],[54.5885539,24.4364678],[54.5887214,24.435969],[54.5887314,24.4359359],[54.5887363,24.4359213],[54.5889074,24.4354153],[54.5889178,24.4353886],[54.5889784,24.4354083],[54.5891936,24.4354745]]}},{"type":"Feature","properties":{"layer":"infrastructure","subtype":"barrier","class":"wall","name":""},"geometry":{"type":"LineString","coordinates":[[54.5946123,24.4361369],[54.5945587,24.4361227],[54.5945281,24.4361158],[54.5945129,24.4361627],[54.5943676,24.4365915],[54.5943505,24.4366425],[54.5946734,24.4367321],[54.5949529,24.4368126],[54.5949982,24.4368259],[54.59503,24.4367363],[54.5950394,24.4366953],[54.5950488,24.4366669],[54.5951749,24.4362914],[54.5947409,24.436173],[54.5946886,24.4361583]]}},{"type":"Feature","properties":{"layer":"infrastructure","subtype":"barrier","class":"gate","name":""},"geometry":{"type":"Point","coordinates":[54.5946604,24.4361806]}},{"type":"Feature","properties":{"layer":"infrastructure","subtype":"barrier","class":"wall","name":""},"geometry":{"type":"LineString","coordinates":[[54.5922149,24.436055],[54.5922289,24.4360159],[54.5922748,24.4360295],[54.5927002,24.4361448],[54.5928036,24.4361758],[54.5926885,24.4365087],[54.5926647,24.4365776],[54.5920957,24.4364145],[54.5921051,24.4363854]]}},{"type":"Feature","properties":{"layer":"infrastructure","subtype":"barrier","class":"wall","name":""},"geometry":{"type":"LineString","coordinates":[[54.5949443,24.435951],[54.5946184,24.4358585],[54.5947469,24.4354605],[54.5947752,24.435379],[54.5947927,24.435328],[54.5954525,24.4355026],[54.5954461,24.4355122],[54.5953884,24.4356807],[54.5952754,24.4359961],[54.5952598,24.4360329],[54.5952336,24.4360237],[54.5951796,24.4360043],[54.5951375,24.4359937],[54.5950796,24.4359784],[54.5950144,24.4359587],[54.59501,24.4359709],[54.5949443,24.435951]]}},{"type":"Feature","properties":{"layer":"infrastructure","subtype":"transportation","class":"crossing","name":""},"geometry":{"type":"Point","coordinates":[54.5938449,24.4357871]}},{"type":"Feature","properties":{"layer":"infrastructure","subtype":"barrier","class":"wall","name":""},"geometry":{"type":"LineString","coordinates":[[54.5939525,24.435665],[54.5945525,24.4358424],[54.5945888,24.4358529],[54.5946396,24.4357064],[54.5947203,24.4354725],[54.5947634,24.4353525],[54.5947746,24.4353195],[54.5947318,24.4353067],[54.5946786,24.4352909],[54.5941738,24.4351558],[54.5941273,24.4351442],[54.5941108,24.4351992],[54.5939525,24.435665]]}},{"type":"Feature","properties":{"layer":"infrastructure","subtype":"barrier","class":"wall","name":""},"geometry":{"type":"LineString","coordinates":[[54.5913159,24.4359257],[54.5912133,24.4362236],[54.59175,24.4363935],[54.5917904,24.4364018],[54.5917948,24.4363887],[54.5918197,24.4363019],[54.5920442,24.4356548],[54.5920818,24.435539],[54.5921642,24.43527],[54.5915955,24.4351125],[54.591499,24.4353909]]}},{"type":"Feature","properties":{"layer":"infrastructure","subtype":"barrier","class":"wall","name":""},"geometry":{"type":"LineString","coordinates":[[54.5948209,24.4347267],[54.5949637,24.4347639],[54.5948524,24.4350759],[54.594212,24.4348915],[54.5943213,24.4345832],[54.5944876,24.4346308]]}},{"type":"Feature","properties":{"layer":"infrastructure","subtype":"barrier","class":"wall","name":""},"geometry":{"type":"LineString","coordinates":[[54.5947419,24.4347039],[54.5946465,24.4349728]]}},{"type":"Feature","properties":{"layer":"infrastructure","subtype":"transportation","class":"crossing","name":""},"geometry":{"type":"Point","coordinates":[54.5960159,24.4348789]}},{"type":"Feature","properties":{"layer":"infrastructure","subtype":"barrier","class":"wall","name":""},"geometry":{"type":"LineString","coordinates":[[54.5967794,24.4347291],[54.5966971,24.434974]]}},{"type":"Feature","properties":{"layer":"infrastructure","subtype":"barrier","class":"wall","name":""},"geometry":{"type":"LineString","coordinates":[[54.5967061,24.4349767],[54.5966971,24.434974],[54.5964966,24.4349138]]}},{"type":"Feature","properties":{"layer":"infrastructure","subtype":"transportation","class":"crossing","name":""},"geometry":{"type":"Point","coordinates":[54.5956203,24.434894]}},{"type":"Feature","properties":{"layer":"infrastructure","subtype":"barrier","class":"wall","name":""},"geometry":{"type":"LineString","coordinates":[[54.5972547,24.4351305],[54.5970013,24.4350577],[54.5967531,24.4349864]]}},{"type":"Feature","properties":{"layer":"infrastructure","subtype":"barrier","class":"wall","name":""},"geometry":{"type":"MultiLineString","coordinates":[[[54.5973361,24.4351522],[54.5975111,24.434629],[54.5980858,24.4347902],[54.5979061,24.4353134],[54.5978541,24.4352985]],[[54.5978541,24.4352985],[54.5973784,24.4351626],[54.5974716,24.4349074],[54.5979457,24.4350441],[54.5978541,24.4352985]]]}},{"type":"Feature","properties":{"layer":"infrastructure","subtype":"barrier","class":"wall","name":""},"geometry":{"type":"LineString","coordinates":[[54.5970874,24.4348158],[54.5970013,24.4350577]]}},{"type":"Feature","properties":{"layer":"infrastructure","subtype":"barrier","class":"wall","name":""},"geometry":{"type":"LineString","coordinates":[[54.596454,24.4349022],[54.5964202,24.4348927],[54.5964647,24.4347682],[54.596344,24.4347355],[54.596392,24.4346201],[54.5967794,24.4347291],[54.5970874,24.4348158],[54.5973918,24.4348979],[54.5973026,24.4351549]]}},{"type":"Feature","properties":{"layer":"infrastructure","subtype":"barrier","class":"wall","name":""},"geometry":{"type":"LineString","coordinates":[[54.5991123,24.4346353],[54.5991592,24.4344915],[54.599797,24.4346747],[54.5996184,24.4352069],[54.5989788,24.4350164],[54.5990969,24.4346854]]}},{"type":"Feature","properties":{"layer":"infrastructure","subtype":"barrier","class":"wall","name":""},"geometry":{"type":"LineString","coordinates":[[54.6006168,24.4355074],[54.6003308,24.4354228],[54.6005058,24.4349012],[54.6011481,24.4350729],[54.600965,24.435606],[54.6006736,24.4355255]]}},{"type":"Feature","properties":{"layer":"infrastructure","subtype":"waste_management","class":"waste_disposal","name":""},"geometry":{"type":"Point","coordinates":[54.5986769,24.4351307]}},{"type":"Feature","properties":{"layer":"infrastructure","subtype":"transit","class":"bus_stop","name":""},"geometry":{"type":"Point","coordinates":[54.5987654,24.4354748]}},{"type":"Feature","properties":{"layer":"infrastructure","subtype":"waste_management","class":"waste_disposal","name":""},"geometry":{"type":"Point","coordinates":[54.5993166,24.435368]}},{"type":"Feature","properties":{"layer":"infrastructure","subtype":"barrier","class":"gate","name":""},"geometry":{"type":"Point","coordinates":[54.5999873,24.4352942]}},{"type":"Feature","properties":{"layer":"infrastructure","subtype":"barrier","class":"gate","name":""},"geometry":{"type":"Point","coordinates":[54.6006355,24.435517]}},{"type":"Feature","properties":{"layer":"infrastructure","subtype":"transportation","class":"crossing","name":""},"geometry":{"type":"Point","coordinates":[54.5999376,24.4354439]}},{"type":"Feature","properties":{"layer":"infrastructure","subtype":"transportation","class":"crossing","name":""},"geometry":{"type":"Point","coordinates":[54.6005928,24.4356367]}},{"type":"Feature","properties":{"layer":"infrastructure","subtype":"waste_management","class":"waste_disposal","name":""},"geometry":{"type":"Point","coordinates":[54.6012329,24.4357674]}},{"type":"Feature","properties":{"layer":"infrastructure","subtype":"transportation","class":"crossing","name":""},"geometry":{"type":"Point","coordinates":[54.6001749,24.4357585]}},{"type":"Feature","properties":{"layer":"infrastructure","subtype":"barrier","class":"wall","name":""},"geometry":{"type":"LineString","coordinates":[[54.5960446,24.4350734],[54.595653,24.4349605],[54.595473,24.4354901],[54.5961191,24.4356671],[54.5962981,24.4351421],[54.5960946,24.4350841]]}},{"type":"Feature","properties":{"layer":"infrastructure","subtype":"barrier","class":"wall","name":""},"geometry":{"type":"LineString","coordinates":[[54.5956003,24.4361308],[54.5952893,24.436042],[54.5954626,24.4355173],[54.5958966,24.4356294],[54.596067,24.4356739],[54.5961097,24.4356833],[54.5959166,24.436226],[54.5956852,24.4361546]]}},{"type":"Feature","properties":{"layer":"infrastructure","subtype":"barrier","class":"gate","name":""},"geometry":{"type":"Point","coordinates":[54.597137,24.4358085]}},{"type":"Feature","properties":{"layer":"infrastructure","subtype":"barrier","class":"gate","name":""},"geometry":{"type":"Point","coordinates":[54.5969824,24.436194]}},{"type":"Feature","properties":{"layer":"infrastructure","subtype":"transportation","class":"crossing","name":""},"geometry":{"type":"Point","coordinates":[54.5969286,24.4361792]}},{"type":"Feature","properties":{"layer":"infrastructure","subtype":"transportation","class":"crossing","name":""},"geometry":{"type":"Point","coordinates":[54.5956296,24.436256]}},{"type":"Feature","properties":{"layer":"infrastructure","subtype":"barrier","class":"gate","name":""},"geometry":{"type":"Point","coordinates":[54.5967733,24.4368159]}},{"type":"Feature","properties":{"layer":"infrastructure","subtype":"transportation","class":"crossing","name":""},"geometry":{"type":"Point","coordinates":[54.5966892,24.4367901]}},{"type":"Feature","properties":{"layer":"infrastructure","subtype":"barrier","class":"wall","name":""},"geometry":{"type":"LineString","coordinates":[[54.5968359,24.4366265],[54.5969824,24.436194],[54.5970303,24.4360528],[54.5970383,24.436025],[54.5970664,24.4360317],[54.5976265,24.4361906],[54.5974226,24.4368054]]}},{"type":"Feature","properties":{"layer":"infrastructure","subtype":"barrier","class":"wall","name":""},"geometry":{"type":"LineString","coordinates":[[54.5997582,24.4365362],[54.5997699,24.4364993],[54.599789,24.4364441],[54.599846,24.436273],[54.59927,24.4361003],[54.5992529,24.4361393],[54.5992054,24.4362777],[54.5991402,24.4364826],[54.5990883,24.4366273],[54.5990755,24.4366692],[54.5996609,24.436831],[54.5997216,24.4366493],[54.5997421,24.4365829]]}},{"type":"Feature","properties":{"layer":"infrastructure","subtype":"barrier","class":"wall","name":""},"geometry":{"type":"LineString","coordinates":[[54.6009323,24.435933],[54.6015096,24.4361003],[54.6014481,24.4362999],[54.6014297,24.4363509],[54.6013796,24.4364879],[54.6013135,24.436685],[54.601299,24.4367315],[54.6012253,24.4369519],[54.6012148,24.4369803],[54.6012066,24.4370026],[54.6011194,24.4372608]]}},{"type":"Feature","properties":{"layer":"infrastructure","subtype":"barrier","class":"wall","name":""},"geometry":{"type":"LineString","coordinates":[[54.5985668,24.4362445],[54.5985445,24.4362962],[54.5985107,24.4363971],[54.5984774,24.4364902],[54.5985744,24.436519],[54.5990561,24.4366605],[54.599139,24.4364212],[54.5991703,24.4363158],[54.599242,24.4361099],[54.5986739,24.4359397],[54.5986097,24.436126],[54.5985903,24.4361748],[54.5985824,24.4362006]]}},{"type":"Feature","properties":{"layer":"infrastructure","subtype":"waste_management","class":"waste_disposal","name":""},"geometry":{"type":"Point","coordinates":[54.6014786,24.4358353]}},{"type":"Feature","properties":{"layer":"infrastructure","subtype":"transportation","class":"crossing","name":""},"geometry":{"type":"Point","coordinates":[54.6015783,24.4359428]}},{"type":"Feature","properties":{"layer":"infrastructure","subtype":"barrier","class":"kerb","name":""},"geometry":{"type":"Point","coordinates":[54.6038873,24.4358661]}},{"type":"Feature","properties":{"layer":"infrastructure","subtype":"transportation","class":"crossing","name":""},"geometry":{"type":"Point","coordinates":[54.6039046,24.4358204]}},{"type":"Feature","properties":{"layer":"infrastructure","subtype":"barrier","class":"kerb","name":""},"geometry":{"type":"Point","coordinates":[54.6037732,24.4359129]}},{"type":"Feature","properties":{"layer":"infrastructure","subtype":"barrier","class":"kerb","name":""},"geometry":{"type":"Point","coordinates":[54.603691,24.4358953]}},{"type":"Feature","properties":{"layer":"infrastructure","subtype":"transportation","class":"crossing","name":""},"geometry":{"type":"Point","coordinates":[54.6037289,24.4358997]}},{"type":"Feature","properties":{"layer":"infrastructure","subtype":"barrier","class":"wall","name":""},"geometry":{"type":"LineString","coordinates":[[54.602457,24.4359228],[54.6025165,24.4359425],[54.6021555,24.436988],[54.6015705,24.4368374],[54.6019409,24.4357749],[54.6024055,24.4359154]]}},{"type":"Feature","properties":{"layer":"infrastructure","subtype":"transportation","class":"crossing","name":""},"geometry":{"type":"Point","coordinates":[54.6034078,24.4368533]}},{"type":"Feature","properties":{"layer":"infrastructure","subtype":"barrier","class":"kerb","name":""},"geometry":{"type":"Point","coordinates":[54.6062018,24.4365967]}},{"type":"Feature","properties":{"layer":"infrastructure","subtype":"transportation","class":"crossing","name":""},"geometry":{"type":"Point","coordinates":[54.6062313,24.4366054]}},{"type":"Feature","properties":{"layer":"infrastructure","subtype":"barrier","class":"kerb","name":""},"geometry":{"type":"Point","coordinates":[54.6062671,24.4366154]}},{"type":"Feature","properties":{"layer":"infrastructure","subtype":"barrier","class":"kerb","name":""},"geometry":{"type":"Point","coordinates":[54.606361,24.4365853]}},{"type":"Feature","properties":{"layer":"infrastructure","subtype":"barrier","class":"kerb","name":""},"geometry":{"type":"Point","coordinates":[54.6061417,24.4365335]}},{"type":"Feature","properties":{"layer":"infrastructure","subtype":"barrier","class":"kerb","name":""},"geometry":{"type":"Point","coordinates":[54.606391,24.4364866]}},{"type":"Feature","properties":{"layer":"infrastructure","subtype":"transportation","class":"crossing","name":""},"geometry":{"type":"Point","coordinates":[54.6063842,24.4365135]}},{"type":"Feature","properties":{"layer":"infrastructure","subtype":"transportation","class":"crossing","name":""},"geometry":{"type":"Point","coordinates":[54.6061647,24.4364554]}},{"type":"Feature","properties":{"layer":"infrastructure","subtype":"barrier","class":"kerb","name":""},"geometry":{"type":"Point","coordinates":[54.6061762,24.4364257]}},{"type":"Feature","properties":{"layer":"infrastructure","subtype":"barrier","class":"kerb","name":""},"geometry":{"type":"Point","coordinates":[54.6047141,24.4361695]}},{"type":"Feature","properties":{"layer":"infrastructure","subtype":"barrier","class":"kerb","name":""},"geometry":{"type":"Point","coordinates":[54.6046036,24.4361407]}},{"type":"Feature","properties":{"layer":"infrastructure","subtype":"transportation","class":"crossing","name":""},"geometry":{"type":"Point","coordinates":[54.6046496,24.4361582]}},{"type":"Feature","properties":{"layer":"infrastructure","subtype":"barrier","class":"kerb","name":""},"geometry":{"type":"Point","coordinates":[54.6047582,24.4361151]}},{"type":"Feature","properties":{"layer":"infrastructure","subtype":"barrier","class":"kerb","name":""},"geometry":{"type":"Point","coordinates":[54.6047773,24.436034]}},{"type":"Feature","properties":{"layer":"infrastructure","subtype":"transportation","class":"crossing","name":""},"geometry":{"type":"Point","coordinates":[54.6047738,24.4360673]}},{"type":"Feature","properties":{"layer":"infrastructure","subtype":"barrier","class":"kerb","name":""},"geometry":{"type":"Point","coordinates":[54.6045677,24.4360713]}},{"type":"Feature","properties":{"layer":"infrastructure","subtype":"transportation","class":"crossing","name":""},"geometry":{"type":"Point","coordinates":[54.6045867,24.436014]}},{"type":"Feature","properties":{"layer":"infrastructure","subtype":"barrier","class":"kerb","name":""},"geometry":{"type":"Point","coordinates":[54.6046004,24.4359861]}},{"type":"Feature","properties":{"layer":"infrastructure","subtype":"barrier","class":"kerb","name":""},"geometry":{"type":"Point","coordinates":[54.6039153,24.4357922]}},{"type":"Feature","properties":{"layer":"infrastructure","subtype":"transportation","class":"crossing","name":""},"geometry":{"type":"Point","coordinates":[54.6033608,24.435667]}},{"type":"Feature","properties":{"layer":"infrastructure","subtype":"transportation","class":"crossing","name":""},"geometry":{"type":"Point","coordinates":[54.6027143,24.4357158]}},{"type":"Feature","properties":{"layer":"infrastructure","subtype":"emergency","class":"fire_hydrant","name":""},"geometry":{"type":"Point","coordinates":[54.6013555,24.4357955]}},{"type":"Feature","properties":{"layer":"infrastructure","subtype":"transit","class":"bus_stop","name":"K6"},"geometry":{"type":"Point","coordinates":[54.6030446,24.4351506]}},{"type":"Feature","properties":{"layer":"infrastructure","subtype":"transportation","class":"crossing","name":""},"geometry":{"type":"Point","coordinates":[54.6020587,24.4351692]}},{"type":"Feature","properties":{"layer":"infrastructure","subtype":"transportation","class":"crossing","name":""},"geometry":{"type":"Point","coordinates":[54.602104,24.435027]}},{"type":"Feature","properties":{"layer":"infrastructure","subtype":"barrier","class":"wall","name":""},"geometry":{"type":"LineString","coordinates":[[54.6015345,24.4345798],[54.6019887,24.4347082],[54.6018159,24.4352402],[54.6011741,24.4350584],[54.6013584,24.4345357],[54.6014554,24.4345653]]}},{"type":"Feature","properties":{"layer":"infrastructure","subtype":"barrier","class":"gate","name":""},"geometry":{"type":"Point","coordinates":[54.6021745,24.434152]}},{"type":"Feature","properties":{"layer":"infrastructure","subtype":"transportation","class":"crossing","name":""},"geometry":{"type":"Point","coordinates":[54.6022957,24.4344612]}},{"type":"Feature","properties":{"layer":"infrastructure","subtype":"transportation","class":"crossing","name":""},"geometry":{"type":"Point","coordinates":[54.6022462,24.4346028]}},{"type":"Feature","properties":{"layer":"infrastructure","subtype":"barrier","class":"gate","name":""},"geometry":{"type":"Point","coordinates":[54.6014927,24.4345726]}},{"type":"Feature","properties":{"layer":"infrastructure","subtype":"barrier","class":"wall","name":""},"geometry":{"type":"LineString","coordinates":[[54.6009301,24.4344136],[54.6013324,24.4345317],[54.6011445,24.4350568],[54.6005125,24.4348897],[54.6006893,24.4343395],[54.6008807,24.4344015]]}},{"type":"Feature","properties":{"layer":"infrastructure","subtype":"barrier","class":"wall","name":""},"geometry":{"type":"LineString","coordinates":[[54.6003033,24.4353836],[54.5999873,24.4352942],[54.5996515,24.4351992],[54.6000183,24.4341174],[54.6003468,24.4342118],[54.6006661,24.4343036],[54.6003033,24.4353836]]}},{"type":"Feature","properties":{"layer":"infrastructure","subtype":"barrier","class":"barrier","name":""},"geometry":{"type":"Point","coordinates":[54.6001892,24.4347083]}},{"type":"Feature","properties":{"layer":"infrastructure","subtype":"barrier","class":"gate","name":""},"geometry":{"type":"Point","coordinates":[54.6008947,24.4344092]}},{"type":"Feature","properties":{"layer":"infrastructure","subtype":"transportation","class":"crossing","name":""},"geometry":{"type":"Point","coordinates":[54.6009152,24.4343463]}},{"type":"Feature","properties":{"layer":"infrastructure","subtype":"transportation","class":"crossing","name":""},"geometry":{"type":"Point","coordinates":[54.595538,24.4347279]}},{"type":"Feature","properties":{"layer":"infrastructure","subtype":"transportation","class":"crossing","name":""},"geometry":{"type":"Point","coordinates":[54.5960408,24.4346871]}},{"type":"Feature","properties":{"layer":"infrastructure","subtype":"barrier","class":"wall","name":""},"geometry":{"type":"LineString","coordinates":[[54.5979543,24.4340098],[54.5978267,24.4339738],[54.5977118,24.4340202],[54.5975141,24.4346161],[54.5980972,24.4347718],[54.5983243,24.4341097],[54.5980237,24.4340215]]}},{"type":"Feature","properties":{"layer":"infrastructure","subtype":"barrier","class":"wall","name":""},"geometry":{"type":"LineString","coordinates":[[54.5969975,24.4340222],[54.5970692,24.4339892]]}},{"type":"Feature","properties":{"layer":"infrastructure","subtype":"barrier","class":"wall","name":""},"geometry":{"type":"LineString","coordinates":[[54.5962351,24.4343915],[54.5961087,24.4344491],[54.5960763,24.4344665],[54.5960581,24.4344385],[54.5957898,24.4339898],[54.5959823,24.4338891]]}},{"type":"Feature","properties":{"layer":"infrastructure","subtype":"barrier","class":"wall","name":""},"geometry":{"type":"LineString","coordinates":[[54.5960041,24.4338839],[54.5960226,24.4338688],[54.596086,24.4338351],[54.5964014,24.4336888],[54.5966857,24.4341711],[54.5964038,24.434307],[54.5963765,24.4343194],[54.5963097,24.4343499],[54.5962599,24.4343775]]}},{"type":"Feature","properties":{"layer":"infrastructure","subtype":"barrier","class":"wall","name":""},"geometry":{"type":"LineString","coordinates":[[54.5966441,24.4335734],[54.5967145,24.4335374],[54.5967238,24.4335539],[54.5967447,24.4335893],[54.5967899,24.4336715],[54.5969105,24.4338765],[54.5969975,24.4340222],[54.596745,24.4341415],[54.5967158,24.4341565],[54.5966857,24.4341711]]}},{"type":"Feature","properties":{"layer":"infrastructure","subtype":"transportation","class":"crossing","name":""},"geometry":{"type":"Point","coordinates":[54.5975613,24.4338577]}},{"type":"Feature","properties":{"layer":"infrastructure","subtype":"transportation","class":"crossing","name":""},"geometry":{"type":"Point","coordinates":[54.5976479,24.4338703]}},{"type":"Feature","properties":{"layer":"infrastructure","subtype":"communication","class":"mobile_phone_tower","name":""},"geometry":{"type":"Point","coordinates":[54.5988432,24.4340492]}},{"type":"Feature","properties":{"layer":"infrastructure","subtype":"barrier","class":"fence","name":""},"geometry":{"type":"LineString","coordinates":[[54.5987996,24.434053],[54.5988613,24.4340679],[54.5988761,24.4340231],[54.5988154,24.4340096],[54.5987996,24.434053]]}},{"type":"Feature","properties":{"layer":"infrastructure","subtype":"transportation","class":"crossing","name":""},"geometry":{"type":"Point","coordinates":[54.6003541,24.43419]}},{"type":"Feature","properties":{"layer":"infrastructure","subtype":"barrier","class":"gate","name":""},"geometry":{"type":"Point","coordinates":[54.6003468,24.4342118]}},{"type":"Feature","properties":{"layer":"infrastructure","subtype":"barrier","class":"wall","name":""},"geometry":{"type":"LineString","coordinates":[[54.6000431,24.4338457],[54.6006104,24.4340087],[54.6006912,24.4337686],[54.6007071,24.4337244],[54.6008237,24.4333866],[54.6002483,24.4332285],[54.6000431,24.4338457]]}},{"type":"Feature","properties":{"layer":"infrastructure","subtype":"barrier","class":"wall","name":""},"geometry":{"type":"LineString","coordinates":[[54.5994759,24.4335509],[54.5994329,24.4336693],[54.6000217,24.4338402],[54.600129,24.4335313],[54.5995429,24.4333604],[54.5995252,24.4334126],[54.5995074,24.4334717],[54.5994946,24.4335106]]}},{"type":"Feature","properties":{"layer":"infrastructure","subtype":"barrier","class":"wall","name":""},"geometry":{"type":"LineString","coordinates":[[54.5977096,24.4336058],[54.5977458,24.4336614],[54.5979759,24.433554],[54.598006,24.4335374],[54.5980939,24.4334935]]}},{"type":"Feature","properties":{"layer":"infrastructure","subtype":"barrier","class":"wall","name":""},"geometry":{"type":"LineString","coordinates":[[54.5971021,24.4339733],[54.5972696,24.4338899],[54.5972985,24.4338734],[54.5972794,24.4338456],[54.5970163,24.4333866],[54.5968211,24.4334849]]}},{"type":"Feature","properties":{"layer":"infrastructure","subtype":"barrier","class":"wall","name":""},"geometry":{"type":"LineString","coordinates":[[54.5964014,24.4336888],[54.5966086,24.4335911]]}},{"type":"Feature","properties":{"layer":"infrastructure","subtype":"barrier","class":"wall","name":""},"geometry":{"type":"LineString","coordinates":[[54.5967874,24.4334975],[54.5967219,24.4335295],[54.5967145,24.4335374]]}},{"type":"Feature","properties":{"layer":"infrastructure","subtype":"barrier","class":"gate","name":""},"geometry":{"type":"Point","coordinates":[54.5968201,24.4335247]}},{"type":"Feature","properties":{"layer":"infrastructure","subtype":"transportation","class":"crossing","name":""},"geometry":{"type":"Point","coordinates":[54.5967956,24.433483]}},{"type":"Feature","properties":{"layer":"infrastructure","subtype":"transportation","class":"crossing","name":""},"geometry":{"type":"Point","coordinates":[54.5972279,24.4332892]}},{"type":"Feature","properties":{"layer":"infrastructure","subtype":"barrier","class":"wall","name":""},"geometry":{"type":"LineString","coordinates":[[54.5981415,24.4334715],[54.5983085,24.433387],[54.5983333,24.4333739],[54.5983176,24.4333493],[54.5982173,24.4331743],[54.598137,24.4330277],[54.5981064,24.432987],[54.5980749,24.4329329],[54.5980671,24.4329152],[54.5980471,24.4328833],[54.5979821,24.4329171],[54.5977197,24.433049],[54.5975303,24.4331437],[54.597483,24.4331667],[54.5974548,24.4331809],[54.5975561,24.4333396],[54.5976868,24.4335655]]}},{"type":"Feature","properties":{"layer":"infrastructure","subtype":"barrier","class":"wall","name":""},"geometry":{"type":"LineString","coordinates":[[54.5959072,24.4326754],[54.5961124,24.4325857],[54.5963873,24.4330704],[54.5958629,24.4333231],[54.5958104,24.4332492],[54.5956683,24.4330073],[54.5955766,24.4328396],[54.5957949,24.4327397],[54.5958402,24.43272]]}},{"type":"Feature","properties":{"layer":"infrastructure","subtype":"barrier","class":"wall","name":""},"geometry":{"type":"LineString","coordinates":[[54.5964128,24.4324385],[54.5966723,24.4323121],[54.5968501,24.4326157],[54.5969499,24.4327822],[54.5969613,24.4328024],[54.5964733,24.4330343],[54.5964135,24.4330624],[54.5963878,24.4330171],[54.5963358,24.4329238],[54.5962491,24.4327751],[54.59622,24.432719],[54.5961321,24.4325665],[54.5961531,24.4325564],[54.5963792,24.4324538]]}},{"type":"Feature","properties":{"layer":"infrastructure","subtype":"communication","class":"mobile_phone_tower","name":""},"geometry":{"type":"Point","coordinates":[54.5993756,24.4326821]}},{"type":"Feature","properties":{"layer":"infrastructure","subtype":"barrier","class":"wall","name":""},"geometry":{"type":"LineString","coordinates":[[54.6002309,24.4331974],[54.5996509,24.4330319],[54.5997251,24.4328415],[54.5997384,24.4327864],[54.5997498,24.4327416],[54.5997675,24.4326875],[54.599777,24.4326515]]}},{"type":"Feature","properties":{"layer":"infrastructure","subtype":"barrier","class":"wall","name":""},"geometry":{"type":"LineString","coordinates":[[54.6003456,24.4328848],[54.600245,24.4331974]]}},{"type":"Feature","properties":{"layer":"infrastructure","subtype":"barrier","class":"wall","name":""},"geometry":{"type":"LineString","coordinates":[[54.600245,24.4331974],[54.6008264,24.433364],[54.6009316,24.4330547],[54.6009936,24.4328723],[54.6010083,24.4328323],[54.6010128,24.4328134]]}},{"type":"Feature","properties":{"layer":"infrastructure","subtype":"barrier","class":"wall","name":""},"geometry":{"type":"LineString","coordinates":[[54.6010282,24.4327725],[54.601045,24.4327279],[54.6006913,24.432633],[54.6004757,24.4325678],[54.6004575,24.4325588],[54.6003456,24.4328848],[54.6009316,24.4330547]]}},{"type":"Feature","properties":{"layer":"infrastructure","subtype":"transit","class":"bus_stop","name":""},"geometry":{"type":"Point","coordinates":[54.6041068,24.4330522]}},{"type":"Feature","properties":{"layer":"infrastructure","subtype":"transportation","class":"crossing","name":""},"geometry":{"type":"Point","coordinates":[54.6026254,24.4330182]}},{"type":"Feature","properties":{"layer":"infrastructure","subtype":"barrier","class":"wall","name":""},"geometry":{"type":"LineString","coordinates":[[54.6025007,24.4331595],[54.6019328,24.4329984],[54.6017236,24.4336089],[54.6022922,24.4337774],[54.6023483,24.4336312]]}},{"type":"Feature","properties":{"layer":"infrastructure","subtype":"barrier","class":"wall","name":""},"geometry":{"type":"LineString","coordinates":[[54.602087,24.4344214],[54.6021745,24.434152],[54.6022918,24.4337911],[54.6016994,24.4336229],[54.601918,24.4329892],[54.6013293,24.4328195],[54.6008974,24.4340893],[54.602087,24.4344214]]}},{"type":"Feature","properties":{"layer":"infrastructure","subtype":"transportation","class":"crossing","name":""},"geometry":{"type":"Point","coordinates":[54.6127553,24.4329575]}},{"type":"Feature","properties":{"layer":"infrastructure","subtype":"transportation","class":"crossing","name":""},"geometry":{"type":"Point","coordinates":[54.6123155,24.4331508]}},{"type":"Feature","properties":{"layer":"infrastructure","subtype":"barrier","class":"kerb","name":""},"geometry":{"type":"Point","coordinates":[54.6123049,24.4331379]}},{"type":"Feature","properties":{"layer":"infrastructure","subtype":"transportation","class":"crossing","name":""},"geometry":{"type":"Point","coordinates":[54.612387,24.4332707]}},{"type":"Feature","properties":{"layer":"infrastructure","subtype":"barrier","class":"kerb","name":""},"geometry":{"type":"Point","coordinates":[54.6123618,24.43324]}},{"type":"Feature","properties":{"layer":"infrastructure","subtype":"barrier","class":"kerb","name":""},"geometry":{"type":"Point","coordinates":[54.6123086,24.433184]}},{"type":"Feature","properties":{"layer":"infrastructure","subtype":"barrier","class":"kerb","name":""},"geometry":{"type":"Point","coordinates":[54.6124662,24.4334337]}},{"type":"Feature","properties":{"layer":"infrastructure","subtype":"barrier","class":"block","name":""},"geometry":{"type":"Point","coordinates":[54.6123116,24.4334141]}},{"type":"Feature","properties":{"layer":"infrastructure","subtype":"barrier","class":"kerb","name":""},"geometry":{"type":"Point","coordinates":[54.6125727,24.4333994]}},{"type":"Feature","properties":{"layer":"infrastructure","subtype":"transportation","class":"crossing","name":""},"geometry":{"type":"Point","coordinates":[54.6125518,24.4333881]}},{"type":"Feature","properties":{"layer":"infrastructure","subtype":"barrier","class":"kerb","name":""},"geometry":{"type":"Point","coordinates":[54.6125203,24.4333767]}},{"type":"Feature","properties":{"layer":"infrastructure","subtype":"barrier","class":"kerb","name":""},"geometry":{"type":"Point","coordinates":[54.6124639,24.4333506]}},{"type":"Feature","properties":{"layer":"infrastructure","subtype":"transportation","class":"crossing","name":""},"geometry":{"type":"Point","coordinates":[54.6124443,24.4333241]}},{"type":"Feature","properties":{"layer":"infrastructure","subtype":"barrier","class":"block","name":""},"geometry":{"type":"Point","coordinates":[54.6122593,24.4333579]}},{"type":"Feature","properties":{"layer":"infrastructure","subtype":"transportation","class":"crossing","name":""},"geometry":{"type":"Point","coordinates":[54.6121359,24.4334036]}},{"type":"Feature","properties":{"layer":"infrastructure","subtype":"transportation","class":"crossing","name":""},"geometry":{"type":"Point","coordinates":[54.6123465,24.4335262]}},{"type":"Feature","properties":{"layer":"infrastructure","subtype":"barrier","class":"kerb","name":""},"geometry":{"type":"Point","coordinates":[54.6123003,24.4335555]}},{"type":"Feature","properties":{"layer":"infrastructure","subtype":"transportation","class":"crossing","name":""},"geometry":{"type":"Point","coordinates":[54.6124151,24.4334721]}},{"type":"Feature","properties":{"layer":"infrastructure","subtype":"power","class":"plant","name":"مدينة مصدر 10MW مزرعة الطاقة الشمسية الكهروضوئية"},"geometry":{"type":"Polygon","coordinates":[[[54.6090216,24.4366468],[54.6120766,24.434589],[54.6096773,24.431637],[54.6043453,24.435329],[54.6090216,24.4366468]]]}},{"type":"Feature","properties":{"layer":"infrastructure","subtype":"transportation","class":"crossing","name":""},"geometry":{"type":"Point","coordinates":[54.613054,24.4346084]}},{"type":"Feature","properties":{"layer":"infrastructure","subtype":"barrier","class":"kerb","name":""},"geometry":{"type":"Point","coordinates":[54.6131306,24.4345541]}},{"type":"Feature","properties":{"layer":"infrastructure","subtype":"transportation","class":"crossing","name":""},"geometry":{"type":"Point","coordinates":[54.6131649,24.4345298]}},{"type":"Feature","properties":{"layer":"infrastructure","subtype":"barrier","class":"kerb","name":""},"geometry":{"type":"Point","coordinates":[54.6131976,24.4345066]}},{"type":"Feature","properties":{"layer":"infrastructure","subtype":"barrier","class":"kerb","name":""},"geometry":{"type":"Point","coordinates":[54.6131492,24.4344048]}},{"type":"Feature","properties":{"layer":"infrastructure","subtype":"barrier","class":"kerb","name":""},"geometry":{"type":"Point","coordinates":[54.6132083,24.4343647]}},{"type":"Feature","properties":{"layer":"infrastructure","subtype":"transportation","class":"crossing","name":""},"geometry":{"type":"Point","coordinates":[54.6131732,24.4343877]}},{"type":"Feature","properties":{"layer":"infrastructure","subtype":"transportation","class":"crossing","name":""},"geometry":{"type":"Point","coordinates":[54.6133104,24.4342979]}},{"type":"Feature","properties":{"layer":"infrastructure","subtype":"barrier","class":"kerb","name":""},"geometry":{"type":"Point","coordinates":[54.6126695,24.4341305]}},{"type":"Feature","properties":{"layer":"infrastructure","subtype":"barrier","class":"kerb","name":""},"geometry":{"type":"Point","coordinates":[54.6130339,24.4339738]}},{"type":"Feature","properties":{"layer":"infrastructure","subtype":"barrier","class":"kerb","name":""},"geometry":{"type":"Point","coordinates":[54.6126283,24.4340825]}},{"type":"Feature","properties":{"layer":"infrastructure","subtype":"transportation","class":"crossing","name":""},"geometry":{"type":"Point","coordinates":[54.612639,24.4340961]}},{"type":"Feature","properties":{"layer":"infrastructure","subtype":"barrier","class":"kerb","name":""},"geometry":{"type":"Point","coordinates":[54.6129896,24.4339254]}},{"type":"Feature","properties":{"layer":"infrastructure","subtype":"transportation","class":"crossing","name":""},"geometry":{"type":"Point","coordinates":[54.6130114,24.4339473]}},{"type":"Feature","properties":{"layer":"infrastructure","subtype":"transit","class":"parking","name":""},"geometry":{"type":"Polygon","coordinates":[[[54.6143791,24.433181],[54.615,24.433948316445246],[54.615,24.432756050194342],[54.6143791,24.433181]]]}},{"type":"Feature","properties":{"layer":"infrastructure","subtype":"transportation","class":"crossing","name":""},"geometry":{"type":"Point","coordinates":[54.6148833,24.4366265]}},{"type":"Feature","properties":{"layer":"infrastructure","subtype":"transportation","class":"crossing","name":""},"geometry":{"type":"Point","coordinates":[54.6148523,24.4367687]}},{"type":"Feature","properties":{"layer":"infrastructure","subtype":"transportation","class":"crossing","name":""},"geometry":{"type":"Point","coordinates":[54.6148919,24.436813]}},{"type":"Feature","properties":{"layer":"infrastructure","subtype":"transit","class":"parking","name":""},"geometry":{"type":"Polygon","coordinates":[[[54.6134503,24.4371199],[54.613516,24.437075],[54.613629,24.4372121],[54.6139107,24.4370197],[54.6131439,24.4360893],[54.6127967,24.4363265],[54.6134503,24.4371199]]]}},{"type":"Feature","properties":{"layer":"infrastructure","subtype":"transportation","class":"crossing","name":""},"geometry":{"type":"Point","coordinates":[54.6147618,24.4367108]}},{"type":"Feature","properties":{"layer":"infrastructure","subtype":"transportation","class":"crossing","name":""},"geometry":{"type":"Point","coordinates":[54.6149779,24.4365624]}},{"type":"Feature","properties":{"layer":"infrastructure","subtype":"transportation","class":"crossing","name":""},"geometry":{"type":"Point","coordinates":[54.6133609,24.4350581]}},{"type":"Feature","properties":{"layer":"infrastructure","subtype":"barrier","class":"kerb","name":""},"geometry":{"type":"Point","coordinates":[54.6122573,24.4357233]}},{"type":"Feature","properties":{"layer":"infrastructure","subtype":"transportation","class":"crossing","name":""},"geometry":{"type":"Point","coordinates":[54.6123153,24.4358029]}},{"type":"Feature","properties":{"layer":"infrastructure","subtype":"transportation","class":"crossing","name":""},"geometry":{"type":"Point","coordinates":[54.6131526,24.4353618]}},{"type":"Feature","properties":{"layer":"infrastructure","subtype":"barrier","class":"kerb","name":""},"geometry":{"type":"Point","coordinates":[54.6120456,24.4358478]}},{"type":"Feature","properties":{"layer":"infrastructure","subtype":"transportation","class":"crossing","name":""},"geometry":{"type":"Point","coordinates":[54.6121268,24.435926]}},{"type":"Feature","properties":{"layer":"infrastructure","subtype":"barrier","class":"kerb","name":""},"geometry":{"type":"Point","coordinates":[54.6123763,24.4358946]}},{"type":"Feature","properties":{"layer":"infrastructure","subtype":"barrier","class":"kerb","name":""},"geometry":{"type":"Point","coordinates":[54.6122161,24.4360084]}},{"type":"Feature","properties":{"layer":"infrastructure","subtype":"transportation","class":"crossing","name":""},"geometry":{"type":"Point","coordinates":[54.6123022,24.435944]}},{"type":"Feature","properties":{"layer":"infrastructure","subtype":"transportation","class":"crossing","name":""},"geometry":{"type":"Point","coordinates":[54.6118051,24.4362778]}},{"type":"Feature","properties":{"layer":"infrastructure","subtype":"barrier","class":"fence","name":""},"geometry":{"type":"LineString","coordinates":[[54.6117234,24.4369211],[54.6121925,24.4366081],[54.6119147,24.4362631],[54.6118376,24.4363165],[54.6115333,24.4365206],[54.6114354,24.4365837],[54.6117234,24.4369211]]}},{"type":"Feature","properties":{"layer":"infrastructure","subtype":"barrier","class":"gate","name":""},"geometry":{"type":"Point","coordinates":[54.6115333,24.4365206]}},{"type":"Feature","properties":{"layer":"infrastructure","subtype":"transportation","class":"crossing","name":""},"geometry":{"type":"Point","coordinates":[54.6115037,24.4364863]}},{"type":"Feature","properties":{"layer":"infrastructure","subtype":"transit","class":"parking","name":""},"geometry":{"type":"Polygon","coordinates":[[[54.6118999,24.4365851],[54.6120681,24.4364688],[54.611915,24.4362852],[54.6117468,24.4364015],[54.6118999,24.4365851]]]}},{"type":"Feature","properties":{"layer":"infrastructure","subtype":"transportation","class":"crossing","name":""},"geometry":{"type":"Point","coordinates":[54.6126041,24.4365326]}},{"type":"Feature","properties":{"layer":"infrastructure","subtype":"transportation","class":"crossing","name":""},"geometry":{"type":"Point","coordinates":[54.6112279,24.4366978]}},{"type":"Feature","properties":{"layer":"infrastructure","subtype":"barrier","class":"kerb","name":""},"geometry":{"type":"Point","coordinates":[54.6108462,24.4366585]}},{"type":"Feature","properties":{"layer":"infrastructure","subtype":"transportation","class":"crossing","name":""},"geometry":{"type":"Point","coordinates":[54.6109345,24.4367538]}},{"type":"Feature","properties":{"layer":"infrastructure","subtype":"barrier","class":"kerb","name":""},"geometry":{"type":"Point","coordinates":[54.6109879,24.4368086]}},{"type":"Feature","properties":{"layer":"infrastructure","subtype":"transportation","class":"crossing","name":""},"geometry":{"type":"Point","coordinates":[54.6080093,24.4369643]}},{"type":"Feature","properties":{"layer":"infrastructure","subtype":"barrier","class":"kerb","name":""},"geometry":{"type":"Point","coordinates":[54.6080167,24.4369413]}},{"type":"Feature","properties":{"layer":"infrastructure","subtype":"barrier","class":"kerb","name":""},"geometry":{"type":"Point","coordinates":[54.6082112,24.4369888]}},{"type":"Feature","properties":{"layer":"infrastructure","subtype":"transportation","class":"crossing","name":""},"geometry":{"type":"Point","coordinates":[54.6082015,24.4370193]}},{"type":"Feature","properties":{"layer":"infrastructure","subtype":"barrier","class":"kerb","name":""},"geometry":{"type":"Point","coordinates":[54.6081784,24.4370915]}},{"type":"Feature","properties":{"layer":"infrastructure","subtype":"barrier","class":"kerb","name":""},"geometry":{"type":"Point","coordinates":[54.6080292,24.4371168]}},{"type":"Feature","properties":{"layer":"infrastructure","subtype":"barrier","class":"kerb","name":""},"geometry":{"type":"Point","coordinates":[54.6079877,24.4370319]}},{"type":"Feature","properties":{"layer":"infrastructure","subtype":"transportation","class":"crossing","name":""},"geometry":{"type":"Point","coordinates":[54.6080771,24.4371253]}},{"type":"Feature","properties":{"layer":"infrastructure","subtype":"barrier","class":"kerb","name":""},"geometry":{"type":"Point","coordinates":[54.608114,24.4371335]}},{"type":"Feature","properties":{"layer":"infrastructure","subtype":"transportation","class":"crossing","name":""},"geometry":{"type":"Point","coordinates":[54.6105928,24.4369125]}},{"type":"Feature","properties":{"layer":"infrastructure","subtype":"transportation","class":"crossing","name":""},"geometry":{"type":"Point","coordinates":[54.6110746,24.4369839]}},{"type":"Feature","properties":{"layer":"infrastructure","subtype":"transportation","class":"crossing","name":""},"geometry":{"type":"Point","coordinates":[54.610756,24.4369892]}},{"type":"Feature","properties":{"layer":"infrastructure","subtype":"transportation","class":"crossing","name":""},"geometry":{"type":"Point","coordinates":[54.6109222,24.4370656]}},{"type":"Feature","properties":{"layer":"infrastructure","subtype":"transit","class":"parking","name":""},"geometry":{"type":"Polygon","coordinates":[[[54.6110305,24.436992],[54.6108848,24.436844],[54.6107502,24.4367062],[54.6106903,24.4366951],[54.6106417,24.4367562],[54.6105931,24.4367396],[54.6105146,24.4368862],[54.6107732,24.4370037],[54.6106191,24.4373031],[54.6108339,24.4373641],[54.6110305,24.436992]]]}},{"type":"Feature","properties":{"layer":"infrastructure","subtype":"transit","class":"parking","name":""},"geometry":{"type":"Polygon","coordinates":[[[54.6117448,24.4369456],[54.6119958,24.4372512],[54.612595,24.4368433],[54.6125,24.4367277],[54.6125942,24.4366635],[54.6124927,24.43654],[54.6122977,24.4366728],[54.6122431,24.4366063],[54.6117448,24.4369456]]]}},{"type":"Feature","properties":{"layer":"infrastructure","subtype":"transit","class":"parking","name":""},"geometry":{"type":"Polygon","coordinates":[[[54.6111118,24.4370827],[54.6111683,24.4371567],[54.6110801,24.4374318],[54.6115029,24.4375557],[54.6115979,24.4374957],[54.6112051,24.4370165],[54.6111118,24.4370827]]]}},{"type":"Feature","properties":{"layer":"infrastructure","subtype":"transportation","class":"crossing","name":""},"geometry":{"type":"Point","coordinates":[54.611443,24.4379096]}},{"type":"Feature","properties":{"layer":"infrastructure","subtype":"transportation","class":"crossing","name":""},"geometry":{"type":"Point","coordinates":[54.6097284,24.437887]}},{"type":"Feature","properties":{"layer":"infrastructure","subtype":"transportation","class":"crossing","name":""},"geometry":{"type":"Point","coordinates":[54.6095909,24.4377221]}},{"type":"Feature","properties":{"layer":"infrastructure","subtype":"transportation","class":"crossing","name":""},"geometry":{"type":"Point","coordinates":[54.6097175,24.4377656]}},{"type":"Feature","properties":{"layer":"infrastructure","subtype":"transportation","class":"crossing","name":""},"geometry":{"type":"Point","coordinates":[54.6078541,24.4377681]}},{"type":"Feature","properties":{"layer":"infrastructure","subtype":"transportation","class":"crossing","name":""},"geometry":{"type":"Point","coordinates":[54.6079022,24.4378718]}},{"type":"Feature","properties":{"layer":"infrastructure","subtype":"transportation","class":"crossing","name":""},"geometry":{"type":"Point","coordinates":[54.6078032,24.4379191]}},{"type":"Feature","properties":{"layer":"infrastructure","subtype":"transportation","class":"crossing","name":""},"geometry":{"type":"Point","coordinates":[54.608715,24.4381692]}},{"type":"Feature","properties":{"layer":"infrastructure","subtype":"transportation","class":"crossing","name":""},"geometry":{"type":"Point","coordinates":[54.6089121,24.4383784]}},{"type":"Feature","properties":{"layer":"infrastructure","subtype":"transportation","class":"crossing","name":""},"geometry":{"type":"Point","coordinates":[54.608709,24.4383145]}},{"type":"Feature","properties":{"layer":"infrastructure","subtype":"transportation","class":"crossing","name":""},"geometry":{"type":"Point","coordinates":[54.6085566,24.4389535]}},{"type":"Feature","properties":{"layer":"infrastructure","subtype":"transportation","class":"crossing","name":""},"geometry":{"type":"Point","coordinates":[54.6085018,24.4388473]}},{"type":"Feature","properties":{"layer":"infrastructure","subtype":"transportation","class":"crossing","name":""},"geometry":{"type":"Point","coordinates":[54.6093514,24.438913]}},{"type":"Feature","properties":{"layer":"infrastructure","subtype":"transportation","class":"crossing","name":""},"geometry":{"type":"Point","coordinates":[54.6114995,24.4385384]}},{"type":"Feature","properties":{"layer":"infrastructure","subtype":"transportation","class":"crossing","name":""},"geometry":{"type":"Point","coordinates":[54.6103491,24.4386483]}},{"type":"Feature","properties":{"layer":"infrastructure","subtype":"transportation","class":"crossing","name":""},"geometry":{"type":"Point","coordinates":[54.6125476,24.4382199]}},{"type":"Feature","properties":{"layer":"infrastructure","subtype":"transportation","class":"crossing","name":""},"geometry":{"type":"Point","coordinates":[54.611478,24.4380389]}},{"type":"Feature","properties":{"layer":"infrastructure","subtype":"transportation","class":"crossing","name":""},"geometry":{"type":"Point","coordinates":[54.6116114,24.4379571]}},{"type":"Feature","properties":{"layer":"infrastructure","subtype":"power","class":"plant","name":""},"geometry":{"type":"Polygon","coordinates":[[[54.6137699,24.4381788],[54.6138281,24.4380187],[54.613632,24.4377802],[54.6132549,24.4380359],[54.6137699,24.4381788]]]}},{"type":"Feature","properties":{"layer":"infrastructure","subtype":"transportation","class":"crossing","name":""},"geometry":{"type":"Point","coordinates":[54.6136715,24.438541]}},{"type":"Feature","properties":{"layer":"infrastructure","subtype":"transportation","class":"crossing","name":""},"geometry":{"type":"Point","coordinates":[54.6137293,24.4386655]}},{"type":"Feature","properties":{"layer":"infrastructure","subtype":"transportation","class":"crossing","name":""},"geometry":{"type":"Point","coordinates":[54.6138498,24.4385935]}},{"type":"Feature","properties":{"layer":"infrastructure","subtype":"transportation","class":"crossing","name":""},"geometry":{"type":"Point","coordinates":[54.6147899,24.4388511]}},{"type":"Feature","properties":{"layer":"infrastructure","subtype":"transportation","class":"crossing","name":""},"geometry":{"type":"Point","coordinates":[54.6149609,24.4369092]}},{"type":"Feature","properties":{"layer":"infrastructure","subtype":"transportation","class":"crossing","name":""},"geometry":{"type":"Point","coordinates":[54.614696,24.4405267]}},{"type":"Feature","properties":{"layer":"infrastructure","subtype":"transportation","class":"crossing","name":""},"geometry":{"type":"Point","coordinates":[54.6140671,24.4403504]}},{"type":"Feature","properties":{"layer":"infrastructure","subtype":"transportation","class":"crossing","name":""},"geometry":{"type":"Point","coordinates":[54.6141918,24.4402881]}},{"type":"Feature","properties":{"layer":"infrastructure","subtype":"transportation","class":"crossing","name":""},"geometry":{"type":"Point","coordinates":[54.6141794,24.4403229]}},{"type":"Feature","properties":{"layer":"infrastructure","subtype":"transportation","class":"crossing","name":""},"geometry":{"type":"Point","coordinates":[54.6136243,24.4389701]}},{"type":"Feature","properties":{"layer":"infrastructure","subtype":"transportation","class":"crossing","name":""},"geometry":{"type":"Point","coordinates":[54.6144198,24.4396093]}},{"type":"Feature","properties":{"layer":"infrastructure","subtype":"transportation","class":"crossing","name":""},"geometry":{"type":"Point","coordinates":[54.6112467,24.4397387]}},{"type":"Feature","properties":{"layer":"infrastructure","subtype":"transportation","class":"crossing","name":""},"geometry":{"type":"Point","coordinates":[54.6111046,24.4395617]}},{"type":"Feature","properties":{"layer":"infrastructure","subtype":"transportation","class":"crossing","name":""},"geometry":{"type":"Point","coordinates":[54.6112642,24.43958]}},{"type":"Feature","properties":{"layer":"infrastructure","subtype":"transportation","class":"crossing","name":""},"geometry":{"type":"Point","coordinates":[54.6123793,24.4394778]}},{"type":"Feature","properties":{"layer":"infrastructure","subtype":"transportation","class":"crossing","name":""},"geometry":{"type":"Point","coordinates":[54.6119118,24.4390457]}},{"type":"Feature","properties":{"layer":"infrastructure","subtype":"transportation","class":"crossing","name":""},"geometry":{"type":"Point","coordinates":[54.6120271,24.439185]}},{"type":"Feature","properties":{"layer":"infrastructure","subtype":"transportation","class":"crossing","name":""},"geometry":{"type":"Point","coordinates":[54.6118773,24.4391672]}},{"type":"Feature","properties":{"layer":"infrastructure","subtype":"transportation","class":"crossing","name":""},"geometry":{"type":"Point","coordinates":[54.6107894,24.4392137]}},{"type":"Feature","properties":{"layer":"infrastructure","subtype":"transportation","class":"crossing","name":""},"geometry":{"type":"Point","coordinates":[54.6103394,24.4391945]}},{"type":"Feature","properties":{"layer":"infrastructure","subtype":"transportation","class":"crossing","name":""},"geometry":{"type":"Point","coordinates":[54.6102195,24.4391436]}},{"type":"Feature","properties":{"layer":"infrastructure","subtype":"transportation","class":"crossing","name":""},"geometry":{"type":"Point","coordinates":[54.6093352,24.4390385]}},{"type":"Feature","properties":{"layer":"infrastructure","subtype":"transportation","class":"crossing","name":""},"geometry":{"type":"Point","coordinates":[54.6084442,24.4390187]}},{"type":"Feature","properties":{"layer":"infrastructure","subtype":"transportation","class":"crossing","name":""},"geometry":{"type":"Point","coordinates":[54.6074122,24.4390874]}},{"type":"Feature","properties":{"layer":"infrastructure","subtype":"transportation","class":"crossing","name":""},"geometry":{"type":"Point","coordinates":[54.6074679,24.4391989]}},{"type":"Feature","properties":{"layer":"infrastructure","subtype":"transportation","class":"crossing","name":""},"geometry":{"type":"Point","coordinates":[54.6073537,24.4392489]}},{"type":"Feature","properties":{"layer":"infrastructure","subtype":"transportation","class":"crossing","name":""},"geometry":{"type":"Point","coordinates":[54.6083304,24.4393442]}},{"type":"Feature","properties":{"layer":"infrastructure","subtype":"transportation","class":"crossing","name":""},"geometry":{"type":"Point","coordinates":[54.6081547,24.4393916]}},{"type":"Feature","properties":{"layer":"infrastructure","subtype":"transportation","class":"crossing","name":""},"geometry":{"type":"Point","coordinates":[54.6083984,24.439458]}},{"type":"Feature","properties":{"layer":"infrastructure","subtype":"transportation","class":"crossing","name":""},"geometry":{"type":"Point","coordinates":[54.6096179,24.4395581]}},{"type":"Feature","properties":{"layer":"infrastructure","subtype":"transportation","class":"crossing","name":""},"geometry":{"type":"Point","coordinates":[54.6097361,24.4396111]}},{"type":"Feature","properties":{"layer":"infrastructure","subtype":"transportation","class":"crossing","name":""},"geometry":{"type":"Point","coordinates":[54.6088494,24.439697]}},{"type":"Feature","properties":{"layer":"infrastructure","subtype":"transportation","class":"crossing","name":""},"geometry":{"type":"Point","coordinates":[54.6087039,24.4401868]}},{"type":"Feature","properties":{"layer":"infrastructure","subtype":"transportation","class":"crossing","name":""},"geometry":{"type":"Point","coordinates":[54.6088186,24.4402402]}},{"type":"Feature","properties":{"layer":"infrastructure","subtype":"transportation","class":"crossing","name":""},"geometry":{"type":"Point","coordinates":[54.6076488,24.4401936]}},{"type":"Feature","properties":{"layer":"infrastructure","subtype":"transportation","class":"crossing","name":""},"geometry":{"type":"Point","coordinates":[54.6075175,24.4401712]}},{"type":"Feature","properties":{"layer":"infrastructure","subtype":"transportation","class":"crossing","name":""},"geometry":{"type":"Point","coordinates":[54.60931,24.4402879]}},{"type":"Feature","properties":{"layer":"infrastructure","subtype":"transportation","class":"crossing","name":""},"geometry":{"type":"Point","coordinates":[54.6116412,24.4402153]}},{"type":"Feature","properties":{"layer":"infrastructure","subtype":"transportation","class":"crossing","name":""},"geometry":{"type":"Point","coordinates":[54.6132664,24.4400342]}},{"type":"Feature","properties":{"layer":"infrastructure","subtype":"transportation","class":"crossing","name":""},"geometry":{"type":"Point","coordinates":[54.6131484,24.4400941]}},{"type":"Feature","properties":{"layer":"infrastructure","subtype":"transportation","class":"crossing","name":""},"geometry":{"type":"Point","coordinates":[54.6133308,24.4401441]}},{"type":"Feature","properties":{"layer":"infrastructure","subtype":"transportation","class":"crossing","name":""},"geometry":{"type":"Point","coordinates":[54.6132128,24.4402002]}},{"type":"Feature","properties":{"layer":"infrastructure","subtype":"transportation","class":"crossing","name":""},"geometry":{"type":"Point","coordinates":[54.611859,24.4406297]}},{"type":"Feature","properties":{"layer":"infrastructure","subtype":"transportation","class":"crossing","name":""},"geometry":{"type":"Point","coordinates":[54.6119937,24.4407193]}},{"type":"Feature","properties":{"layer":"infrastructure","subtype":"transportation","class":"crossing","name":""},"geometry":{"type":"Point","coordinates":[54.611871,24.4408276]}},{"type":"Feature","properties":{"layer":"infrastructure","subtype":"transportation","class":"crossing","name":""},"geometry":{"type":"Point","coordinates":[54.6129875,24.4408717]}},{"type":"Feature","properties":{"layer":"infrastructure","subtype":"transportation","class":"crossing","name":""},"geometry":{"type":"Point","coordinates":[54.6128552,24.4409303]}},{"type":"Feature","properties":{"layer":"infrastructure","subtype":"transportation","class":"crossing","name":""},"geometry":{"type":"Point","coordinates":[54.6130532,24.4409853]}},{"type":"Feature","properties":{"layer":"infrastructure","subtype":"transportation","class":"crossing","name":""},"geometry":{"type":"Point","coordinates":[54.6118235,24.4410276]}},{"type":"Feature","properties":{"layer":"infrastructure","subtype":"transportation","class":"crossing","name":""},"geometry":{"type":"Point","coordinates":[54.6078977,24.4408751]}},{"type":"Feature","properties":{"layer":"infrastructure","subtype":"transportation","class":"crossing","name":""},"geometry":{"type":"Point","coordinates":[54.607785,24.4408153]}},{"type":"Feature","properties":{"layer":"infrastructure","subtype":"transportation","class":"crossing","name":""},"geometry":{"type":"Point","coordinates":[54.6088121,24.4409804]}},{"type":"Feature","properties":{"layer":"infrastructure","subtype":"transportation","class":"crossing","name":""},"geometry":{"type":"Point","coordinates":[54.6070457,24.4404812]}},{"type":"Feature","properties":{"layer":"infrastructure","subtype":"transportation","class":"crossing","name":""},"geometry":{"type":"Point","coordinates":[54.606918,24.4405191]}},{"type":"Feature","properties":{"layer":"infrastructure","subtype":"transportation","class":"crossing","name":""},"geometry":{"type":"Point","coordinates":[54.6069759,24.4403653]}},{"type":"Feature","properties":{"layer":"infrastructure","subtype":"transportation","class":"crossing","name":""},"geometry":{"type":"Point","coordinates":[54.6069419,24.440255]}},{"type":"Feature","properties":{"layer":"infrastructure","subtype":"barrier","class":"gate","name":""},"geometry":{"type":"Point","coordinates":[54.6069026,24.4402414]}},{"type":"Feature","properties":{"layer":"infrastructure","subtype":"barrier","class":"gate","name":""},"geometry":{"type":"Point","coordinates":[54.6069166,24.4401874]}},{"type":"Feature","properties":{"layer":"infrastructure","subtype":"transportation","class":"crossing","name":""},"geometry":{"type":"Point","coordinates":[54.606961,24.4401983]}},{"type":"Feature","properties":{"layer":"infrastructure","subtype":"transportation","class":"crossing","name":""},"geometry":{"type":"Point","coordinates":[54.6070658,24.440101]}},{"type":"Feature","properties":{"layer":"infrastructure","subtype":"transportation","class":"crossing","name":""},"geometry":{"type":"Point","coordinates":[54.6071829,24.4400348]}},{"type":"Feature","properties":{"layer":"infrastructure","subtype":"transportation","class":"traffic_signals","name":""},"geometry":{"type":"Point","coordinates":[54.6015213,24.4408377]}},{"type":"Feature","properties":{"layer":"infrastructure","subtype":"transportation","class":"crossing","name":""},"geometry":{"type":"Point","coordinates":[54.6013366,24.4408304]}},{"type":"Feature","properties":{"layer":"infrastructure","subtype":"transportation","class":"crossing","name":""},"geometry":{"type":"Point","coordinates":[54.6015157,24.4408786]}},{"type":"Feature","properties":{"layer":"infrastructure","subtype":"transportation","class":"crossing","name":""},"geometry":{"type":"Point","coordinates":[54.6016686,24.4408971]}},{"type":"Feature","properties":{"layer":"infrastructure","subtype":"transportation","class":"crossing","name":""},"geometry":{"type":"Point","coordinates":[54.6016249,24.4410222]}},{"type":"Feature","properties":{"layer":"infrastructure","subtype":"transportation","class":"crossing","name":""},"geometry":{"type":"Point","coordinates":[54.6011727,24.4410426]}},{"type":"Feature","properties":{"layer":"infrastructure","subtype":"transportation","class":"crossing","name":""},"geometry":{"type":"Point","coordinates":[54.6012014,24.4409089]}},{"type":"Feature","properties":{"layer":"infrastructure","subtype":"transportation","class":"traffic_signals","name":""},"geometry":{"type":"Point","coordinates":[54.6011618,24.4408979]}},{"type":"Feature","properties":{"layer":"infrastructure","subtype":"transportation","class":"crossing","name":""},"geometry":{"type":"Point","coordinates":[54.6011838,24.4407741]}},{"type":"Feature","properties":{"layer":"infrastructure","subtype":"transportation","class":"crossing","name":""},"geometry":{"type":"Point","coordinates":[54.6006736,24.4406898]}},{"type":"Feature","properties":{"layer":"infrastructure","subtype":"barrier","class":"lift_gate","name":"13"},"geometry":{"type":"Point","coordinates":[54.5979557,24.4403548]}},{"type":"Feature","properties":{"layer":"infrastructure","subtype":"transit","class":"parking","name":""},"geometry":{"type":"Polygon","coordinates":[[[54.5993064,24.4402862],[54.5993413,24.4401722],[54.5978531,24.439751],[54.5978129,24.4398709],[54.5993064,24.4402862]]]}},{"type":"Feature","properties":{"layer":"infrastructure","subtype":"transportation","class":"crossing","name":""},"geometry":{"type":"Point","coordinates":[54.6012705,24.43983]}},{"type":"Feature","properties":{"layer":"infrastructure","subtype":"barrier","class":"wall","name":""},"geometry":{"type":"LineString","coordinates":[[54.6006607,24.4395372],[54.6006411,24.4395902],[54.6008073,24.4396411],[54.601218,24.4397576],[54.6012971,24.4395147]]}},{"type":"Feature","properties":{"layer":"infrastructure","subtype":"barrier","class":"wall","name":""},"geometry":{"type":"LineString","coordinates":[[54.5986739,24.439939],[54.5987342,24.4399591],[54.5989066,24.4394317],[54.5983319,24.439268],[54.5982742,24.4394445],[54.5982192,24.439613],[54.5981549,24.4398016],[54.5983796,24.4398577],[54.5984134,24.4398701]]}},{"type":"Feature","properties":{"layer":"infrastructure","subtype":"transit","class":"bus_stop","name":""},"geometry":{"type":"Point","coordinates":[54.5975441,24.4397885]}},{"type":"Feature","properties":{"layer":"infrastructure","subtype":"barrier","class":"gate","name":""},"geometry":{"type":"Point","coordinates":[54.5964295,24.4393272]}},{"type":"Feature","properties":{"layer":"infrastructure","subtype":"barrier","class":"wall","name":""},"geometry":{"type":"LineString","coordinates":[[54.5964517,24.4393126],[54.5965852,24.4393443],[54.5966923,24.4393747],[54.5967266,24.4393846],[54.5968826,24.4389188],[54.5968998,24.4388613],[54.5968631,24.4388522],[54.5963256,24.4386973],[54.5961513,24.4392259],[54.5964074,24.4393016]]}},{"type":"Feature","properties":{"layer":"infrastructure","subtype":"barrier","class":"wall","name":""},"geometry":{"type":"LineString","coordinates":[[54.599553,24.4395843],[54.6001189,24.4397473],[54.600302,24.439218],[54.5997293,24.4390587],[54.599553,24.4395843]]}},{"type":"Feature","properties":{"layer":"infrastructure","subtype":"barrier","class":"wall","name":""},"geometry":{"type":"LineString","coordinates":[[54.6007264,24.4393523],[54.6006748,24.4395086]]}},{"type":"Feature","properties":{"layer":"infrastructure","subtype":"barrier","class":"wall","name":""},"geometry":{"type":"LineString","coordinates":[[54.6008223,24.4390635],[54.6014003,24.4392284],[54.6013487,24.4393712],[54.6012971,24.4395147],[54.6007264,24.4393523],[54.600774,24.4392033],[54.6008136,24.4390892]]}},{"type":"Feature","properties":{"layer":"infrastructure","subtype":"transportation","class":"crossing","name":""},"geometry":{"type":"Point","coordinates":[54.6005621,24.4391475]}},{"type":"Feature","properties":{"layer":"infrastructure","subtype":"transportation","class":"crossing","name":""},"geometry":{"type":"Point","coordinates":[54.6002118,24.439023]}},{"type":"Feature","properties":{"layer":"infrastructure","subtype":"transportation","class":"crossing","name":""},"geometry":{"type":"Point","coordinates":[54.6071219,24.439935]}},{"type":"Feature","properties":{"layer":"infrastructure","subtype":"transportation","class":"crossing","name":""},"geometry":{"type":"Point","coordinates":[54.6072897,24.4391482]}},{"type":"Feature","properties":{"layer":"infrastructure","subtype":"transportation","class":"crossing","name":""},"geometry":{"type":"Point","coordinates":[54.6065528,24.4389433]}},{"type":"Feature","properties":{"layer":"infrastructure","subtype":"transportation","class":"crossing","name":""},"geometry":{"type":"Point","coordinates":[54.6063604,24.4388868]}},{"type":"Feature","properties":{"layer":"infrastructure","subtype":"transportation","class":"crossing","name":""},"geometry":{"type":"Point","coordinates":[54.6064866,24.4388249]}},{"type":"Feature","properties":{"layer":"infrastructure","subtype":"barrier","class":"gate","name":""},"geometry":{"type":"Point","coordinates":[54.6056423,24.4388841]}},{"type":"Feature","properties":{"layer":"infrastructure","subtype":"barrier","class":"gate","name":""},"geometry":{"type":"Point","coordinates":[54.6057113,24.4389012]}},{"type":"Feature","properties":{"layer":"infrastructure","subtype":"barrier","class":"wall","name":""},"geometry":{"type":"LineString","coordinates":[[54.6012991,24.4385892],[54.6015414,24.438657],[54.6015879,24.4386691],[54.6015779,24.4387011],[54.6015376,24.4388168],[54.6015292,24.4388432],[54.6015193,24.4388746],[54.6014779,24.4389934],[54.6014694,24.4390196],[54.6014596,24.4390498],[54.6014188,24.4391683],[54.601409,24.4391973],[54.6013552,24.4391823],[54.6011633,24.4391307]]}},{"type":"Feature","properties":{"layer":"infrastructure","subtype":"barrier","class":"wall","name":""},"geometry":{"type":"LineString","coordinates":[[54.6017769,24.4381089],[54.6012025,24.4379433],[54.6011506,24.4381002],[54.6011244,24.4381686],[54.6011127,24.4382028]]}},{"type":"Feature","properties":{"layer":"infrastructure","subtype":"barrier","class":"wall","name":""},"geometry":{"type":"LineString","coordinates":[[54.6012978,24.4376619],[54.6013876,24.4374079],[54.6019596,24.4375728],[54.6019234,24.4376942],[54.6017769,24.4381089],[54.6016008,24.4386075],[54.6015876,24.438645],[54.6010255,24.4384805],[54.6010571,24.4383764],[54.6010919,24.4382757]]}},{"type":"Feature","properties":{"layer":"infrastructure","subtype":"barrier","class":"kerb","name":""},"geometry":{"type":"Point","coordinates":[54.6069579,24.437657]}},{"type":"Feature","properties":{"layer":"infrastructure","subtype":"barrier","class":"kerb","name":""},"geometry":{"type":"Point","coordinates":[54.606919,24.437688]}},{"type":"Feature","properties":{"layer":"infrastructure","subtype":"transportation","class":"crossing","name":""},"geometry":{"type":"Point","coordinates":[54.6068714,24.4376769]}},{"type":"Feature","properties":{"layer":"infrastructure","subtype":"barrier","class":"kerb","name":""},"geometry":{"type":"Point","coordinates":[54.60681,24.4376596]}},{"type":"Feature","properties":{"layer":"infrastructure","subtype":"transportation","class":"crossing","name":""},"geometry":{"type":"Point","coordinates":[54.6059508,24.4374072]}},{"type":"Feature","properties":{"layer":"infrastructure","subtype":"barrier","class":"kerb","name":""},"geometry":{"type":"Point","coordinates":[54.6059989,24.4374193]}},{"type":"Feature","properties":{"layer":"infrastructure","subtype":"barrier","class":"kerb","name":""},"geometry":{"type":"Point","coordinates":[54.6060314,24.4374118]}},{"type":"Feature","properties":{"layer":"infrastructure","subtype":"transportation","class":"crossing","name":""},"geometry":{"type":"Point","coordinates":[54.6067848,24.437559]}},{"type":"Feature","properties":{"layer":"infrastructure","subtype":"barrier","class":"kerb","name":""},"geometry":{"type":"Point","coordinates":[54.6067607,24.4376181]}},{"type":"Feature","properties":{"layer":"infrastructure","subtype":"transportation","class":"crossing","name":""},"geometry":{"type":"Point","coordinates":[54.6069772,24.4376155]}},{"type":"Feature","properties":{"layer":"infrastructure","subtype":"barrier","class":"kerb","name":""},"geometry":{"type":"Point","coordinates":[54.6069949,24.4375577]}},{"type":"Feature","properties":{"layer":"infrastructure","subtype":"barrier","class":"kerb","name":""},"geometry":{"type":"Point","coordinates":[54.6068011,24.4375023]}},{"type":"Feature","properties":{"layer":"infrastructure","subtype":"barrier","class":"kerb","name":""},"geometry":{"type":"Point","coordinates":[54.605851,24.4373814]}},{"type":"Feature","properties":{"layer":"infrastructure","subtype":"transportation","class":"crossing","name":""},"geometry":{"type":"Point","coordinates":[54.6060525,24.4373502]}},{"type":"Feature","properties":{"layer":"infrastructure","subtype":"barrier","class":"kerb","name":""},"geometry":{"type":"Point","coordinates":[54.6060719,24.4372939]}},{"type":"Feature","properties":{"layer":"infrastructure","subtype":"transportation","class":"crossing","name":""},"geometry":{"type":"Point","coordinates":[54.6058785,24.4373075]}},{"type":"Feature","properties":{"layer":"infrastructure","subtype":"barrier","class":"kerb","name":""},"geometry":{"type":"Point","coordinates":[54.6060532,24.4372586]}},{"type":"Feature","properties":{"layer":"infrastructure","subtype":"transportation","class":"crossing","name":""},"geometry":{"type":"Point","coordinates":[54.606004,24.4372499]}},{"type":"Feature","properties":{"layer":"infrastructure","subtype":"barrier","class":"kerb","name":""},"geometry":{"type":"Point","coordinates":[54.6059004,24.4372394]}},{"type":"Feature","properties":{"layer":"infrastructure","subtype":"transportation","class":"crossing","name":""},"geometry":{"type":"Point","coordinates":[54.6051284,24.4370915]}},{"type":"Feature","properties":{"layer":"infrastructure","subtype":"barrier","class":"kerb","name":""},"geometry":{"type":"Point","coordinates":[54.6051485,24.4370322]}},{"type":"Feature","properties":{"layer":"infrastructure","subtype":"transportation","class":"crossing","name":""},"geometry":{"type":"Point","coordinates":[54.6044934,24.4369103]}},{"type":"Feature","properties":{"layer":"infrastructure","subtype":"transportation","class":"crossing","name":""},"geometry":{"type":"Point","coordinates":[54.6043594,24.4370178]}},{"type":"Feature","properties":{"layer":"infrastructure","subtype":"transportation","class":"crossing","name":""},"geometry":{"type":"Point","coordinates":[54.6049595,24.4370437]}},{"type":"Feature","properties":{"layer":"infrastructure","subtype":"transportation","class":"crossing","name":""},"geometry":{"type":"Point","coordinates":[54.6050215,24.4371797]}},{"type":"Feature","properties":{"layer":"infrastructure","subtype":"barrier","class":"kerb","name":""},"geometry":{"type":"Point","coordinates":[54.6051053,24.4371565]}},{"type":"Feature","properties":{"layer":"infrastructure","subtype":"transportation","class":"crossing","name":""},"geometry":{"type":"Point","coordinates":[54.6042462,24.4373494]}},{"type":"Feature","properties":{"layer":"infrastructure","subtype":"transportation","class":"crossing","name":""},"geometry":{"type":"Point","coordinates":[54.6043079,24.4374637]}},{"type":"Feature","properties":{"layer":"infrastructure","subtype":"transportation","class":"crossing","name":""},"geometry":{"type":"Point","coordinates":[54.6041861,24.4375237]}},{"type":"Feature","properties":{"layer":"infrastructure","subtype":"barrier","class":"wall","name":""},"geometry":{"type":"LineString","coordinates":[[54.6003456,24.4376936],[54.6004398,24.4377153],[54.6005719,24.4377537],[54.6009196,24.4378517],[54.600858,24.4380255],[54.600846,24.4380679],[54.6008424,24.4380795]]}},{"type":"Feature","properties":{"layer":"infrastructure","subtype":"barrier","class":"wall","name":""},"geometry":{"type":"LineString","coordinates":[[54.6012025,24.4379433],[54.6012421,24.4378278],[54.6012777,24.4377246],[54.6012817,24.4377052]]}},{"type":"Feature","properties":{"layer":"infrastructure","subtype":"transportation","class":"crossing","name":""},"geometry":{"type":"Point","coordinates":[54.6012134,24.4376649]}},{"type":"Feature","properties":{"layer":"infrastructure","subtype":"barrier","class":"wall","name":""},"geometry":{"type":"LineString","coordinates":[[54.6009833,24.4376631],[54.6009316,24.4378231],[54.6003543,24.437668]]}},{"type":"Feature","properties":{"layer":"infrastructure","subtype":"barrier","class":"wall","name":""},"geometry":{"type":"LineString","coordinates":[[54.5996442,24.437806],[54.5996597,24.4377613],[54.599671,24.4377337],[54.5997387,24.4375227],[54.6003141,24.4376826],[54.6002154,24.4379874],[54.6001946,24.4380449],[54.6001256,24.4382449],[54.5998467,24.4381619],[54.5995563,24.4380801],[54.5996267,24.437856]]}},{"type":"Feature","properties":{"layer":"infrastructure","subtype":"transportation","class":"crossing","name":""},"geometry":{"type":"Point","coordinates":[54.5995505,24.4378128]}},{"type":"Feature","properties":{"layer":"infrastructure","subtype":"barrier","class":"wall","name":""},"geometry":{"type":"LineString","coordinates":[[54.5992693,24.4379848],[54.5993016,24.4378964],[54.5993393,24.4377914],[54.5993545,24.4377351]]}},{"type":"Feature","properties":{"layer":"infrastructure","subtype":"barrier","class":"wall","name":""},"geometry":{"type":"LineString","coordinates":[[54.5987818,24.4375728],[54.5986873,24.4378493],[54.5992613,24.4380135]]}},{"type":"Feature","properties":{"layer":"infrastructure","subtype":"barrier","class":"wall","name":""},"geometry":{"type":"LineString","coordinates":[[54.5982771,24.4371022],[54.5983346,24.4371189],[54.5985084,24.437168],[54.5986838,24.4372141],[54.5988014,24.4372496],[54.5988532,24.4372621],[54.5988088,24.4373896],[54.5987608,24.4375399],[54.5986644,24.4378294],[54.59812,24.4376729],[54.5980913,24.4376647],[54.5981,24.4376395],[54.5982771,24.4371022]]}},{"type":"Feature","properties":{"layer":"infrastructure","subtype":"barrier","class":"wall","name":""},"geometry":{"type":"LineString","coordinates":[[54.5994527,24.4374485],[54.5994428,24.4374743],[54.5993545,24.4377351],[54.5987818,24.4375728],[54.5988771,24.4372797],[54.599413,24.4374359],[54.5994527,24.4374485]]}},{"type":"Feature","properties":{"layer":"infrastructure","subtype":"barrier","class":"wall","name":""},"geometry":{"type":"LineString","coordinates":[[54.6010503,24.437461],[54.6010222,24.4375398],[54.6009947,24.4376271]]}},{"type":"Feature","properties":{"layer":"infrastructure","subtype":"barrier","class":"wall","name":""},"geometry":{"type":"LineString","coordinates":[[54.6003543,24.437668],[54.6003628,24.4376488],[54.6003861,24.4375701],[54.6004508,24.4373866],[54.6005487,24.4370911],[54.6011194,24.4372608],[54.6010678,24.4374171]]}},{"type":"Feature","properties":{"layer":"infrastructure","subtype":"barrier","class":"wall","name":""},"geometry":{"type":"LineString","coordinates":[[54.5998755,24.4371222],[54.5999359,24.4369318],[54.6005139,24.4370966],[54.6003241,24.4376637],[54.5997494,24.4375001],[54.5998091,24.4373243]]}},{"type":"Feature","properties":{"layer":"infrastructure","subtype":"barrier","class":"wall","name":""},"geometry":{"type":"LineString","coordinates":[[54.5998219,24.4372858],[54.5998347,24.4372567],[54.5998568,24.4371858],[54.5998661,24.4371589]]}},{"type":"Feature","properties":{"layer":"infrastructure","subtype":"transportation","class":"crossing","name":""},"geometry":{"type":"Point","coordinates":[54.5997804,24.4371187]}},{"type":"Feature","properties":{"layer":"infrastructure","subtype":"barrier","class":"wall","name":""},"geometry":{"type":"LineString","coordinates":[[54.5995483,24.4371637],[54.5995415,24.4371762],[54.5995253,24.4372199],[54.599497,24.4372977],[54.5994788,24.4373627],[54.5994631,24.437414],[54.5988871,24.4372516],[54.5988943,24.4372243],[54.5989468,24.4370863],[54.5989795,24.4369914],[54.598995,24.4369461],[54.5990178,24.4368393],[54.5990701,24.4367007],[54.5990755,24.4366857],[54.5996583,24.4368524],[54.5995878,24.4370527],[54.5995774,24.4370859],[54.5995711,24.4371045]]}},{"type":"Feature","properties":{"layer":"infrastructure","subtype":"transportation","class":"crossing","name":""},"geometry":{"type":"Point","coordinates":[54.5997862,24.4369178]}},{"type":"Feature","properties":{"layer":"infrastructure","subtype":"barrier","class":"wall","name":""},"geometry":{"type":"LineString","coordinates":[[54.5983737,24.436816],[54.59837,24.4368283],[54.5983525,24.4368811],[54.5982901,24.4370758],[54.5988485,24.4372363],[54.5989304,24.4370067],[54.5989704,24.4368878],[54.5990421,24.4366872],[54.5985519,24.4365341],[54.5984737,24.4365098],[54.5984449,24.4365867],[54.5983723,24.4367865]]}},{"type":"Feature","properties":{"layer":"infrastructure","subtype":"transportation","class":"crossing","name":""},"geometry":{"type":"Point","coordinates":[54.5996553,24.43715]}},{"type":"Feature","properties":{"layer":"infrastructure","subtype":"transportation","class":"crossing","name":""},"geometry":{"type":"Point","coordinates":[54.5997305,24.4372761]}},{"type":"Feature","properties":{"layer":"infrastructure","subtype":"barrier","class":"wall","name":""},"geometry":{"type":"LineString","coordinates":[[54.5978659,24.4374217],[54.5978506,24.4374644],[54.5978234,24.4375534],[54.5977808,24.4375425],[54.5972326,24.4373778],[54.5974419,24.436816],[54.5980116,24.4369655],[54.5978839,24.4373728]]}},{"type":"Feature","properties":{"layer":"infrastructure","subtype":"barrier","class":"wall","name":""},"geometry":{"type":"LineString","coordinates":[[54.5966341,24.4372193],[54.5972154,24.4373884],[54.5973693,24.4369593],[54.5974226,24.4368054],[54.5973694,24.4367901],[54.5970988,24.4367045],[54.5970015,24.4366766],[54.5968359,24.4366265],[54.5968332,24.4366481],[54.5967982,24.4367437],[54.5967733,24.4368159],[54.5966341,24.4372193]]}},{"type":"Feature","properties":{"layer":"infrastructure","subtype":"barrier","class":"wall","name":""},"geometry":{"type":"LineString","coordinates":[[54.5957677,24.4376546],[54.5957916,24.4376616],[54.5958395,24.437673],[54.5961405,24.4377535],[54.5963229,24.4372175],[54.5956832,24.4370307],[54.5954995,24.4375715],[54.5957047,24.4376314]]}},{"type":"Feature","properties":{"layer":"infrastructure","subtype":"barrier","class":"wall","name":""},"geometry":{"type":"LineString","coordinates":[[54.5964383,24.4378361],[54.5970163,24.438],[54.5972184,24.4374091],[54.5966404,24.4372452],[54.5965597,24.4374812],[54.5965424,24.4375316],[54.5965193,24.4375993],[54.5964383,24.4378361]]}},{"type":"Feature","properties":{"layer":"infrastructure","subtype":"barrier","class":"gate","name":""},"geometry":{"type":"Point","coordinates":[54.5965597,24.4374812]}},{"type":"Feature","properties":{"layer":"infrastructure","subtype":"transportation","class":"crossing","name":""},"geometry":{"type":"Point","coordinates":[54.596497,24.437463]}},{"type":"Feature","properties":{"layer":"infrastructure","subtype":"transportation","class":"crossing","name":""},"geometry":{"type":"Point","coordinates":[54.5962509,24.4378671]}},{"type":"Feature","properties":{"layer":"infrastructure","subtype":"transportation","class":"crossing","name":""},"geometry":{"type":"Point","coordinates":[54.5955886,24.437816]}},{"type":"Feature","properties":{"layer":"infrastructure","subtype":"barrier","class":"wall","name":""},"geometry":{"type":"LineString","coordinates":[[54.596284,24.4380856],[54.5959139,24.4379806],[54.5957315,24.4385007],[54.5962974,24.4386643],[54.5964798,24.4381454],[54.5963699,24.4381149]]}},{"type":"Feature","properties":{"layer":"infrastructure","subtype":"transportation","class":"crossing","name":""},"geometry":{"type":"Point","coordinates":[54.597717,24.4382906]}},{"type":"Feature","properties":{"layer":"infrastructure","subtype":"barrier","class":"wall","name":""},"geometry":{"type":"LineString","coordinates":[[54.5979927,24.4379288],[54.5980153,24.4378645],[54.5980791,24.4376894],[54.5986511,24.4378548],[54.5984647,24.4384164],[54.59789,24.4382498],[54.5979564,24.4380615],[54.5979754,24.4380019]]}},{"type":"Feature","properties":{"layer":"infrastructure","subtype":"transportation","class":"crossing","name":""},"geometry":{"type":"Point","coordinates":[54.597977,24.4379656]}},{"type":"Feature","properties":{"layer":"infrastructure","subtype":"barrier","class":"wall","name":""},"geometry":{"type":"LineString","coordinates":[[54.5986873,24.4378493],[54.5985907,24.4381283]]}},{"type":"Feature","properties":{"layer":"infrastructure","subtype":"transportation","class":"crossing","name":""},"geometry":{"type":"Point","coordinates":[54.5993512,24.4380707]}},{"type":"Feature","properties":{"layer":"infrastructure","subtype":"transportation","class":"crossing","name":""},"geometry":{"type":"Point","coordinates":[54.5993684,24.4380275]}},{"type":"Feature","properties":{"layer":"infrastructure","subtype":"transportation","class":"crossing","name":""},"geometry":{"type":"Point","coordinates":[54.6009173,24.4381723]}},{"type":"Feature","properties":{"layer":"infrastructure","subtype":"barrier","class":"wall","name":""},"geometry":{"type":"LineString","coordinates":[[54.600817,24.438171],[54.6007325,24.4384122],[54.6001558,24.4382534],[54.6003456,24.4376936]]}},{"type":"Feature","properties":{"layer":"infrastructure","subtype":"transportation","class":"crossing","name":""},"geometry":{"type":"Point","coordinates":[54.601028,24.4382066]}},{"type":"Feature","properties":{"layer":"infrastructure","subtype":"barrier","class":"wall","name":""},"geometry":{"type":"LineString","coordinates":[[54.5992465,24.4380495],[54.5992126,24.4381505],[54.5991781,24.4382508],[54.5991753,24.4382584],[54.5991636,24.4382929],[54.5991607,24.4382992]]}},{"type":"Feature","properties":{"layer":"infrastructure","subtype":"barrier","class":"wall","name":""},"geometry":{"type":"LineString","coordinates":[[54.5984948,24.4384201],[54.5990675,24.438588],[54.5991607,24.4382992],[54.5985907,24.4381283],[54.5984948,24.4384201]]}},{"type":"Feature","properties":{"layer":"infrastructure","subtype":"transportation","class":"crossing","name":""},"geometry":{"type":"Point","coordinates":[54.5992009,24.4386633]}},{"type":"Feature","properties":{"layer":"infrastructure","subtype":"barrier","class":"wall","name":""},"geometry":{"type":"LineString","coordinates":[[54.5999312,24.4388218],[54.5993545,24.4386692],[54.5994966,24.4382412]]}},{"type":"Feature","properties":{"layer":"infrastructure","subtype":"barrier","class":"wall","name":""},"geometry":{"type":"LineString","coordinates":[[54.5998572,24.4381917],[54.6001176,24.4382699],[54.5999312,24.4388218]]}},{"type":"Feature","properties":{"layer":"infrastructure","subtype":"barrier","class":"wall","name":""},"geometry":{"type":"LineString","coordinates":[[54.6002765,24.4389219],[54.6005293,24.4389939],[54.6007217,24.438428],[54.6001531,24.4382705],[54.5999573,24.4388346],[54.6002202,24.438906]]}},{"type":"Feature","properties":{"layer":"infrastructure","subtype":"barrier","class":"wall","name":""},"geometry":{"type":"LineString","coordinates":[[54.6011221,24.4391207],[54.601082,24.439111],[54.6008317,24.4390373],[54.6008934,24.4388517],[54.6010018,24.438533],[54.6010129,24.4385053],[54.6010499,24.4385175],[54.6012991,24.4385892]]}},{"type":"Feature","properties":{"layer":"infrastructure","subtype":"barrier","class":"wall","name":""},"geometry":{"type":"LineString","coordinates":[[54.6012991,24.4385892],[54.6012548,24.4387319],[54.601243,24.4387622],[54.6011938,24.4389048],[54.6011829,24.4389381],[54.6011323,24.4390858],[54.6011221,24.4391207],[54.6011633,24.4391307]]}},{"type":"Feature","properties":{"layer":"infrastructure","subtype":"barrier","class":"wall","name":""},"geometry":{"type":"LineString","coordinates":[[54.6011829,24.4389381],[54.6012262,24.4389499]]}},{"type":"Feature","properties":{"layer":"infrastructure","subtype":"barrier","class":"wall","name":""},"geometry":{"type":"LineString","coordinates":[[54.5969988,24.4388816],[54.5971759,24.438298],[54.5977284,24.4384445],[54.5977321,24.4384523],[54.5977359,24.4384612],[54.5977361,24.4384731],[54.5975427,24.4390483],[54.5969988,24.4388816]]}},{"type":"Feature","properties":{"layer":"infrastructure","subtype":"transportation","class":"crossing","name":""},"geometry":{"type":"Point","coordinates":[54.5945054,24.438948]}},{"type":"Feature","properties":{"layer":"infrastructure","subtype":"transportation","class":"crossing","name":""},"geometry":{"type":"Point","coordinates":[54.594102,24.4388319]}},{"type":"Feature","properties":{"layer":"infrastructure","subtype":"transportation","class":"crossing","name":""},"geometry":{"type":"Point","coordinates":[54.5942493,24.4388743]}},{"type":"Feature","properties":{"layer":"infrastructure","subtype":"transportation","class":"crossing","name":""},"geometry":{"type":"Point","coordinates":[54.5937543,24.4387319]}},{"type":"Feature","properties":{"layer":"infrastructure","subtype":"transportation","class":"crossing","name":""},"geometry":{"type":"Point","coordinates":[54.5935697,24.4387382]}},{"type":"Feature","properties":{"layer":"infrastructure","subtype":"transportation","class":"crossing","name":""},"geometry":{"type":"Point","coordinates":[54.5935439,24.4388886]}},{"type":"Feature","properties":{"layer":"infrastructure","subtype":"barrier","class":"lift_gate","name":""},"geometry":{"type":"Point","coordinates":[54.5911379,24.4384578]}},{"type":"Feature","properties":{"layer":"infrastructure","subtype":"barrier","class":"wall","name":"Al Raha Gardens"},"geometry":{"type":"Polygon","coordinates":[[[54.5780966,24.4354609],[54.5782396,24.4355009],[54.5779844,24.4362378],[54.5788122,24.4364748],[54.5822919,24.4374659],[54.5860945,24.4385546],[54.5906952,24.4398788],[54.5941253,24.4408374],[54.5941821,24.4408534],[54.5976283,24.4418297],[54.6002728,24.4425543],[54.600752,24.4411317],[54.6001565,24.4409627],[54.6001263,24.4410463],[54.5997568,24.4409389],[54.5997796,24.4408632],[54.5995268,24.440793],[54.5995188,24.4408113],[54.5994316,24.4407857],[54.5994397,24.4407655],[54.5987555,24.4405714],[54.5980315,24.4403663],[54.5979557,24.4403548],[54.5976332,24.4402564],[54.5976157,24.4402985],[54.5973086,24.4402039],[54.5973194,24.4401697],[54.5968278,24.4400311],[54.5968225,24.4400562],[54.5967172,24.4400275],[54.5967232,24.4400006],[54.5959642,24.43979],[54.5954988,24.4396575],[54.5954827,24.4396801],[54.5953929,24.4396569],[54.5953942,24.4396276],[54.5948008,24.4394603],[54.594725,24.4394799],[54.5946609,24.4394597],[54.5945869,24.4394396],[54.5945232,24.4394194],[54.594493,24.43937],[54.5943468,24.4393279],[54.594322,24.4393688],[54.594031,24.4392784],[54.5940417,24.4392448],[54.5932692,24.4390248],[54.5932612,24.4390489],[54.5931854,24.4390275],[54.5931914,24.4390037],[54.5927623,24.4388792],[54.5927489,24.4389182],[54.5924297,24.4388267],[54.5924391,24.4387974],[54.5919804,24.4386557],[54.591971,24.4386814],[54.5918624,24.4386509],[54.5918664,24.4386264],[54.5912334,24.4384451],[54.591212,24.4384811],[54.5911379,24.4384578],[54.5910779,24.4384427],[54.5910953,24.4384067],[54.5909169,24.4383591],[54.5909089,24.4383792],[54.5908096,24.4383523],[54.5908177,24.438331],[54.5906306,24.4382754],[54.5906145,24.4383181],[54.5902732,24.4382119],[54.5902827,24.4381806],[54.5899983,24.4381027],[54.5894873,24.4378694],[54.5887832,24.4375587],[54.5887712,24.4375801],[54.5886759,24.4375361],[54.5886853,24.4375178],[54.5881636,24.4372858],[54.5881402,24.4373212],[54.5878438,24.4371833],[54.5878592,24.4371515],[54.5874193,24.4369574],[54.5874052,24.4369788],[54.5873134,24.4369366],[54.5873221,24.4369153],[54.5870666,24.4367962],[54.5870458,24.4368188],[54.586952,24.4367767],[54.586962,24.4367535],[54.586791,24.4366766],[54.5867676,24.4367175],[54.5867057,24.436689],[54.5866334,24.4366503],[54.5866442,24.4366125],[54.5864732,24.4365325],[54.5864584,24.4365539],[54.5863639,24.4365105],[54.5863713,24.4364904],[54.5861795,24.4363976],[54.5861649,24.4364425],[54.5858858,24.4363634],[54.5858992,24.4363249],[54.5853513,24.4361662],[54.5845286,24.4359318],[54.5845058,24.4359721],[54.5842389,24.4358945],[54.5842456,24.4358561],[54.5837849,24.4357248],[54.5837709,24.4357474],[54.583685,24.4357181],[54.5836864,24.4356967],[54.5830661,24.4355136],[54.5830326,24.4355551],[54.582939,24.4355234],[54.5828368,24.435491],[54.5828408,24.4354593],[54.5826001,24.4353887],[54.5825883,24.4354113],[54.5825045,24.4353851],[54.5825136,24.4353652],[54.5819543,24.435209],[54.5819342,24.435248],[54.581615,24.4351491],[54.5816271,24.4351137],[54.5808828,24.4349025],[54.5800902,24.4346736],[54.5800748,24.434712],[54.5797583,24.4346229],[54.5797697,24.4345838],[54.5794941,24.4345051],[54.5794854,24.4345447],[54.5794035,24.4345211],[54.5793365,24.4344959],[54.5793419,24.4344648],[54.5789764,24.4343628],[54.5785103,24.4342319],[54.5780966,24.4354609]]]}},{"type":"Feature","properties":{"layer":"infrastructure","subtype":"transportation","class":"crossing","name":""},"geometry":{"type":"Point","coordinates":[54.5904603,24.4379741]}},{"type":"Feature","properties":{"layer":"infrastructure","subtype":"barrier","class":"wall","name":""},"geometry":{"type":"LineString","coordinates":[[54.59259,24.4382177],[54.5925689,24.4382122],[54.592528,24.4381995],[54.592311,24.4381374],[54.5924954,24.4376021],[54.5930801,24.4377687],[54.5930468,24.4378636],[54.5930332,24.4379076],[54.5930284,24.4379123],[54.5929871,24.4380366],[54.5928951,24.4383066],[54.5927132,24.4382604],[54.5926412,24.4382399]]}},{"type":"Feature","properties":{"layer":"infrastructure","subtype":"transportation","class":"crossing","name":""},"geometry":{"type":"Point","coordinates":[54.5950321,24.4376741]}},{"type":"Feature","properties":{"layer":"infrastructure","subtype":"barrier","class":"wall","name":""},"geometry":{"type":"LineString","coordinates":[[54.5931666,24.4371979],[54.5932692,24.4372254],[54.5930801,24.4377687]]}},{"type":"Feature","properties":{"layer":"infrastructure","subtype":"barrier","class":"gate","name":""},"geometry":{"type":"Point","coordinates":[54.5938571,24.4371407]}},{"type":"Feature","properties":{"layer":"infrastructure","subtype":"barrier","class":"wall","name":""},"geometry":{"type":"LineString","coordinates":[[54.593898,24.4371729],[54.5941319,24.4372398],[54.594145,24.4372018],[54.5941543,24.437175],[54.5942958,24.436765],[54.5943052,24.4367379],[54.5943162,24.4367058],[54.5936797,24.4365237],[54.5936694,24.4365544],[54.5936591,24.4365824],[54.593505,24.4370299],[54.5934962,24.4370552],[54.593524,24.4370631],[54.5937604,24.4371307]]}},{"type":"Feature","properties":{"layer":"infrastructure","subtype":"barrier","class":"gate","name":""},"geometry":{"type":"Point","coordinates":[54.5937825,24.4371183]}},{"type":"Feature","properties":{"layer":"infrastructure","subtype":"barrier","class":"wall","name":""},"geometry":{"type":"LineString","coordinates":[[54.5923915,24.4370013],[54.592309,24.43698]]}},{"type":"Feature","properties":{"layer":"infrastructure","subtype":"barrier","class":"wall","name":""},"geometry":{"type":"LineString","coordinates":[[54.5922748,24.4369519],[54.5918899,24.4368365],[54.5917062,24.4373652],[54.5924907,24.4375837],[54.5925164,24.4375052],[54.5925317,24.4374613],[54.5925398,24.4374284],[54.5926141,24.4372218],[54.5926601,24.4370974],[54.5926755,24.4370528],[54.5925292,24.4370107],[54.5924364,24.4369879]]}},{"type":"Feature","properties":{"layer":"infrastructure","subtype":"transportation","class":"crossing","name":""},"geometry":{"type":"Point","coordinates":[54.590239,24.4375645]}},{"type":"Feature","properties":{"layer":"infrastructure","subtype":"barrier","class":"kerb","name":""},"geometry":{"type":"Point","coordinates":[54.5903199,24.4376261]}},{"type":"Feature","properties":{"layer":"infrastructure","subtype":"transportation","class":"crossing","name":""},"geometry":{"type":"Point","coordinates":[54.5903685,24.4376335]}},{"type":"Feature","properties":{"layer":"infrastructure","subtype":"transportation","class":"crossing","name":""},"geometry":{"type":"Point","coordinates":[54.5904955,24.437888]}},{"type":"Feature","properties":{"layer":"infrastructure","subtype":"transportation","class":"crossing","name":""},"geometry":{"type":"Point","coordinates":[54.5905275,24.4378007]}},{"type":"Feature","properties":{"layer":"infrastructure","subtype":"transportation","class":"crossing","name":""},"geometry":{"type":"Point","coordinates":[54.5905873,24.4376717]}},{"type":"Feature","properties":{"layer":"infrastructure","subtype":"transportation","class":"crossing","name":""},"geometry":{"type":"Point","coordinates":[54.5904781,24.4376653]}},{"type":"Feature","properties":{"layer":"infrastructure","subtype":"barrier","class":"kerb","name":""},"geometry":{"type":"Point","coordinates":[54.5905199,24.4376775]}},{"type":"Feature","properties":{"layer":"infrastructure","subtype":"barrier","class":"wall","name":""},"geometry":{"type":"LineString","coordinates":[[54.5875031,24.4386332],[54.5874844,24.4386832],[54.587819,24.4387772],[54.5878418,24.4387131]]}},{"type":"Feature","properties":{"layer":"infrastructure","subtype":"transportation","class":"crossing","name":""},"geometry":{"type":"Point","coordinates":[54.5860593,24.4386618]}},{"type":"Feature","properties":{"layer":"infrastructure","subtype":"barrier","class":"lift_gate","name":""},"geometry":{"type":"Point","coordinates":[54.5860945,24.4385546]}},{"type":"Feature","properties":{"layer":"infrastructure","subtype":"barrier","class":"lift_gate","name":""},"geometry":{"type":"Point","coordinates":[54.5951982,24.4389749]}},{"type":"Feature","properties":{"layer":"infrastructure","subtype":"barrier","class":"lift_gate","name":"Gate 14"},"geometry":{"type":"Point","coordinates":[54.5945869,24.4394396]}},{"type":"Feature","properties":{"layer":"infrastructure","subtype":"barrier","class":"lift_gate","name":""},"geometry":{"type":"Point","coordinates":[54.5946609,24.4394597]}},{"type":"Feature","properties":{"layer":"infrastructure","subtype":"barrier","class":"lift_gate","name":"Hemayeh & Al Tharwaneyah"},"geometry":{"type":"Point","coordinates":[54.5906952,24.4398788]}},{"type":"Feature","properties":{"layer":"infrastructure","subtype":"transportation","class":"crossing","name":""},"geometry":{"type":"Point","coordinates":[54.5906727,24.4399536]}},{"type":"Feature","properties":{"layer":"infrastructure","subtype":"transportation","class":"crossing","name":""},"geometry":{"type":"Point","coordinates":[54.5928341,24.4406902]}},{"type":"Feature","properties":{"layer":"infrastructure","subtype":"barrier","class":"lift_gate","name":"Al Tharwaneyah & Al Haweyah"},"geometry":{"type":"Point","coordinates":[54.5941253,24.4408374]}},{"type":"Feature","properties":{"layer":"infrastructure","subtype":"barrier","class":"lift_gate","name":""},"geometry":{"type":"Point","coordinates":[54.5941821,24.4408534]}},{"type":"Feature","properties":{"layer":"infrastructure","subtype":"transportation","class":"crossing","name":""},"geometry":{"type":"Point","coordinates":[54.5940985,24.4409156]}},{"type":"Feature","properties":{"layer":"infrastructure","subtype":"transportation","class":"crossing","name":""},"geometry":{"type":"Point","coordinates":[54.5941575,24.4409294]}},{"type":"Feature","properties":{"layer":"infrastructure","subtype":"transportation","class":"crossing","name":""},"geometry":{"type":"Point","coordinates":[54.5836444,24.441233]}},{"type":"Feature","properties":{"layer":"infrastructure","subtype":"transportation","class":"crossing","name":""},"geometry":{"type":"Point","coordinates":[54.5836005,24.4412161]}},{"type":"Feature","properties":{"layer":"infrastructure","subtype":"transportation","class":"crossing","name":""},"geometry":{"type":"Point","coordinates":[54.5840533,24.4413591]}},{"type":"Feature","properties":{"layer":"infrastructure","subtype":"transportation","class":"crossing","name":""},"geometry":{"type":"Point","coordinates":[54.5841643,24.4413981]}},{"type":"Feature","properties":{"layer":"infrastructure","subtype":"bridge","class":"bridge","name":""},"geometry":{"type":"LineString","coordinates":[[54.5863775,24.4396322],[54.5864513,24.4398976],[54.5864526,24.4401157],[54.5864258,24.4403305],[54.5858129,24.4420611],[54.5857301,24.4422747],[54.5856212,24.4424794],[54.585545,24.4426055],[54.5854736,24.4427406],[54.5852362,24.4431286]]}},{"type":"Feature","properties":{"layer":"infrastructure","subtype":"bridge","class":"bridge","name":""},"geometry":{"type":"LineString","coordinates":[[54.585225,24.4427615],[54.5855929,24.4421759],[54.5857069,24.4419226],[54.5858398,24.4416118],[54.5862528,24.4404202],[54.5863154,24.440154],[54.5863281,24.44002],[54.5863213,24.4398764],[54.5862933,24.4397447],[54.5862528,24.4396485]]}},{"type":"Feature","properties":{"layer":"infrastructure","subtype":"transportation","class":"crossing","name":""},"geometry":{"type":"Point","coordinates":[54.5864634,24.4420667]}},{"type":"Feature","properties":{"layer":"infrastructure","subtype":"bridge","class":"bridge","name":""},"geometry":{"type":"LineString","coordinates":[[54.585225,24.4427615],[54.5855635,24.4420399],[54.5856238,24.4418536],[54.5855876,24.4416704],[54.5854857,24.4414995],[54.5853315,24.4413854],[54.5850834,24.4412895],[54.5845065,24.4411041]]}},{"type":"Feature","properties":{"layer":"infrastructure","subtype":"transportation","class":"crossing","name":""},"geometry":{"type":"Point","coordinates":[54.583801,24.442103]}},{"type":"Feature","properties":{"layer":"infrastructure","subtype":"transportation","class":"crossing","name":""},"geometry":{"type":"Point","coordinates":[54.583708,24.4420411]}},{"type":"Feature","properties":{"layer":"infrastructure","subtype":"transportation","class":"crossing","name":""},"geometry":{"type":"Point","coordinates":[54.5837959,24.4422276]}},{"type":"Feature","properties":{"layer":"infrastructure","subtype":"transportation","class":"crossing","name":""},"geometry":{"type":"Point","coordinates":[54.5837274,24.4422985]}},{"type":"Feature","properties":{"layer":"infrastructure","subtype":"transportation","class":"crossing","name":""},"geometry":{"type":"Point","coordinates":[54.5841404,24.4425424]}},{"type":"Feature","properties":{"layer":"infrastructure","subtype":"transit","class":"parking_entrance","name":""},"geometry":{"type":"Point","coordinates":[54.5849111,24.4429105]}},{"type":"Feature","properties":{"layer":"infrastructure","subtype":"transportation","class":"crossing","name":""},"geometry":{"type":"Point","coordinates":[54.5861618,24.4429548]}},{"type":"Feature","properties":{"layer":"infrastructure","subtype":"transportation","class":"crossing","name":""},"geometry":{"type":"Point","coordinates":[54.5862036,24.4428269]}},{"type":"Feature","properties":{"layer":"infrastructure","subtype":"transportation","class":"motorway_junction","name":""},"geometry":{"type":"Point","coordinates":[54.585225,24.4427615]}},{"type":"Feature","properties":{"layer":"infrastructure","subtype":"transportation","class":"crossing","name":""},"geometry":{"type":"Point","coordinates":[54.5850133,24.4427183]}},{"type":"Feature","properties":{"layer":"infrastructure","subtype":"transportation","class":"crossing","name":""},"geometry":{"type":"Point","coordinates":[54.5880374,24.443113]}},{"type":"Feature","properties":{"layer":"infrastructure","subtype":"transit","class":"parking_entrance","name":""},"geometry":{"type":"Point","coordinates":[54.5887433,24.4428397]}},{"type":"Feature","properties":{"layer":"infrastructure","subtype":"transportation","class":"crossing","name":""},"geometry":{"type":"Point","coordinates":[54.5880936,24.4425212]}},{"type":"Feature","properties":{"layer":"infrastructure","subtype":"transit","class":"parking_entrance","name":""},"geometry":{"type":"Point","coordinates":[54.5866566,24.4425736]}},{"type":"Feature","properties":{"layer":"infrastructure","subtype":"bridge","class":"bridge","name":""},"geometry":{"type":"LineString","coordinates":[[54.5880545,24.4421204],[54.5867584,24.4417517],[54.5865532,24.4417241],[54.5864181,24.4417326],[54.586285,24.4417583],[54.5862024,24.4418085],[54.5861499,24.441851],[54.5860746,24.4419318],[54.5859041,24.4422222],[54.5856788,24.4426178],[54.5854683,24.4429192],[54.5854549,24.4429384],[54.5854189,24.4429754],[54.5852362,24.4431286]]}},{"type":"Feature","properties":{"layer":"infrastructure","subtype":"transit","class":"parking_entrance","name":""},"geometry":{"type":"Point","coordinates":[54.5894344,24.4431366]}},{"type":"Feature","properties":{"layer":"infrastructure","subtype":"transportation","class":"crossing","name":""},"geometry":{"type":"Point","coordinates":[54.5903333,24.443149]}},{"type":"Feature","properties":{"layer":"infrastructure","subtype":"transportation","class":"motorway_junction","name":""},"geometry":{"type":"Point","coordinates":[54.5913874,24.4427985]}},{"type":"Feature","properties":{"layer":"infrastructure","subtype":"bridge","class":"bridge","name":""},"geometry":{"type":"LineString","coordinates":[[54.5919638,24.4437419],[54.592697,24.4415849]]}},{"type":"Feature","properties":{"layer":"infrastructure","subtype":"bridge","class":"bridge","name":"شارع خُور غناظة"},"geometry":{"type":"LineString","coordinates":[[54.5920253,24.443758],[54.5927528,24.441599]]}},{"type":"Feature","properties":{"layer":"infrastructure","subtype":"bridge","class":"bridge","name":""},"geometry":{"type":"Polygon","coordinates":[[[54.5919638,24.4437419],[54.5920253,24.443758],[54.5920766,24.4437745],[54.5928085,24.4416174],[54.5927528,24.441599],[54.592697,24.4415849],[54.5926554,24.4415743],[54.5919235,24.4437314],[54.5919638,24.4437419]]]}},{"type":"Feature","properties":{"layer":"infrastructure","subtype":"transportation","class":"motorway_junction","name":""},"geometry":{"type":"Point","coordinates":[54.5926442,24.4425194]}},{"type":"Feature","properties":{"layer":"infrastructure","subtype":"barrier","class":"lift_gate","name":"Al Haweyah & Al Ward"},"geometry":{"type":"Point","coordinates":[54.5976283,24.4418297]}},{"type":"Feature","properties":{"layer":"infrastructure","subtype":"transportation","class":"traffic_signals","name":""},"geometry":{"type":"Point","coordinates":[54.6012831,24.4412182]}},{"type":"Feature","properties":{"layer":"infrastructure","subtype":"transportation","class":"crossing","name":""},"geometry":{"type":"Point","coordinates":[54.6012865,24.4411858]}},{"type":"Feature","properties":{"layer":"infrastructure","subtype":"transportation","class":"crossing","name":""},"geometry":{"type":"Point","coordinates":[54.6011221,24.4411852]}},{"type":"Feature","properties":{"layer":"infrastructure","subtype":"transportation","class":"traffic_signals","name":""},"geometry":{"type":"Point","coordinates":[54.6016317,24.4411667]}},{"type":"Feature","properties":{"layer":"infrastructure","subtype":"transportation","class":"crossing","name":""},"geometry":{"type":"Point","coordinates":[54.6016004,24.4411582]}},{"type":"Feature","properties":{"layer":"infrastructure","subtype":"transportation","class":"crossing","name":""},"geometry":{"type":"Point","coordinates":[54.60277,24.4411621]}},{"type":"Feature","properties":{"layer":"infrastructure","subtype":"transportation","class":"crossing","name":""},"geometry":{"type":"Point","coordinates":[54.6026269,24.4412482]}},{"type":"Feature","properties":{"layer":"infrastructure","subtype":"transportation","class":"crossing","name":""},"geometry":{"type":"Point","coordinates":[54.6014715,24.4412378]}},{"type":"Feature","properties":{"layer":"infrastructure","subtype":"transportation","class":"crossing","name":""},"geometry":{"type":"Point","coordinates":[54.601594,24.4413308]}},{"type":"Feature","properties":{"layer":"infrastructure","subtype":"transportation","class":"crossing","name":""},"geometry":{"type":"Point","coordinates":[54.6034003,24.4413864]}},{"type":"Feature","properties":{"layer":"infrastructure","subtype":"transportation","class":"crossing","name":""},"geometry":{"type":"Point","coordinates":[54.6072754,24.4411654]}},{"type":"Feature","properties":{"layer":"infrastructure","subtype":"transportation","class":"crossing","name":""},"geometry":{"type":"Point","coordinates":[54.6069753,24.441265]}},{"type":"Feature","properties":{"layer":"infrastructure","subtype":"transportation","class":"crossing","name":""},"geometry":{"type":"Point","coordinates":[54.6061469,24.4428971]}},{"type":"Feature","properties":{"layer":"infrastructure","subtype":"transportation","class":"crossing","name":""},"geometry":{"type":"Point","coordinates":[54.6063919,24.4429863]}},{"type":"Feature","properties":{"layer":"infrastructure","subtype":"transportation","class":"crossing","name":""},"geometry":{"type":"Point","coordinates":[54.606526,24.4430152]}},{"type":"Feature","properties":{"layer":"infrastructure","subtype":"transportation","class":"crossing","name":""},"geometry":{"type":"Point","coordinates":[54.606276,24.4429535]}},{"type":"Feature","properties":{"layer":"infrastructure","subtype":"transportation","class":"crossing","name":""},"geometry":{"type":"Point","coordinates":[54.6064554,24.4431183]}},{"type":"Feature","properties":{"layer":"infrastructure","subtype":"transportation","class":"crossing","name":""},"geometry":{"type":"Point","coordinates":[54.6014264,24.4429187]}},{"type":"Feature","properties":{"layer":"infrastructure","subtype":"transportation","class":"crossing","name":""},"geometry":{"type":"Point","coordinates":[54.6009552,24.4427615]}},{"type":"Feature","properties":{"layer":"infrastructure","subtype":"transportation","class":"motorway_junction","name":""},"geometry":{"type":"Point","coordinates":[54.5969777,24.4437371]}},{"type":"Feature","properties":{"layer":"infrastructure","subtype":"bridge","class":"bridge","name":""},"geometry":{"type":"LineString","coordinates":[[54.598764,24.4441792],[54.5994624,24.4443379],[54.6001547,24.4444819],[54.6003036,24.4445015],[54.6003975,24.4445039],[54.600486,24.4444868],[54.6005826,24.4444478],[54.6006657,24.4444062],[54.6007354,24.4443452],[54.6008052,24.4442744],[54.6008561,24.4441694],[54.6009465,24.4437109]]}},{"type":"Feature","properties":{"layer":"infrastructure","subtype":"transportation","class":"crossing","name":""},"geometry":{"type":"Point","coordinates":[54.6009351,24.4437707]}},{"type":"Feature","properties":{"layer":"infrastructure","subtype":"transportation","class":"crossing","name":""},"geometry":{"type":"Point","coordinates":[54.6064112,24.4432622]}},{"type":"Feature","properties":{"layer":"infrastructure","subtype":"transportation","class":"crossing","name":""},"geometry":{"type":"Point","coordinates":[54.6073161,24.4436387]}},{"type":"Feature","properties":{"layer":"infrastructure","subtype":"transportation","class":"motorway_junction","name":""},"geometry":{"type":"Point","coordinates":[54.602987,24.4437831]}},{"type":"Feature","properties":{"layer":"infrastructure","subtype":"bridge","class":"bridge","name":""},"geometry":{"type":"LineString","coordinates":[[54.6016356,24.4439845],[54.6015417,24.444059],[54.601472,24.4441298],[54.6014089,24.4442141],[54.6013405,24.444302],[54.6012923,24.4443911],[54.6012386,24.4444937],[54.601185,24.4446109],[54.601059,24.4450448]]}},{"type":"Feature","properties":{"layer":"infrastructure","subtype":"bridge","class":"bridge","name":""},"geometry":{"type":"LineString","coordinates":[[54.6016178,24.4449798],[54.6024279,24.4451702],[54.6025711,24.445184],[54.6027203,24.4451751],[54.602916,24.445097],[54.6030754,24.4449912],[54.6031896,24.4448528],[54.6032577,24.4446787],[54.6032647,24.4444621],[54.6032218,24.4442668]]}},{"type":"Feature","properties":{"layer":"infrastructure","subtype":"bridge","class":"bridge","name":""},"geometry":{"type":"LineString","coordinates":[[54.6007336,24.4459939],[54.6007554,24.4459618],[54.6007807,24.445904],[54.6008085,24.4457902],[54.6008155,24.4457372],[54.6008287,24.4456157],[54.6008484,24.4453935],[54.600869,24.4451734],[54.6009069,24.444764],[54.6009338,24.4444425],[54.6009761,24.4439887],[54.6009963,24.4437767]]}},{"type":"Feature","properties":{"layer":"infrastructure","subtype":"bridge","class":"bridge","name":""},"geometry":{"type":"LineString","coordinates":[[54.6011352,24.4458735],[54.6011184,24.4458405],[54.6010998,24.4458054],[54.6011808,24.4450068],[54.6011928,24.4449185],[54.6012088,24.4447878],[54.601234,24.4446693],[54.6012819,24.4445108],[54.6013483,24.4443644],[54.6014307,24.4442434],[54.6015344,24.4441272],[54.6015636,24.444097]]}},{"type":"Feature","properties":{"layer":"infrastructure","subtype":"bridge","class":"bridge","name":"شارع البَندَر"},"geometry":{"type":"LineString","coordinates":[[54.6011911,24.4438448],[54.601059,24.4450448]]}},{"type":"Feature","properties":{"layer":"infrastructure","subtype":"transportation","class":"motorway_junction","name":""},"geometry":{"type":"Point","coordinates":[54.5987462,24.4443075]}},{"type":"Feature","properties":{"layer":"infrastructure","subtype":"barrier","class":"kerb","name":""},"geometry":{"type":"Point","coordinates":[54.5916743,24.445261]}},{"type":"Feature","properties":{"layer":"infrastructure","subtype":"transportation","class":"crossing","name":""},"geometry":{"type":"Point","coordinates":[54.5915848,24.4452401]}},{"type":"Feature","properties":{"layer":"infrastructure","subtype":"barrier","class":"kerb","name":""},"geometry":{"type":"Point","coordinates":[54.5918076,24.4452]}},{"type":"Feature","properties":{"layer":"infrastructure","subtype":"transportation","class":"crossing","name":""},"geometry":{"type":"Point","coordinates":[54.5918558,24.4450305]}},{"type":"Feature","properties":{"layer":"infrastructure","subtype":"barrier","class":"kerb","name":""},"geometry":{"type":"Point","coordinates":[54.5913763,24.4451845]}},{"type":"Feature","properties":{"layer":"infrastructure","subtype":"transportation","class":"traffic_signals","name":""},"geometry":{"type":"Point","coordinates":[54.59146,24.445215]}},{"type":"Feature","properties":{"layer":"infrastructure","subtype":"transportation","class":"traffic_signals","name":""},"geometry":{"type":"Point","coordinates":[54.5914481,24.4447564]}},{"type":"Feature","properties":{"layer":"infrastructure","subtype":"barrier","class":"kerb","name":""},"geometry":{"type":"Point","coordinates":[54.5913994,24.4450037]}},{"type":"Feature","properties":{"layer":"infrastructure","subtype":"transportation","class":"crossing","name":""},"geometry":{"type":"Point","coordinates":[54.5914075,24.4449381]}},{"type":"Feature","properties":{"layer":"infrastructure","subtype":"transportation","class":"crossing","name":""},"geometry":{"type":"Point","coordinates":[54.5919251,24.4448829]}},{"type":"Feature","properties":{"layer":"infrastructure","subtype":"barrier","class":"kerb","name":""},"geometry":{"type":"Point","coordinates":[54.5919501,24.444819]}},{"type":"Feature","properties":{"layer":"infrastructure","subtype":"barrier","class":"kerb","name":""},"geometry":{"type":"Point","coordinates":[54.5918419,24.4447336]}},{"type":"Feature","properties":{"layer":"infrastructure","subtype":"transportation","class":"crossing","name":""},"geometry":{"type":"Point","coordinates":[54.5917693,24.4447136]}},{"type":"Feature","properties":{"layer":"infrastructure","subtype":"transportation","class":"crossing","name":""},"geometry":{"type":"Point","coordinates":[54.5916552,24.4446833]}},{"type":"Feature","properties":{"layer":"infrastructure","subtype":"barrier","class":"kerb","name":""},"geometry":{"type":"Point","coordinates":[54.5915458,24.4446562]}},{"type":"Feature","properties":{"layer":"infrastructure","subtype":"barrier","class":"kerb","name":""},"geometry":{"type":"Point","coordinates":[54.5914646,24.4446927]}},{"type":"Feature","properties":{"layer":"infrastructure","subtype":"transportation","class":"crossing","name":""},"geometry":{"type":"Point","coordinates":[54.5947089,24.4444197]}},{"type":"Feature","properties":{"layer":"infrastructure","subtype":"transportation","class":"traffic_signals","name":""},"geometry":{"type":"Point","coordinates":[54.5945005,24.4443949]}},{"type":"Feature","properties":{"layer":"infrastructure","subtype":"transportation","class":"crossing","name":""},"geometry":{"type":"Point","coordinates":[54.5945255,24.4443073]}},{"type":"Feature","properties":{"layer":"infrastructure","subtype":"transportation","class":"crossing","name":""},"geometry":{"type":"Point","coordinates":[54.5946309,24.4443286]}},{"type":"Feature","properties":{"layer":"infrastructure","subtype":"transportation","class":"traffic_signals","name":""},"geometry":{"type":"Point","coordinates":[54.5947171,24.4443247]}},{"type":"Feature","properties":{"layer":"infrastructure","subtype":"transportation","class":"traffic_signals","name":""},"geometry":{"type":"Point","coordinates":[54.5944799,24.4441659]}},{"type":"Feature","properties":{"layer":"infrastructure","subtype":"transportation","class":"crossing","name":""},"geometry":{"type":"Point","coordinates":[54.5939824,24.4441552]}},{"type":"Feature","properties":{"layer":"infrastructure","subtype":"transit","class":"parking_entrance","name":""},"geometry":{"type":"Point","coordinates":[54.5879035,24.4439611]}},{"type":"Feature","properties":{"layer":"infrastructure","subtype":"transportation","class":"crossing","name":""},"geometry":{"type":"Point","coordinates":[54.5880717,24.4437217]}},{"type":"Feature","properties":{"layer":"infrastructure","subtype":"transit","class":"parking_entrance","name":""},"geometry":{"type":"Point","coordinates":[54.5885524,24.4435042]}},{"type":"Feature","properties":{"layer":"infrastructure","subtype":"transportation","class":"crossing","name":""},"geometry":{"type":"Point","coordinates":[54.5874815,24.4434166]}},{"type":"Feature","properties":{"layer":"infrastructure","subtype":"transportation","class":"crossing","name":""},"geometry":{"type":"Point","coordinates":[54.5873852,24.4433694]}},{"type":"Feature","properties":{"layer":"infrastructure","subtype":"transit","class":"parking_entrance","name":""},"geometry":{"type":"Point","coordinates":[54.5873894,24.4436862]}},{"type":"Feature","properties":{"layer":"infrastructure","subtype":"transit","class":"parking_entrance","name":""},"geometry":{"type":"Point","coordinates":[54.5872327,24.4436335]}},{"type":"Feature","properties":{"layer":"infrastructure","subtype":"bridge","class":"bridge","name":""},"geometry":{"type":"LineString","coordinates":[[54.5851665,24.4432113],[54.584831,24.4435614],[54.5845571,24.4438195]]}},{"type":"Feature","properties":{"layer":"infrastructure","subtype":"transit","class":"parking_entrance","name":""},"geometry":{"type":"Point","coordinates":[54.5860398,24.4432227]}},{"type":"Feature","properties":{"layer":"infrastructure","subtype":"bridge","class":"bridge","name":""},"geometry":{"type":"LineString","coordinates":[[54.584492,24.4436337],[54.5848875,24.4431823]]}},{"type":"Feature","properties":{"layer":"infrastructure","subtype":"bridge","class":"bridge","name":""},"geometry":{"type":"LineString","coordinates":[[54.5838895,24.4435785],[54.5832899,24.4427934]]}},{"type":"Feature","properties":{"layer":"infrastructure","subtype":"bridge","class":"bridge","name":"شارع الرَّاحة"},"geometry":{"type":"LineString","coordinates":[[54.5832033,24.4428505],[54.5838029,24.443642]]}},{"type":"Feature","properties":{"layer":"infrastructure","subtype":"bridge","class":"bridge","name":""},"geometry":{"type":"Polygon","coordinates":[[[54.5835744,24.4437757],[54.5838029,24.443642],[54.5838895,24.4435785],[54.5839049,24.4435694],[54.5833104,24.4427799],[54.5832899,24.4427934],[54.5832033,24.4428505],[54.5829534,24.4429843],[54.5828812,24.4430478],[54.5834758,24.4438372],[54.5835744,24.4437757]]]}},{"type":"Feature","properties":{"layer":"infrastructure","subtype":"transportation","class":"traffic_signals","name":""},"geometry":{"type":"Point","coordinates":[54.5840126,24.4439398]}},{"type":"Feature","properties":{"layer":"infrastructure","subtype":"transportation","class":"crossing","name":""},"geometry":{"type":"Point","coordinates":[54.5841522,24.4439193]}},{"type":"Feature","properties":{"layer":"infrastructure","subtype":"transportation","class":"crossing","name":""},"geometry":{"type":"Point","coordinates":[54.5840977,24.4438212]}},{"type":"Feature","properties":{"layer":"infrastructure","subtype":"transportation","class":"crossing","name":""},"geometry":{"type":"Point","coordinates":[54.5844026,24.4441337]}},{"type":"Feature","properties":{"layer":"infrastructure","subtype":"transportation","class":"traffic_signals","name":""},"geometry":{"type":"Point","coordinates":[54.5842916,24.444012]}},{"type":"Feature","properties":{"layer":"infrastructure","subtype":"transportation","class":"crossing","name":""},"geometry":{"type":"Point","coordinates":[54.5842689,24.4440302]}},{"type":"Feature","properties":{"layer":"infrastructure","subtype":"transportation","class":"crossing","name":""},"geometry":{"type":"Point","coordinates":[54.5836281,24.4443294]}},{"type":"Feature","properties":{"layer":"infrastructure","subtype":"transportation","class":"traffic_signals","name":""},"geometry":{"type":"Point","coordinates":[54.5841113,24.4443201]}},{"type":"Feature","properties":{"layer":"infrastructure","subtype":"transportation","class":"crossing","name":""},"geometry":{"type":"Point","coordinates":[54.5837529,24.4444459]}},{"type":"Feature","properties":{"layer":"infrastructure","subtype":"transportation","class":"traffic_signals","name":""},"geometry":{"type":"Point","coordinates":[54.5835945,24.4443526]}},{"type":"Feature","properties":{"layer":"infrastructure","subtype":"transportation","class":"crossing","name":""},"geometry":{"type":"Point","coordinates":[54.5859263,24.4446487]}},{"type":"Feature","properties":{"layer":"infrastructure","subtype":"transportation","class":"crossing","name":""},"geometry":{"type":"Point","coordinates":[54.5860613,24.4446787]}},{"type":"Feature","properties":{"layer":"infrastructure","subtype":"bridge","class":"bridge","name":""},"geometry":{"type":"LineString","coordinates":[[54.5882366,24.4450869],[54.5890234,24.4449102]]}},{"type":"Feature","properties":{"layer":"infrastructure","subtype":"bridge","class":"bridge","name":""},"geometry":{"type":"LineString","coordinates":[[54.588145,24.4450312],[54.5885117,24.4449578],[54.5886885,24.444922],[54.5889397,24.4448736]]}},{"type":"Feature","properties":{"layer":"infrastructure","subtype":"bridge","class":"bridge","name":"شارع الرَّاحة"},"geometry":{"type":"LineString","coordinates":[[54.5882657,24.4451207],[54.5890352,24.4449529]]}},{"type":"Feature","properties":{"layer":"infrastructure","subtype":"bridge","class":"bridge","name":""},"geometry":{"type":"Polygon","coordinates":[[[54.588145,24.4450312],[54.5882657,24.4451207],[54.5884416,24.4452816],[54.5885201,24.4453381],[54.5892845,24.4451769],[54.5892038,24.4451083],[54.5890352,24.4449529],[54.5889397,24.4448736],[54.5888875,24.4448302],[54.5881043,24.4450011],[54.588145,24.4450312]]]}},{"type":"Feature","properties":{"layer":"infrastructure","subtype":"bridge","class":"bridge","name":"شارع الرَّاحة"},"geometry":{"type":"LineString","coordinates":[[54.5892038,24.4451083],[54.5884416,24.4452816]]}},{"type":"Feature","properties":{"layer":"infrastructure","subtype":"transportation","class":"crossing","name":""},"geometry":{"type":"Point","coordinates":[54.5876755,24.4452352]}},{"type":"Feature","properties":{"layer":"infrastructure","subtype":"barrier","class":"kerb","name":""},"geometry":{"type":"Point","coordinates":[54.5876661,24.4451752]}},{"type":"Feature","properties":{"layer":"infrastructure","subtype":"transportation","class":"crossing","name":""},"geometry":{"type":"Point","coordinates":[54.5860154,24.4451488]}},{"type":"Feature","properties":{"layer":"infrastructure","subtype":"transportation","class":"traffic_signals","name":""},"geometry":{"type":"Point","coordinates":[54.5859509,24.4450076]}},{"type":"Feature","properties":{"layer":"infrastructure","subtype":"transportation","class":"traffic_signals","name":""},"geometry":{"type":"Point","coordinates":[54.5856655,24.4450491]}},{"type":"Feature","properties":{"layer":"infrastructure","subtype":"barrier","class":"kerb","name":""},"geometry":{"type":"Point","coordinates":[54.5860267,24.4450689]}},{"type":"Feature","properties":{"layer":"infrastructure","subtype":"barrier","class":"kerb","name":""},"geometry":{"type":"Point","coordinates":[54.5860044,24.445029]}},{"type":"Feature","properties":{"layer":"infrastructure","subtype":"transportation","class":"crossing","name":""},"geometry":{"type":"Point","coordinates":[54.5858145,24.444953]}},{"type":"Feature","properties":{"layer":"infrastructure","subtype":"transportation","class":"traffic_signals","name":""},"geometry":{"type":"Point","coordinates":[54.5859736,24.4453099]}},{"type":"Feature","properties":{"layer":"infrastructure","subtype":"barrier","class":"kerb","name":""},"geometry":{"type":"Point","coordinates":[54.5859363,24.4454225]}},{"type":"Feature","properties":{"layer":"infrastructure","subtype":"barrier","class":"kerb","name":""},"geometry":{"type":"Point","coordinates":[54.5856009,24.4455331]}},{"type":"Feature","properties":{"layer":"infrastructure","subtype":"transportation","class":"traffic_signals","name":""},"geometry":{"type":"Point","coordinates":[54.5856496,24.4455594]}},{"type":"Feature","properties":{"layer":"infrastructure","subtype":"transportation","class":"crossing","name":""},"geometry":{"type":"Point","coordinates":[54.5857295,24.4455838]}},{"type":"Feature","properties":{"layer":"infrastructure","subtype":"barrier","class":"kerb","name":""},"geometry":{"type":"Point","coordinates":[54.585786,24.4456052]}},{"type":"Feature","properties":{"layer":"infrastructure","subtype":"transportation","class":"crossing","name":""},"geometry":{"type":"Point","coordinates":[54.5854157,24.4459251]}},{"type":"Feature","properties":{"layer":"infrastructure","subtype":"transit","class":"parking_entrance","name":""},"geometry":{"type":"Point","coordinates":[54.585342,24.4459025]}},{"type":"Feature","properties":{"layer":"infrastructure","subtype":"transit","class":"parking_entrance","name":""},"geometry":{"type":"Point","coordinates":[54.5853699,24.4458253]}},{"type":"Feature","properties":{"layer":"infrastructure","subtype":"transportation","class":"crossing","name":""},"geometry":{"type":"Point","coordinates":[54.5854412,24.4458494]}},{"type":"Feature","properties":{"layer":"infrastructure","subtype":"barrier","class":"kerb","name":""},"geometry":{"type":"Point","coordinates":[54.5877173,24.4455027]}},{"type":"Feature","properties":{"layer":"infrastructure","subtype":"barrier","class":"kerb","name":""},"geometry":{"type":"Point","coordinates":[54.5878328,24.4454917]}},{"type":"Feature","properties":{"layer":"infrastructure","subtype":"transportation","class":"crossing","name":""},"geometry":{"type":"Point","coordinates":[54.5877036,24.4454236]}},{"type":"Feature","properties":{"layer":"infrastructure","subtype":"transportation","class":"crossing","name":""},"geometry":{"type":"Point","coordinates":[54.5878701,24.4454718]}},{"type":"Feature","properties":{"layer":"infrastructure","subtype":"transportation","class":"crossing","name":""},"geometry":{"type":"Point","coordinates":[54.5879411,24.4454831]}},{"type":"Feature","properties":{"layer":"infrastructure","subtype":"barrier","class":"kerb","name":""},"geometry":{"type":"Point","coordinates":[54.5879753,24.4455084]}},{"type":"Feature","properties":{"layer":"infrastructure","subtype":"bridge","class":"bridge","name":""},"geometry":{"type":"LineString","coordinates":[[54.5893722,24.4452413],[54.588566,24.4454142]]}},{"type":"Feature","properties":{"layer":"infrastructure","subtype":"bridge","class":"bridge","name":""},"geometry":{"type":"Polygon","coordinates":[[[54.588566,24.4454142],[54.5886092,24.4454945],[54.5893943,24.445327],[54.5893722,24.4452413],[54.5893541,24.4451711],[54.5885298,24.4453469],[54.588566,24.4454142]]]}},{"type":"Feature","properties":{"layer":"infrastructure","subtype":"transit","class":"parking","name":""},"geometry":{"type":"Polygon","coordinates":[[[54.5910159,24.4459027],[54.5909106,24.4457963],[54.5908584,24.4456661],[54.5908502,24.4455702],[54.5909398,24.4452379],[54.591279,24.4452383],[54.5913539,24.4450071],[54.5909315,24.4449596],[54.5900221,24.4450476],[54.5900266,24.4452573],[54.5896528,24.4452822],[54.5896236,24.4453861],[54.590233,24.4457097],[54.5909773,24.4460251],[54.5910159,24.4459027]]]}},{"type":"Feature","properties":{"layer":"infrastructure","subtype":"transportation","class":"crossing","name":""},"geometry":{"type":"Point","coordinates":[54.5942493,24.4455312]}},{"type":"Feature","properties":{"layer":"infrastructure","subtype":"transportation","class":"crossing","name":""},"geometry":{"type":"Point","coordinates":[54.5942947,24.445476]}},{"type":"Feature","properties":{"layer":"infrastructure","subtype":"transportation","class":"crossing","name":""},"geometry":{"type":"Point","coordinates":[54.5939986,24.4455357]}},{"type":"Feature","properties":{"layer":"infrastructure","subtype":"transportation","class":"crossing","name":""},"geometry":{"type":"Point","coordinates":[54.594074,24.4455937]}},{"type":"Feature","properties":{"layer":"infrastructure","subtype":"transportation","class":"traffic_signals","name":""},"geometry":{"type":"Point","coordinates":[54.5939317,24.4456004]}},{"type":"Feature","properties":{"layer":"infrastructure","subtype":"transportation","class":"crossing","name":""},"geometry":{"type":"Point","coordinates":[54.5947132,24.4456147]}},{"type":"Feature","properties":{"layer":"infrastructure","subtype":"transportation","class":"crossing","name":""},"geometry":{"type":"Point","coordinates":[54.5934831,24.4457423]}},{"type":"Feature","properties":{"layer":"infrastructure","subtype":"transportation","class":"traffic_signals","name":""},"geometry":{"type":"Point","coordinates":[54.5934516,24.445732]}},{"type":"Feature","properties":{"layer":"infrastructure","subtype":"transportation","class":"traffic_signals","name":""},"geometry":{"type":"Point","coordinates":[54.5933106,24.4460251]}},{"type":"Feature","properties":{"layer":"infrastructure","subtype":"transportation","class":"crossing","name":""},"geometry":{"type":"Point","coordinates":[54.5935587,24.4458836]}},{"type":"Feature","properties":{"layer":"infrastructure","subtype":"transportation","class":"traffic_signals","name":""},"geometry":{"type":"Point","coordinates":[54.5935946,24.4458682]}},{"type":"Feature","properties":{"layer":"infrastructure","subtype":"transportation","class":"traffic_signals","name":""},"geometry":{"type":"Point","coordinates":[54.5933509,24.4458038]}},{"type":"Feature","properties":{"layer":"infrastructure","subtype":"transit","class":"parking_entrance","name":""},"geometry":{"type":"Point","coordinates":[54.5947381,24.4458004]}},{"type":"Feature","properties":{"layer":"infrastructure","subtype":"bridge","class":"bridge","name":"شارع خُور غناظة"},"geometry":{"type":"LineString","coordinates":[[54.5913241,24.4459719],[54.5910597,24.446779]]}},{"type":"Feature","properties":{"layer":"infrastructure","subtype":"bridge","class":"bridge","name":""},"geometry":{"type":"Polygon","coordinates":[[[54.5909563,24.4467495],[54.5910597,24.446779],[54.5911185,24.4467957],[54.591395,24.4459921],[54.5913241,24.4459719],[54.5912286,24.4459446],[54.5911688,24.4459276],[54.5908924,24.4467313],[54.5909563,24.4467495]]]}},{"type":"Feature","properties":{"layer":"infrastructure","subtype":"bridge","class":"bridge","name":"شارع خُور غناظة"},"geometry":{"type":"LineString","coordinates":[[54.5909563,24.4467495],[54.5912286,24.4459446]]}},{"type":"Feature","properties":{"layer":"infrastructure","subtype":"bridge","class":"bridge","name":""},"geometry":{"type":"LineString","coordinates":[[54.5938251,24.446839],[54.5932007,24.4462138]]}},{"type":"Feature","properties":{"layer":"infrastructure","subtype":"bridge","class":"bridge","name":""},"geometry":{"type":"Polygon","coordinates":[[[54.5937571,24.4468945],[54.5938251,24.446839],[54.5938813,24.4467931],[54.5932619,24.4461639],[54.5932007,24.4462138],[54.5931377,24.4462652],[54.5937571,24.4468945]]]}},{"type":"Feature","properties":{"layer":"infrastructure","subtype":"bridge","class":"bridge","name":"شارع الرَّاحة"},"geometry":{"type":"LineString","coordinates":[[54.5940435,24.4467818],[54.5934037,24.4461227]]}},{"type":"Feature","properties":{"layer":"infrastructure","subtype":"bridge","class":"bridge","name":""},"geometry":{"type":"LineString","coordinates":[[54.593632,24.4459684],[54.5938414,24.4461771],[54.5941448,24.4464769],[54.5943958,24.4467186]]}},{"type":"Feature","properties":{"layer":"infrastructure","subtype":"bridge","class":"bridge","name":""},"geometry":{"type":"Polygon","coordinates":[[[54.5939492,24.4467965],[54.5940435,24.4467818],[54.5942913,24.4467431],[54.5944105,24.4467245],[54.5936303,24.4459387],[54.593547,24.4460072],[54.5934037,24.4461227],[54.5933369,24.4461793],[54.5939492,24.4467965]]]}},{"type":"Feature","properties":{"layer":"infrastructure","subtype":"bridge","class":"bridge","name":"شارع الرَّاحة"},"geometry":{"type":"LineString","coordinates":[[54.593547,24.4460072],[54.5942913,24.4467431]]}},{"type":"Feature","properties":{"layer":"infrastructure","subtype":"transportation","class":"crossing","name":""},"geometry":{"type":"Point","coordinates":[54.5942485,24.4472094]}},{"type":"Feature","properties":{"layer":"infrastructure","subtype":"transportation","class":"crossing","name":""},"geometry":{"type":"Point","coordinates":[54.5941664,24.4472747]}},{"type":"Feature","properties":{"layer":"infrastructure","subtype":"transportation","class":"crossing","name":""},"geometry":{"type":"Point","coordinates":[54.5911126,24.4471922]}},{"type":"Feature","properties":{"layer":"infrastructure","subtype":"bridge","class":"bridge","name":""},"geometry":{"type":"Polygon","coordinates":[[[54.5850418,24.4470786],[54.5850977,24.4470939],[54.5851929,24.4471199],[54.5852574,24.4471375],[54.5855441,24.4462668],[54.5854872,24.4462512],[54.585404,24.4462285],[54.5853286,24.4462079],[54.5850418,24.4470786]]]}},{"type":"Feature","properties":{"layer":"infrastructure","subtype":"bridge","class":"bridge","name":""},"geometry":{"type":"LineString","coordinates":[[54.5850977,24.4470939],[54.585404,24.4462285],[54.5855032,24.4459509]]}},{"type":"Feature","properties":{"layer":"infrastructure","subtype":"bridge","class":"bridge","name":""},"geometry":{"type":"LineString","coordinates":[[54.585591,24.4459775],[54.5854872,24.4462512],[54.5851929,24.4471199]]}},{"type":"Feature","properties":{"layer":"infrastructure","subtype":"transportation","class":"crossing","name":""},"geometry":{"type":"Point","coordinates":[54.588844,24.4481916]}},{"type":"Feature","properties":{"layer":"infrastructure","subtype":"transportation","class":"crossing","name":""},"geometry":{"type":"Point","coordinates":[54.5893179,24.4483989]}},{"type":"Feature","properties":{"layer":"infrastructure","subtype":"transportation","class":"crossing","name":""},"geometry":{"type":"Point","coordinates":[54.5892607,24.448534]}},{"type":"Feature","properties":{"layer":"infrastructure","subtype":"transit","class":"parking","name":""},"geometry":{"type":"Polygon","coordinates":[[[54.5899433,24.4487111],[54.5889762,24.448354],[54.5888925,24.4485015],[54.589887,24.4488717],[54.5899433,24.4487111]]]}},{"type":"Feature","properties":{"layer":"infrastructure","subtype":"transportation","class":"crossing","name":""},"geometry":{"type":"Point","coordinates":[54.5903461,24.4485914]}},{"type":"Feature","properties":{"layer":"infrastructure","subtype":"transportation","class":"crossing","name":""},"geometry":{"type":"Point","coordinates":[54.5904344,24.4486147]}},{"type":"Feature","properties":{"layer":"infrastructure","subtype":"transportation","class":"crossing","name":""},"geometry":{"type":"Point","coordinates":[54.5910014,24.4489211]}},{"type":"Feature","properties":{"layer":"infrastructure","subtype":"transportation","class":"crossing","name":""},"geometry":{"type":"Point","coordinates":[54.5905562,24.4487953]}},{"type":"Feature","properties":{"layer":"infrastructure","subtype":"transportation","class":"crossing","name":""},"geometry":{"type":"Point","coordinates":[54.5899668,24.4487913]}},{"type":"Feature","properties":{"layer":"infrastructure","subtype":"transportation","class":"crossing","name":""},"geometry":{"type":"Point","coordinates":[54.5913172,24.4490849]}},{"type":"Feature","properties":{"layer":"infrastructure","subtype":"transportation","class":"crossing","name":""},"geometry":{"type":"Point","coordinates":[54.5910839,24.4490219]}},{"type":"Feature","properties":{"layer":"infrastructure","subtype":"bridge","class":"bridge","name":""},"geometry":{"type":"Polygon","coordinates":[[[54.590327,24.4483925],[54.590404,24.4484147],[54.5904917,24.4484389],[54.5905603,24.4484583],[54.5908743,24.4475353],[54.5908089,24.4475208],[54.5907189,24.4474971],[54.590641,24.4474695],[54.590327,24.4483925]]]}},{"type":"Feature","properties":{"layer":"infrastructure","subtype":"bridge","class":"bridge","name":"شارع خُور غناظة"},"geometry":{"type":"LineString","coordinates":[[54.5908089,24.4475208],[54.5904917,24.4484389]]}},{"type":"Feature","properties":{"layer":"infrastructure","subtype":"bridge","class":"bridge","name":"شارع خُور غناظة"},"geometry":{"type":"LineString","coordinates":[[54.590404,24.4484147],[54.5907189,24.4474971]]}},{"type":"Feature","properties":{"layer":"infrastructure","subtype":"barrier","class":"gate","name":""},"geometry":{"type":"Point","coordinates":[54.5907271,24.447468]}},{"type":"Feature","properties":{"layer":"infrastructure","subtype":"barrier","class":"gate","name":""},"geometry":{"type":"Point","coordinates":[54.5908165,24.4474968]}},{"type":"Feature","properties":{"layer":"infrastructure","subtype":"transportation","class":"crossing","name":""},"geometry":{"type":"Point","coordinates":[54.5963739,24.4476137]}},{"type":"Feature","properties":{"layer":"infrastructure","subtype":"transportation","class":"crossing","name":""},"geometry":{"type":"Point","coordinates":[54.5962376,24.4475773]}},{"type":"Feature","properties":{"layer":"infrastructure","subtype":"transportation","class":"crossing","name":""},"geometry":{"type":"Point","coordinates":[54.5961349,24.4478948]}},{"type":"Feature","properties":{"layer":"infrastructure","subtype":"transportation","class":"crossing","name":""},"geometry":{"type":"Point","coordinates":[54.5989846,24.4475291]}},{"type":"Feature","properties":{"layer":"infrastructure","subtype":"bridge","class":"bridge","name":""},"geometry":{"type":"LineString","coordinates":[[54.6008906,24.4470405],[54.6009347,24.4471484],[54.6009097,24.4474176],[54.6008899,24.4476373],[54.6008832,24.4477616]]}},{"type":"Feature","properties":{"layer":"infrastructure","subtype":"transportation","class":"crossing","name":""},"geometry":{"type":"Point","coordinates":[54.5990683,24.4480263]}},{"type":"Feature","properties":{"layer":"infrastructure","subtype":"transportation","class":"crossing","name":""},"geometry":{"type":"Point","coordinates":[54.5992066,24.4480353]}},{"type":"Feature","properties":{"layer":"infrastructure","subtype":"transportation","class":"traffic_signals","name":""},"geometry":{"type":"Point","coordinates":[54.5992082,24.4479888]}},{"type":"Feature","properties":{"layer":"infrastructure","subtype":"transportation","class":"crossing","name":""},"geometry":{"type":"Point","coordinates":[54.6005387,24.4480213]}},{"type":"Feature","properties":{"layer":"infrastructure","subtype":"transportation","class":"crossing","name":""},"geometry":{"type":"Point","coordinates":[54.6006707,24.4480646]}},{"type":"Feature","properties":{"layer":"infrastructure","subtype":"transportation","class":"crossing","name":""},"geometry":{"type":"Point","coordinates":[54.600779,24.4480685]}},{"type":"Feature","properties":{"layer":"infrastructure","subtype":"transportation","class":"crossing","name":""},"geometry":{"type":"Point","coordinates":[54.6009283,24.4480582]}},{"type":"Feature","properties":{"layer":"infrastructure","subtype":"transportation","class":"traffic_signals","name":""},"geometry":{"type":"Point","coordinates":[54.6004979,24.4481593]}},{"type":"Feature","properties":{"layer":"infrastructure","subtype":"transportation","class":"traffic_signals","name":""},"geometry":{"type":"Point","coordinates":[54.600498,24.4480385]}},{"type":"Feature","properties":{"layer":"infrastructure","subtype":"transportation","class":"crossing","name":""},"geometry":{"type":"Point","coordinates":[54.6008978,24.4481778]}},{"type":"Feature","properties":{"layer":"infrastructure","subtype":"transportation","class":"traffic_signals","name":""},"geometry":{"type":"Point","coordinates":[54.6009315,24.4483131]}},{"type":"Feature","properties":{"layer":"infrastructure","subtype":"transportation","class":"crossing","name":""},"geometry":{"type":"Point","coordinates":[54.600903,24.4483739]}},{"type":"Feature","properties":{"layer":"infrastructure","subtype":"transportation","class":"traffic_signals","name":""},"geometry":{"type":"Point","coordinates":[54.6009269,24.4483741]}},{"type":"Feature","properties":{"layer":"infrastructure","subtype":"transportation","class":"traffic_signals","name":""},"geometry":{"type":"Point","coordinates":[54.5992559,24.4483045]}},{"type":"Feature","properties":{"layer":"infrastructure","subtype":"transportation","class":"traffic_signals","name":""},"geometry":{"type":"Point","coordinates":[54.5989368,24.4481616]}},{"type":"Feature","properties":{"layer":"infrastructure","subtype":"bridge","class":"bridge","name":"شارع الرَّاحة"},"geometry":{"type":"LineString","coordinates":[[54.5987478,24.4483476],[54.5979054,24.448411]]}},{"type":"Feature","properties":{"layer":"infrastructure","subtype":"bridge","class":"bridge","name":""},"geometry":{"type":"Polygon","coordinates":[[[54.598769,24.4484231],[54.5987478,24.4483476],[54.5987074,24.4481745],[54.5987029,24.4481129],[54.5986988,24.4480286],[54.5978792,24.4481305],[54.5978833,24.448175],[54.5978884,24.4482294],[54.5979054,24.448411],[54.5979122,24.4484843],[54.598769,24.4484231]]]}},{"type":"Feature","properties":{"layer":"infrastructure","subtype":"bridge","class":"bridge","name":"شارع الرَّاحة"},"geometry":{"type":"LineString","coordinates":[[54.5978884,24.4482294],[54.5987074,24.4481745]]}},{"type":"Feature","properties":{"layer":"infrastructure","subtype":"bridge","class":"bridge","name":""},"geometry":{"type":"LineString","coordinates":[[54.5978833,24.448175],[54.5987029,24.4481129]]}},{"type":"Feature","properties":{"layer":"infrastructure","subtype":"transportation","class":"crossing","name":""},"geometry":{"type":"Point","coordinates":[54.5963171,24.4480658]}},{"type":"Feature","properties":{"layer":"infrastructure","subtype":"transportation","class":"traffic_signals","name":""},"geometry":{"type":"Point","coordinates":[54.5962729,24.4478987]}},{"type":"Feature","properties":{"layer":"infrastructure","subtype":"transportation","class":"crossing","name":""},"geometry":{"type":"Point","coordinates":[54.5962579,24.4479408]}},{"type":"Feature","properties":{"layer":"infrastructure","subtype":"transportation","class":"traffic_signals","name":""},"geometry":{"type":"Point","coordinates":[54.595982,24.4479538]}},{"type":"Feature","properties":{"layer":"infrastructure","subtype":"transportation","class":"traffic_signals","name":""},"geometry":{"type":"Point","coordinates":[54.5962839,24.448241]}},{"type":"Feature","properties":{"layer":"infrastructure","subtype":"transportation","class":"crossing","name":""},"geometry":{"type":"Point","coordinates":[54.5962537,24.4482316]}},{"type":"Feature","properties":{"layer":"infrastructure","subtype":"transit","class":"parking_entrance","name":""},"geometry":{"type":"Point","coordinates":[54.5956651,24.4483869]}},{"type":"Feature","properties":{"layer":"infrastructure","subtype":"transportation","class":"crossing","name":""},"geometry":{"type":"Point","coordinates":[54.5959687,24.4484819]}},{"type":"Feature","properties":{"layer":"infrastructure","subtype":"transportation","class":"crossing","name":""},"geometry":{"type":"Point","coordinates":[54.5960468,24.4485034]}},{"type":"Feature","properties":{"layer":"infrastructure","subtype":"transportation","class":"traffic_signals","name":""},"geometry":{"type":"Point","coordinates":[54.5959517,24.4485244]}},{"type":"Feature","properties":{"layer":"infrastructure","subtype":"bridge","class":"bridge","name":""},"geometry":{"type":"LineString","coordinates":[[54.5954752,24.4499164],[54.5957812,24.4490101]]}},{"type":"Feature","properties":{"layer":"infrastructure","subtype":"bridge","class":"bridge","name":""},"geometry":{"type":"Polygon","coordinates":[[[54.5988289,24.4494022],[54.5988226,24.4493574],[54.5982368,24.4494255],[54.5982431,24.4494703],[54.5988289,24.4494022]]]}},{"type":"Feature","properties":{"layer":"infrastructure","subtype":"bridge","class":"bridge","name":""},"geometry":{"type":"LineString","coordinates":[[54.5988028,24.4493811],[54.598267,24.4494437]]}},{"type":"Feature","properties":{"layer":"infrastructure","subtype":"barrier","class":"wall","name":""},"geometry":{"type":"LineString","coordinates":[[54.6001033,24.4492257],[54.6001007,24.4492564],[54.6000926,24.4493302]]}},{"type":"Feature","properties":{"layer":"infrastructure","subtype":"bridge","class":"bridge","name":"شارع البَندَر"},"geometry":{"type":"LineString","coordinates":[[54.6005172,24.4497953],[54.6005198,24.4496923],[54.60059,24.4490822]]}},{"type":"Feature","properties":{"layer":"infrastructure","subtype":"bridge","class":"bridge","name":""},"geometry":{"type":"LineString","coordinates":[[54.6004954,24.4490763],[54.6004904,24.449164],[54.6004549,24.4497933]]}},{"type":"Feature","properties":{"layer":"infrastructure","subtype":"bridge","class":"bridge","name":""},"geometry":{"type":"Polygon","coordinates":[[[54.6004549,24.4497933],[54.6005172,24.4497953],[54.6006547,24.4498052],[54.6006819,24.4498076],[54.600743,24.4498151],[54.6008106,24.4490564],[54.6007459,24.449092],[54.6007229,24.4490905],[54.60059,24.4490822],[54.6004954,24.4490763],[54.6004906,24.4490761],[54.6004522,24.4497932],[54.6004549,24.4497933]]]}},{"type":"Feature","properties":{"layer":"infrastructure","subtype":"bridge","class":"bridge","name":""},"geometry":{"type":"LineString","coordinates":[[54.6007459,24.449092],[54.6006819,24.4498076]]}},{"type":"Feature","properties":{"layer":"infrastructure","subtype":"bridge","class":"bridge","name":"شارع البَندَر"},"geometry":{"type":"LineString","coordinates":[[54.6007229,24.4490905],[54.6006547,24.4498052]]}},{"type":"Feature","properties":{"layer":"infrastructure","subtype":"transportation","class":"crossing","name":""},"geometry":{"type":"Point","coordinates":[54.6004965,24.4490387]}},{"type":"Feature","properties":{"layer":"infrastructure","subtype":"transportation","class":"crossing","name":""},"geometry":{"type":"Point","coordinates":[54.600498,24.448992]}},{"type":"Feature","properties":{"layer":"infrastructure","subtype":"transit","class":"parking_entrance","name":""},"geometry":{"type":"Point","coordinates":[54.5990132,24.4486879]}},{"type":"Feature","properties":{"layer":"infrastructure","subtype":"bridge","class":"bridge","name":""},"geometry":{"type":"LineString","coordinates":[[54.5979455,24.4485961],[54.598762,24.4485385]]}},{"type":"Feature","properties":{"layer":"infrastructure","subtype":"bridge","class":"bridge","name":""},"geometry":{"type":"Polygon","coordinates":[[[54.5979455,24.4485961],[54.5979537,24.4486875],[54.59877,24.4486272],[54.598762,24.4485385],[54.5987544,24.4484417],[54.5979381,24.448513],[54.5979455,24.4485961]]]}},{"type":"Feature","properties":{"layer":"infrastructure","subtype":"transportation","class":"crossing","name":""},"geometry":{"type":"Point","coordinates":[54.60062,24.4486198]}},{"type":"Feature","properties":{"layer":"infrastructure","subtype":"transportation","class":"traffic_signals","name":""},"geometry":{"type":"Point","coordinates":[54.6006178,24.4486524]}},{"type":"Feature","properties":{"layer":"infrastructure","subtype":"transportation","class":"crossing","name":""},"geometry":{"type":"Point","coordinates":[54.6007855,24.4486289]}},{"type":"Feature","properties":{"layer":"infrastructure","subtype":"transportation","class":"crossing","name":""},"geometry":{"type":"Point","coordinates":[54.6031766,24.4484797]}},{"type":"Feature","properties":{"layer":"infrastructure","subtype":"transportation","class":"traffic_signals","name":""},"geometry":{"type":"Point","coordinates":[54.6032243,24.4484901]}},{"type":"Feature","properties":{"layer":"infrastructure","subtype":"transportation","class":"crossing","name":""},"geometry":{"type":"Point","coordinates":[54.6029619,24.4487792]}},{"type":"Feature","properties":{"layer":"infrastructure","subtype":"transportation","class":"crossing","name":""},"geometry":{"type":"Point","coordinates":[54.602844,24.4487761]}},{"type":"Feature","properties":{"layer":"infrastructure","subtype":"transportation","class":"traffic_signals","name":""},"geometry":{"type":"Point","coordinates":[54.6028438,24.4487909]}},{"type":"Feature","properties":{"layer":"infrastructure","subtype":"barrier","class":"gate","name":""},"geometry":{"type":"Point","coordinates":[54.6028063,24.4494559]}},{"type":"Feature","properties":{"layer":"infrastructure","subtype":"transportation","class":"crossing","name":""},"geometry":{"type":"Point","coordinates":[54.6028188,24.449453]}},{"type":"Feature","properties":{"layer":"infrastructure","subtype":"transportation","class":"crossing","name":""},"geometry":{"type":"Point","coordinates":[54.6030486,24.4493246]}},{"type":"Feature","properties":{"layer":"infrastructure","subtype":"transportation","class":"crossing","name":""},"geometry":{"type":"Point","coordinates":[54.6029303,24.4493431]}},{"type":"Feature","properties":{"layer":"infrastructure","subtype":"barrier","class":"lift_gate","name":""},"geometry":{"type":"Point","coordinates":[54.6036285,24.4494413]}},{"type":"Feature","properties":{"layer":"infrastructure","subtype":"pedestrian","class":"atm","name":""},"geometry":{"type":"Point","coordinates":[54.6049039,24.4493964]}},{"type":"Feature","properties":{"layer":"infrastructure","subtype":"pedestrian","class":"atm","name":""},"geometry":{"type":"Point","coordinates":[54.6053318,24.4493797]}},{"type":"Feature","properties":{"layer":"infrastructure","subtype":"transit","class":"bus_stop","name":"Al Muneera"},"geometry":{"type":"Point","coordinates":[54.6054748,24.4493453]}},{"type":"Feature","properties":{"layer":"infrastructure","subtype":"transportation","class":"traffic_signals","name":""},"geometry":{"type":"Point","coordinates":[54.6066139,24.4492603]}},{"type":"Feature","properties":{"layer":"infrastructure","subtype":"transportation","class":"crossing","name":""},"geometry":{"type":"Point","coordinates":[54.6066751,24.4490874]}},{"type":"Feature","properties":{"layer":"infrastructure","subtype":"transportation","class":"crossing","name":""},"geometry":{"type":"Point","coordinates":[54.6063403,24.4491854]}},{"type":"Feature","properties":{"layer":"infrastructure","subtype":"transportation","class":"traffic_signals","name":""},"geometry":{"type":"Point","coordinates":[54.6064038,24.4490163]}},{"type":"Feature","properties":{"layer":"infrastructure","subtype":"transportation","class":"crossing","name":""},"geometry":{"type":"Point","coordinates":[54.6066443,24.448948]}},{"type":"Feature","properties":{"layer":"infrastructure","subtype":"transportation","class":"traffic_signals","name":""},"geometry":{"type":"Point","coordinates":[54.6066527,24.4489182]}},{"type":"Feature","properties":{"layer":"infrastructure","subtype":"transportation","class":"crossing","name":""},"geometry":{"type":"Point","coordinates":[54.6065213,24.448912]}},{"type":"Feature","properties":{"layer":"infrastructure","subtype":"transportation","class":"crossing","name":""},"geometry":{"type":"Point","coordinates":[54.6046791,24.4484436]}},{"type":"Feature","properties":{"layer":"infrastructure","subtype":"bridge","class":"bridge","name":""},"geometry":{"type":"LineString","coordinates":[[54.6068817,24.4482246],[54.606746,24.4486309]]}},{"type":"Feature","properties":{"layer":"infrastructure","subtype":"bridge","class":"bridge","name":""},"geometry":{"type":"LineString","coordinates":[[54.6069248,24.4482386],[54.6067887,24.4486444]]}},{"type":"Feature","properties":{"layer":"infrastructure","subtype":"bridge","class":"bridge","name":""},"geometry":{"type":"LineString","coordinates":[[54.6065451,24.4485713],[54.606685,24.4481666]]}},{"type":"Feature","properties":{"layer":"infrastructure","subtype":"bridge","class":"bridge","name":""},"geometry":{"type":"Polygon","coordinates":[[[54.6065303,24.4485668],[54.6065451,24.4485713],[54.6066255,24.4485986],[54.606746,24.4486309],[54.6067887,24.4486444],[54.6068078,24.4486501],[54.6069537,24.4482471],[54.6069248,24.4482386],[54.6068817,24.4482246],[54.6067631,24.4481889],[54.606685,24.4481666],[54.6066762,24.4481638],[54.6065303,24.4485668]]]}},{"type":"Feature","properties":{"layer":"infrastructure","subtype":"bridge","class":"bridge","name":""},"geometry":{"type":"LineString","coordinates":[[54.6066255,24.4485986],[54.6067631,24.4481889]]}},{"type":"Feature","properties":{"layer":"infrastructure","subtype":"transit","class":"parking","name":""},"geometry":{"type":"Point","coordinates":[54.6048698,24.448064]}},{"type":"Feature","properties":{"layer":"infrastructure","subtype":"transportation","class":"crossing","name":""},"geometry":{"type":"Point","coordinates":[54.6031942,24.4483102]}},{"type":"Feature","properties":{"layer":"infrastructure","subtype":"transportation","class":"traffic_signals","name":""},"geometry":{"type":"Point","coordinates":[54.6026942,24.4482841]}},{"type":"Feature","properties":{"layer":"infrastructure","subtype":"barrier","class":"gate","name":""},"geometry":{"type":"Point","coordinates":[54.6055937,24.4474333]}},{"type":"Feature","properties":{"layer":"infrastructure","subtype":"transit","class":"parking_entrance","name":""},"geometry":{"type":"Point","coordinates":[54.6055893,24.4476331]}},{"type":"Feature","properties":{"layer":"infrastructure","subtype":"transportation","class":"crossing","name":""},"geometry":{"type":"Point","coordinates":[54.6070612,24.4477006]}},{"type":"Feature","properties":{"layer":"infrastructure","subtype":"transportation","class":"traffic_signals","name":""},"geometry":{"type":"Point","coordinates":[54.6069245,24.4477088]}},{"type":"Feature","properties":{"layer":"infrastructure","subtype":"transportation","class":"crossing","name":""},"geometry":{"type":"Point","coordinates":[54.606939,24.4476656]}},{"type":"Feature","properties":{"layer":"infrastructure","subtype":"transportation","class":"traffic_signals","name":""},"geometry":{"type":"Point","coordinates":[54.6071724,24.4476938]}},{"type":"Feature","properties":{"layer":"infrastructure","subtype":"transportation","class":"traffic_signals","name":""},"geometry":{"type":"Point","coordinates":[54.6069078,24.4475157]}},{"type":"Feature","properties":{"layer":"infrastructure","subtype":"transportation","class":"motorway_junction","name":""},"geometry":{"type":"Point","coordinates":[54.6068439,24.4471959]}},{"type":"Feature","properties":{"layer":"infrastructure","subtype":"transportation","class":"crossing","name":""},"geometry":{"type":"Point","coordinates":[54.6056427,24.4473063]}},{"type":"Feature","properties":{"layer":"infrastructure","subtype":"transportation","class":"motorway_junction","name":""},"geometry":{"type":"Point","coordinates":[54.6052272,24.4463539]}},{"type":"Feature","properties":{"layer":"infrastructure","subtype":"power","class":"substation","name":"Power Substation"},"geometry":{"type":"Polygon","coordinates":[[[54.6019527,24.4471338],[54.6020966,24.4467207],[54.6014469,24.4465331],[54.601303,24.4469463],[54.6019527,24.4471338]]]}},{"type":"Feature","properties":{"layer":"infrastructure","subtype":"bridge","class":"bridge","name":""},"geometry":{"type":"Polygon","coordinates":[[[54.6009517,24.4465273],[54.600796,24.4465144],[54.600703,24.4465067],[54.6005797,24.4477372],[54.6006852,24.447746],[54.6008055,24.4477545],[54.6008832,24.4477616],[54.6009629,24.447769],[54.6010862,24.4465385],[54.6009517,24.4465273]]]}},{"type":"Feature","properties":{"layer":"infrastructure","subtype":"bridge","class":"bridge","name":""},"geometry":{"type":"LineString","coordinates":[[54.6009399,24.4477552],[54.6010825,24.4464533],[54.6010967,24.4463907],[54.6011378,24.4463087],[54.6011868,24.4462641],[54.6012469,24.4462173],[54.6013733,24.4461662],[54.6014405,24.4461561]]}},{"type":"Feature","properties":{"layer":"infrastructure","subtype":"transportation","class":"crossing","name":""},"geometry":{"type":"Point","coordinates":[54.5961647,24.4473637]}},{"type":"Feature","properties":{"layer":"infrastructure","subtype":"bridge","class":"bridge","name":""},"geometry":{"type":"LineString","coordinates":[[54.5983312,24.446575],[54.5983927,24.4466716],[54.5984309,24.4467692],[54.5984756,24.446911],[54.5984786,24.4470168],[54.5984622,24.4471482],[54.5984243,24.4472359],[54.5983312,24.4473785],[54.5982771,24.4474278],[54.5981978,24.4474841],[54.5981133,24.4475378],[54.597946,24.4475747]]}},{"type":"Feature","properties":{"layer":"infrastructure","subtype":"bridge","class":"bridge","name":""},"geometry":{"type":"LineString","coordinates":[[54.5991693,24.4462829],[54.5990851,24.4471541]]}},{"type":"Feature","properties":{"layer":"infrastructure","subtype":"bridge","class":"bridge","name":""},"geometry":{"type":"LineString","coordinates":[[54.5994234,24.4462675],[54.5993368,24.4471834]]}},{"type":"Feature","properties":{"layer":"infrastructure","subtype":"bridge","class":"bridge","name":""},"geometry":{"type":"LineString","coordinates":[[54.5993388,24.4462416],[54.5992706,24.4471602]]}},{"type":"Feature","properties":{"layer":"infrastructure","subtype":"bridge","class":"bridge","name":""},"geometry":{"type":"Polygon","coordinates":[[[54.5991502,24.4471521],[54.5992706,24.4471602],[54.599333,24.4471627],[54.5994067,24.4462461],[54.5993388,24.4462416],[54.5992129,24.4462339],[54.5991371,24.4462288],[54.5990638,24.4471449],[54.5991502,24.4471521]]]}},{"type":"Feature","properties":{"layer":"infrastructure","subtype":"bridge","class":"bridge","name":""},"geometry":{"type":"LineString","coordinates":[[54.5991502,24.4471521],[54.5992129,24.4462339]]}},{"type":"Feature","properties":{"layer":"infrastructure","subtype":"bridge","class":"bridge","name":""},"geometry":{"type":"LineString","coordinates":[[54.6006012,24.4459266],[54.6006442,24.4459943],[54.6006594,24.4460236],[54.600666,24.4460365],[54.6006962,24.4461057],[54.6007219,24.4462176],[54.6007292,24.4462944],[54.600728,24.4463819],[54.6007258,24.446476],[54.6006179,24.4477368]]}},{"type":"Feature","properties":{"layer":"infrastructure","subtype":"bridge","class":"bridge","name":"شارع البَندَر"},"geometry":{"type":"LineString","coordinates":[[54.6010083,24.4458395],[54.6009517,24.4465273],[54.6008906,24.4470405],[54.6008055,24.4477545]]}},{"type":"Feature","properties":{"layer":"infrastructure","subtype":"bridge","class":"bridge","name":""},"geometry":{"type":"LineString","coordinates":[[54.6017062,24.4461217],[54.6014311,24.4461328],[54.6013526,24.446137],[54.6012877,24.4461522],[54.6012172,24.446187],[54.6011591,24.446236],[54.601152,24.4462447],[54.6011085,24.4462981],[54.6009517,24.4465273]]}},{"type":"Feature","properties":{"layer":"infrastructure","subtype":"bridge","class":"bridge","name":""},"geometry":{"type":"LineString","coordinates":[[54.6011868,24.4462641],[54.6011751,24.4462576]]}},{"type":"Feature","properties":{"layer":"infrastructure","subtype":"transportation","class":"crossing","name":""},"geometry":{"type":"Point","coordinates":[54.601152,24.4462447]}},{"type":"Feature","properties":{"layer":"infrastructure","subtype":"bridge","class":"bridge","name":""},"geometry":{"type":"LineString","coordinates":[[54.601124,24.4462234],[54.6011103,24.4462024],[54.6011033,24.4461391],[54.6011117,24.4460399],[54.6011277,24.4459676]]}},{"type":"Feature","properties":{"layer":"infrastructure","subtype":"transportation","class":"crossing","name":""},"geometry":{"type":"Point","coordinates":[54.6006743,24.4460172]}},{"type":"Feature","properties":{"layer":"infrastructure","subtype":"bridge","class":"bridge","name":""},"geometry":{"type":"LineString","coordinates":[[54.6006594,24.4460236],[54.6006661,24.4460204]]}},{"type":"Feature","properties":{"layer":"infrastructure","subtype":"transportation","class":"traffic_signals","name":""},"geometry":{"type":"Point","coordinates":[54.6011662,24.4459158]}},{"type":"Feature","properties":{"layer":"infrastructure","subtype":"transportation","class":"crossing","name":""},"geometry":{"type":"Point","coordinates":[54.6011351,24.445904]}},{"type":"Feature","properties":{"layer":"infrastructure","subtype":"transportation","class":"traffic_signals","name":""},"geometry":{"type":"Point","coordinates":[54.6008628,24.4458697]}},{"type":"Feature","properties":{"layer":"infrastructure","subtype":"bridge","class":"bridge","name":""},"geometry":{"type":"LineString","coordinates":[[54.600796,24.4465144],[54.6007456,24.4462351],[54.6007059,24.4460868],[54.6006743,24.4460172],[54.6006539,24.4459722],[54.6005766,24.4458676],[54.6004836,24.4457829],[54.6003808,24.4457077],[54.6002382,24.4456413],[54.6000858,24.4455905],[54.5991325,24.4452842]]}},{"type":"Feature","properties":{"layer":"infrastructure","subtype":"transportation","class":"crossing","name":""},"geometry":{"type":"Point","coordinates":[54.5992393,24.4459947]}},{"type":"Feature","properties":{"layer":"infrastructure","subtype":"transportation","class":"crossing","name":""},"geometry":{"type":"Point","coordinates":[54.5993667,24.4460068]}},{"type":"Feature","properties":{"layer":"infrastructure","subtype":"transportation","class":"crossing","name":""},"geometry":{"type":"Point","coordinates":[54.5991349,24.4461437]}},{"type":"Feature","properties":{"layer":"infrastructure","subtype":"transit","class":"parking_entrance","name":""},"geometry":{"type":"Point","coordinates":[54.5968057,24.4461045]}},{"type":"Feature","properties":{"layer":"infrastructure","subtype":"transit","class":"parking_entrance","name":""},"geometry":{"type":"Point","coordinates":[54.596048,24.4459629]}},{"type":"Feature","properties":{"layer":"infrastructure","subtype":"transit","class":"parking_entrance","name":""},"geometry":{"type":"Point","coordinates":[54.5954076,24.4458963]}},{"type":"Feature","properties":{"layer":"infrastructure","subtype":"transportation","class":"crossing","name":""},"geometry":{"type":"Point","coordinates":[54.5968923,24.4458552]}},{"type":"Feature","properties":{"layer":"infrastructure","subtype":"transportation","class":"crossing","name":""},"geometry":{"type":"Point","coordinates":[54.5961308,24.4456696]}},{"type":"Feature","properties":{"layer":"infrastructure","subtype":"transportation","class":"crossing","name":""},"geometry":{"type":"Point","coordinates":[54.5954515,24.4455942]}},{"type":"Feature","properties":{"layer":"infrastructure","subtype":"transportation","class":"crossing","name":""},"geometry":{"type":"Point","coordinates":[54.5992751,24.4456697]}},{"type":"Feature","properties":{"layer":"infrastructure","subtype":"transportation","class":"crossing","name":""},"geometry":{"type":"Point","coordinates":[54.5994066,24.4456701]}},{"type":"Feature","properties":{"layer":"infrastructure","subtype":"transportation","class":"crossing","name":""},"geometry":{"type":"Point","coordinates":[54.599546,24.4457231]}},{"type":"Feature","properties":{"layer":"infrastructure","subtype":"bridge","class":"bridge","name":"شارع البَندَر"},"geometry":{"type":"LineString","coordinates":[[54.6006852,24.447746],[54.600796,24.4465144],[54.6008628,24.4458697],[54.6008811,24.4456932],[54.6010497,24.4437819]]}},{"type":"Feature","properties":{"layer":"infrastructure","subtype":"bridge","class":"bridge","name":""},"geometry":{"type":"LineString","coordinates":[[54.6010083,24.4458395],[54.6009413,24.4457712],[54.6008811,24.4456932]]}},{"type":"Feature","properties":{"layer":"infrastructure","subtype":"transportation","class":"traffic_signals","name":""},"geometry":{"type":"Point","coordinates":[54.6010141,24.445748]}},{"type":"Feature","properties":{"layer":"infrastructure","subtype":"bridge","class":"bridge","name":"شارع البَندَر"},"geometry":{"type":"LineString","coordinates":[[54.601059,24.4450448],[54.6010141,24.445748],[54.6010083,24.4458395]]}},{"type":"Feature","properties":{"layer":"infrastructure","subtype":"bridge","class":"bridge","name":""},"geometry":{"type":"LineString","coordinates":[[54.6037133,24.4445585],[54.6038018,24.4448639],[54.6038238,24.4450435],[54.6038182,24.4452405],[54.6038101,24.445381],[54.6037757,24.4455339],[54.6037485,24.4456613],[54.6037057,24.4457849],[54.6035823,24.4459777],[54.6034991,24.4460642],[54.6034187,24.4461364],[54.6032041,24.4462561],[54.6029933,24.446323],[54.6028258,24.4463425],[54.6026607,24.4463279],[54.6025013,24.4462937],[54.6023174,24.4462302]]}},{"type":"Feature","properties":{"layer":"infrastructure","subtype":"bridge","class":"bridge","name":""},"geometry":{"type":"LineString","coordinates":[[54.6017062,24.4461217],[54.6011662,24.4459158],[54.6011351,24.445904],[54.6010941,24.4458884],[54.6010083,24.4458395]]}},{"type":"Feature","properties":{"layer":"infrastructure","subtype":"transportation","class":"motorway_junction","name":""},"geometry":{"type":"Point","coordinates":[54.6017062,24.4461217]}},{"type":"Feature","properties":{"layer":"infrastructure","subtype":"bridge","class":"bridge","name":""},"geometry":{"type":"LineString","coordinates":[[54.6032225,24.4464639],[54.602702,24.4464086],[54.6023718,24.446359],[54.6019808,24.4462351],[54.6017062,24.4461217]]}},{"type":"Feature","properties":{"layer":"infrastructure","subtype":"bridge","class":"bridge","name":""},"geometry":{"type":"LineString","coordinates":[[54.6037862,24.4445491],[54.6039632,24.4448275],[54.6041188,24.4451718],[54.6042448,24.445455],[54.6043763,24.4456968],[54.6044701,24.445792],[54.6045533,24.4458848],[54.6046874,24.4459751],[54.6048215,24.4460459],[54.6051782,24.4461558],[54.6107855,24.4477325]]}},{"type":"Feature","properties":{"layer":"infrastructure","subtype":"barrier","class":"gate","name":""},"geometry":{"type":"Point","coordinates":[54.6094628,24.4452958]}},{"type":"Feature","properties":{"layer":"infrastructure","subtype":"transit","class":"parking","name":""},"geometry":{"type":"Polygon","coordinates":[[[54.6110186,24.4459917],[54.6110731,24.4458353],[54.6095263,24.4453892],[54.6095084,24.4454402],[54.6093725,24.4454011],[54.6093359,24.4455064],[54.6110186,24.4459917]]]}},{"type":"Feature","properties":{"layer":"infrastructure","subtype":"transit","class":"parking","name":""},"geometry":{"type":"Polygon","coordinates":[[[54.6113476,24.4458312],[54.6115966,24.445079],[54.6114118,24.4450485],[54.6111762,24.44578],[54.6113476,24.4458312]]]}},{"type":"Feature","properties":{"layer":"infrastructure","subtype":"transportation","class":"crossing","name":""},"geometry":{"type":"Point","coordinates":[54.6132198,24.4453149]}},{"type":"Feature","properties":{"layer":"infrastructure","subtype":"transportation","class":"crossing","name":""},"geometry":{"type":"Point","coordinates":[54.6133445,24.4453541]}},{"type":"Feature","properties":{"layer":"infrastructure","subtype":"transportation","class":"crossing","name":""},"geometry":{"type":"Point","coordinates":[54.61435,24.4453551]}},{"type":"Feature","properties":{"layer":"infrastructure","subtype":"transportation","class":"crossing","name":""},"geometry":{"type":"Point","coordinates":[54.6143,24.4455185]}},{"type":"Feature","properties":{"layer":"infrastructure","subtype":"transit","class":"parking","name":""},"geometry":{"type":"Polygon","coordinates":[[[54.614312,24.4457903],[54.6143559,24.4458028],[54.6143964,24.4457031],[54.6144258,24.4456135],[54.6134821,24.4453418],[54.6134206,24.4455113],[54.614312,24.4457903]]]}},{"type":"Feature","properties":{"layer":"infrastructure","subtype":"transportation","class":"crossing","name":""},"geometry":{"type":"Point","coordinates":[54.6146168,24.4456967]}},{"type":"Feature","properties":{"layer":"infrastructure","subtype":"transportation","class":"crossing","name":""},"geometry":{"type":"Point","coordinates":[54.6144921,24.4456619]}},{"type":"Feature","properties":{"layer":"infrastructure","subtype":"transit","class":"parking","name":""},"geometry":{"type":"Polygon","coordinates":[[[54.614681,24.4457204],[54.6146632,24.4457711],[54.6145971,24.4457518],[54.6145431,24.4458563],[54.6149552,24.4459659],[54.615,24.445838372727273],[54.615,24.445813270948012],[54.614681,24.4457204]]]}},{"type":"Feature","properties":{"layer":"infrastructure","subtype":"transit","class":"parking","name":""},"geometry":{"type":"Polygon","coordinates":[[[54.614645,24.447465],[54.6147593,24.447128],[54.6108593,24.446032],[54.610745,24.4463692],[54.614645,24.447465]]]}},{"type":"Feature","properties":{"layer":"infrastructure","subtype":"transportation","class":"motorway_junction","name":""},"geometry":{"type":"Point","coordinates":[54.6126994,24.4481842]}},{"type":"Feature","properties":{"layer":"infrastructure","subtype":"transit","class":"parking_entrance","name":""},"geometry":{"type":"Point","coordinates":[54.6125983,24.4493198]}},{"type":"Feature","properties":{"layer":"infrastructure","subtype":"transit","class":"bicycle_rental","name":""},"geometry":{"type":"Point","coordinates":[54.6118865,24.4490788]}},{"type":"Feature","properties":{"layer":"infrastructure","subtype":"transportation","class":"crossing","name":""},"geometry":{"type":"Point","coordinates":[54.6111233,24.4488749]}},{"type":"Feature","properties":{"layer":"infrastructure","subtype":"transportation","class":"crossing","name":""},"geometry":{"type":"Point","coordinates":[54.6112623,24.4489135]}},{"type":"Feature","properties":{"layer":"infrastructure","subtype":"barrier","class":"wall","name":""},"geometry":{"type":"LineString","coordinates":[[54.6101018,24.4485934],[54.6108233,24.4488034],[54.6109078,24.4489585],[54.610834,24.4491819]]}},{"type":"Feature","properties":{"layer":"infrastructure","subtype":"transit","class":"parking","name":""},"geometry":{"type":"Polygon","coordinates":[[[54.6130812,24.4454352],[54.6131332,24.4452775],[54.6116988,24.4448855],[54.6116698,24.4449735],[54.6117238,24.4449883],[54.6117008,24.445058],[54.6130812,24.4454352]]]}},{"type":"Feature","properties":{"layer":"infrastructure","subtype":"transportation","class":"crossing","name":""},"geometry":{"type":"Point","coordinates":[54.6121571,24.4448995]}},{"type":"Feature","properties":{"layer":"infrastructure","subtype":"transportation","class":"crossing","name":""},"geometry":{"type":"Point","coordinates":[54.6115795,24.4448148]}},{"type":"Feature","properties":{"layer":"infrastructure","subtype":"barrier","class":"wall","name":""},"geometry":{"type":"LineString","coordinates":[[54.6093744,24.4452684],[54.6094628,24.4452958],[54.611102,24.4457542],[54.6113748,24.4449455],[54.6102561,24.4446475],[54.6096387,24.4444644],[54.6095019,24.4448779],[54.6094031,24.4451793],[54.6093744,24.4452684]]}},{"type":"Feature","properties":{"layer":"infrastructure","subtype":"barrier","class":"gate","name":""},"geometry":{"type":"Point","coordinates":[54.6102561,24.4446475]}},{"type":"Feature","properties":{"layer":"infrastructure","subtype":"transportation","class":"crossing","name":""},"geometry":{"type":"Point","coordinates":[54.6095441,24.4442715]}},{"type":"Feature","properties":{"layer":"infrastructure","subtype":"transit","class":"parking","name":""},"geometry":{"type":"Polygon","coordinates":[[[54.6116393,24.444357],[54.6112461,24.4442429],[54.6111509,24.4443582],[54.6115905,24.444487],[54.6116393,24.444357]]]}},{"type":"Feature","properties":{"layer":"infrastructure","subtype":"transit","class":"parking","name":""},"geometry":{"type":"Polygon","coordinates":[[[54.6110783,24.4448472],[54.611131,24.4446939],[54.6097224,24.4442928],[54.6096697,24.4444461],[54.6110783,24.4448472]]]}},{"type":"Feature","properties":{"layer":"infrastructure","subtype":"transportation","class":"crossing","name":""},"geometry":{"type":"Point","coordinates":[54.61127,24.4447334]}},{"type":"Feature","properties":{"layer":"infrastructure","subtype":"transportation","class":"crossing","name":""},"geometry":{"type":"Point","coordinates":[54.6121431,24.4447282]}},{"type":"Feature","properties":{"layer":"infrastructure","subtype":"transportation","class":"crossing","name":""},"geometry":{"type":"Point","coordinates":[54.6131422,24.4443168]}},{"type":"Feature","properties":{"layer":"infrastructure","subtype":"transportation","class":"crossing","name":""},"geometry":{"type":"Point","coordinates":[54.6132694,24.4442335]}},{"type":"Feature","properties":{"layer":"infrastructure","subtype":"transportation","class":"crossing","name":""},"geometry":{"type":"Point","coordinates":[54.6130794,24.4441821]}},{"type":"Feature","properties":{"layer":"infrastructure","subtype":"transportation","class":"crossing","name":""},"geometry":{"type":"Point","coordinates":[54.6131965,24.4441569]}},{"type":"Feature","properties":{"layer":"infrastructure","subtype":"transit","class":"parking","name":""},"geometry":{"type":"Polygon","coordinates":[[[54.6111695,24.4441192],[54.6113108,24.4436826],[54.6111609,24.4436319],[54.6109997,24.4440945],[54.6111695,24.4441192]]]}},{"type":"Feature","properties":{"layer":"infrastructure","subtype":"transit","class":"parking","name":""},"geometry":{"type":"Polygon","coordinates":[[[54.610728,24.4439848],[54.6108053,24.4437629],[54.6107498,24.4437469],[54.6106725,24.4439687],[54.610728,24.4439848]]]}},{"type":"Feature","properties":{"layer":"infrastructure","subtype":"transit","class":"parking","name":""},"geometry":{"type":"Polygon","coordinates":[[[54.6102607,24.4441605],[54.6102819,24.4440982],[54.6099499,24.4440044],[54.6096772,24.4439273],[54.6096559,24.4439896],[54.6102607,24.4441605]]]}},{"type":"Feature","properties":{"layer":"infrastructure","subtype":"transportation","class":"crossing","name":""},"geometry":{"type":"Point","coordinates":[54.6084458,24.4439722]}},{"type":"Feature","properties":{"layer":"infrastructure","subtype":"transportation","class":"crossing","name":""},"geometry":{"type":"Point","coordinates":[54.6085184,24.4439899]}},{"type":"Feature","properties":{"layer":"infrastructure","subtype":"transit","class":"bus_stop","name":""},"geometry":{"type":"Point","coordinates":[54.6094953,24.443899]}},{"type":"Feature","properties":{"layer":"infrastructure","subtype":"transit","class":"parking","name":""},"geometry":{"type":"Polygon","coordinates":[[[54.6103003,24.4440919],[54.6103428,24.4439692],[54.6091651,24.4436306],[54.6091225,24.4437532],[54.6103003,24.4440919]]]}},{"type":"Feature","properties":{"layer":"infrastructure","subtype":"transportation","class":"crossing","name":""},"geometry":{"type":"Point","coordinates":[54.6099311,24.4439264]}},{"type":"Feature","properties":{"layer":"infrastructure","subtype":"transit","class":"parking","name":"Etihad Plaza Parking"},"geometry":{"type":"Polygon","coordinates":[[[54.6091986,24.4438569],[54.6092193,24.4437964],[54.6085055,24.4435934],[54.6073787,24.4432731],[54.6073579,24.4433337],[54.6091986,24.4438569]]]}},{"type":"Feature","properties":{"layer":"infrastructure","subtype":"transportation","class":"crossing","name":""},"geometry":{"type":"Point","coordinates":[54.6078276,24.4433324]}},{"type":"Feature","properties":{"layer":"infrastructure","subtype":"transit","class":"parking","name":""},"geometry":{"type":"Polygon","coordinates":[[[54.6078591,24.4433072],[54.6085659,24.4435039],[54.6085829,24.4434535],[54.6073095,24.443099],[54.6072925,24.4431495],[54.6078591,24.4433072]]]}},{"type":"Feature","properties":{"layer":"infrastructure","subtype":"transit","class":"parking","name":""},"geometry":{"type":"Polygon","coordinates":[[[54.6109204,24.4434298],[54.6110534,24.4430778],[54.6109912,24.4430583],[54.6108582,24.4434104],[54.6109204,24.4434298]]]}},{"type":"Feature","properties":{"layer":"infrastructure","subtype":"transportation","class":"crossing","name":""},"geometry":{"type":"Point","coordinates":[54.6113691,24.4432335]}},{"type":"Feature","properties":{"layer":"infrastructure","subtype":"transit","class":"parking","name":""},"geometry":{"type":"Polygon","coordinates":[[[54.6144569,24.4438498],[54.6115643,24.4430351],[54.611543,24.4430822],[54.6144468,24.4438952],[54.6144569,24.4438498]]]}},{"type":"Feature","properties":{"layer":"infrastructure","subtype":"transportation","class":"crossing","name":""},"geometry":{"type":"Point","coordinates":[54.6141034,24.4422436]}},{"type":"Feature","properties":{"layer":"infrastructure","subtype":"transportation","class":"crossing","name":""},"geometry":{"type":"Point","coordinates":[54.6139139,24.4421898]}},{"type":"Feature","properties":{"layer":"infrastructure","subtype":"transportation","class":"crossing","name":""},"geometry":{"type":"Point","coordinates":[54.6140198,24.4421562]}},{"type":"Feature","properties":{"layer":"infrastructure","subtype":"transportation","class":"crossing","name":""},"geometry":{"type":"Point","coordinates":[54.6133387,24.4429657]}},{"type":"Feature","properties":{"layer":"infrastructure","subtype":"transportation","class":"crossing","name":""},"geometry":{"type":"Point","coordinates":[54.6124067,24.4426947]}},{"type":"Feature","properties":{"layer":"infrastructure","subtype":"transportation","class":"crossing","name":""},"geometry":{"type":"Point","coordinates":[54.6122278,24.4426452]}},{"type":"Feature","properties":{"layer":"infrastructure","subtype":"transportation","class":"crossing","name":""},"geometry":{"type":"Point","coordinates":[54.6109537,24.4429566]}},{"type":"Feature","properties":{"layer":"infrastructure","subtype":"transportation","class":"crossing","name":""},"geometry":{"type":"Point","coordinates":[54.6111773,24.4431397]}},{"type":"Feature","properties":{"layer":"infrastructure","subtype":"transportation","class":"crossing","name":""},"geometry":{"type":"Point","coordinates":[54.6110641,24.4431051]}},{"type":"Feature","properties":{"layer":"infrastructure","subtype":"pedestrian","class":"atm","name":""},"geometry":{"type":"Point","coordinates":[54.6088128,24.4431371]}},{"type":"Feature","properties":{"layer":"infrastructure","subtype":"pedestrian","class":"atm","name":""},"geometry":{"type":"Point","coordinates":[54.6088219,24.4431055]}},{"type":"Feature","properties":{"layer":"infrastructure","subtype":"transit","class":"parking","name":""},"geometry":{"type":"Polygon","coordinates":[[[54.6110227,24.4429188],[54.6110444,24.4428629],[54.6090626,24.442292],[54.6090459,24.4423505],[54.6110227,24.4429188]]]}},{"type":"Feature","properties":{"layer":"infrastructure","subtype":"pedestrian","class":"atm","name":""},"geometry":{"type":"Point","coordinates":[54.6074518,24.4422079]}},{"type":"Feature","properties":{"layer":"infrastructure","subtype":"transportation","class":"crossing","name":""},"geometry":{"type":"Point","coordinates":[54.6113922,24.4422764]}},{"type":"Feature","properties":{"layer":"infrastructure","subtype":"transportation","class":"crossing","name":""},"geometry":{"type":"Point","coordinates":[54.6112392,24.4423753]}},{"type":"Feature","properties":{"layer":"infrastructure","subtype":"transportation","class":"crossing","name":""},"geometry":{"type":"Point","coordinates":[54.6114752,24.4424426]}},{"type":"Feature","properties":{"layer":"infrastructure","subtype":"transportation","class":"crossing","name":""},"geometry":{"type":"Point","coordinates":[54.6123407,24.4425624]}},{"type":"Feature","properties":{"layer":"infrastructure","subtype":"transportation","class":"crossing","name":""},"geometry":{"type":"Point","coordinates":[54.6125679,24.4418947]}},{"type":"Feature","properties":{"layer":"infrastructure","subtype":"transportation","class":"crossing","name":""},"geometry":{"type":"Point","coordinates":[54.6126978,24.4418506]}},{"type":"Feature","properties":{"layer":"infrastructure","subtype":"transportation","class":"crossing","name":""},"geometry":{"type":"Point","coordinates":[54.6126265,24.4417232]}},{"type":"Feature","properties":{"layer":"infrastructure","subtype":"transportation","class":"crossing","name":""},"geometry":{"type":"Point","coordinates":[54.6115982,24.441684]}},{"type":"Feature","properties":{"layer":"infrastructure","subtype":"transit","class":"parking","name":""},"geometry":{"type":"Polygon","coordinates":[[[54.6088693,24.4423099],[54.6088905,24.4422441],[54.6075414,24.4418583],[54.6075146,24.4419217],[54.6088693,24.4423099]]]}},{"type":"Feature","properties":{"layer":"infrastructure","subtype":"transportation","class":"crossing","name":""},"geometry":{"type":"Point","coordinates":[54.6074605,24.4419688]}},{"type":"Feature","properties":{"layer":"infrastructure","subtype":"transportation","class":"crossing","name":""},"geometry":{"type":"Point","coordinates":[54.6091521,24.4416476]}},{"type":"Feature","properties":{"layer":"infrastructure","subtype":"transportation","class":"crossing","name":""},"geometry":{"type":"Point","coordinates":[54.609055,24.4417483]}},{"type":"Feature","properties":{"layer":"infrastructure","subtype":"transportation","class":"crossing","name":""},"geometry":{"type":"Point","coordinates":[54.6092189,24.4417929]}},{"type":"Feature","properties":{"layer":"infrastructure","subtype":"transportation","class":"crossing","name":""},"geometry":{"type":"Point","coordinates":[54.6081669,24.4415017]}},{"type":"Feature","properties":{"layer":"infrastructure","subtype":"transportation","class":"crossing","name":""},"geometry":{"type":"Point","coordinates":[54.6083601,24.4415578]}},{"type":"Feature","properties":{"layer":"infrastructure","subtype":"transportation","class":"crossing","name":""},"geometry":{"type":"Point","coordinates":[54.6082956,24.4414359]}},{"type":"Feature","properties":{"layer":"infrastructure","subtype":"transportation","class":"crossing","name":""},"geometry":{"type":"Point","coordinates":[54.6074065,24.4412366]}},{"type":"Feature","properties":{"layer":"infrastructure","subtype":"transportation","class":"crossing","name":""},"geometry":{"type":"Point","coordinates":[54.6077877,24.4412476]}},{"type":"Feature","properties":{"layer":"infrastructure","subtype":"transportation","class":"crossing","name":""},"geometry":{"type":"Point","coordinates":[54.6086472,24.4410926]}},{"type":"Feature","properties":{"layer":"infrastructure","subtype":"transportation","class":"crossing","name":""},"geometry":{"type":"Point","coordinates":[54.6115445,24.441542]}},{"type":"Feature","properties":{"layer":"infrastructure","subtype":"transportation","class":"crossing","name":""},"geometry":{"type":"Point","coordinates":[54.6115471,24.4414833]}},{"type":"Feature","properties":{"layer":"infrastructure","subtype":"transportation","class":"crossing","name":""},"geometry":{"type":"Point","coordinates":[54.6142146,24.4413172]}},{"type":"Feature","properties":{"layer":"infrastructure","subtype":"transportation","class":"crossing","name":""},"geometry":{"type":"Point","coordinates":[54.6143918,24.4413656]}},{"type":"Feature","properties":{"layer":"infrastructure","subtype":"transportation","class":"crossing","name":""},"geometry":{"type":"Point","coordinates":[54.6142552,24.4414504]}},{"type":"Feature","properties":{"layer":"infrastructure","subtype":"transportation","class":"crossing","name":""},"geometry":{"type":"Point","coordinates":[54.6142606,24.4414304]}},{"type":"Feature","properties":{"layer":"infrastructure","subtype":"transportation","class":"crossing","name":""},"geometry":{"type":"Point","coordinates":[54.6135068,24.4420776]}},{"type":"Feature","properties":{"layer":"infrastructure","subtype":"transportation","class":"crossing","name":""},"geometry":{"type":"Point","coordinates":[54.6140342,24.4421128]}},{"type":"Feature","properties":{"layer":"infrastructure","subtype":"transportation","class":"crossing","name":""},"geometry":{"type":"Point","coordinates":[54.6141882,24.4548912]}},{"type":"Feature","properties":{"layer":"infrastructure","subtype":"transit","class":"parking_entrance","name":""},"geometry":{"type":"Point","coordinates":[54.6138828,24.4552385]}},{"type":"Feature","properties":{"layer":"infrastructure","subtype":"pedestrian","class":"atm","name":"United Arab Bank"},"geometry":{"type":"Point","coordinates":[54.6146871,24.4557134]}},{"type":"Feature","properties":{"layer":"infrastructure","subtype":"pedestrian","class":"artwork","name":""},"geometry":{"type":"Point","coordinates":[54.6124616,24.454506]}},{"type":"Feature","properties":{"layer":"infrastructure","subtype":"emergency","class":"fire_hydrant","name":""},"geometry":{"type":"Point","coordinates":[54.6124022,24.4541972]}},{"type":"Feature","properties":{"layer":"infrastructure","subtype":"transportation","class":"crossing","name":""},"geometry":{"type":"Point","coordinates":[54.613315,24.4537593]}},{"type":"Feature","properties":{"layer":"infrastructure","subtype":"transportation","class":"crossing","name":""},"geometry":{"type":"Point","coordinates":[54.613692,24.4539365]}},{"type":"Feature","properties":{"layer":"infrastructure","subtype":"waste_management","class":"recycling","name":""},"geometry":{"type":"Point","coordinates":[54.6135017,24.4539419]}},{"type":"Feature","properties":{"layer":"infrastructure","subtype":"transit","class":"parking_entrance","name":""},"geometry":{"type":"Point","coordinates":[54.6144835,24.454303]}},{"type":"Feature","properties":{"layer":"infrastructure","subtype":"transit","class":"parking_entrance","name":""},"geometry":{"type":"Point","coordinates":[54.6148238,24.4545063]}},{"type":"Feature","properties":{"layer":"infrastructure","subtype":"transportation","class":"crossing","name":""},"geometry":{"type":"Point","coordinates":[54.6148311,24.4513322]}},{"type":"Feature","properties":{"layer":"infrastructure","subtype":"transportation","class":"crossing","name":""},"geometry":{"type":"Point","coordinates":[54.6148955,24.4514894]}},{"type":"Feature","properties":{"layer":"infrastructure","subtype":"bridge","class":"bridge","name":""},"geometry":{"type":"Polygon","coordinates":[[[54.6138118,24.451516],[54.6138238,24.4514813],[54.6138358,24.4514464],[54.613333,24.4513027],[54.6131264,24.4512436],[54.6131146,24.451278],[54.6131024,24.4513132],[54.6138118,24.451516]]]}},{"type":"Feature","properties":{"layer":"infrastructure","subtype":"bridge","class":"bridge","name":""},"geometry":{"type":"LineString","coordinates":[[54.6131146,24.451278],[54.6138238,24.4514813]]}},{"type":"Feature","properties":{"layer":"infrastructure","subtype":"transportation","class":"traffic_signals","name":""},"geometry":{"type":"Point","coordinates":[54.6145469,24.4513108]}},{"type":"Feature","properties":{"layer":"infrastructure","subtype":"transportation","class":"crossing","name":""},"geometry":{"type":"Point","coordinates":[54.6147077,24.4512684]}},{"type":"Feature","properties":{"layer":"infrastructure","subtype":"bridge","class":"bridge","name":"شارع الرَّاحة"},"geometry":{"type":"LineString","coordinates":[[54.6138513,24.4513076],[54.613234,24.4511319]]}},{"type":"Feature","properties":{"layer":"infrastructure","subtype":"bridge","class":"bridge","name":""},"geometry":{"type":"Polygon","coordinates":[[[54.6132992,24.4509466],[54.613234,24.4511319],[54.6132115,24.4511929],[54.6138301,24.4513749],[54.6138513,24.4513076],[54.6139194,24.4511238],[54.6139509,24.4510346],[54.6133322,24.4508527],[54.6132992,24.4509466]]]}},{"type":"Feature","properties":{"layer":"infrastructure","subtype":"transportation","class":"traffic_signals","name":""},"geometry":{"type":"Point","coordinates":[54.6148519,24.4512997]}},{"type":"Feature","properties":{"layer":"infrastructure","subtype":"transportation","class":"crossing","name":""},"geometry":{"type":"Point","coordinates":[54.6148546,24.4508133]}},{"type":"Feature","properties":{"layer":"infrastructure","subtype":"bridge","class":"bridge","name":"شارع الرَّاحة"},"geometry":{"type":"LineString","coordinates":[[54.6132992,24.4509466],[54.6139194,24.4511238]]}},{"type":"Feature","properties":{"layer":"infrastructure","subtype":"bridge","class":"bridge","name":""},"geometry":{"type":"LineString","coordinates":[[54.6133261,24.4508677],[54.6139398,24.4510441]]}},{"type":"Feature","properties":{"layer":"infrastructure","subtype":"transportation","class":"crossing","name":""},"geometry":{"type":"Point","coordinates":[54.6149222,24.4507068]}},{"type":"Feature","properties":{"layer":"infrastructure","subtype":"power","class":"transformer","name":""},"geometry":{"type":"Point","coordinates":[54.6148432,24.4499622]}},{"type":"Feature","properties":{"layer":"infrastructure","subtype":"power","class":"transformer","name":""},"geometry":{"type":"Point","coordinates":[54.6147896,24.4498938]}},{"type":"Feature","properties":{"layer":"infrastructure","subtype":"power","class":"transformer","name":""},"geometry":{"type":"Point","coordinates":[54.6148915,24.4500255]}},{"type":"Feature","properties":{"layer":"infrastructure","subtype":"power","class":"substation","name":"Power Substation"},"geometry":{"type":"Polygon","coordinates":[[[54.6148942,24.4497039],[54.6145058,24.4499546],[54.6149148,24.4504797],[54.615,24.45042469191347],[54.615,24.449839765932992],[54.6148942,24.4497039]]]}},{"type":"Feature","properties":{"layer":"infrastructure","subtype":"power","class":"transformer","name":""},"geometry":{"type":"Point","coordinates":[54.6149452,24.4501013]}},{"type":"Feature","properties":{"layer":"infrastructure","subtype":"bridge","class":"bridge","name":"شارع الضِّيافة"},"geometry":{"type":"LineString","coordinates":[[54.6148224,24.4511037],[54.615,24.45085971198939]]}},{"type":"Feature","properties":{"layer":"infrastructure","subtype":"bridge","class":"bridge","name":""},"geometry":{"type":"LineString","coordinates":[[54.6147612,24.4510651],[54.615,24.45073688463783]]}},{"type":"Feature","properties":{"layer":"infrastructure","subtype":"bridge","class":"bridge","name":""},"geometry":{"type":"Polygon","coordinates":[[[54.6147382,24.4510513],[54.6147612,24.4510651],[54.6148224,24.4511037],[54.6149338,24.4511714],[54.6149823,24.4511989],[54.6149947,24.4512098],[54.615,24.451202333555774],[54.615,24.45068985957149],[54.6147382,24.4510513]]]}},{"type":"Feature","properties":{"layer":"infrastructure","subtype":"bridge","class":"bridge","name":"شارع الضِّيافة"},"geometry":{"type":"LineString","coordinates":[[54.615,24.45108050805267],[54.6149338,24.4511714]]}},{"type":"Feature","properties":{"layer":"infrastructure","subtype":"bridge","class":"bridge","name":""},"geometry":{"type":"LineString","coordinates":[[54.615,24.451171643036385],[54.6149823,24.4511989]]}},{"type":"Feature","properties":{"layer":"infrastructure","subtype":"transit","class":"parking_entrance","name":""},"geometry":{"type":"Point","coordinates":[54.6141044,24.4502626]}},{"type":"Feature","properties":{"layer":"infrastructure","subtype":"transportation","class":"crossing","name":""},"geometry":{"type":"Point","coordinates":[54.610908,24.4504666]}},{"type":"Feature","properties":{"layer":"infrastructure","subtype":"transportation","class":"traffic_signals","name":""},"geometry":{"type":"Point","coordinates":[54.6109555,24.4504809]}},{"type":"Feature","properties":{"layer":"infrastructure","subtype":"transportation","class":"crossing","name":""},"geometry":{"type":"Point","coordinates":[54.610967,24.4502989]}},{"type":"Feature","properties":{"layer":"infrastructure","subtype":"transportation","class":"traffic_signals","name":""},"geometry":{"type":"Point","coordinates":[54.6105702,24.4502105]}},{"type":"Feature","properties":{"layer":"infrastructure","subtype":"transportation","class":"crossing","name":""},"geometry":{"type":"Point","coordinates":[54.6108336,24.45015]}},{"type":"Feature","properties":{"layer":"infrastructure","subtype":"transportation","class":"traffic_signals","name":""},"geometry":{"type":"Point","coordinates":[54.6108473,24.4501102]}},{"type":"Feature","properties":{"layer":"infrastructure","subtype":"transportation","class":"crossing","name":""},"geometry":{"type":"Point","coordinates":[54.6107072,24.4501152]}},{"type":"Feature","properties":{"layer":"infrastructure","subtype":"bridge","class":"bridge","name":""},"geometry":{"type":"LineString","coordinates":[[54.6108047,24.4498015],[54.6109446,24.4493904]]}},{"type":"Feature","properties":{"layer":"infrastructure","subtype":"bridge","class":"bridge","name":""},"geometry":{"type":"LineString","coordinates":[[54.6108814,24.4493705],[54.6107366,24.44978]]}},{"type":"Feature","properties":{"layer":"infrastructure","subtype":"bridge","class":"bridge","name":""},"geometry":{"type":"Polygon","coordinates":[[[54.6107366,24.44978],[54.6108047,24.4498015],[54.610939,24.4498439],[54.6109894,24.4498595],[54.611016,24.4497885],[54.6111176,24.4495173],[54.6111266,24.4494932],[54.611133,24.4494762],[54.6111419,24.4494523],[54.611084,24.4494344],[54.6109446,24.4493904],[54.6108814,24.4493705],[54.6108707,24.4493671],[54.6107162,24.4497736],[54.6107366,24.44978]]]}},{"type":"Feature","properties":{"layer":"infrastructure","subtype":"bridge","class":"bridge","name":""},"geometry":{"type":"LineString","coordinates":[[54.611084,24.4494344],[54.610939,24.4498439]]}},{"type":"Feature","properties":{"layer":"infrastructure","subtype":"bridge","class":"bridge","name":""},"geometry":{"type":"LineString","coordinates":[[54.6111207,24.4494915],[54.611016,24.4497885],[54.6110055,24.4498252]]}},{"type":"Feature","properties":{"layer":"infrastructure","subtype":"transportation","class":"traffic_signals","name":""},"geometry":{"type":"Point","coordinates":[54.6083407,24.4495563]}},{"type":"Feature","properties":{"layer":"infrastructure","subtype":"transportation","class":"crossing","name":""},"geometry":{"type":"Point","coordinates":[54.6083926,24.4495708]}},{"type":"Feature","properties":{"layer":"infrastructure","subtype":"transportation","class":"traffic_signals","name":""},"geometry":{"type":"Point","coordinates":[54.6083781,24.4497636]}},{"type":"Feature","properties":{"layer":"infrastructure","subtype":"transportation","class":"crossing","name":""},"geometry":{"type":"Point","coordinates":[54.608336,24.4497513]}},{"type":"Feature","properties":{"layer":"infrastructure","subtype":"barrier","class":"lift_gate","name":""},"geometry":{"type":"Point","coordinates":[54.6073839,24.4505753]}},{"type":"Feature","properties":{"layer":"infrastructure","subtype":"transportation","class":"crossing","name":""},"geometry":{"type":"Point","coordinates":[54.6076188,24.4510148]}},{"type":"Feature","properties":{"layer":"infrastructure","subtype":"transportation","class":"crossing","name":""},"geometry":{"type":"Point","coordinates":[54.6078523,24.4509479]}},{"type":"Feature","properties":{"layer":"infrastructure","subtype":"transportation","class":"crossing","name":""},"geometry":{"type":"Point","coordinates":[54.6105373,24.4506386]}},{"type":"Feature","properties":{"layer":"infrastructure","subtype":"transportation","class":"crossing","name":""},"geometry":{"type":"Point","coordinates":[54.6106561,24.4506695]}},{"type":"Feature","properties":{"layer":"infrastructure","subtype":"transportation","class":"traffic_signals","name":""},"geometry":{"type":"Point","coordinates":[54.6105203,24.4506858]}},{"type":"Feature","properties":{"layer":"infrastructure","subtype":"transportation","class":"crossing","name":""},"geometry":{"type":"Point","coordinates":[54.6104633,24.4512454]}},{"type":"Feature","properties":{"layer":"infrastructure","subtype":"transportation","class":"crossing","name":""},"geometry":{"type":"Point","coordinates":[54.6103475,24.4512139]}},{"type":"Feature","properties":{"layer":"infrastructure","subtype":"transportation","class":"crossing","name":""},"geometry":{"type":"Point","coordinates":[54.6105901,24.4515757]}},{"type":"Feature","properties":{"layer":"infrastructure","subtype":"transportation","class":"crossing","name":""},"geometry":{"type":"Point","coordinates":[54.6099057,24.4515272]}},{"type":"Feature","properties":{"layer":"infrastructure","subtype":"transportation","class":"crossing","name":""},"geometry":{"type":"Point","coordinates":[54.6088954,24.4513848]}},{"type":"Feature","properties":{"layer":"infrastructure","subtype":"transportation","class":"crossing","name":""},"geometry":{"type":"Point","coordinates":[54.6087992,24.4513714]}},{"type":"Feature","properties":{"layer":"infrastructure","subtype":"barrier","class":"gate","name":""},"geometry":{"type":"Point","coordinates":[54.6086316,24.4516219]}},{"type":"Feature","properties":{"layer":"infrastructure","subtype":"barrier","class":"gate","name":""},"geometry":{"type":"Point","coordinates":[54.6088235,24.4516213]}},{"type":"Feature","properties":{"layer":"infrastructure","subtype":"transportation","class":"crossing","name":""},"geometry":{"type":"Point","coordinates":[54.609886,24.4516086]}},{"type":"Feature","properties":{"layer":"infrastructure","subtype":"transit","class":"parking_entrance","name":""},"geometry":{"type":"Point","coordinates":[54.608538,24.4518434]}},{"type":"Feature","properties":{"layer":"infrastructure","subtype":"bridge","class":"bridge","name":""},"geometry":{"type":"Polygon","coordinates":[[[54.6123294,24.4525847],[54.6123642,24.4525557],[54.6123491,24.4525456],[54.6123047,24.452516],[54.6122243,24.4524671],[54.6121572,24.4524281],[54.612066,24.4523792],[54.6119668,24.4523304],[54.6118568,24.4522816],[54.6117468,24.4522376],[54.6116154,24.4521937],[54.6115081,24.4521619],[54.611382,24.4521302],[54.6112762,24.4520996],[54.611197,24.4520789],[54.6111805,24.4521133],[54.6111649,24.452146],[54.611244,24.4521668],[54.6113499,24.4521973],[54.611476,24.452229],[54.6115833,24.4522608],[54.6117147,24.4523047],[54.6118247,24.4523487],[54.6119347,24.4523975],[54.6120339,24.4524463],[54.6121251,24.4524952],[54.6121922,24.4525342],[54.6122726,24.4525831],[54.6122892,24.4525943],[54.6123052,24.452605],[54.6123294,24.4525847]]]}},{"type":"Feature","properties":{"layer":"infrastructure","subtype":"bridge","class":"bridge","name":""},"geometry":{"type":"LineString","coordinates":[[54.6123294,24.4525847],[54.6123138,24.4525743],[54.6122778,24.4525506],[54.6121974,24.4525017],[54.6121303,24.4524627],[54.6120391,24.4524138],[54.6119399,24.452365],[54.6118299,24.4523162],[54.6117199,24.4522722],[54.6115885,24.4522283],[54.6114812,24.4521965],[54.6113564,24.4521611],[54.6112506,24.4521312],[54.6111805,24.4521133]]}},{"type":"Feature","properties":{"layer":"infrastructure","subtype":"barrier","class":"bollard","name":""},"geometry":{"type":"LineString","coordinates":[[54.6122892,24.4525943],[54.6123138,24.4525743],[54.6123491,24.4525456]]}},{"type":"Feature","properties":{"layer":"infrastructure","subtype":"barrier","class":"fence","name":""},"geometry":{"type":"LineString","coordinates":[[54.6122512,24.4526263],[54.6123052,24.452605]]}},{"type":"Feature","properties":{"layer":"infrastructure","subtype":"transit","class":"ferry_terminal","name":"Water Taxi Stop"},"geometry":{"type":"Point","coordinates":[54.6120972,24.4520397]}},{"type":"Feature","properties":{"layer":"infrastructure","subtype":"transportation","class":"crossing","name":""},"geometry":{"type":"Point","coordinates":[54.6104499,24.4519232]}},{"type":"Feature","properties":{"layer":"infrastructure","subtype":"transportation","class":"crossing","name":""},"geometry":{"type":"Point","coordinates":[54.6105883,24.4516022]}},{"type":"Feature","properties":{"layer":"infrastructure","subtype":"transportation","class":"crossing","name":""},"geometry":{"type":"Point","coordinates":[54.6148147,24.4516318]}},{"type":"Feature","properties":{"layer":"infrastructure","subtype":"transportation","class":"traffic_signals","name":""},"geometry":{"type":"Point","coordinates":[54.6148509,24.4516527]}},{"type":"Feature","properties":{"layer":"infrastructure","subtype":"barrier","class":"retaining_wall","name":""},"geometry":{"type":"LineString","coordinates":[[54.615,24.452218075888503],[54.6148623,24.4520893],[54.6145887,24.4518927],[54.6143674,24.4517816],[54.613961,24.4516302]]}},{"type":"Feature","properties":{"layer":"infrastructure","subtype":"pedestrian","class":"atm","name":""},"geometry":{"type":"Point","coordinates":[54.61348,24.453191]}},{"type":"Feature","properties":{"layer":"infrastructure","subtype":"water","class":"breakwater","name":""},"geometry":{"type":"Polygon","coordinates":[[[54.6053298,24.4533044],[54.6053519,24.4533124],[54.6053874,24.4533142],[54.6054076,24.4533026],[54.605421,24.4532831],[54.6054552,24.4532275],[54.605482,24.4531897],[54.6055209,24.4531347],[54.6055464,24.4530945],[54.6055752,24.4530609],[54.6056067,24.4530371],[54.6056463,24.4530224],[54.6056785,24.4530059],[54.6057085,24.4529882],[54.6057482,24.4529602],[54.6057831,24.4529309],[54.605824,24.4528955],[54.6055454,24.4529496],[54.6053133,24.453262],[54.6053163,24.4532855],[54.6053298,24.4533044]]]}},{"type":"Feature","properties":{"layer":"infrastructure","subtype":"water","class":"breakwater","name":""},"geometry":{"type":"Polygon","coordinates":[[[54.6035106,24.4529467],[54.60353,24.4529473],[54.6035454,24.45294],[54.6035615,24.4529266],[54.6035458,24.4525238],[54.603338,24.452343],[54.6033885,24.4524242],[54.6034241,24.4524953],[54.6034553,24.4525552],[54.6034724,24.452619],[54.6034844,24.4526873],[54.6034884,24.452774],[54.6034898,24.4528692],[54.6034992,24.45294],[54.6035106,24.4529467]]]}},{"type":"Feature","properties":{"layer":"infrastructure","subtype":"pier","class":"pier","name":""},"geometry":{"type":"LineString","coordinates":[[54.5995685,24.4521758],[54.5995485,24.4522884]]}},{"type":"Feature","properties":{"layer":"infrastructure","subtype":"pier","class":"pier","name":""},"geometry":{"type":"LineString","coordinates":[[54.5996597,24.4521929],[54.5996421,24.4523067]]}},{"type":"Feature","properties":{"layer":"infrastructure","subtype":"pier","class":"pier","name":""},"geometry":{"type":"LineString","coordinates":[[54.5991769,24.4520806],[54.5991442,24.4522095]]}},{"type":"Feature","properties":{"layer":"infrastructure","subtype":"pier","class":"pier","name":""},"geometry":{"type":"LineString","coordinates":[[54.5992842,24.4521026],[54.5992538,24.4522309]]}},{"type":"Feature","properties":{"layer":"infrastructure","subtype":"pier","class":"pier","name":""},"geometry":{"type":"LineString","coordinates":[[54.5993727,24.4521295],[54.5993468,24.452249]]}},{"type":"Feature","properties":{"layer":"infrastructure","subtype":"pier","class":"pier","name":""},"geometry":{"type":"LineString","coordinates":[[54.5994666,24.4521612],[54.5994415,24.4522675]]}},{"type":"Feature","properties":{"layer":"infrastructure","subtype":"pier","class":"pier","name":""},"geometry":{"type":"LineString","coordinates":[[54.5990669,24.4520586],[54.5990332,24.4521878]]}},{"type":"Feature","properties":{"layer":"infrastructure","subtype":"pier","class":"pier","name":""},"geometry":{"type":"LineString","coordinates":[[54.5983105,24.4518267],[54.598252,24.451951]]}},{"type":"Feature","properties":{"layer":"infrastructure","subtype":"pier","class":"pier","name":""},"geometry":{"type":"LineString","coordinates":[[54.5982059,24.4517852],[54.5981428,24.4519047]]}},{"type":"Feature","properties":{"layer":"infrastructure","subtype":"pier","class":"pier","name":""},"geometry":{"type":"LineString","coordinates":[[54.5981094,24.4517388],[54.5980458,24.4518592]]}},{"type":"Feature","properties":{"layer":"infrastructure","subtype":"pier","class":"pier","name":""},"geometry":{"type":"LineString","coordinates":[[54.5979414,24.4518102],[54.5980101,24.4516973]]}},{"type":"Feature","properties":{"layer":"infrastructure","subtype":"pier","class":"pier","name":""},"geometry":{"type":"LineString","coordinates":[[54.5988108,24.4516021],[54.5989551,24.451669],[54.5990897,24.4517315]]}},{"type":"Feature","properties":{"layer":"infrastructure","subtype":"pier","class":"pier","name":""},"geometry":{"type":"LineString","coordinates":[[54.5998018,24.4518804],[54.5998045,24.4517119]]}},{"type":"Feature","properties":{"layer":"infrastructure","subtype":"pier","class":"pier","name":""},"geometry":{"type":"LineString","coordinates":[[54.5996788,24.4518736],[54.5996892,24.4517656]]}},{"type":"Feature","properties":{"layer":"infrastructure","subtype":"pier","class":"pier","name":""},"geometry":{"type":"LineString","coordinates":[[54.5995796,24.4518664],[54.5995873,24.4517681]]}},{"type":"Feature","properties":{"layer":"infrastructure","subtype":"pier","class":"pier","name":""},"geometry":{"type":"LineString","coordinates":[[54.5999873,24.4518753],[54.5999529,24.4520714],[54.5999026,24.4523576],[54.5996421,24.4523067],[54.5995485,24.4522884],[54.5994415,24.4522675],[54.5993468,24.452249],[54.5992538,24.4522309],[54.5991442,24.4522095],[54.5990332,24.4521878],[54.5990021,24.4521817],[54.5989172,24.4521617],[54.59879,24.4521318],[54.5986829,24.4521066],[54.5986126,24.4520901],[54.5985685,24.4520731],[54.5984634,24.4520326],[54.5983593,24.4519924],[54.598252,24.451951],[54.5981943,24.4519288],[54.5981428,24.4519047],[54.5980458,24.4518592],[54.5979414,24.4518102],[54.5978223,24.4517544],[54.597974,24.4515626]]}},{"type":"Feature","properties":{"layer":"infrastructure","subtype":"pier","class":"pier","name":""},"geometry":{"type":"LineString","coordinates":[[54.5984151,24.4518658],[54.5983593,24.4519924]]}},{"type":"Feature","properties":{"layer":"infrastructure","subtype":"pier","class":"pier","name":""},"geometry":{"type":"LineString","coordinates":[[54.5985171,24.4518999],[54.5984634,24.4520326]]}},{"type":"Feature","properties":{"layer":"infrastructure","subtype":"pier","class":"pier","name":""},"geometry":{"type":"LineString","coordinates":[[54.5986217,24.4519414],[54.5985685,24.4520731]]}},{"type":"Feature","properties":{"layer":"infrastructure","subtype":"pier","class":"pier","name":""},"geometry":{"type":"LineString","coordinates":[[54.5987289,24.4519732],[54.5986829,24.4521066]]}},{"type":"Feature","properties":{"layer":"infrastructure","subtype":"pier","class":"pier","name":""},"geometry":{"type":"LineString","coordinates":[[54.5988309,24.4520049],[54.59879,24.4521318]]}},{"type":"Feature","properties":{"layer":"infrastructure","subtype":"pier","class":"pier","name":""},"geometry":{"type":"LineString","coordinates":[[54.5989596,24.4520342],[54.5989172,24.4521617]]}},{"type":"Feature","properties":{"layer":"infrastructure","subtype":"pier","class":"pier","name":""},"geometry":{"type":"LineString","coordinates":[[54.5997535,24.4520416],[54.5999529,24.4520714]]}},{"type":"Feature","properties":{"layer":"infrastructure","subtype":"pier","class":"pier","name":""},"geometry":{"type":"LineString","coordinates":[[54.5999521,24.4518763],[54.5999413,24.451707]]}},{"type":"Feature","properties":{"layer":"infrastructure","subtype":"pier","class":"pier","name":""},"geometry":{"type":"LineString","coordinates":[[54.6001021,24.4518602],[54.60007,24.4516997]]}},{"type":"Feature","properties":{"layer":"infrastructure","subtype":"pier","class":"pier","name":""},"geometry":{"type":"LineString","coordinates":[[54.6006513,24.4517072],[54.600396,24.4517993],[54.6003672,24.4518097],[54.6002422,24.4518335],[54.6001021,24.4518602],[54.6000319,24.4518736],[54.5999873,24.4518753],[54.5999521,24.4518763],[54.5998018,24.4518804],[54.5996788,24.4518736],[54.5995796,24.4518664],[54.5995386,24.4518634]]}},{"type":"Feature","properties":{"layer":"infrastructure","subtype":"pier","class":"pier","name":""},"geometry":{"type":"LineString","coordinates":[[54.600396,24.4517993],[54.6003356,24.4516558]]}},{"type":"Feature","properties":{"layer":"infrastructure","subtype":"pier","class":"pier","name":""},"geometry":{"type":"LineString","coordinates":[[54.6002422,24.4518335],[54.6002015,24.4516851]]}},{"type":"Feature","properties":{"layer":"infrastructure","subtype":"pedestrian","class":"toilets","name":""},"geometry":{"type":"Point","coordinates":[54.6048653,24.4521649]}},{"type":"Feature","properties":{"layer":"infrastructure","subtype":"utility","class":"pipeline","name":""},"geometry":{"type":"MultiLineString","coordinates":[[[54.615,24.44531193775544],[54.6113098,24.4442488],[54.6049046,24.4423442],[54.6020937,24.4397656],[54.6031398,24.4367718],[54.6042985,24.4333677],[54.6056986,24.4291186],[54.6070719,24.4251233],[54.6028072,24.4239412],[54.5985746,24.4227348],[54.5946103,24.4216798],[54.5893693,24.4200972],[54.5842034,24.418539],[54.5802873,24.4175181],[54.5764786,24.4163507],[54.5735927,24.4155914],[54.5733014,24.4155091],[54.5728093,24.4153787],[54.57135580907391,24.415]],[[54.56865299729494,24.415],[54.568035,24.4165363],[54.5672464,24.4189591],[54.5662379,24.4217823],[54.5654654,24.4241366],[54.5652895,24.4246629],[54.5646393,24.4266081],[54.5637569,24.4293188]]]}},{"type":"Feature","properties":{"layer":"infrastructure","subtype":"transit","class":"bicycle_rental","name":"ADCB Bikeshare - Al Muneera North Station"},"geometry":{"type":"Point","coordinates":[54.6046758,24.4520899]}},{"type":"Feature","properties":{"layer":"infrastructure","subtype":"pedestrian","class":"atm","name":"ADCB Bank ATM"},"geometry":{"type":"Point","coordinates":[54.6047823,24.4518245]}},{"type":"Feature","properties":{"layer":"infrastructure","subtype":"transit","class":"parking_entrance","name":""},"geometry":{"type":"Point","coordinates":[54.6064158,24.4515948]}},{"type":"Feature","properties":{"layer":"infrastructure","subtype":"transit","class":"parking_entrance","name":""},"geometry":{"type":"Point","coordinates":[54.6062101,24.4516167]}},{"type":"Feature","properties":{"layer":"infrastructure","subtype":"barrier","class":"lift_gate","name":""},"geometry":{"type":"Point","coordinates":[54.6066752,24.4515398]}},{"type":"Feature","properties":{"layer":"infrastructure","subtype":"bridge","class":"bridge","name":""},"geometry":{"type":"LineString","coordinates":[[54.6074022,24.4512194],[54.6066752,24.4515398]]}},{"type":"Feature","properties":{"layer":"infrastructure","subtype":"bridge","class":"bridge","name":""},"geometry":{"type":"Polygon","coordinates":[[[54.6074472,24.4512883],[54.6074022,24.4512194],[54.6073715,24.4511358],[54.6073531,24.4510987],[54.6073483,24.451089],[54.6066035,24.4513954],[54.6066097,24.4514081],[54.6066265,24.4514418],[54.6066752,24.4515398],[54.6067024,24.4515947],[54.6074472,24.4512883]]]}},{"type":"Feature","properties":{"layer":"infrastructure","subtype":"bridge","class":"bridge","name":""},"geometry":{"type":"LineString","coordinates":[[54.6066097,24.4514081],[54.6073531,24.4510987]]}},{"type":"Feature","properties":{"layer":"infrastructure","subtype":"bridge","class":"bridge","name":""},"geometry":{"type":"LineString","coordinates":[[54.6066265,24.4514418],[54.6073715,24.4511358]]}},{"type":"Feature","properties":{"layer":"infrastructure","subtype":"transit","class":"parking_entrance","name":""},"geometry":{"type":"Point","coordinates":[54.6033974,24.4510761]}},{"type":"Feature","properties":{"layer":"infrastructure","subtype":"transit","class":"parking_entrance","name":""},"geometry":{"type":"Point","coordinates":[54.6035331,24.4508674]}},{"type":"Feature","properties":{"layer":"infrastructure","subtype":"barrier","class":"lift_gate","name":""},"geometry":{"type":"Point","coordinates":[54.6034542,24.4506789]}},{"type":"Feature","properties":{"layer":"infrastructure","subtype":"bridge","class":"bridge","name":""},"geometry":{"type":"LineString","coordinates":[[54.6052593,24.4501312],[54.6052549,24.4501471],[54.6052435,24.4501887],[54.6050533,24.450883],[54.6050431,24.4509203]]}},{"type":"Feature","properties":{"layer":"infrastructure","subtype":"transit","class":"bicycle_rental","name":"ADCB Bikeshare - Al Muneera South Station"},"geometry":{"type":"Point","coordinates":[54.6052994,24.4501659]}},{"type":"Feature","properties":{"layer":"infrastructure","subtype":"transportation","class":"crossing","name":""},"geometry":{"type":"Point","coordinates":[54.6028374,24.4495477]}},{"type":"Feature","properties":{"layer":"infrastructure","subtype":"barrier","class":"gate","name":""},"geometry":{"type":"Point","coordinates":[54.6028212,24.4495499]}},{"type":"Feature","properties":{"layer":"infrastructure","subtype":"barrier","class":"wall","name":""},"geometry":{"type":"LineString","coordinates":[[54.6029022,24.4500388],[54.6029109,24.4501235],[54.6029181,24.4501936]]}},{"type":"Feature","properties":{"layer":"infrastructure","subtype":"bridge","class":"bridge","name":""},"geometry":{"type":"LineString","coordinates":[[54.6030522,24.4500155],[54.603289,24.4507197]]}},{"type":"Feature","properties":{"layer":"infrastructure","subtype":"bridge","class":"bridge","name":""},"geometry":{"type":"Polygon","coordinates":[[[54.603276,24.4507229],[54.603289,24.4507197],[54.6033305,24.4507095],[54.6034542,24.4506789],[54.6034821,24.4506721],[54.6035082,24.4506656],[54.6032723,24.4499546],[54.6032468,24.4499616],[54.6032205,24.4499688],[54.6030958,24.4500031],[54.6030522,24.4500155],[54.6030423,24.4500178],[54.603276,24.4507229]]]}},{"type":"Feature","properties":{"layer":"infrastructure","subtype":"bridge","class":"bridge","name":""},"geometry":{"type":"LineString","coordinates":[[54.6033305,24.4507095],[54.6030958,24.4500031]]}},{"type":"Feature","properties":{"layer":"infrastructure","subtype":"bridge","class":"bridge","name":""},"geometry":{"type":"LineString","coordinates":[[54.6032468,24.4499616],[54.6034821,24.4506721]]}},{"type":"Feature","properties":{"layer":"infrastructure","subtype":"bridge","class":"bridge","name":""},"geometry":{"type":"LineString","coordinates":[[54.6032205,24.4499688],[54.6034542,24.4506789]]}},{"type":"Feature","properties":{"layer":"infrastructure","subtype":"barrier","class":"hedge","name":""},"geometry":{"type":"Polygon","coordinates":[[[54.6012391,24.450335],[54.6011895,24.4502381],[54.6011491,24.4502552],[54.6011986,24.4503522],[54.6012391,24.450335]]]}},{"type":"Feature","properties":{"layer":"infrastructure","subtype":"barrier","class":"hedge","name":""},"geometry":{"type":"Polygon","coordinates":[[[54.6012921,24.4503187],[54.6012535,24.4502468],[54.6012145,24.4502642],[54.6012532,24.450336],[54.6012921,24.4503187]]]}},{"type":"Feature","properties":{"layer":"infrastructure","subtype":"barrier","class":"hedge","name":""},"geometry":{"type":"Polygon","coordinates":[[[54.6011733,24.4503278],[54.6011207,24.4502298],[54.6010793,24.4502482],[54.6011319,24.4503462],[54.6011733,24.4503278]]]}},{"type":"Feature","properties":{"layer":"infrastructure","subtype":"barrier","class":"hedge","name":""},"geometry":{"type":"Polygon","coordinates":[[[54.6010567,24.4502253],[54.6010119,24.4502442],[54.6010753,24.4503688],[54.6011201,24.4503499],[54.6010567,24.4502253]]]}},{"type":"Feature","properties":{"layer":"infrastructure","subtype":"pedestrian","class":"atm","name":""},"geometry":{"type":"Point","coordinates":[54.6006895,24.4503472]}},{"type":"Feature","properties":{"layer":"infrastructure","subtype":"pedestrian","class":"information","name":""},"geometry":{"type":"Point","coordinates":[54.6007078,24.4503866]}},{"type":"Feature","properties":{"layer":"infrastructure","subtype":"water","class":"fountain","name":""},"geometry":{"type":"Polygon","coordinates":[[[54.6006047,24.4499499],[54.6005418,24.4499444],[54.6005195,24.4501584],[54.6005824,24.4501638],[54.6006047,24.4499499]]]}},{"type":"Feature","properties":{"layer":"infrastructure","subtype":"barrier","class":"lift_gate","name":""},"geometry":{"type":"Point","coordinates":[54.6005172,24.4497953]}},{"type":"Feature","properties":{"layer":"infrastructure","subtype":"transit","class":"bicycle_rental","name":"ADCB Bikeshare - Al Bandar Station"},"geometry":{"type":"Point","coordinates":[54.6005747,24.449752]}},{"type":"Feature","properties":{"layer":"infrastructure","subtype":"barrier","class":"lift_gate","name":""},"geometry":{"type":"Point","coordinates":[54.6006547,24.4498052]}},{"type":"Feature","properties":{"layer":"infrastructure","subtype":"bridge","class":"bridge","name":""},"geometry":{"type":"LineString","coordinates":[[54.5958608,24.4490336],[54.5955537,24.4499415]]}},{"type":"Feature","properties":{"layer":"infrastructure","subtype":"bridge","class":"bridge","name":""},"geometry":{"type":"Polygon","coordinates":[[[54.5953837,24.4498906],[54.5954752,24.4499164],[54.5955537,24.4499415],[54.5956288,24.4499647],[54.5959328,24.4490576],[54.5958608,24.4490336],[54.5957812,24.4490101],[54.5956946,24.4489871],[54.5953837,24.4498906]]]}},{"type":"Feature","properties":{"layer":"infrastructure","subtype":"transportation","class":"crossing","name":""},"geometry":{"type":"Point","coordinates":[54.5953869,24.4501536]}},{"type":"Feature","properties":{"layer":"infrastructure","subtype":"transportation","class":"crossing","name":""},"geometry":{"type":"Point","coordinates":[54.5954702,24.4501789]}},{"type":"Feature","properties":{"layer":"infrastructure","subtype":"transportation","class":"crossing","name":""},"geometry":{"type":"Point","coordinates":[54.5955681,24.4503653]}},{"type":"Feature","properties":{"layer":"infrastructure","subtype":"water","class":"fountain","name":""},"geometry":{"type":"Polygon","coordinates":[[[54.6007225,24.4506214],[54.6007334,24.4506193],[54.6007437,24.4506147],[54.6007523,24.4506084],[54.6007545,24.4506011],[54.6007551,24.4505907],[54.6007534,24.4505798],[54.6007465,24.4505746],[54.6007357,24.4505684],[54.6007162,24.4505631],[54.6006968,24.4505658],[54.6006797,24.4505725],[54.6006699,24.4505793],[54.6006637,24.4505897],[54.6006648,24.4505985],[54.600674,24.4506105],[54.6006957,24.4506199],[54.6007094,24.4506219],[54.6007225,24.4506214]]]}},{"type":"Feature","properties":{"layer":"infrastructure","subtype":"pier","class":"pier","name":""},"geometry":{"type":"LineString","coordinates":[[54.6007141,24.4506842],[54.6006279,24.4506864]]}},{"type":"Feature","properties":{"layer":"infrastructure","subtype":"pier","class":"pier","name":""},"geometry":{"type":"LineString","coordinates":[[54.6007128,24.450775],[54.6006172,24.4507695]]}},{"type":"Feature","properties":{"layer":"infrastructure","subtype":"pedestrian","class":"information","name":""},"geometry":{"type":"Point","coordinates":[54.6008277,24.4509055]}},{"type":"Feature","properties":{"layer":"infrastructure","subtype":"pier","class":"pier","name":""},"geometry":{"type":"LineString","coordinates":[[54.6007109,24.4508675],[54.6006119,24.4508622]]}},{"type":"Feature","properties":{"layer":"infrastructure","subtype":"pier","class":"pier","name":""},"geometry":{"type":"LineString","coordinates":[[54.6007045,24.4509577],[54.6006018,24.4509526]]}},{"type":"Feature","properties":{"layer":"infrastructure","subtype":"pier","class":"pier","name":""},"geometry":{"type":"LineString","coordinates":[[54.59998,24.4510394],[54.5998206,24.4510039]]}},{"type":"Feature","properties":{"layer":"infrastructure","subtype":"pier","class":"pier","name":""},"geometry":{"type":"LineString","coordinates":[[54.5983734,24.4512941],[54.598454,24.4512002]]}},{"type":"Feature","properties":{"layer":"infrastructure","subtype":"pier","class":"pier","name":""},"geometry":{"type":"LineString","coordinates":[[54.5984602,24.4513567],[54.5985372,24.451271]]}},{"type":"Feature","properties":{"layer":"infrastructure","subtype":"pier","class":"pier","name":""},"geometry":{"type":"LineString","coordinates":[[54.599198,24.451245],[54.5990414,24.4511626]]}},{"type":"Feature","properties":{"layer":"infrastructure","subtype":"pier","class":"pier","name":""},"geometry":{"type":"LineString","coordinates":[[54.5991859,24.4512662],[54.5993177,24.4513335]]}},{"type":"Feature","properties":{"layer":"infrastructure","subtype":"pier","class":"pier","name":""},"geometry":{"type":"LineString","coordinates":[[54.5992085,24.4511086],[54.5991024,24.4510551]]}},{"type":"Feature","properties":{"layer":"infrastructure","subtype":"pier","class":"pier","name":""},"geometry":{"type":"LineString","coordinates":[[54.5999551,24.4511351],[54.5997938,24.4510966]]}},{"type":"Feature","properties":{"layer":"infrastructure","subtype":"pier","class":"pier","name":""},"geometry":{"type":"LineString","coordinates":[[54.6006977,24.4510543],[54.6005911,24.4510478]]}},{"type":"Feature","properties":{"layer":"infrastructure","subtype":"pier","class":"pier","name":""},"geometry":{"type":"LineString","coordinates":[[54.6005316,24.4513289],[54.600546,24.4512298]]}},{"type":"Feature","properties":{"layer":"infrastructure","subtype":"pier","class":"pier","name":""},"geometry":{"type":"LineString","coordinates":[[54.5999438,24.4511784],[54.6000593,24.4512016]]}},{"type":"Feature","properties":{"layer":"infrastructure","subtype":"pier","class":"pier","name":""},"geometry":{"type":"LineString","coordinates":[[54.5999271,24.4512423],[54.599775,24.4512065]]}},{"type":"Feature","properties":{"layer":"infrastructure","subtype":"pier","class":"pier","name":""},"geometry":{"type":"LineString","coordinates":[[54.5999933,24.4509884],[54.59998,24.4510394],[54.5999551,24.4511351],[54.5999438,24.4511784],[54.5999271,24.4512423],[54.5999179,24.4512775],[54.5998975,24.4513558],[54.5998915,24.4513788],[54.599869,24.4514652]]}},{"type":"Feature","properties":{"layer":"infrastructure","subtype":"pier","class":"pier","name":""},"geometry":{"type":"LineString","coordinates":[[54.5999179,24.4512775],[54.6000379,24.4512993]]}},{"type":"Feature","properties":{"layer":"infrastructure","subtype":"pier","class":"pier","name":""},"geometry":{"type":"LineString","coordinates":[[54.5998915,24.4513788],[54.6000191,24.4514043]]}},{"type":"Feature","properties":{"layer":"infrastructure","subtype":"pier","class":"pier","name":""},"geometry":{"type":"LineString","coordinates":[[54.6005508,24.4514347],[54.6005652,24.4513319]]}},{"type":"Feature","properties":{"layer":"infrastructure","subtype":"pier","class":"pier","name":""},"geometry":{"type":"LineString","coordinates":[[54.6003209,24.451455],[54.6003391,24.4513117],[54.6003528,24.4512036]]}},{"type":"Feature","properties":{"layer":"infrastructure","subtype":"pier","class":"pier","name":""},"geometry":{"type":"LineString","coordinates":[[54.60042,24.4514352],[54.6004374,24.4513205],[54.6004522,24.4512228]]}},{"type":"Feature","properties":{"layer":"infrastructure","subtype":"pier","class":"pier","name":""},"geometry":{"type":"LineString","coordinates":[[54.6006774,24.4513419],[54.6005652,24.4513319],[54.6005316,24.4513289],[54.6004374,24.4513205],[54.6003391,24.4513117]]}},{"type":"Feature","properties":{"layer":"infrastructure","subtype":"pier","class":"pier","name":""},"geometry":{"type":"LineString","coordinates":[[54.599869,24.4514652],[54.599716,24.4514311]]}},{"type":"Feature","properties":{"layer":"infrastructure","subtype":"pier","class":"pier","name":""},"geometry":{"type":"LineString","coordinates":[[54.5998975,24.4513558],[54.5997401,24.4513237]]}},{"type":"Feature","properties":{"layer":"infrastructure","subtype":"pier","class":"pier","name":""},"geometry":{"type":"LineString","coordinates":[[54.5989878,24.4513017],[54.5991276,24.4513679],[54.5992614,24.4514311]]}},{"type":"Feature","properties":{"layer":"infrastructure","subtype":"pier","class":"pier","name":""},"geometry":{"type":"LineString","coordinates":[[54.59924,24.4511717],[54.599198,24.451245],[54.5991859,24.4512662],[54.5991276,24.4513679],[54.5990712,24.4514663],[54.5990127,24.4515684],[54.5989551,24.451669]]}},{"type":"Feature","properties":{"layer":"infrastructure","subtype":"pier","class":"pier","name":""},"geometry":{"type":"LineString","coordinates":[[54.598294,24.4512369],[54.5983734,24.4512941],[54.5983955,24.45131],[54.5984602,24.4513567],[54.5984745,24.451367],[54.5985466,24.4514189]]}},{"type":"Feature","properties":{"layer":"infrastructure","subtype":"pier","class":"pier","name":""},"geometry":{"type":"LineString","coordinates":[[54.5983955,24.45131],[54.5983387,24.4513809]]}},{"type":"Feature","properties":{"layer":"infrastructure","subtype":"pier","class":"pier","name":""},"geometry":{"type":"LineString","coordinates":[[54.5984084,24.4514431],[54.5984745,24.451367]]}},{"type":"Feature","properties":{"layer":"infrastructure","subtype":"pier","class":"pier","name":""},"geometry":{"type":"LineString","coordinates":[[54.5984822,24.4514944],[54.5986391,24.4513186]]}},{"type":"Feature","properties":{"layer":"infrastructure","subtype":"pier","class":"pier","name":""},"geometry":{"type":"LineString","coordinates":[[54.5989288,24.4513945],[54.5990712,24.4514663],[54.599205,24.4515337]]}},{"type":"Feature","properties":{"layer":"infrastructure","subtype":"pier","class":"pier","name":""},"geometry":{"type":"LineString","coordinates":[[54.5988698,24.4514971],[54.5990127,24.4515684],[54.5991487,24.4516362]]}},{"type":"Feature","properties":{"layer":"infrastructure","subtype":"pier","class":"pier","name":""},"geometry":{"type":"LineString","coordinates":[[54.5984022,24.4511161],[54.598294,24.4512369],[54.5982422,24.4512937]]}},{"type":"Feature","properties":{"layer":"infrastructure","subtype":"transportation","class":"crossing","name":""},"geometry":{"type":"Point","coordinates":[54.5924666,24.4557116]}},{"type":"Feature","properties":{"layer":"infrastructure","subtype":"pier","class":"pier","name":""},"geometry":{"type":"Polygon","coordinates":[[[54.5941257,24.4557555],[54.5940731,24.4557706],[54.5941382,24.4559856],[54.59407802596965,24.456],[54.59419978917272,24.456],[54.5941257,24.4557555]]]}},{"type":"Feature","properties":{"layer":"infrastructure","subtype":"transportation","class":"crossing","name":""},"geometry":{"type":"Point","coordinates":[54.5923257,24.4559269]}},{"type":"Feature","properties":{"layer":"infrastructure","subtype":"water","class":"breakwater","name":""},"geometry":{"type":"Polygon","coordinates":[[[54.591043,24.4559908],[54.5910779,24.4558199],[54.59133,24.4552779],[54.5916358,24.454792],[54.5919201,24.4544257],[54.5922607,24.4540619],[54.5926309,24.4537372],[54.5929125,24.4535565],[54.5930895,24.4535053],[54.5933349,24.4535028],[54.5935509,24.453537],[54.5935748,24.4534951],[54.5934345,24.4534664],[54.5933092,24.4534529],[54.5931748,24.4534508],[54.5930313,24.4534674],[54.5928912,24.4535058],[54.5927511,24.4535711],[54.5926656,24.4536375],[54.5924799,24.4537795],[54.5922715,24.4539662],[54.5920232,24.4542171],[54.5919024,24.4543582],[54.5917703,24.4545106],[54.5916803,24.4546371],[54.5915071,24.4548776],[54.5913625,24.4550923],[54.5912281,24.4553318],[54.5911438,24.4554936],[54.5910751,24.4556421],[54.5910136,24.4558007],[54.5909806,24.455894],[54.5909601,24.4559936],[54.5909603209137,24.456],[54.591044201228875,24.456],[54.591043,24.4559908]]]}}]}