{"type":"FeatureCollection","window":{"south":24.386,"west":54.468,"north":24.456,"east":54.56},"release":"2026-08-19.0","features":[{"type":"Feature","properties":{"layer":"land","subtype":"shrub","class":"scrub","name":""},"geometry":{"type":"Polygon","coordinates":[[[54.4680972,24.4013673],[54.4681414,24.4013454],[54.4681669,24.4013173],[54.4681884,24.4012794],[54.4681938,24.4012379],[54.468,24.400714855874963],[54.468,24.401393875028987],[54.4680972,24.4013673]]]}},{"type":"Feature","properties":{"layer":"land","subtype":"shrub","class":"scrub","name":""},"geometry":{"type":"Polygon","coordinates":[[[54.4683414,24.4013913],[54.468,24.401485642961436],[54.468,24.4023947761253],[54.4694413,24.4019982],[54.4694815,24.401964],[54.4695003,24.4019224],[54.4695003,24.4018638],[54.4686849,24.3994383],[54.4686554,24.3994163],[54.4686206,24.3994163],[54.468,24.399579817861675],[54.468,24.39982138439717],[54.468001,24.3998242],[54.468,24.399824477953253],[54.468,24.400348616342505],[54.4683414,24.4013913]]]}},{"type":"Feature","properties":{"layer":"land","subtype":"sand","class":"sand","name":""},"geometry":{"type":"Polygon","coordinates":[[[54.4687804,24.3991725],[54.4689642,24.399651],[54.4692532,24.3995759],[54.4692852,24.3995096],[54.4692606,24.3994699],[54.4691251,24.3992626],[54.4689292,24.3991188],[54.4687804,24.3991725]]]}},{"type":"Feature","properties":{"layer":"land","subtype":"sand","class":"sand","name":""},"geometry":{"type":"Polygon","coordinates":[[[54.4702908,24.401865],[54.4702908,24.401953],[54.470319,24.4020116],[54.4703592,24.4020385],[54.4704048,24.4020495],[54.4704397,24.4020385],[54.4704692,24.4020104],[54.4704796,24.4019945],[54.4704693,24.4018534],[54.4703069,24.4018015],[54.4702908,24.401865]]]}},{"type":"Feature","properties":{"layer":"land","subtype":"forest","class":"forest","name":""},"geometry":{"type":"Polygon","coordinates":[[[54.4704796,24.4019945],[54.4704934,24.4021831],[54.4705685,24.402144],[54.4714885,24.4010742],[54.4709709,24.4009862],[54.471054,24.4012647],[54.470531,24.4018631],[54.4704693,24.4018534],[54.4704796,24.4019945]]]}},{"type":"Feature","properties":{"layer":"land","subtype":"sand","class":"sand","name":""},"geometry":{"type":"Polygon","coordinates":[[[54.4694188,24.4006014],[54.4692916,24.4005769],[54.469718,24.4018568],[54.4697502,24.4018812],[54.469883,24.4022855],[54.4699152,24.4023123],[54.4699755,24.4023111],[54.4698012,24.4017689],[54.4699313,24.401731],[54.4696657,24.4009054],[54.4698039,24.4008675],[54.4701284,24.401836],[54.4702719,24.4016247],[54.4700962,24.4011277],[54.4702223,24.4009677],[54.470972,24.4011289],[54.4710064,24.4011051],[54.4709709,24.4009862],[54.47139,24.4010575],[54.471409,24.4010289],[54.4694188,24.4006014]]]}},{"type":"Feature","properties":{"layer":"land","subtype":"tree","class":"tree_row","name":""},"geometry":{"type":"LineString","coordinates":[[54.4722339,24.4003946],[54.4717714,24.4009325]]}},{"type":"Feature","properties":{"layer":"land","subtype":"tree","class":"tree_row","name":""},"geometry":{"type":"LineString","coordinates":[[54.4716964,24.4010279],[54.4712625,24.4015564],[54.4712088,24.4017081],[54.4711927,24.4018426]]}},{"type":"Feature","properties":{"layer":"land","subtype":"tree","class":"tree_row","name":""},"geometry":{"type":"LineString","coordinates":[[54.4728236,24.4010385],[54.4727794,24.4009207],[54.4727512,24.4008456],[54.47274,24.4006917],[54.4727324,24.4005867],[54.4727354,24.4005606],[54.4727555,24.4003845],[54.4727592,24.4003522],[54.4728129,24.4001445],[54.4729147,24.399908],[54.4730475,24.3996927]]}},{"type":"Feature","properties":{"layer":"land","subtype":"tree","class":"tree_row","name":""},"geometry":{"type":"LineString","coordinates":[[54.4714698,24.4010546],[54.4727613,24.3995776]]}},{"type":"Feature","properties":{"layer":"land","subtype":"tree","class":"tree_row","name":""},"geometry":{"type":"LineString","coordinates":[[54.4728606,24.3996657],[54.4723079,24.4003086]]}},{"type":"Feature","properties":{"layer":"land","subtype":"tree","class":"tree_row","name":""},"geometry":{"type":"LineString","coordinates":[[54.473691,24.3987059],[54.4731374,24.3993437]]}},{"type":"Feature","properties":{"layer":"land","subtype":"tree","class":"tree_row","name":""},"geometry":{"type":"LineString","coordinates":[[54.4741254,24.3991491],[54.4739403,24.3991888],[54.4737464,24.3992443],[54.4734675,24.3993762],[54.4732554,24.3995049],[54.4731471,24.3995823]]}},{"type":"Feature","properties":{"layer":"land","subtype":"tree","class":"tree_row","name":""},"geometry":{"type":"LineString","coordinates":[[54.4739367,24.3984228],[54.4737712,24.3986134]]}},{"type":"Feature","properties":{"layer":"land","subtype":"tree","class":"tree_row","name":""},"geometry":{"type":"LineString","coordinates":[[54.4730033,24.3993022],[54.4739957,24.3981419],[54.4743529,24.3977714]]}},{"type":"Feature","properties":{"layer":"land","subtype":"sand","class":"sand","name":""},"geometry":{"type":"Polygon","coordinates":[[[54.4709028,24.3981677],[54.4710517,24.3981176],[54.4711871,24.3980871],[54.4713212,24.3980688],[54.4714848,24.3980688],[54.4715774,24.3980932],[54.4716659,24.3981421],[54.4717222,24.3982202],[54.4717531,24.3983106],[54.4717557,24.3984034],[54.4717316,24.3985036],[54.471694,24.3985805],[54.4716431,24.3986367],[54.4717736,24.3987167],[54.4717065,24.3987607],[54.4717226,24.3987851],[54.4717682,24.3987851],[54.4718085,24.3988047],[54.4719319,24.398917],[54.471846,24.3989708],[54.4718997,24.399066],[54.4719453,24.3990367],[54.4719426,24.3991295],[54.4721413,24.3992052],[54.4721529,24.3988452],[54.4725362,24.3988555],[54.4725246,24.3992155],[54.4729882,24.3988968],[54.4731813,24.3990263],[54.4744138,24.3975727],[54.4743099,24.397544],[54.4742831,24.3975245],[54.4742703,24.3974964],[54.4743133,24.3972832],[54.474324,24.3970976],[54.4743133,24.3969596],[54.4743005,24.3968552],[54.474265,24.3968039],[54.4742167,24.396777],[54.4741637,24.3967691],[54.4741201,24.3967764],[54.4738211,24.3972039],[54.473471,24.3971281],[54.4726932,24.3969523],[54.4721407,24.3969596],[54.4715479,24.397006],[54.4709659,24.3970182],[54.4707995,24.3982178],[54.4709028,24.3981677]]]}},{"type":"Feature","properties":{"layer":"land","subtype":"sand","class":"sand","name":""},"geometry":{"type":"Polygon","coordinates":[[[54.4687804,24.3991725],[54.4689292,24.3991188],[54.468276,24.3971451],[54.4681764,24.396697],[54.4680932,24.3965272],[54.468,24.396568649473682],[54.468,24.399382601041435],[54.4687804,24.3991725]]]}},{"type":"Feature","properties":{"layer":"land","subtype":"sand","class":"sand","name":""},"geometry":{"type":"Polygon","coordinates":[[[54.4695704,24.3994947],[54.4695386,24.3994337],[54.4695194,24.3993969],[54.4694738,24.399287],[54.469447,24.3991673],[54.4694363,24.3990525],[54.4694416,24.3989475],[54.4694577,24.3988449],[54.4694845,24.3987521],[54.4695382,24.3986177],[54.4696079,24.3985151],[54.4697098,24.3984028],[54.4697876,24.3984565],[54.46986,24.3984834],[54.4699566,24.3985054],[54.4700532,24.398542],[54.4701551,24.3985982],[54.4702248,24.3986519],[54.4702597,24.3986935],[54.4702811,24.3987081],[54.4702946,24.3986837],[54.4702946,24.3986128],[54.4703643,24.3985493],[54.4704233,24.3985127],[54.4704877,24.398564],[54.4706601,24.3985882],[54.4706283,24.3985286],[54.4705881,24.3983919],[54.4705747,24.3982673],[54.4705747,24.3981549],[54.4705961,24.3980157],[54.4707995,24.3982178],[54.4709659,24.3970182],[54.4706306,24.397006],[54.4704589,24.3969718],[54.470353,24.3969425],[54.4703007,24.3968668],[54.4702537,24.3967666],[54.4701304,24.3965272],[54.4700593,24.3964295],[54.46995,24.3965223],[54.4698514,24.3965968],[54.4696167,24.3967007],[54.4694021,24.3967324],[54.4692063,24.3967275],[54.4690172,24.3966933],[54.468812,24.3966713],[54.4684379,24.3966994],[54.4682917,24.3967117],[54.4681764,24.396697],[54.468276,24.3971451],[54.4689292,24.3991188],[54.4691251,24.3992626],[54.4692606,24.3994699],[54.4694049,24.3994864],[54.4694843,24.3995253],[54.4695704,24.3994947]]]}},{"type":"Feature","properties":{"layer":"land","subtype":"sand","class":"beach","name":""},"geometry":{"type":"Polygon","coordinates":[[[54.4743351,24.3981996],[54.4743834,24.3982326],[54.4744183,24.398268],[54.4745472,24.3983364],[54.47468,24.3984047],[54.4747447,24.3983803],[54.4748042,24.3983655],[54.4748696,24.3983581],[54.4749386,24.3983578],[54.4750124,24.3983694],[54.475079,24.3983915],[54.4751456,24.3984198],[54.4752232,24.3984675],[54.475282,24.3985348],[54.4755552,24.3986326],[54.4756338,24.3986579],[54.4757435,24.3987135],[54.4757458,24.3988836],[54.4758633,24.3989145],[54.4758938,24.3988727],[54.4759249,24.3988331],[54.4759845,24.3988094],[54.4760344,24.398808],[54.4760808,24.3988159],[54.4761192,24.3988335],[54.4761997,24.3988892],[54.4762266,24.3989791],[54.4761898,24.3990546],[54.4761428,24.3991098],[54.4761731,24.3991209],[54.47621,24.3991289],[54.4762375,24.3991435],[54.4762643,24.3991661],[54.476286,24.399194],[54.4763039,24.3991476],[54.4763299,24.3991158],[54.4764251,24.3990441],[54.4765191,24.3990471],[54.4766395,24.3990942],[54.4766661,24.3991976],[54.4766391,24.3992987],[54.4765969,24.3993393],[54.4765691,24.3993614],[54.4765223,24.3993804],[54.4764875,24.3993936],[54.4764735,24.3994232],[54.4765104,24.3994348],[54.4765365,24.3994586],[54.476554,24.3994855],[54.47656,24.399516],[54.4765597,24.3995326],[54.4765758,24.3994918],[54.4766131,24.3994365],[54.4766662,24.3993894],[54.4767322,24.3993709],[54.4767985,24.3993742],[54.4770973,24.3992577],[54.4771875,24.3992505],[54.4772406,24.3992603],[54.4775728,24.3993727],[54.4776449,24.3993086],[54.4777027,24.399178],[54.4777056,24.3991501],[54.4777016,24.3991153],[54.4776875,24.3990969],[54.4776634,24.3990991],[54.4776419,24.399111],[54.4776218,24.3991064],[54.4773871,24.399053],[54.4770129,24.3989724],[54.4766843,24.3988197],[54.4763907,24.3986182],[54.4761005,24.3984482],[54.4760704,24.3984207],[54.4760841,24.3983909],[54.4760865,24.3983818],[54.4760848,24.3983687],[54.4760758,24.3983569],[54.4760647,24.3983497],[54.4760498,24.3983481],[54.476039,24.3983527],[54.476029,24.3983642],[54.4760198,24.3983836],[54.4758513,24.3983517],[54.4757978,24.3983495],[54.4755552,24.3982921],[54.475185,24.3981553],[54.4749141,24.3980203],[54.4748964,24.3980066],[54.4747135,24.3978653],[54.4745882,24.3977517],[54.4745681,24.3976924],[54.4743821,24.3978894],[54.4743257,24.3978723],[54.4741836,24.3980237],[54.4742265,24.3981507],[54.4743351,24.3981996]]]}},{"type":"Feature","properties":{"layer":"land","subtype":"forest","class":"forest","name":""},"geometry":{"type":"Polygon","coordinates":[[[54.4943771,24.4003784],[54.4941116,24.3996359],[54.4889537,24.4010868],[54.4890529,24.4013848],[54.4885782,24.4015167],[54.4884495,24.4011601],[54.4883985,24.4015704],[54.4885031,24.4018636],[54.4880847,24.4019613],[54.4880096,24.4016828],[54.4878835,24.4017146],[54.4879211,24.401888],[54.4879908,24.4021176],[54.4886183,24.4019508],[54.4895357,24.4018831],[54.4901795,24.4015411],[54.4943771,24.4003784]]]}},{"type":"Feature","properties":{"layer":"land","subtype":"tree","class":"tree","name":""},"geometry":{"type":"Point","coordinates":[54.4761449,24.400149]}},{"type":"Feature","properties":{"layer":"land","subtype":"forest","class":"forest","name":""},"geometry":{"type":"Polygon","coordinates":[[[54.4764725,24.4002646],[54.4764173,24.4003204],[54.4763862,24.40039],[54.476383,24.4004651],[54.476408,24.4005368],[54.4764583,24.4005963],[54.4765279,24.4006368],[54.4766084,24.4006533],[54.4766831,24.4006458],[54.4767515,24.4006175],[54.4768069,24.4005712],[54.4768438,24.4005116],[54.4768585,24.4004444],[54.4768496,24.4003765],[54.476818,24.4003144],[54.4767667,24.4002643],[54.4767009,24.4002313],[54.476627,24.4002185],[54.4765453,24.4002292],[54.4764725,24.4002646]],[[54.4767195,24.4003959],[54.4767293,24.4004281],[54.4767266,24.4004614],[54.4767119,24.4004921],[54.4766868,24.4005164],[54.4766541,24.4005317],[54.4766178,24.4005362],[54.4765838,24.4005301],[54.4765537,24.4005145],[54.4765306,24.400491],[54.4765167,24.4004621],[54.4765137,24.4004306],[54.4765217,24.4003999],[54.4765399,24.4003731],[54.4765665,24.4003529],[54.4765988,24.4003414],[54.4766334,24.4003398],[54.4766687,24.400349],[54.4766985,24.4003685],[54.4767195,24.4003959]]]}},{"type":"Feature","properties":{"layer":"land","subtype":"sand","class":"sand","name":""},"geometry":{"type":"Polygon","coordinates":[[[54.4766687,24.400349],[54.4766334,24.4003398],[54.4765988,24.4003414],[54.4765665,24.4003529],[54.4765399,24.4003731],[54.4765217,24.4003999],[54.4765137,24.4004306],[54.4765167,24.4004621],[54.4765306,24.400491],[54.4765537,24.4005145],[54.4765838,24.4005301],[54.4766178,24.4005362],[54.4766541,24.4005317],[54.4766868,24.4005164],[54.4767119,24.4004921],[54.4767266,24.4004614],[54.4767293,24.4004281],[54.4767195,24.4003959],[54.4766985,24.4003685],[54.4766687,24.400349]]]}},{"type":"Feature","properties":{"layer":"land","subtype":"tree","class":"tree_row","name":""},"geometry":{"type":"LineString","coordinates":[[54.4762594,24.4009884],[54.4761318,24.4003801]]}},{"type":"Feature","properties":{"layer":"land","subtype":"tree","class":"tree_row","name":""},"geometry":{"type":"LineString","coordinates":[[54.4757657,24.4000106],[54.4758263,24.4001571],[54.4758665,24.400289],[54.4758808,24.4003854],[54.4759022,24.4005776],[54.4759038,24.4006579],[54.4758965,24.4007578],[54.4758891,24.4008594],[54.4758609,24.4009449],[54.4758193,24.4010756],[54.4757362,24.4012588],[54.4756705,24.4013724],[54.4755967,24.4014823],[54.4754975,24.4015996]]}},{"type":"Feature","properties":{"layer":"land","subtype":"tree","class":"tree_row","name":""},"geometry":{"type":"LineString","coordinates":[[54.4766619,24.4020807],[54.4765524,24.4016039],[54.4763157,24.4005855]]}},{"type":"Feature","properties":{"layer":"land","subtype":"sand","class":"sand","name":""},"geometry":{"type":"Polygon","coordinates":[[[54.4770601,24.4018425],[54.476934,24.4017686],[54.4768381,24.4016709],[54.4767624,24.4015634],[54.4767107,24.4014315],[54.4766658,24.4012599],[54.4766651,24.4011085],[54.4766866,24.4009558],[54.4767193,24.4008456],[54.4767624,24.4007661],[54.4768163,24.4006914],[54.4768889,24.4005822],[54.4769735,24.4004921],[54.4770554,24.4004387],[54.4771729,24.4003713],[54.4773308,24.4003205],[54.4774634,24.4002926],[54.4776236,24.4002775],[54.4777284,24.4002848],[54.4777251,24.4002636],[54.4777112,24.4002559],[54.4776336,24.4002623],[54.4771577,24.4002349],[54.4766676,24.400201],[54.4765658,24.4002035],[54.4764639,24.4002426],[54.4764105,24.4003013],[54.476376,24.4003747],[54.4763633,24.4004604],[54.4763689,24.4006007],[54.4764231,24.4008422],[54.4764834,24.4010737],[54.4765645,24.4013857],[54.4766396,24.4017002],[54.4767282,24.4020507],[54.4770601,24.4018425]],[[54.4767195,24.4003959],[54.4767293,24.4004281],[54.4767266,24.4004614],[54.4767119,24.4004921],[54.4766868,24.4005164],[54.4766541,24.4005317],[54.4766178,24.4005362],[54.4765838,24.4005301],[54.4765537,24.4005145],[54.4765306,24.400491],[54.4765167,24.4004621],[54.4765137,24.4004306],[54.4765217,24.4003999],[54.4765399,24.4003731],[54.4765665,24.4003529],[54.4765988,24.4003414],[54.4766334,24.4003398],[54.4766687,24.400349],[54.4766985,24.4003685],[54.4767195,24.4003959]]]}},{"type":"Feature","properties":{"layer":"land","subtype":"sand","class":"sand","name":""},"geometry":{"type":"Polygon","coordinates":[[[54.4786605,24.400356],[54.4784611,24.4000108],[54.4780216,24.3997948],[54.4780311,24.3999186],[54.4780163,24.4000012],[54.4779688,24.4001057],[54.4779331,24.4001764],[54.4779548,24.4002498],[54.4780073,24.4003086],[54.4782723,24.400495],[54.4783932,24.4006139],[54.4784868,24.4007604],[54.4785525,24.4009434],[54.478582,24.4011153],[54.4785858,24.4012291],[54.4785684,24.4013429],[54.4784883,24.4015376],[54.4789565,24.4014248],[54.4786605,24.400356]]]}},{"type":"Feature","properties":{"layer":"land","subtype":"sand","class":"sand","name":""},"geometry":{"type":"Polygon","coordinates":[[[54.4784933,24.4019225],[54.4785074,24.4018853],[54.4785345,24.4018654],[54.4785617,24.4018602],[54.4785144,24.4016203],[54.4784791,24.4015986],[54.4784651,24.4015732],[54.4783672,24.4017173],[54.4782371,24.4018273],[54.4780655,24.4019274],[54.4779367,24.4019824],[54.4778348,24.402008],[54.4777302,24.4020239],[54.477749,24.4020837],[54.4784933,24.4019225]]]}},{"type":"Feature","properties":{"layer":"land","subtype":"tree","class":"tree_row","name":""},"geometry":{"type":"LineString","coordinates":[[54.4764471,24.4018461],[54.4763195,24.4012378]]}},{"type":"Feature","properties":{"layer":"land","subtype":"sand","class":"sand","name":""},"geometry":{"type":"Polygon","coordinates":[[[54.4775692,24.4023087],[54.4778953,24.4022401],[54.4780506,24.4028517],[54.4777245,24.4029203],[54.477713,24.4029235],[54.4774313,24.4029838],[54.4774208,24.4029778],[54.4770951,24.4030516],[54.4769496,24.402519],[54.476942,24.4025045],[54.4769178,24.4024131],[54.4767524,24.4024507],[54.4767952,24.4026229],[54.4768037,24.4027247],[54.4767572,24.4027866],[54.4767409,24.4028818],[54.4767076,24.4029763],[54.4766613,24.4030632],[54.4765525,24.4032005],[54.4764559,24.4032817],[54.4763674,24.4033462],[54.4762285,24.403404],[54.4760987,24.4034414],[54.4757067,24.4035508],[54.4756916,24.4035942],[54.4756325,24.403653],[54.4754657,24.4037461],[54.4791483,24.4027512],[54.4798698,24.4030858],[54.4800656,24.4030223],[54.4792824,24.4026657],[54.4796418,24.4024996],[54.479555,24.4022436],[54.4787365,24.4024358],[54.4786467,24.4021137],[54.4786146,24.4020648],[54.4785582,24.4020257],[54.4784617,24.4020062],[54.4775477,24.4022291],[54.4775692,24.4023087]]]}},{"type":"Feature","properties":{"layer":"land","subtype":"sand","class":"sand","name":""},"geometry":{"type":"Polygon","coordinates":[[[54.4785012,24.4029881],[54.478233,24.4030663],[54.4782625,24.4031469],[54.4785012,24.4029881]]]}},{"type":"Feature","properties":{"layer":"land","subtype":"forest","class":"forest","name":""},"geometry":{"type":"Polygon","coordinates":[[[54.4799137,24.4031834],[54.4793035,24.4028964],[54.479236,24.4028763],[54.4791664,24.4028632],[54.4790956,24.4028574],[54.479028,24.4028586],[54.4789609,24.4028664],[54.4788952,24.4028807],[54.4788314,24.4029013],[54.4787349,24.402935],[54.4786405,24.4029733],[54.4785485,24.4030161],[54.4784362,24.4030763],[54.4783285,24.4031431],[54.4781864,24.4032378],[54.4782192,24.4032702],[54.4783089,24.4032193],[54.4784023,24.4031743],[54.4784759,24.403144],[54.4785511,24.4031175],[54.4786423,24.4030796],[54.4787932,24.403018],[54.4788541,24.403],[54.4789164,24.4029863],[54.4789796,24.402977],[54.4790718,24.4029716],[54.479164,24.4029755],[54.4792552,24.4029886],[54.4793328,24.4030054],[54.4794081,24.4030296],[54.4794621,24.4030521],[54.4795141,24.4030784],[54.4798775,24.4032457],[54.4799137,24.4031834]]]}},{"type":"Feature","properties":{"layer":"land","subtype":"forest","class":"forest","name":""},"geometry":{"type":"Polygon","coordinates":[[[54.4782513,24.4033321],[54.4783481,24.4032763],[54.4784771,24.4032152],[54.4785612,24.4031822],[54.478657,24.4031589],[54.4788209,24.4031296],[54.478932,24.4031248],[54.4791269,24.4031406],[54.4792962,24.4031834],[54.4794829,24.4032604],[54.4796467,24.4033632],[54.479764,24.403484],[54.479838,24.403581],[54.4799182,24.4037074],[54.4799711,24.4038347],[54.4801128,24.4037778],[54.4799741,24.4034191],[54.4800245,24.4033537],[54.4793847,24.4030523],[54.4792727,24.4030235],[54.4791801,24.4030076],[54.4790841,24.4029998],[54.4789562,24.40301],[54.4787845,24.4030524],[54.4784224,24.4032011],[54.4783406,24.4032427],[54.4782345,24.403299],[54.4782513,24.4033321]]]}},{"type":"Feature","properties":{"layer":"land","subtype":"tree","class":"tree_row","name":""},"geometry":{"type":"LineString","coordinates":[[54.4756916,24.4035942],[54.4762464,24.4034445],[54.476387,24.403393],[54.4765532,24.4032451],[54.4767051,24.4030938],[54.4767725,24.4029611],[54.4768061,24.4028422],[54.4768037,24.4027247],[54.4767952,24.4026229],[54.4767524,24.4024507]]}},{"type":"Feature","properties":{"layer":"land","subtype":"tree","class":"tree_row","name":""},"geometry":{"type":"LineString","coordinates":[[54.4748715,24.4036818],[54.4760732,24.4033447]]}},{"type":"Feature","properties":{"layer":"land","subtype":"sand","class":"sand","name":""},"geometry":{"type":"Polygon","coordinates":[[[54.4792149,24.4044917],[54.4792551,24.404499],[54.4793195,24.4044673],[54.4793168,24.4044062],[54.4793517,24.4043916],[54.4794375,24.4043549],[54.4795019,24.404311],[54.4795528,24.4042548],[54.4795716,24.4041839],[54.4795716,24.4041107],[54.4795528,24.4040423],[54.4795126,24.4039788],[54.4794643,24.4039324],[54.479408,24.4039006],[54.4793356,24.4038859],[54.4792685,24.4038677],[54.4792727,24.404057],[54.4792079,24.4041825],[54.4791585,24.4042976],[54.4791693,24.4044197],[54.4791751,24.404516],[54.4792149,24.4044917]]]}},{"type":"Feature","properties":{"layer":"land","subtype":"sand","class":"sand","name":""},"geometry":{"type":"Polygon","coordinates":[[[54.4799912,24.4045281],[54.4807717,24.4041677],[54.4806983,24.4039319],[54.4802793,24.4040957],[54.4801128,24.4037778],[54.4799711,24.4038347],[54.4799631,24.4039507],[54.4799765,24.4042194],[54.4799604,24.4044014],[54.4798518,24.4046175],[54.479726,24.4047953],[54.4795541,24.4049151],[54.4803399,24.4047186],[54.4799912,24.4045281]]]}},{"type":"Feature","properties":{"layer":"land","subtype":"sand","class":"sand","name":""},"geometry":{"type":"Polygon","coordinates":[[[54.4840077,24.4047606],[54.4839692,24.4046594],[54.4839959,24.4046517],[54.4839024,24.4043904],[54.4839634,24.4043819],[54.483915,24.4042469],[54.4838628,24.4042676],[54.483777,24.4044142],[54.4823903,24.4047855],[54.4815936,24.4050322],[54.4800326,24.4055671],[54.4799924,24.405528],[54.4797778,24.4056062],[54.479523,24.4057332],[54.4791904,24.405953],[54.4794814,24.406124],[54.4840077,24.4047606]]]}},{"type":"Feature","properties":{"layer":"land","subtype":"forest","class":"forest","name":""},"geometry":{"type":"Polygon","coordinates":[[[54.4803399,24.4047186],[54.4837208,24.4036366],[54.4836471,24.403495],[54.4835535,24.4034216],[54.4834807,24.4033838],[54.4833976,24.4033581],[54.4833158,24.4033434],[54.4832085,24.4033508],[54.4830892,24.4033789],[54.481166,24.4038924],[54.4810976,24.4039108],[54.4807717,24.4041677],[54.4799912,24.4045281],[54.4803399,24.4047186]]]}},{"type":"Feature","properties":{"layer":"land","subtype":"tree","class":"tree_row","name":""},"geometry":{"type":"LineString","coordinates":[[54.4811003,24.403324],[54.4813015,24.4032653]]}},{"type":"Feature","properties":{"layer":"land","subtype":"tree","class":"tree_row","name":""},"geometry":{"type":"LineString","coordinates":[[54.4810735,24.4032116],[54.48139,24.4031212]]}},{"type":"Feature","properties":{"layer":"land","subtype":"sand","class":"sand","name":""},"geometry":{"type":"Polygon","coordinates":[[[54.4843333,24.4046117],[54.4843112,24.4044731],[54.4843099,24.4043485],[54.4843085,24.4041544],[54.4843045,24.4040957],[54.4841657,24.4036762],[54.4841268,24.4035852],[54.4841248,24.4035419],[54.4841315,24.4035028],[54.4841858,24.403421],[54.4840872,24.4033105],[54.483937,24.4034057],[54.4836031,24.4031315],[54.4834576,24.4030351],[54.4833282,24.4029477],[54.4831444,24.4028024],[54.4819254,24.4019182],[54.4815968,24.4017093],[54.4812722,24.401531],[54.4811482,24.4014962],[54.4810604,24.4014803],[54.4809551,24.401451],[54.4807211,24.4013552],[54.4799151,24.4008422],[54.4796884,24.4007005],[54.4795989,24.4008496],[54.4805994,24.401525],[54.4809588,24.4018474],[54.4814094,24.401696],[54.4830938,24.4029173],[54.4831421,24.4031371],[54.4833406,24.403142],[54.4834908,24.4031811],[54.4836625,24.4032739],[54.4837483,24.4033716],[54.4842615,24.4048231],[54.4843756,24.4047107],[54.4843333,24.4046117]]]}},{"type":"Feature","properties":{"layer":"land","subtype":"sand","class":"sand","name":""},"geometry":{"type":"Polygon","coordinates":[[[54.4843791,24.4063983],[54.4838381,24.4048479],[54.4837917,24.4048374],[54.4828851,24.4051134],[54.483439,24.4066703],[54.4843791,24.4063983]]]}},{"type":"Feature","properties":{"layer":"land","subtype":"sand","class":"beach","name":""},"geometry":{"type":"Polygon","coordinates":[[[54.4899632,24.4060349],[54.4900315,24.4061363],[54.4900766,24.4062232],[54.4901048,24.4063569],[54.4901088,24.4064449],[54.4901876,24.4064769],[54.4901764,24.4064066],[54.4901871,24.4063455],[54.4901636,24.4062182],[54.4903165,24.4060814],[54.4903702,24.4059788],[54.4903728,24.4058811],[54.4903192,24.4057932],[54.4901824,24.4057101],[54.4899654,24.4057367],[54.4897459,24.4057637],[54.4899632,24.4060349]]]}},{"type":"Feature","properties":{"layer":"land","subtype":"sand","class":"beach","name":""},"geometry":{"type":"Polygon","coordinates":[[[54.4900322,24.4070499],[54.4903843,24.4082099],[54.4904184,24.4084397],[54.4904237,24.4085972],[54.4905204,24.4085813],[54.4905111,24.4084504],[54.4905044,24.408357],[54.4904667,24.4078302],[54.4905176,24.407735],[54.4905418,24.4076299],[54.4905525,24.4074614],[54.4904854,24.4073466],[54.490413,24.4073368],[54.4903616,24.4070961],[54.4903369,24.4070056],[54.4899856,24.4068889],[54.4900322,24.4070499]]]}},{"type":"Feature","properties":{"layer":"land","subtype":"tree","class":"tree_row","name":""},"geometry":{"type":"LineString","coordinates":[[54.4913561,24.408083],[54.4913883,24.4083688],[54.4915063,24.408359]]}},{"type":"Feature","properties":{"layer":"land","subtype":"tree","class":"tree","name":""},"geometry":{"type":"Point","coordinates":[54.479547,24.4084423]}},{"type":"Feature","properties":{"layer":"land","subtype":"tree","class":"tree_row","name":""},"geometry":{"type":"LineString","coordinates":[[54.481776,24.4071962],[54.4799763,24.4077287],[54.4794666,24.4063023]]}},{"type":"Feature","properties":{"layer":"land","subtype":"forest","class":"forest","name":""},"geometry":{"type":"Polygon","coordinates":[[[54.4843791,24.4063983],[54.483439,24.4066703],[54.4827149,24.4068831],[54.482038,24.4070823],[54.4820592,24.407142],[54.4831461,24.4068221],[54.4839281,24.4065896],[54.4839387,24.406619],[54.4844757,24.4064592],[54.4845427,24.4063835],[54.48454,24.4062809],[54.4840179,24.4048007],[54.4838381,24.4048479],[54.4843791,24.4063983]]]}},{"type":"Feature","properties":{"layer":"land","subtype":"tree","class":"tree","name":""},"geometry":{"type":"Point","coordinates":[54.4774139,24.4068314]}},{"type":"Feature","properties":{"layer":"land","subtype":"tree","class":"tree","name":""},"geometry":{"type":"Point","coordinates":[54.4780462,24.4065832]}},{"type":"Feature","properties":{"layer":"land","subtype":"tree","class":"tree_row","name":""},"geometry":{"type":"LineString","coordinates":[[54.4779483,24.4061141],[54.478142,24.406083],[54.47834,24.4060869],[54.4784528,24.4061044],[54.4785358,24.4061257],[54.4787253,24.4061994]]}},{"type":"Feature","properties":{"layer":"land","subtype":"tree","class":"tree_row","name":""},"geometry":{"type":"LineString","coordinates":[[54.4766059,24.4065023],[54.4773282,24.4062787]]}},{"type":"Feature","properties":{"layer":"land","subtype":"tree","class":"tree","name":""},"geometry":{"type":"Point","coordinates":[54.4773543,24.4065852]}},{"type":"Feature","properties":{"layer":"land","subtype":"shrub","class":"scrub","name":""},"geometry":{"type":"Polygon","coordinates":[[[54.476374,24.4070992],[54.4763083,24.4070967],[54.4762902,24.4071156],[54.4762989,24.4071523],[54.4763586,24.4071718],[54.476374,24.4070992]]]}},{"type":"Feature","properties":{"layer":"land","subtype":"tree","class":"tree","name":""},"geometry":{"type":"Point","coordinates":[54.4759702,24.4075574]}},{"type":"Feature","properties":{"layer":"land","subtype":"tree","class":"tree","name":""},"geometry":{"type":"Point","coordinates":[54.4759788,24.4075105]}},{"type":"Feature","properties":{"layer":"land","subtype":"tree","class":"tree","name":""},"geometry":{"type":"Point","coordinates":[54.4759568,24.4076013]}},{"type":"Feature","properties":{"layer":"land","subtype":"tree","class":"tree","name":""},"geometry":{"type":"Point","coordinates":[54.4759416,24.407652]}},{"type":"Feature","properties":{"layer":"land","subtype":"shrub","class":"scrub","name":""},"geometry":{"type":"Polygon","coordinates":[[[54.4762081,24.4076548],[54.4762078,24.4076624],[54.4762111,24.4076694],[54.4762175,24.4076743],[54.4762288,24.407676],[54.476239,24.4076713],[54.4762443,24.4076621],[54.4763516,24.4072115],[54.4763047,24.4071931],[54.4762081,24.4076548]]]}},{"type":"Feature","properties":{"layer":"land","subtype":"tree","class":"tree","name":""},"geometry":{"type":"Point","coordinates":[54.475994,24.4074551]}},{"type":"Feature","properties":{"layer":"land","subtype":"tree","class":"tree","name":""},"geometry":{"type":"Point","coordinates":[54.4760151,24.4074042]}},{"type":"Feature","properties":{"layer":"land","subtype":"tree","class":"tree_row","name":""},"geometry":{"type":"LineString","coordinates":[[54.4795466,24.407774],[54.4791044,24.4065899],[54.4790355,24.406458],[54.4789355,24.4063512]]}},{"type":"Feature","properties":{"layer":"land","subtype":"tree","class":"tree_row","name":""},"geometry":{"type":"LineString","coordinates":[[54.4788676,24.4065981],[54.4789914,24.4069283],[54.4791149,24.4072753],[54.4792213,24.4075874],[54.4793378,24.407915]]}},{"type":"Feature","properties":{"layer":"land","subtype":"tree","class":"tree","name":""},"geometry":{"type":"Point","coordinates":[54.4776258,24.4084464]}},{"type":"Feature","properties":{"layer":"land","subtype":"tree","class":"tree","name":""},"geometry":{"type":"Point","coordinates":[54.4774568,24.4083726]}},{"type":"Feature","properties":{"layer":"land","subtype":"tree","class":"tree_row","name":""},"geometry":{"type":"LineString","coordinates":[[54.4772393,24.4084298],[54.4774116,24.4084652]]}},{"type":"Feature","properties":{"layer":"land","subtype":"tree","class":"tree_row","name":""},"geometry":{"type":"LineString","coordinates":[[54.4764215,24.4082629],[54.4765938,24.4082983]]}},{"type":"Feature","properties":{"layer":"land","subtype":"tree","class":"tree_row","name":""},"geometry":{"type":"LineString","coordinates":[[54.4764349,24.4080905],[54.4767098,24.4081357]]}},{"type":"Feature","properties":{"layer":"land","subtype":"tree","class":"tree_row","name":""},"geometry":{"type":"LineString","coordinates":[[54.4772613,24.4082344],[54.4774336,24.4082698]]}},{"type":"Feature","properties":{"layer":"land","subtype":"sand","class":"sand","name":""},"geometry":{"type":"Polygon","coordinates":[[[54.4760745,24.4077197],[54.4760598,24.4077148],[54.475952,24.4078386],[54.4759431,24.4078894],[54.4759458,24.4079786],[54.4759793,24.4080628],[54.4760745,24.4077197]]]}},{"type":"Feature","properties":{"layer":"land","subtype":"sand","class":"sand","name":""},"geometry":{"type":"Polygon","coordinates":[[[54.4762185,24.4078794],[54.4762321,24.4078292],[54.4762288,24.4078182],[54.4762194,24.4078139],[54.476208,24.4078145],[54.4761993,24.4078225],[54.4761858,24.4078721],[54.4762185,24.4078794]]]}},{"type":"Feature","properties":{"layer":"land","subtype":"sand","class":"sand","name":""},"geometry":{"type":"Polygon","coordinates":[[[54.4761622,24.4078666],[54.4761758,24.4078164],[54.4761724,24.4078054],[54.476163,24.4078011],[54.4761516,24.4078017],[54.4761429,24.4078097],[54.4761295,24.4078593],[54.4761622,24.4078666]]]}},{"type":"Feature","properties":{"layer":"land","subtype":"tree","class":"tree","name":""},"geometry":{"type":"Point","coordinates":[54.4759247,24.4077213]}},{"type":"Feature","properties":{"layer":"land","subtype":"tree","class":"tree","name":""},"geometry":{"type":"Point","coordinates":[54.4759078,24.4077813]}},{"type":"Feature","properties":{"layer":"land","subtype":"sand","class":"sand","name":""},"geometry":{"type":"Polygon","coordinates":[[[54.4761015,24.4078535],[54.4761151,24.4078033],[54.4761117,24.4077923],[54.4761024,24.4077881],[54.476091,24.4077887],[54.4760822,24.4077966],[54.4760688,24.4078462],[54.4761015,24.4078535]]]}},{"type":"Feature","properties":{"layer":"land","subtype":"tree","class":"tree","name":""},"geometry":{"type":"Point","coordinates":[54.4757844,24.4079644]}},{"type":"Feature","properties":{"layer":"land","subtype":"tree","class":"tree","name":""},"geometry":{"type":"Point","coordinates":[54.4757295,24.4079521]}},{"type":"Feature","properties":{"layer":"land","subtype":"tree","class":"tree","name":""},"geometry":{"type":"Point","coordinates":[54.4756189,24.407929]}},{"type":"Feature","properties":{"layer":"land","subtype":"tree","class":"tree_row","name":""},"geometry":{"type":"LineString","coordinates":[[54.475594,24.4080264],[54.4757764,24.4080618]]}},{"type":"Feature","properties":{"layer":"land","subtype":"tree","class":"tree","name":""},"geometry":{"type":"Point","coordinates":[54.4758461,24.4080452]}},{"type":"Feature","properties":{"layer":"land","subtype":"tree","class":"tree_row","name":""},"geometry":{"type":"LineString","coordinates":[[54.4755873,24.4081076],[54.4757697,24.408143]]}},{"type":"Feature","properties":{"layer":"land","subtype":"shrub","class":"scrub","name":""},"geometry":{"type":"Polygon","coordinates":[[[54.4761214,24.4081622],[54.4761227,24.4081548],[54.4761193,24.4081479],[54.4761124,24.4081439],[54.4761041,24.4081441],[54.4760974,24.4081483],[54.4760942,24.4081552],[54.4760706,24.4082577],[54.4760735,24.4082644],[54.4760805,24.4082679],[54.4760887,24.4082662],[54.4760936,24.4082599],[54.4761214,24.4081622]]]}},{"type":"Feature","properties":{"layer":"land","subtype":"tree","class":"tree_row","name":""},"geometry":{"type":"LineString","coordinates":[[54.4755457,24.4083067],[54.4757241,24.4083433]]}},{"type":"Feature","properties":{"layer":"land","subtype":"tree","class":"tree","name":""},"geometry":{"type":"Point","coordinates":[54.4748539,24.408357]}},{"type":"Feature","properties":{"layer":"land","subtype":"tree","class":"tree","name":""},"geometry":{"type":"Point","coordinates":[54.4749328,24.4081736]}},{"type":"Feature","properties":{"layer":"land","subtype":"tree","class":"tree_row","name":""},"geometry":{"type":"LineString","coordinates":[[54.4747571,24.4081564],[54.474773,24.4080798]]}},{"type":"Feature","properties":{"layer":"land","subtype":"tree","class":"tree_row","name":""},"geometry":{"type":"LineString","coordinates":[[54.4748795,24.4084821],[54.4746783,24.4084414],[54.4747294,24.4082087]]}},{"type":"Feature","properties":{"layer":"land","subtype":"tree","class":"tree","name":""},"geometry":{"type":"Point","coordinates":[54.4743592,24.4083972]}},{"type":"Feature","properties":{"layer":"land","subtype":"tree","class":"tree","name":""},"geometry":{"type":"Point","coordinates":[54.4741188,24.4083738]}},{"type":"Feature","properties":{"layer":"land","subtype":"tree","class":"tree","name":""},"geometry":{"type":"Point","coordinates":[54.4742368,24.4083317]}},{"type":"Feature","properties":{"layer":"land","subtype":"tree","class":"tree","name":""},"geometry":{"type":"Point","coordinates":[54.4736892,24.4082613]}},{"type":"Feature","properties":{"layer":"land","subtype":"tree","class":"tree","name":""},"geometry":{"type":"Point","coordinates":[54.4736715,24.4081983]}},{"type":"Feature","properties":{"layer":"land","subtype":"tree","class":"tree_row","name":""},"geometry":{"type":"LineString","coordinates":[[54.4740865,24.4081079],[54.4744218,24.4080178]]}},{"type":"Feature","properties":{"layer":"land","subtype":"tree","class":"tree_row","name":""},"geometry":{"type":"LineString","coordinates":[[54.4745367,24.407916],[54.4747507,24.4078627]]}},{"type":"Feature","properties":{"layer":"land","subtype":"tree","class":"tree","name":""},"geometry":{"type":"Point","coordinates":[54.4749556,24.4078817]}},{"type":"Feature","properties":{"layer":"land","subtype":"tree","class":"tree_row","name":""},"geometry":{"type":"LineString","coordinates":[[54.4749497,24.4079751],[54.4748231,24.4079519],[54.4748092,24.4080013]]}},{"type":"Feature","properties":{"layer":"land","subtype":"tree","class":"tree_row","name":""},"geometry":{"type":"LineString","coordinates":[[54.4748497,24.4078666],[54.4748752,24.4077619],[54.4750445,24.4077968]]}},{"type":"Feature","properties":{"layer":"land","subtype":"sand","class":"sand","name":""},"geometry":{"type":"Polygon","coordinates":[[[54.4730132,24.4074801],[54.4730293,24.407524],[54.4740673,24.4072505],[54.4740083,24.4072334],[54.4729998,24.4074214],[54.4729435,24.407502],[54.4730132,24.4074801]]]}},{"type":"Feature","properties":{"layer":"land","subtype":"tree","class":"tree_row","name":""},"geometry":{"type":"LineString","coordinates":[[54.472115,24.4079609],[54.4732561,24.4075838],[54.4757849,24.4068829]]}},{"type":"Feature","properties":{"layer":"land","subtype":"forest","class":"forest","name":""},"geometry":{"type":"Polygon","coordinates":[[[54.471077,24.4081446],[54.4711468,24.4081934],[54.471246,24.4082325],[54.471356,24.4082594],[54.4714552,24.4082496],[54.4715545,24.4082276],[54.4716349,24.4081885],[54.4717047,24.4081226],[54.471753,24.408042],[54.4717771,24.4079516],[54.4717852,24.4078783],[54.4717807,24.4078389],[54.4710177,24.4080492],[54.4710234,24.4080737],[54.471077,24.4081446]]]}},{"type":"Feature","properties":{"layer":"land","subtype":"tree","class":"tree_row","name":""},"geometry":{"type":"LineString","coordinates":[[54.468,24.407760509042838],[54.4695647,24.4069814]]}},{"type":"Feature","properties":{"layer":"land","subtype":"tree","class":"tree_row","name":""},"geometry":{"type":"LineString","coordinates":[[54.468,24.40797334873502],[54.4683014,24.4078655],[54.4693314,24.4073844],[54.4705545,24.4066565],[54.4706752,24.4065246],[54.4707342,24.4063878],[54.4707664,24.4062462],[54.470761,24.4061387],[54.4706081,24.4056502]]}},{"type":"Feature","properties":{"layer":"land","subtype":"shrub","class":"scrub","name":""},"geometry":{"type":"Polygon","coordinates":[[[54.470547,24.4071955],[54.4705282,24.4070661],[54.4705282,24.4069977],[54.4705496,24.4069317],[54.4705362,24.4069146],[54.469576,24.4074666],[54.470547,24.4071955]]]}},{"type":"Feature","properties":{"layer":"land","subtype":"shrub","class":"scrub","name":""},"geometry":{"type":"Polygon","coordinates":[[[54.4714991,24.4069696],[54.4714923,24.4069512],[54.4714641,24.4068917],[54.4714183,24.4068181],[54.471359,24.4067568],[54.4712688,24.406704],[54.4711422,24.4066734],[54.4710197,24.4066746],[54.4709187,24.4067089],[54.4708163,24.4067727],[54.4707414,24.4068597],[54.4706985,24.4069452],[54.4706851,24.4070245],[54.4706905,24.4070954],[54.4707028,24.4071659],[54.4707079,24.4071796],[54.4714991,24.4069696]]]}},{"type":"Feature","properties":{"layer":"land","subtype":"sand","class":"sand","name":""},"geometry":{"type":"Polygon","coordinates":[[[54.4682639,24.407929],[54.4687628,24.4077556],[54.4692617,24.4075016],[54.4705518,24.4067176],[54.470702,24.4065808],[54.4707825,24.4064293],[54.47082,24.4063097],[54.4708307,24.4061753],[54.4707932,24.4060239],[54.4706323,24.4054676],[54.4705783,24.4054676],[54.4705518,24.4054676],[54.4705303,24.4054017],[54.4704874,24.405343],[54.4704096,24.4053113],[54.4703372,24.4053088],[54.4703195,24.4053058],[54.4700556,24.4053888],[54.4700596,24.4054438],[54.4703614,24.4062278],[54.4701387,24.4065844],[54.468,24.40764687400618],[54.468,24.40802173950758],[54.4682639,24.407929]]]}},{"type":"Feature","properties":{"layer":"land","subtype":"forest","class":"forest","name":""},"geometry":{"type":"Polygon","coordinates":[[[54.4714042,24.4052557],[54.4712808,24.4049871],[54.4710094,24.4050593],[54.4709798,24.4050842],[54.4709764,24.4051032],[54.4710079,24.4051257],[54.471136,24.4052265],[54.4711709,24.4052631],[54.4712245,24.4053803],[54.4714128,24.4059586],[54.471616,24.4059048],[54.4714042,24.4052557]]]}},{"type":"Feature","properties":{"layer":"land","subtype":"forest","class":"forest","name":""},"geometry":{"type":"Polygon","coordinates":[[[54.4712702,24.406404],[54.4713278,24.406488],[54.471427,24.4065662],[54.4715209,24.4066053],[54.4716362,24.4066346],[54.4719769,24.4066444],[54.4727091,24.4065955],[54.4726039,24.4063278],[54.4722995,24.4063461],[54.4721231,24.4063561],[54.4720138,24.4063757],[54.4718421,24.406438],[54.4717442,24.4064698],[54.4716619,24.4064754],[54.47159,24.4064648],[54.4715124,24.4064326],[54.4714593,24.4063916],[54.471415,24.4063415],[54.4713642,24.4062195],[54.4712502,24.4059008],[54.4711803,24.405715],[54.4711442,24.4056089],[54.4711012,24.4055294],[54.4710115,24.4054049],[54.4709846,24.4053524],[54.4709516,24.4052612],[54.470892,24.4052722],[54.4712259,24.4062884],[54.4712702,24.406404]]]}},{"type":"Feature","properties":{"layer":"land","subtype":"forest","class":"forest","name":""},"geometry":{"type":"Polygon","coordinates":[[[54.4715196,24.4062865],[54.4715652,24.4063476],[54.4716403,24.4063793],[54.4717341,24.4063842],[54.4717958,24.4063598],[54.4717502,24.4063158],[54.4716425,24.4059857],[54.4714394,24.4060402],[54.4715196,24.4062865]]]}},{"type":"Feature","properties":{"layer":"land","subtype":"shrub","class":"scrub","name":""},"geometry":{"type":"Polygon","coordinates":[[[54.4723319,24.4067229],[54.4715597,24.4067543],[54.471628,24.4069143],[54.4723319,24.4067229]]]}},{"type":"Feature","properties":{"layer":"land","subtype":"forest","class":"forest","name":""},"geometry":{"type":"Polygon","coordinates":[[[54.4729974,24.4048088],[54.4736814,24.4051336],[54.4737444,24.4049655],[54.4745378,24.4040106],[54.4754657,24.4037461],[54.4756325,24.403653],[54.4756943,24.4035624],[54.4740456,24.4040278],[54.4739326,24.4042311],[54.4738922,24.4044687],[54.4738008,24.404623],[54.4737094,24.4047503],[54.4734135,24.4048312],[54.4732978,24.4048238],[54.4730262,24.4045593],[54.4730154,24.4044956],[54.4713847,24.4049695],[54.471422,24.405068],[54.4714283,24.4052435],[54.4729974,24.4048088]]]}},{"type":"Feature","properties":{"layer":"land","subtype":"sand","class":"sand","name":""},"geometry":{"type":"Polygon","coordinates":[[[54.4743343,24.4036784],[54.4742367,24.4033535],[54.4745653,24.4032632],[54.4745456,24.4031969],[54.4745121,24.4032202],[54.4744129,24.4031921],[54.4743794,24.4032531],[54.4742922,24.4032763],[54.4742184,24.4032641],[54.4741581,24.4033276],[54.4741827,24.4033313],[54.4741069,24.4037773],[54.4743343,24.4036784]]]}},{"type":"Feature","properties":{"layer":"land","subtype":"tree","class":"tree_row","name":""},"geometry":{"type":"LineString","coordinates":[[54.4747213,24.4034815],[54.4757593,24.4031908],[54.4755448,24.4025411]]}},{"type":"Feature","properties":{"layer":"land","subtype":"tree","class":"tree_row","name":""},"geometry":{"type":"LineString","coordinates":[[54.4733091,24.4029401],[54.4728357,24.4025297]]}},{"type":"Feature","properties":{"layer":"land","subtype":"tree","class":"tree_row","name":""},"geometry":{"type":"LineString","coordinates":[[54.4733413,24.4029022],[54.4728639,24.402487]]}},{"type":"Feature","properties":{"layer":"land","subtype":"tree","class":"tree_row","name":""},"geometry":{"type":"LineString","coordinates":[[54.4733494,24.4028143],[54.4728753,24.4024137]]}},{"type":"Feature","properties":{"layer":"land","subtype":"tree","class":"tree_row","name":""},"geometry":{"type":"LineString","coordinates":[[54.4712625,24.4021484],[54.4713297,24.4022511],[54.4714371,24.4023465],[54.4729117,24.4035842]]}},{"type":"Feature","properties":{"layer":"land","subtype":"sand","class":"sand","name":""},"geometry":{"type":"Polygon","coordinates":[[[54.4708555,24.4024785],[54.4708917,24.4027325],[54.4709695,24.4027948],[54.4711412,24.4027411],[54.4712833,24.4028864],[54.4711372,24.4030403],[54.4712082,24.4030953],[54.4711586,24.4031771],[54.4712284,24.4033969],[54.4712632,24.4034226],[54.4720545,24.4031942],[54.4720716,24.4031724],[54.4711948,24.4024086],[54.4710795,24.4023475],[54.4709481,24.4023133],[54.4708247,24.4023011],[54.4707308,24.4023109],[54.4706718,24.4023329],[54.470657,24.4023784],[54.4708555,24.4024785]]]}},{"type":"Feature","properties":{"layer":"land","subtype":"tree","class":"tree_row","name":""},"geometry":{"type":"LineString","coordinates":[[54.4725464,24.4035866],[54.4711954,24.4024125],[54.4710906,24.4023514],[54.4709778,24.4023196],[54.4708462,24.4023049],[54.4707307,24.4023172],[54.4706662,24.4023416]]}},{"type":"Feature","properties":{"layer":"land","subtype":"sand","class":"sand","name":""},"geometry":{"type":"Polygon","coordinates":[[[54.4711682,24.4046818],[54.4711546,24.40458],[54.4708179,24.4035105],[54.4707947,24.4034369],[54.4705385,24.4035092],[54.4701622,24.4024074],[54.4702319,24.4028788],[54.470197,24.4029887],[54.4706798,24.4043614],[54.4707415,24.4043468],[54.4707979,24.4044567],[54.4707603,24.4045935],[54.4708354,24.4046839],[54.4709159,24.4047083],[54.4710312,24.4047645],[54.4711734,24.4047205],[54.4711682,24.4046818]]]}},{"type":"Feature","properties":{"layer":"land","subtype":"forest","class":"forest","name":""},"geometry":{"type":"Polygon","coordinates":[[[54.4706981,24.4031868],[54.470736,24.4031761],[54.4707595,24.403245],[54.47071,24.403259],[54.4707579,24.4033996],[54.4705221,24.4034662],[54.4705385,24.4035092],[54.4707947,24.4034369],[54.4708179,24.4035105],[54.4708492,24.4034398],[54.4708904,24.4033469],[54.470818,24.4031331],[54.4707979,24.4031026],[54.4707731,24.4030879],[54.4707288,24.4030708],[54.4706933,24.4030476],[54.4706605,24.4030216],[54.4706476,24.4030385],[54.4706981,24.4031868]]]}},{"type":"Feature","properties":{"layer":"land","subtype":"sand","class":"sand","name":""},"geometry":{"type":"Polygon","coordinates":[[[54.4709521,24.4029426],[54.4710554,24.4029108],[54.4709494,24.4030195],[54.4709199,24.4030757],[54.4710446,24.4031856],[54.4710741,24.4031209],[54.4709883,24.4030452],[54.4711439,24.402884],[54.4711117,24.4028473],[54.4709373,24.4029011],[54.4709521,24.4029426]]]}},{"type":"Feature","properties":{"layer":"land","subtype":"tree","class":"tree_row","name":""},"geometry":{"type":"LineString","coordinates":[[54.4705752,24.4025457],[54.4705243,24.4023845],[54.4704787,24.4023613],[54.4702346,24.4024236]]}},{"type":"Feature","properties":{"layer":"land","subtype":"sand","class":"sand","name":""},"geometry":{"type":"Polygon","coordinates":[[[54.4701865,24.4050738],[54.470149,24.4047392],[54.469701,24.4034642],[54.4697413,24.4032981],[54.4693845,24.4023186],[54.4693591,24.4022984],[54.4683144,24.4026068],[54.4683536,24.4027781],[54.4687422,24.402666],[54.4687355,24.4026392],[54.4689473,24.4025757],[54.4690144,24.4025879],[54.4699666,24.4051526],[54.4701865,24.4050738]]]}},{"type":"Feature","properties":{"layer":"land","subtype":"sand","class":"sand","name":""},"geometry":{"type":"Polygon","coordinates":[[[54.4683281,24.4059324],[54.4684596,24.4057737],[54.4684596,24.4056003],[54.4683496,24.4051313],[54.4683147,24.4047771],[54.468363,24.4044669],[54.4684864,24.4042495],[54.4687171,24.4039698],[54.4687385,24.4038917],[54.4686795,24.4036914],[54.4684542,24.4032175],[54.4683536,24.4027781],[54.4683144,24.4026068],[54.468,24.402690241925534],[54.468,24.40612357637795],[54.4683281,24.4059324]]]}},{"type":"Feature","properties":{"layer":"land","subtype":"tree","class":"tree_row","name":""},"geometry":{"type":"LineString","coordinates":[[54.4695131,24.402117],[54.468,24.402536654242812]]}},{"type":"Feature","properties":{"layer":"land","subtype":"tree","class":"tree_row","name":""},"geometry":{"type":"LineString","coordinates":[[54.468,24.402311236823163],[54.4693726,24.4019328]]}},{"type":"Feature","properties":{"layer":"land","subtype":"forest","class":"forest","name":""},"geometry":{"type":"Polygon","coordinates":[[[54.4689842,24.4088116],[54.469097,24.4087964],[54.4691916,24.4087976],[54.4692761,24.4087884],[54.4693653,24.4087567],[54.4694314,24.4087275],[54.4693449,24.4085296],[54.468,24.408819913612504],[54.468,24.40903112096596],[54.4689842,24.4088116]]]}},{"type":"Feature","properties":{"layer":"land","subtype":"sand","class":"sand","name":""},"geometry":{"type":"Polygon","coordinates":[[[54.4714681,24.4088688],[54.4712301,24.4085742],[54.4711389,24.4085144],[54.4709243,24.4084509],[54.4707205,24.4084509],[54.4700633,24.4086279],[54.4693834,24.4087892],[54.468,24.40912889151951],[54.468,24.409842003324894],[54.4714681,24.4088688]]]}},{"type":"Feature","properties":{"layer":"land","subtype":"sand","class":"sand","name":""},"geometry":{"type":"Polygon","coordinates":[[[54.4702994,24.4107602],[54.4705288,24.4106971],[54.4718443,24.4103352],[54.4714098,24.4090554],[54.4713723,24.4090212],[54.4713132,24.4090065],[54.4698166,24.4094169],[54.4702994,24.4107602]]]}},{"type":"Feature","properties":{"layer":"land","subtype":"tree","class":"tree","name":""},"geometry":{"type":"Point","coordinates":[54.4726771,24.4091511]}},{"type":"Feature","properties":{"layer":"land","subtype":"tree","class":"tree","name":""},"geometry":{"type":"Point","coordinates":[54.4726359,24.4092253]}},{"type":"Feature","properties":{"layer":"land","subtype":"tree","class":"tree","name":""},"geometry":{"type":"Point","coordinates":[54.472972,24.4090986]}},{"type":"Feature","properties":{"layer":"land","subtype":"tree","class":"tree","name":""},"geometry":{"type":"Point","coordinates":[54.4730305,24.4092238]}},{"type":"Feature","properties":{"layer":"land","subtype":"tree","class":"tree_row","name":""},"geometry":{"type":"LineString","coordinates":[[54.4737821,24.4085431],[54.4737437,24.4084094]]}},{"type":"Feature","properties":{"layer":"land","subtype":"tree","class":"tree","name":""},"geometry":{"type":"Point","coordinates":[54.4737672,24.4086323]}},{"type":"Feature","properties":{"layer":"land","subtype":"tree","class":"tree","name":""},"geometry":{"type":"Point","coordinates":[54.4737427,24.4085906]}},{"type":"Feature","properties":{"layer":"land","subtype":"tree","class":"tree","name":""},"geometry":{"type":"Point","coordinates":[54.4736064,24.4087641]}},{"type":"Feature","properties":{"layer":"land","subtype":"tree","class":"tree","name":""},"geometry":{"type":"Point","coordinates":[54.4736884,24.4087011]}},{"type":"Feature","properties":{"layer":"land","subtype":"tree","class":"tree","name":""},"geometry":{"type":"Point","coordinates":[54.4737405,24.4087089]}},{"type":"Feature","properties":{"layer":"land","subtype":"tree","class":"tree","name":""},"geometry":{"type":"Point","coordinates":[54.473599,24.4087283]}},{"type":"Feature","properties":{"layer":"land","subtype":"tree","class":"tree","name":""},"geometry":{"type":"Point","coordinates":[54.4736277,24.4086973]}},{"type":"Feature","properties":{"layer":"land","subtype":"tree","class":"tree","name":""},"geometry":{"type":"Point","coordinates":[54.4736575,24.4087419]}},{"type":"Feature","properties":{"layer":"land","subtype":"tree","class":"tree","name":""},"geometry":{"type":"Point","coordinates":[54.4737224,24.4086653]}},{"type":"Feature","properties":{"layer":"land","subtype":"tree","class":"tree","name":""},"geometry":{"type":"Point","coordinates":[54.4738853,24.4087545]}},{"type":"Feature","properties":{"layer":"land","subtype":"tree","class":"tree","name":""},"geometry":{"type":"Point","coordinates":[54.4742301,24.4087878]}},{"type":"Feature","properties":{"layer":"land","subtype":"tree","class":"tree","name":""},"geometry":{"type":"Point","coordinates":[54.4743159,24.4087988]}},{"type":"Feature","properties":{"layer":"land","subtype":"tree","class":"tree","name":""},"geometry":{"type":"Point","coordinates":[54.4741523,24.4087683]}},{"type":"Feature","properties":{"layer":"land","subtype":"tree","class":"tree","name":""},"geometry":{"type":"Point","coordinates":[54.4741684,24.4086938]}},{"type":"Feature","properties":{"layer":"land","subtype":"tree","class":"tree","name":""},"geometry":{"type":"Point","coordinates":[54.4743347,24.4087316]}},{"type":"Feature","properties":{"layer":"land","subtype":"tree","class":"tree","name":""},"geometry":{"type":"Point","coordinates":[54.474261,24.4086364]}},{"type":"Feature","properties":{"layer":"land","subtype":"tree","class":"tree","name":""},"geometry":{"type":"Point","coordinates":[54.4741859,24.4086254]}},{"type":"Feature","properties":{"layer":"land","subtype":"tree","class":"tree","name":""},"geometry":{"type":"Point","coordinates":[54.4743508,24.4086547]}},{"type":"Feature","properties":{"layer":"land","subtype":"tree","class":"tree_row","name":""},"geometry":{"type":"LineString","coordinates":[[54.4741847,24.4093171],[54.4741842,24.4092608],[54.4741939,24.4092052],[54.4742136,24.4091518],[54.4742427,24.4091021],[54.4742804,24.4090575],[54.4743257,24.4090192]]}},{"type":"Feature","properties":{"layer":"land","subtype":"tree","class":"tree_row","name":""},"geometry":{"type":"LineString","coordinates":[[54.4738991,24.4088884],[54.4739541,24.4088825],[54.4740077,24.4088954],[54.4740523,24.4089253],[54.4740817,24.4089681],[54.4740918,24.4090177]]}},{"type":"Feature","properties":{"layer":"land","subtype":"tree","class":"tree","name":""},"geometry":{"type":"Point","coordinates":[54.473748,24.4090026]}},{"type":"Feature","properties":{"layer":"land","subtype":"tree","class":"tree_row","name":""},"geometry":{"type":"LineString","coordinates":[[54.4738051,24.4088022],[54.4737455,24.4088297],[54.4736903,24.4088639],[54.4736404,24.4089043],[54.4735966,24.4089501]]}},{"type":"Feature","properties":{"layer":"land","subtype":"tree","class":"tree","name":""},"geometry":{"type":"Point","coordinates":[54.4735296,24.4089391]}},{"type":"Feature","properties":{"layer":"land","subtype":"tree","class":"tree","name":""},"geometry":{"type":"Point","coordinates":[54.4738492,24.4093765]}},{"type":"Feature","properties":{"layer":"land","subtype":"tree","class":"tree","name":""},"geometry":{"type":"Point","coordinates":[54.4747986,24.4095648]}},{"type":"Feature","properties":{"layer":"land","subtype":"tree","class":"tree","name":""},"geometry":{"type":"Point","coordinates":[54.4747848,24.4096162]}},{"type":"Feature","properties":{"layer":"land","subtype":"tree","class":"tree_row","name":""},"geometry":{"type":"LineString","coordinates":[[54.4741615,24.4094598],[54.4746655,24.409559]]}},{"type":"Feature","properties":{"layer":"land","subtype":"tree","class":"tree_row","name":""},"geometry":{"type":"LineString","coordinates":[[54.4741106,24.409649],[54.4746126,24.40975]]}},{"type":"Feature","properties":{"layer":"land","subtype":"tree","class":"tree","name":""},"geometry":{"type":"Point","coordinates":[54.4747454,24.4098129]}},{"type":"Feature","properties":{"layer":"land","subtype":"tree","class":"tree","name":""},"geometry":{"type":"Point","coordinates":[54.4747571,24.4097586]}},{"type":"Feature","properties":{"layer":"land","subtype":"tree","class":"tree_row","name":""},"geometry":{"type":"LineString","coordinates":[[54.4748552,24.4096053],[54.4755265,24.409737]]}},{"type":"Feature","properties":{"layer":"land","subtype":"tree","class":"tree_row","name":""},"geometry":{"type":"LineString","coordinates":[[54.4748146,24.4097994],[54.4754801,24.4099288]]}},{"type":"Feature","properties":{"layer":"land","subtype":"tree","class":"tree","name":""},"geometry":{"type":"Point","coordinates":[54.4747081,24.4099447]}},{"type":"Feature","properties":{"layer":"land","subtype":"tree","class":"tree","name":""},"geometry":{"type":"Point","coordinates":[54.47469,24.4100029]}},{"type":"Feature","properties":{"layer":"land","subtype":"tree","class":"tree","name":""},"geometry":{"type":"Point","coordinates":[54.47459,24.4099166]}},{"type":"Feature","properties":{"layer":"land","subtype":"tree","class":"tree_row","name":""},"geometry":{"type":"LineString","coordinates":[[54.4740639,24.409904],[54.4741932,24.4099278],[54.4742928,24.4099505],[54.4744138,24.4099938],[54.4745298,24.4100455]]}},{"type":"Feature","properties":{"layer":"land","subtype":"tree","class":"tree","name":""},"geometry":{"type":"Point","coordinates":[54.4739002,24.4099065]}},{"type":"Feature","properties":{"layer":"land","subtype":"tree","class":"tree_row","name":""},"geometry":{"type":"LineString","coordinates":[[54.4740332,24.4098323],[54.4745343,24.4099343]]}},{"type":"Feature","properties":{"layer":"land","subtype":"tree","class":"tree","name":""},"geometry":{"type":"Point","coordinates":[54.4738768,24.4096869]}},{"type":"Feature","properties":{"layer":"land","subtype":"tree","class":"tree","name":""},"geometry":{"type":"Point","coordinates":[54.4737989,24.4098558]}},{"type":"Feature","properties":{"layer":"land","subtype":"tree","class":"tree","name":""},"geometry":{"type":"Point","coordinates":[54.4727562,24.4100054]}},{"type":"Feature","properties":{"layer":"land","subtype":"tree","class":"tree","name":""},"geometry":{"type":"Point","coordinates":[54.4725712,24.4099736]}},{"type":"Feature","properties":{"layer":"land","subtype":"tree","class":"tree","name":""},"geometry":{"type":"Point","coordinates":[54.4726141,24.4098772]}},{"type":"Feature","properties":{"layer":"land","subtype":"tree","class":"tree","name":""},"geometry":{"type":"Point","coordinates":[54.4727924,24.4097953]}},{"type":"Feature","properties":{"layer":"land","subtype":"tree","class":"tree","name":""},"geometry":{"type":"Point","coordinates":[54.4726785,24.4097856]}},{"type":"Feature","properties":{"layer":"land","subtype":"tree","class":"tree","name":""},"geometry":{"type":"Point","coordinates":[54.4726945,24.4098259]}},{"type":"Feature","properties":{"layer":"land","subtype":"tree","class":"tree","name":""},"geometry":{"type":"Point","coordinates":[54.4727562,24.4097453]}},{"type":"Feature","properties":{"layer":"land","subtype":"tree","class":"tree","name":""},"geometry":{"type":"Point","coordinates":[54.4726181,24.4094088]}},{"type":"Feature","properties":{"layer":"land","subtype":"tree","class":"tree","name":""},"geometry":{"type":"Point","coordinates":[54.4727609,24.4092916]}},{"type":"Feature","properties":{"layer":"land","subtype":"tree","class":"tree","name":""},"geometry":{"type":"Point","coordinates":[54.4726986,24.409628]}},{"type":"Feature","properties":{"layer":"land","subtype":"tree","class":"tree","name":""},"geometry":{"type":"Point","coordinates":[54.4726583,24.4096067]}},{"type":"Feature","properties":{"layer":"land","subtype":"tree","class":"tree","name":""},"geometry":{"type":"Point","coordinates":[54.4726811,24.4095664]}},{"type":"Feature","properties":{"layer":"land","subtype":"tree","class":"tree","name":""},"geometry":{"type":"Point","coordinates":[54.4727375,24.4096152]}},{"type":"Feature","properties":{"layer":"land","subtype":"tree","class":"tree_row","name":""},"geometry":{"type":"LineString","coordinates":[[54.4715923,24.4084268],[54.4716439,24.4085783],[54.471676,24.4086845],[54.4717072,24.4087783],[54.4717427,24.4088907],[54.4717774,24.4089907],[54.4718061,24.4090868],[54.4718382,24.409183],[54.4718999,24.4093653],[54.4719708,24.4095761],[54.4720105,24.4096892],[54.4720367,24.4097769],[54.4721043,24.40999],[54.4721812,24.4102101],[54.4722488,24.4104185],[54.4722902,24.4105432],[54.4723189,24.4106309]]}},{"type":"Feature","properties":{"layer":"land","subtype":"sand","class":"sand","name":""},"geometry":{"type":"Polygon","coordinates":[[[54.4719035,24.4106541],[54.4718592,24.4105137],[54.4718083,24.4104855],[54.4718713,24.41067],[54.4719035,24.4106541]]]}},{"type":"Feature","properties":{"layer":"land","subtype":"tree","class":"tree","name":""},"geometry":{"type":"Point","coordinates":[54.4727836,24.4104488]}},{"type":"Feature","properties":{"layer":"land","subtype":"tree","class":"tree","name":""},"geometry":{"type":"Point","coordinates":[54.4726342,24.4105354]}},{"type":"Feature","properties":{"layer":"land","subtype":"tree","class":"tree","name":""},"geometry":{"type":"Point","coordinates":[54.4726557,24.410572]}},{"type":"Feature","properties":{"layer":"land","subtype":"tree","class":"tree","name":""},"geometry":{"type":"Point","coordinates":[54.4726905,24.4105439]}},{"type":"Feature","properties":{"layer":"land","subtype":"tree","class":"tree","name":""},"geometry":{"type":"Point","coordinates":[54.4730647,24.4106343]}},{"type":"Feature","properties":{"layer":"land","subtype":"tree","class":"tree","name":""},"geometry":{"type":"Point","coordinates":[54.4732097,24.4107959]}},{"type":"Feature","properties":{"layer":"land","subtype":"tree","class":"tree","name":""},"geometry":{"type":"Point","coordinates":[54.4731599,24.4106514]}},{"type":"Feature","properties":{"layer":"land","subtype":"tree","class":"tree","name":""},"geometry":{"type":"Point","coordinates":[54.4730687,24.4104316]}},{"type":"Feature","properties":{"layer":"land","subtype":"tree","class":"tree","name":""},"geometry":{"type":"Point","coordinates":[54.4729735,24.410478]}},{"type":"Feature","properties":{"layer":"land","subtype":"tree","class":"tree","name":""},"geometry":{"type":"Point","coordinates":[54.4730178,24.4103962]}},{"type":"Feature","properties":{"layer":"land","subtype":"tree","class":"tree","name":""},"geometry":{"type":"Point","coordinates":[54.4725591,24.4103131]}},{"type":"Feature","properties":{"layer":"land","subtype":"tree","class":"tree","name":""},"geometry":{"type":"Point","coordinates":[54.4726127,24.4101947]}},{"type":"Feature","properties":{"layer":"land","subtype":"tree","class":"tree","name":""},"geometry":{"type":"Point","coordinates":[54.4726945,24.4102252]}},{"type":"Feature","properties":{"layer":"land","subtype":"tree","class":"tree","name":""},"geometry":{"type":"Point","coordinates":[54.4725162,24.4100323]}},{"type":"Feature","properties":{"layer":"land","subtype":"tree","class":"tree","name":""},"geometry":{"type":"Point","coordinates":[54.4728743,24.4101422]}},{"type":"Feature","properties":{"layer":"land","subtype":"tree","class":"tree","name":""},"geometry":{"type":"Point","coordinates":[54.4738342,24.4101464]}},{"type":"Feature","properties":{"layer":"land","subtype":"tree","class":"tree","name":""},"geometry":{"type":"Point","coordinates":[54.4734265,24.4101822]}},{"type":"Feature","properties":{"layer":"land","subtype":"tree","class":"tree","name":""},"geometry":{"type":"Point","coordinates":[54.4734679,24.4102631]}},{"type":"Feature","properties":{"layer":"land","subtype":"tree","class":"tree","name":""},"geometry":{"type":"Point","coordinates":[54.4734938,24.4103021]}},{"type":"Feature","properties":{"layer":"land","subtype":"tree","class":"tree","name":""},"geometry":{"type":"Point","coordinates":[54.4733973,24.4102301]}},{"type":"Feature","properties":{"layer":"land","subtype":"tree","class":"tree","name":""},"geometry":{"type":"Point","coordinates":[54.4739321,24.410157]}},{"type":"Feature","properties":{"layer":"land","subtype":"tree","class":"tree","name":""},"geometry":{"type":"Point","coordinates":[54.4739896,24.4101522]}},{"type":"Feature","properties":{"layer":"land","subtype":"tree","class":"tree","name":""},"geometry":{"type":"Point","coordinates":[54.4738935,24.4100872]}},{"type":"Feature","properties":{"layer":"land","subtype":"tree","class":"tree_row","name":""},"geometry":{"type":"LineString","coordinates":[[54.4744825,24.4101716],[54.4744141,24.4101293],[54.4743499,24.4100954],[54.4742426,24.4100516],[54.4741295,24.4100241]]}},{"type":"Feature","properties":{"layer":"land","subtype":"tree","class":"tree","name":""},"geometry":{"type":"Point","coordinates":[54.4747347,24.4101541]}},{"type":"Feature","properties":{"layer":"land","subtype":"tree","class":"tree","name":""},"geometry":{"type":"Point","coordinates":[54.4746687,24.410125]}},{"type":"Feature","properties":{"layer":"land","subtype":"tree","class":"tree","name":""},"geometry":{"type":"Point","coordinates":[54.4747518,24.4100359]}},{"type":"Feature","properties":{"layer":"land","subtype":"tree","class":"tree_row","name":""},"geometry":{"type":"LineString","coordinates":[[54.4747898,24.4099967],[54.4754234,24.4101159]]}},{"type":"Feature","properties":{"layer":"land","subtype":"tree","class":"tree_row","name":""},"geometry":{"type":"LineString","coordinates":[[54.4749513,24.4102222],[54.4753769,24.4103065]]}},{"type":"Feature","properties":{"layer":"land","subtype":"tree","class":"tree","name":""},"geometry":{"type":"Point","coordinates":[54.4750317,24.4103955]}},{"type":"Feature","properties":{"layer":"land","subtype":"tree","class":"tree","name":""},"geometry":{"type":"Point","coordinates":[54.4747518,24.4102733]}},{"type":"Feature","properties":{"layer":"land","subtype":"tree","class":"tree","name":""},"geometry":{"type":"Point","coordinates":[54.4745158,24.4103827]}},{"type":"Feature","properties":{"layer":"land","subtype":"tree","class":"tree","name":""},"geometry":{"type":"Point","coordinates":[54.474442,24.4103571]}},{"type":"Feature","properties":{"layer":"land","subtype":"tree","class":"tree","name":""},"geometry":{"type":"Point","coordinates":[54.4745037,24.4104731]}},{"type":"Feature","properties":{"layer":"land","subtype":"tree","class":"tree","name":""},"geometry":{"type":"Point","coordinates":[54.4743615,24.4104548]}},{"type":"Feature","properties":{"layer":"land","subtype":"tree","class":"tree","name":""},"geometry":{"type":"Point","coordinates":[54.4744849,24.4105354]}},{"type":"Feature","properties":{"layer":"land","subtype":"tree","class":"tree","name":""},"geometry":{"type":"Point","coordinates":[54.4747464,24.4105079]}},{"type":"Feature","properties":{"layer":"land","subtype":"tree","class":"tree_row","name":""},"geometry":{"type":"LineString","coordinates":[[54.4750193,24.4104516],[54.4753175,24.4105125]]}},{"type":"Feature","properties":{"layer":"land","subtype":"tree","class":"tree","name":""},"geometry":{"type":"Point","coordinates":[54.4751997,24.410605]}},{"type":"Feature","properties":{"layer":"land","subtype":"tree","class":"tree","name":""},"geometry":{"type":"Point","coordinates":[54.4749945,24.4105623]}},{"type":"Feature","properties":{"layer":"land","subtype":"tree","class":"tree","name":""},"geometry":{"type":"Point","coordinates":[54.4749597,24.4107161]}},{"type":"Feature","properties":{"layer":"land","subtype":"tree","class":"tree","name":""},"geometry":{"type":"Point","coordinates":[54.475126,24.4107589]}},{"type":"Feature","properties":{"layer":"land","subtype":"tree","class":"tree","name":""},"geometry":{"type":"Point","coordinates":[54.4747263,24.4108065]}},{"type":"Feature","properties":{"layer":"land","subtype":"tree","class":"tree","name":""},"geometry":{"type":"Point","coordinates":[54.4746137,24.4107857]}},{"type":"Feature","properties":{"layer":"land","subtype":"tree","class":"tree","name":""},"geometry":{"type":"Point","coordinates":[54.4746834,24.4108041]}},{"type":"Feature","properties":{"layer":"land","subtype":"tree","class":"tree","name":""},"geometry":{"type":"Point","coordinates":[54.4746418,24.4107931]}},{"type":"Feature","properties":{"layer":"land","subtype":"tree","class":"tree","name":""},"geometry":{"type":"Point","coordinates":[54.4747075,24.4106539]}},{"type":"Feature","properties":{"layer":"land","subtype":"tree","class":"tree","name":""},"geometry":{"type":"Point","coordinates":[54.4744956,24.4106294]}},{"type":"Feature","properties":{"layer":"land","subtype":"tree","class":"tree","name":""},"geometry":{"type":"Point","coordinates":[54.4744005,24.4107396]}},{"type":"Feature","properties":{"layer":"land","subtype":"tree","class":"tree","name":""},"geometry":{"type":"Point","coordinates":[54.4743909,24.4107725]}},{"type":"Feature","properties":{"layer":"land","subtype":"tree","class":"tree","name":""},"geometry":{"type":"Point","coordinates":[54.474359,24.4107725]}},{"type":"Feature","properties":{"layer":"land","subtype":"tree","class":"tree","name":""},"geometry":{"type":"Point","coordinates":[54.4744431,24.4107463]}},{"type":"Feature","properties":{"layer":"land","subtype":"tree","class":"tree","name":""},"geometry":{"type":"Point","coordinates":[54.4743611,24.4107337]}},{"type":"Feature","properties":{"layer":"land","subtype":"tree","class":"tree","name":""},"geometry":{"type":"Point","coordinates":[54.4744431,24.4107783]}},{"type":"Feature","properties":{"layer":"land","subtype":"tree","class":"tree","name":""},"geometry":{"type":"Point","coordinates":[54.4741567,24.410727]}},{"type":"Feature","properties":{"layer":"land","subtype":"tree","class":"tree","name":""},"geometry":{"type":"Point","coordinates":[54.4741897,24.4107318]}},{"type":"Feature","properties":{"layer":"land","subtype":"tree","class":"tree","name":""},"geometry":{"type":"Point","coordinates":[54.4742312,24.4107434]}},{"type":"Feature","properties":{"layer":"land","subtype":"tree","class":"tree","name":""},"geometry":{"type":"Point","coordinates":[54.4738395,24.410756]}},{"type":"Feature","properties":{"layer":"land","subtype":"tree","class":"tree","name":""},"geometry":{"type":"Point","coordinates":[54.473847,24.4107153]}},{"type":"Feature","properties":{"layer":"land","subtype":"tree","class":"tree","name":""},"geometry":{"type":"Point","coordinates":[54.4739337,24.4106807]}},{"type":"Feature","properties":{"layer":"land","subtype":"tree","class":"tree","name":""},"geometry":{"type":"Point","coordinates":[54.4741621,24.4106998]}},{"type":"Feature","properties":{"layer":"land","subtype":"tree","class":"tree","name":""},"geometry":{"type":"Point","coordinates":[54.4741887,24.4106989]}},{"type":"Feature","properties":{"layer":"land","subtype":"tree","class":"tree","name":""},"geometry":{"type":"Point","coordinates":[54.4742376,24.4107134]}},{"type":"Feature","properties":{"layer":"land","subtype":"tree","class":"tree","name":""},"geometry":{"type":"Point","coordinates":[54.4742234,24.410572]}},{"type":"Feature","properties":{"layer":"land","subtype":"tree","class":"tree","name":""},"geometry":{"type":"Point","coordinates":[54.4741724,24.4105696]}},{"type":"Feature","properties":{"layer":"land","subtype":"tree","class":"tree","name":""},"geometry":{"type":"Point","coordinates":[54.4739659,24.4105305]}},{"type":"Feature","properties":{"layer":"land","subtype":"tree","class":"tree","name":""},"geometry":{"type":"Point","coordinates":[54.4738092,24.4107132]}},{"type":"Feature","properties":{"layer":"land","subtype":"tree","class":"tree","name":""},"geometry":{"type":"Point","coordinates":[54.4738278,24.4107997]}},{"type":"Feature","properties":{"layer":"land","subtype":"tree","class":"tree","name":""},"geometry":{"type":"Point","coordinates":[54.4737884,24.4107948]}},{"type":"Feature","properties":{"layer":"land","subtype":"tree","class":"tree","name":""},"geometry":{"type":"Point","coordinates":[54.4737608,24.4108772]}},{"type":"Feature","properties":{"layer":"land","subtype":"tree","class":"tree","name":""},"geometry":{"type":"Point","coordinates":[54.4738204,24.410852]}},{"type":"Feature","properties":{"layer":"land","subtype":"tree","class":"tree","name":""},"geometry":{"type":"Point","coordinates":[54.4737735,24.4108365]}},{"type":"Feature","properties":{"layer":"land","subtype":"tree","class":"tree","name":""},"geometry":{"type":"Point","coordinates":[54.4737448,24.4109702]}},{"type":"Feature","properties":{"layer":"land","subtype":"tree","class":"tree","name":""},"geometry":{"type":"Point","coordinates":[54.4737863,24.4109712]}},{"type":"Feature","properties":{"layer":"land","subtype":"tree","class":"tree","name":""},"geometry":{"type":"Point","coordinates":[54.4737927,24.4109354]}},{"type":"Feature","properties":{"layer":"land","subtype":"tree","class":"tree","name":""},"geometry":{"type":"Point","coordinates":[54.4740611,24.4111008]}},{"type":"Feature","properties":{"layer":"land","subtype":"tree","class":"tree","name":""},"geometry":{"type":"Point","coordinates":[54.47407,24.4110684]}},{"type":"Feature","properties":{"layer":"land","subtype":"tree","class":"tree","name":""},"geometry":{"type":"Point","coordinates":[54.474265,24.4111155]}},{"type":"Feature","properties":{"layer":"land","subtype":"tree","class":"tree","name":""},"geometry":{"type":"Point","coordinates":[54.474298,24.4111508]}},{"type":"Feature","properties":{"layer":"land","subtype":"tree","class":"tree","name":""},"geometry":{"type":"Point","coordinates":[54.4743082,24.4111213]}},{"type":"Feature","properties":{"layer":"land","subtype":"tree","class":"tree","name":""},"geometry":{"type":"Point","coordinates":[54.4743414,24.4111643]}},{"type":"Feature","properties":{"layer":"land","subtype":"tree","class":"tree","name":""},"geometry":{"type":"Point","coordinates":[54.4742556,24.4111448]}},{"type":"Feature","properties":{"layer":"land","subtype":"tree","class":"tree","name":""},"geometry":{"type":"Point","coordinates":[54.4740967,24.4111084]}},{"type":"Feature","properties":{"layer":"land","subtype":"tree","class":"tree","name":""},"geometry":{"type":"Point","coordinates":[54.4741344,24.4110381]}},{"type":"Feature","properties":{"layer":"land","subtype":"tree","class":"tree","name":""},"geometry":{"type":"Point","coordinates":[54.4741059,24.4110752]}},{"type":"Feature","properties":{"layer":"land","subtype":"tree","class":"tree","name":""},"geometry":{"type":"Point","coordinates":[54.4740961,24.4110333]}},{"type":"Feature","properties":{"layer":"land","subtype":"tree","class":"tree","name":""},"geometry":{"type":"Point","coordinates":[54.4741416,24.4110764]}},{"type":"Feature","properties":{"layer":"land","subtype":"tree","class":"tree","name":""},"geometry":{"type":"Point","coordinates":[54.4743159,24.4110801]}},{"type":"Feature","properties":{"layer":"land","subtype":"tree","class":"tree","name":""},"geometry":{"type":"Point","coordinates":[54.4741335,24.411113]}},{"type":"Feature","properties":{"layer":"land","subtype":"tree","class":"tree","name":""},"geometry":{"type":"Point","coordinates":[54.4742752,24.4110721]}},{"type":"Feature","properties":{"layer":"land","subtype":"tree","class":"tree","name":""},"geometry":{"type":"Point","coordinates":[54.4741148,24.4108969]}},{"type":"Feature","properties":{"layer":"land","subtype":"tree","class":"tree","name":""},"geometry":{"type":"Point","coordinates":[54.4743207,24.4108704]}},{"type":"Feature","properties":{"layer":"land","subtype":"tree","class":"tree","name":""},"geometry":{"type":"Point","coordinates":[54.4742238,24.410852]}},{"type":"Feature","properties":{"layer":"land","subtype":"tree","class":"tree","name":""},"geometry":{"type":"Point","coordinates":[54.4741812,24.4108433]}},{"type":"Feature","properties":{"layer":"land","subtype":"tree","class":"tree","name":""},"geometry":{"type":"Point","coordinates":[54.4741354,24.4108384]}},{"type":"Feature","properties":{"layer":"land","subtype":"tree","class":"tree","name":""},"geometry":{"type":"Point","coordinates":[54.4743686,24.4108753]}},{"type":"Feature","properties":{"layer":"land","subtype":"tree","class":"tree","name":""},"geometry":{"type":"Point","coordinates":[54.4744069,24.4108898]}},{"type":"Feature","properties":{"layer":"land","subtype":"tree","class":"tree","name":""},"geometry":{"type":"Point","coordinates":[54.4745654,24.410975]}},{"type":"Feature","properties":{"layer":"land","subtype":"tree","class":"tree","name":""},"geometry":{"type":"Point","coordinates":[54.4743952,24.4109189]}},{"type":"Feature","properties":{"layer":"land","subtype":"tree","class":"tree","name":""},"geometry":{"type":"Point","coordinates":[54.4745788,24.4109323]}},{"type":"Feature","properties":{"layer":"land","subtype":"tree","class":"tree","name":""},"geometry":{"type":"Point","coordinates":[54.474552,24.4110105]}},{"type":"Feature","properties":{"layer":"land","subtype":"tree","class":"tree","name":""},"geometry":{"type":"Point","coordinates":[54.474605,24.4109392]}},{"type":"Feature","properties":{"layer":"land","subtype":"tree","class":"tree","name":""},"geometry":{"type":"Point","coordinates":[54.4745942,24.4109819]}},{"type":"Feature","properties":{"layer":"land","subtype":"tree","class":"tree","name":""},"geometry":{"type":"Point","coordinates":[54.4746338,24.4108285]}},{"type":"Feature","properties":{"layer":"land","subtype":"tree","class":"tree","name":""},"geometry":{"type":"Point","coordinates":[54.4746754,24.4108358]}},{"type":"Feature","properties":{"layer":"land","subtype":"tree","class":"tree","name":""},"geometry":{"type":"Point","coordinates":[54.4747156,24.4108419]}},{"type":"Feature","properties":{"layer":"land","subtype":"tree","class":"tree","name":""},"geometry":{"type":"Point","coordinates":[54.4746029,24.4108199]}},{"type":"Feature","properties":{"layer":"land","subtype":"tree","class":"tree","name":""},"geometry":{"type":"Point","coordinates":[54.4748712,24.4108761]}},{"type":"Feature","properties":{"layer":"land","subtype":"tree","class":"tree","name":""},"geometry":{"type":"Point","coordinates":[54.4749503,24.4108896]}},{"type":"Feature","properties":{"layer":"land","subtype":"tree","class":"tree","name":""},"geometry":{"type":"Point","coordinates":[54.474965,24.410859]}},{"type":"Feature","properties":{"layer":"land","subtype":"tree","class":"tree","name":""},"geometry":{"type":"Point","coordinates":[54.4750871,24.4108908]}},{"type":"Feature","properties":{"layer":"land","subtype":"tree","class":"tree","name":""},"geometry":{"type":"Point","coordinates":[54.4749114,24.4108834]}},{"type":"Feature","properties":{"layer":"land","subtype":"tree","class":"tree","name":""},"geometry":{"type":"Point","coordinates":[54.4749168,24.4108529]}},{"type":"Feature","properties":{"layer":"land","subtype":"tree","class":"tree","name":""},"geometry":{"type":"Point","coordinates":[54.4748805,24.4108419]}},{"type":"Feature","properties":{"layer":"land","subtype":"tree","class":"tree","name":""},"geometry":{"type":"Point","coordinates":[54.4748846,24.4109909]}},{"type":"Feature","properties":{"layer":"land","subtype":"tree","class":"tree","name":""},"geometry":{"type":"Point","coordinates":[54.4749302,24.4110031]}},{"type":"Feature","properties":{"layer":"land","subtype":"tree","class":"tree","name":""},"geometry":{"type":"Point","coordinates":[54.4750804,24.4109335]}},{"type":"Feature","properties":{"layer":"land","subtype":"tree","class":"tree","name":""},"geometry":{"type":"Point","coordinates":[54.475071,24.4109665]}},{"type":"Feature","properties":{"layer":"land","subtype":"tree","class":"tree","name":""},"geometry":{"type":"Point","coordinates":[54.4750616,24.4110019]}},{"type":"Feature","properties":{"layer":"land","subtype":"tree","class":"tree","name":""},"geometry":{"type":"Point","coordinates":[54.4750495,24.4110422]}},{"type":"Feature","properties":{"layer":"land","subtype":"tree","class":"tree","name":""},"geometry":{"type":"Point","coordinates":[54.4748618,24.4111118]}},{"type":"Feature","properties":{"layer":"land","subtype":"tree","class":"tree","name":""},"geometry":{"type":"Point","coordinates":[54.4749194,24.4110422]}},{"type":"Feature","properties":{"layer":"land","subtype":"tree","class":"tree","name":""},"geometry":{"type":"Point","coordinates":[54.474906,24.4110825]}},{"type":"Feature","properties":{"layer":"land","subtype":"tree","class":"tree","name":""},"geometry":{"type":"Point","coordinates":[54.4748765,24.4110373]}},{"type":"Feature","properties":{"layer":"land","subtype":"tree","class":"tree","name":""},"geometry":{"type":"Point","coordinates":[54.4748698,24.4110691]}},{"type":"Feature","properties":{"layer":"land","subtype":"tree","class":"tree","name":""},"geometry":{"type":"Point","coordinates":[54.4748953,24.4111228]}},{"type":"Feature","properties":{"layer":"land","subtype":"tree","class":"tree","name":""},"geometry":{"type":"Point","coordinates":[54.4748752,24.41119]}},{"type":"Feature","properties":{"layer":"land","subtype":"tree","class":"tree","name":""},"geometry":{"type":"Point","coordinates":[54.4750147,24.4111786]}},{"type":"Feature","properties":{"layer":"land","subtype":"tree","class":"tree","name":""},"geometry":{"type":"Point","coordinates":[54.474843,24.4111826]}},{"type":"Feature","properties":{"layer":"land","subtype":"tree","class":"tree","name":""},"geometry":{"type":"Point","coordinates":[54.4748524,24.4111472]}},{"type":"Feature","properties":{"layer":"land","subtype":"tree","class":"tree","name":""},"geometry":{"type":"Point","coordinates":[54.4748859,24.4111594]}},{"type":"Feature","properties":{"layer":"land","subtype":"tree","class":"tree","name":""},"geometry":{"type":"Point","coordinates":[54.4743693,24.4110317]}},{"type":"Feature","properties":{"layer":"land","subtype":"tree","class":"tree","name":""},"geometry":{"type":"Point","coordinates":[54.4745846,24.4110158]}},{"type":"Feature","properties":{"layer":"land","subtype":"tree","class":"tree","name":""},"geometry":{"type":"Point","coordinates":[54.4745719,24.4110812]}},{"type":"Feature","properties":{"layer":"land","subtype":"tree","class":"tree","name":""},"geometry":{"type":"Point","coordinates":[54.4745439,24.4110446]}},{"type":"Feature","properties":{"layer":"land","subtype":"tree","class":"tree","name":""},"geometry":{"type":"Point","coordinates":[54.4745278,24.4111057]}},{"type":"Feature","properties":{"layer":"land","subtype":"tree","class":"tree","name":""},"geometry":{"type":"Point","coordinates":[54.4745772,24.4110526]}},{"type":"Feature","properties":{"layer":"land","subtype":"tree","class":"tree","name":""},"geometry":{"type":"Point","coordinates":[54.4745652,24.4111129]}},{"type":"Feature","properties":{"layer":"land","subtype":"tree","class":"tree","name":""},"geometry":{"type":"Point","coordinates":[54.4745345,24.4110776]}},{"type":"Feature","properties":{"layer":"land","subtype":"tree","class":"tree","name":""},"geometry":{"type":"Point","coordinates":[54.4743589,24.4110886]}},{"type":"Feature","properties":{"layer":"land","subtype":"tree","class":"tree","name":""},"geometry":{"type":"Point","coordinates":[54.4743495,24.4111338]}},{"type":"Feature","properties":{"layer":"land","subtype":"tree","class":"tree","name":""},"geometry":{"type":"Point","coordinates":[54.4748443,24.4113365]}},{"type":"Feature","properties":{"layer":"land","subtype":"tree","class":"tree","name":""},"geometry":{"type":"Point","coordinates":[54.4747236,24.4113158]}},{"type":"Feature","properties":{"layer":"land","subtype":"tree","class":"tree","name":""},"geometry":{"type":"Point","coordinates":[54.4748068,24.4113316]}},{"type":"Feature","properties":{"layer":"land","subtype":"tree","class":"tree","name":""},"geometry":{"type":"Point","coordinates":[54.4747679,24.4113231]}},{"type":"Feature","properties":{"layer":"land","subtype":"tree","class":"tree","name":""},"geometry":{"type":"Point","coordinates":[54.474784,24.4112828]}},{"type":"Feature","properties":{"layer":"land","subtype":"tree","class":"tree","name":""},"geometry":{"type":"Point","coordinates":[54.4747344,24.4112742]}},{"type":"Feature","properties":{"layer":"land","subtype":"tree","class":"tree","name":""},"geometry":{"type":"Point","coordinates":[54.4748162,24.4112889]}},{"type":"Feature","properties":{"layer":"land","subtype":"tree","class":"tree","name":""},"geometry":{"type":"Point","coordinates":[54.4750008,24.4112601]}},{"type":"Feature","properties":{"layer":"land","subtype":"tree","class":"tree","name":""},"geometry":{"type":"Point","coordinates":[54.4750051,24.4112223]}},{"type":"Feature","properties":{"layer":"land","subtype":"tree","class":"tree","name":""},"geometry":{"type":"Point","coordinates":[54.4748564,24.411295]}},{"type":"Feature","properties":{"layer":"land","subtype":"tree","class":"tree","name":""},"geometry":{"type":"Point","coordinates":[54.4739799,24.4115417]}},{"type":"Feature","properties":{"layer":"land","subtype":"tree","class":"tree","name":""},"geometry":{"type":"Point","coordinates":[54.4741691,24.4113971]}},{"type":"Feature","properties":{"layer":"land","subtype":"tree","class":"tree","name":""},"geometry":{"type":"Point","coordinates":[54.4740035,24.4113817]}},{"type":"Feature","properties":{"layer":"land","subtype":"tree","class":"tree","name":""},"geometry":{"type":"Point","coordinates":[54.4737808,24.4113402]}},{"type":"Feature","properties":{"layer":"land","subtype":"tree","class":"tree","name":""},"geometry":{"type":"Point","coordinates":[54.4737956,24.4112791]}},{"type":"Feature","properties":{"layer":"land","subtype":"tree","class":"tree","name":""},"geometry":{"type":"Point","coordinates":[54.4737446,24.4112742]}},{"type":"Feature","properties":{"layer":"land","subtype":"tree","class":"tree","name":""},"geometry":{"type":"Point","coordinates":[54.473746,24.4112352]}},{"type":"Feature","properties":{"layer":"land","subtype":"sand","class":"sand","name":""},"geometry":{"type":"Polygon","coordinates":[[[54.4705613,24.4107777],[54.4705288,24.4106971],[54.4702994,24.4107602],[54.4702823,24.4108644],[54.4681283,24.4114616],[54.4681443,24.4115077],[54.4681661,24.4115045],[54.4692777,24.4111899],[54.4694562,24.4111465],[54.471787,24.4104834],[54.4717922,24.4104368],[54.4705613,24.4107777]]]}},{"type":"Feature","properties":{"layer":"land","subtype":"sand","class":"sand","name":""},"geometry":{"type":"Polygon","coordinates":[[[54.4700281,24.4103363],[54.469719,24.4094435],[54.468,24.409916138903316],[54.468,24.410921359242902],[54.4700281,24.4103363]]]}},{"type":"Feature","properties":{"layer":"land","subtype":"sand","class":"sand","name":""},"geometry":{"type":"Polygon","coordinates":[[[54.4682702,24.4118714],[54.4681443,24.4115077],[54.4681283,24.4114616],[54.468106,24.4113971],[54.4702009,24.4107959],[54.4700712,24.4104212],[54.468,24.411015718561107],[54.468,24.411948954276177],[54.4682702,24.4118714]]]}},{"type":"Feature","properties":{"layer":"land","subtype":"sand","class":"sand","name":""},"geometry":{"type":"Polygon","coordinates":[[[54.4680829,24.4129062],[54.468,24.412659152137586],[54.468,24.41289850304414],[54.4680829,24.4129062]]]}},{"type":"Feature","properties":{"layer":"land","subtype":"sand","class":"sand","name":""},"geometry":{"type":"Polygon","coordinates":[[[54.4682477,24.4133365],[54.4696666,24.4131851],[54.4696478,24.4131313],[54.4693394,24.413124],[54.469503,24.4130287],[54.4694762,24.4129506],[54.4700126,24.412804],[54.4700367,24.4128602],[54.470946,24.4125745],[54.471917,24.4123058],[54.471984,24.4125281],[54.4719089,24.4125452],[54.4720591,24.4130019],[54.4720296,24.4131167],[54.4720725,24.4131216],[54.4721383,24.4130556],[54.4721865,24.4129543],[54.4722198,24.4128362],[54.4722761,24.4127604],[54.47237,24.412703],[54.4724159,24.4126123],[54.4724149,24.4124181],[54.4724238,24.4123725],[54.4724615,24.4121788],[54.4724132,24.4121715],[54.4724051,24.4120738],[54.4723614,24.4120847],[54.4682102,24.4132412],[54.4682477,24.4133365]]]}},{"type":"Feature","properties":{"layer":"land","subtype":"sand","class":"sand","name":""},"geometry":{"type":"Polygon","coordinates":[[[54.4722878,24.4118628],[54.4723614,24.4120847],[54.4724051,24.4120738],[54.4723985,24.4118269],[54.4723771,24.41184],[54.4723391,24.4118514],[54.4722878,24.4118628]]]}},{"type":"Feature","properties":{"layer":"land","subtype":"tree","class":"tree_row","name":""},"geometry":{"type":"LineString","coordinates":[[54.4726329,24.4125927],[54.4726623,24.412428],[54.4726808,24.4122223],[54.4726782,24.4120432],[54.4726649,24.411886],[54.4726281,24.4116051],[54.4725888,24.4114597],[54.4725234,24.411247],[54.4723915,24.4108432]]}},{"type":"Feature","properties":{"layer":"land","subtype":"tree","class":"tree","name":""},"geometry":{"type":"Point","coordinates":[54.473892,24.4118372]}},{"type":"Feature","properties":{"layer":"land","subtype":"tree","class":"tree","name":""},"geometry":{"type":"Point","coordinates":[54.4739376,24.4116741]}},{"type":"Feature","properties":{"layer":"land","subtype":"tree","class":"tree","name":""},"geometry":{"type":"Point","coordinates":[54.4737129,24.4125526]}},{"type":"Feature","properties":{"layer":"land","subtype":"tree","class":"tree","name":""},"geometry":{"type":"Point","coordinates":[54.4736825,24.4127173]}},{"type":"Feature","properties":{"layer":"land","subtype":"tree","class":"tree","name":""},"geometry":{"type":"Point","coordinates":[54.4736453,24.4128727]}},{"type":"Feature","properties":{"layer":"land","subtype":"tree","class":"tree","name":""},"geometry":{"type":"Point","coordinates":[54.4733682,24.4130404]}},{"type":"Feature","properties":{"layer":"land","subtype":"tree","class":"tree","name":""},"geometry":{"type":"Point","coordinates":[54.4735473,24.4130758]}},{"type":"Feature","properties":{"layer":"land","subtype":"tree","class":"tree","name":""},"geometry":{"type":"Point","coordinates":[54.47362,24.413005]}},{"type":"Feature","properties":{"layer":"land","subtype":"tree","class":"tree","name":""},"geometry":{"type":"Point","coordinates":[54.4728501,24.412998]}},{"type":"Feature","properties":{"layer":"land","subtype":"tree","class":"tree","name":""},"geometry":{"type":"Point","coordinates":[54.4732263,24.4136435]}},{"type":"Feature","properties":{"layer":"land","subtype":"tree","class":"tree","name":""},"geometry":{"type":"Point","coordinates":[54.4731492,24.41331]}},{"type":"Feature","properties":{"layer":"land","subtype":"tree","class":"tree","name":""},"geometry":{"type":"Point","coordinates":[54.4733318,24.4131938]}},{"type":"Feature","properties":{"layer":"land","subtype":"tree","class":"tree","name":""},"geometry":{"type":"Point","coordinates":[54.473674,24.4132527]}},{"type":"Feature","properties":{"layer":"land","subtype":"tree","class":"tree","name":""},"geometry":{"type":"Point","coordinates":[54.4737391,24.4132742]}},{"type":"Feature","properties":{"layer":"land","subtype":"tree","class":"tree","name":""},"geometry":{"type":"Point","coordinates":[54.4737129,24.4133496]}},{"type":"Feature","properties":{"layer":"land","subtype":"tree","class":"tree","name":""},"geometry":{"type":"Point","coordinates":[54.4736867,24.4134212]}},{"type":"Feature","properties":{"layer":"land","subtype":"tree","class":"tree","name":""},"geometry":{"type":"Point","coordinates":[54.4741995,24.4135219]}},{"type":"Feature","properties":{"layer":"land","subtype":"tree","class":"tree","name":""},"geometry":{"type":"Point","coordinates":[54.4743034,24.4134289]}},{"type":"Feature","properties":{"layer":"land","subtype":"tree","class":"tree","name":""},"geometry":{"type":"Point","coordinates":[54.4742933,24.4134635]}},{"type":"Feature","properties":{"layer":"land","subtype":"tree","class":"tree","name":""},"geometry":{"type":"Point","coordinates":[54.4743296,24.4134742]}},{"type":"Feature","properties":{"layer":"land","subtype":"tree","class":"tree","name":""},"geometry":{"type":"Point","coordinates":[54.4742628,24.4133873]}},{"type":"Feature","properties":{"layer":"land","subtype":"tree","class":"tree","name":""},"geometry":{"type":"Point","coordinates":[54.4742463,24.4134569]}},{"type":"Feature","properties":{"layer":"land","subtype":"tree","class":"tree","name":""},"geometry":{"type":"Point","coordinates":[54.474306,24.4133912]}},{"type":"Feature","properties":{"layer":"land","subtype":"tree","class":"tree","name":""},"geometry":{"type":"Point","coordinates":[54.474257,24.4134204]}},{"type":"Feature","properties":{"layer":"land","subtype":"tree","class":"tree","name":""},"geometry":{"type":"Point","coordinates":[54.4742688,24.4133519]}},{"type":"Feature","properties":{"layer":"land","subtype":"tree","class":"tree","name":""},"geometry":{"type":"Point","coordinates":[54.4742232,24.413375]}},{"type":"Feature","properties":{"layer":"land","subtype":"tree","class":"tree","name":""},"geometry":{"type":"Point","coordinates":[54.4743068,24.4133596]}},{"type":"Feature","properties":{"layer":"land","subtype":"tree","class":"tree","name":""},"geometry":{"type":"Point","coordinates":[54.4741429,24.4133527]}},{"type":"Feature","properties":{"layer":"land","subtype":"tree","class":"tree","name":""},"geometry":{"type":"Point","coordinates":[54.4738911,24.413305]}},{"type":"Feature","properties":{"layer":"land","subtype":"tree","class":"tree","name":""},"geometry":{"type":"Point","coordinates":[54.4739858,24.4133265]}},{"type":"Feature","properties":{"layer":"land","subtype":"tree","class":"tree","name":""},"geometry":{"type":"Point","coordinates":[54.4743558,24.4133704]}},{"type":"Feature","properties":{"layer":"land","subtype":"tree","class":"tree","name":""},"geometry":{"type":"Point","coordinates":[54.4753223,24.4135698]}},{"type":"Feature","properties":{"layer":"land","subtype":"tree","class":"tree","name":""},"geometry":{"type":"Point","coordinates":[54.4752893,24.413565]}},{"type":"Feature","properties":{"layer":"land","subtype":"tree","class":"tree","name":""},"geometry":{"type":"Point","coordinates":[54.4751649,24.4135506]}},{"type":"Feature","properties":{"layer":"land","subtype":"tree","class":"tree","name":""},"geometry":{"type":"Point","coordinates":[54.4744622,24.413471]}},{"type":"Feature","properties":{"layer":"land","subtype":"tree","class":"tree","name":""},"geometry":{"type":"Point","coordinates":[54.4744771,24.4134041]}},{"type":"Feature","properties":{"layer":"land","subtype":"tree","class":"tree","name":""},"geometry":{"type":"Point","coordinates":[54.4743491,24.4134042]}},{"type":"Feature","properties":{"layer":"land","subtype":"tree","class":"tree","name":""},"geometry":{"type":"Point","coordinates":[54.4743389,24.4134412]}},{"type":"Feature","properties":{"layer":"land","subtype":"tree","class":"tree","name":""},"geometry":{"type":"Point","coordinates":[54.4744686,24.4134477]}},{"type":"Feature","properties":{"layer":"land","subtype":"tree","class":"tree","name":""},"geometry":{"type":"Point","coordinates":[54.4744537,24.4135136]}},{"type":"Feature","properties":{"layer":"land","subtype":"tree","class":"tree","name":""},"geometry":{"type":"Point","coordinates":[54.4744505,24.4135543]}},{"type":"Feature","properties":{"layer":"land","subtype":"tree","class":"tree","name":""},"geometry":{"type":"Point","coordinates":[54.4744399,24.4135824]}},{"type":"Feature","properties":{"layer":"land","subtype":"tree","class":"tree","name":""},"geometry":{"type":"Point","coordinates":[54.4744079,24.4136978]}},{"type":"Feature","properties":{"layer":"land","subtype":"tree","class":"tree","name":""},"geometry":{"type":"Point","coordinates":[54.4743984,24.4137395]}},{"type":"Feature","properties":{"layer":"land","subtype":"tree","class":"tree","name":""},"geometry":{"type":"Point","coordinates":[54.4751367,24.4136592]}},{"type":"Feature","properties":{"layer":"land","subtype":"tree","class":"tree","name":""},"geometry":{"type":"Point","coordinates":[54.475317,24.4136076]}},{"type":"Feature","properties":{"layer":"land","subtype":"tree","class":"tree","name":""},"geometry":{"type":"Point","coordinates":[54.4751474,24.4136202]}},{"type":"Feature","properties":{"layer":"land","subtype":"tree","class":"tree","name":""},"geometry":{"type":"Point","coordinates":[54.4752776,24.4135989]}},{"type":"Feature","properties":{"layer":"land","subtype":"tree","class":"tree","name":""},"geometry":{"type":"Point","coordinates":[54.4751541,24.4135896]}},{"type":"Feature","properties":{"layer":"land","subtype":"tree","class":"tree","name":""},"geometry":{"type":"Point","coordinates":[54.4752457,24.4137113]}},{"type":"Feature","properties":{"layer":"land","subtype":"tree","class":"tree","name":""},"geometry":{"type":"Point","coordinates":[54.4751206,24.4137215]}},{"type":"Feature","properties":{"layer":"land","subtype":"tree","class":"tree","name":""},"geometry":{"type":"Point","coordinates":[54.4752808,24.4137239]}},{"type":"Feature","properties":{"layer":"land","subtype":"tree","class":"tree","name":""},"geometry":{"type":"Point","coordinates":[54.4752744,24.4137656]}},{"type":"Feature","properties":{"layer":"land","subtype":"tree","class":"tree","name":""},"geometry":{"type":"Point","coordinates":[54.4751286,24.4136922]}},{"type":"Feature","properties":{"layer":"land","subtype":"tree","class":"tree","name":""},"geometry":{"type":"Point","coordinates":[54.4752382,24.4137521]}},{"type":"Feature","properties":{"layer":"land","subtype":"tree","class":"tree","name":""},"geometry":{"type":"Point","coordinates":[54.475086,24.4138461]}},{"type":"Feature","properties":{"layer":"land","subtype":"tree","class":"tree","name":""},"geometry":{"type":"Point","coordinates":[54.4752606,24.4138315]}},{"type":"Feature","properties":{"layer":"land","subtype":"tree","class":"tree","name":""},"geometry":{"type":"Point","coordinates":[54.4752712,24.4137937]}},{"type":"Feature","properties":{"layer":"land","subtype":"tree","class":"tree","name":""},"geometry":{"type":"Point","coordinates":[54.4752265,24.4137928]}},{"type":"Feature","properties":{"layer":"land","subtype":"tree","class":"tree","name":""},"geometry":{"type":"Point","coordinates":[54.4752127,24.4138645]}},{"type":"Feature","properties":{"layer":"land","subtype":"tree","class":"tree","name":""},"geometry":{"type":"Point","coordinates":[54.4752201,24.4138306]}},{"type":"Feature","properties":{"layer":"land","subtype":"tree","class":"tree","name":""},"geometry":{"type":"Point","coordinates":[54.4752052,24.4138936]}},{"type":"Feature","properties":{"layer":"land","subtype":"tree","class":"tree","name":""},"geometry":{"type":"Point","coordinates":[54.4752563,24.4138722]}},{"type":"Feature","properties":{"layer":"land","subtype":"tree","class":"tree","name":""},"geometry":{"type":"Point","coordinates":[54.4752488,24.4139042]}},{"type":"Feature","properties":{"layer":"land","subtype":"tree","class":"tree","name":""},"geometry":{"type":"Point","coordinates":[54.4750775,24.413881]}},{"type":"Feature","properties":{"layer":"land","subtype":"tree","class":"tree","name":""},"geometry":{"type":"Point","coordinates":[54.4750668,24.4139159]}},{"type":"Feature","properties":{"layer":"land","subtype":"tree","class":"tree","name":""},"geometry":{"type":"Point","coordinates":[54.4750562,24.4139595]}},{"type":"Feature","properties":{"layer":"land","subtype":"tree","class":"tree","name":""},"geometry":{"type":"Point","coordinates":[54.474392,24.4137782]}},{"type":"Feature","properties":{"layer":"land","subtype":"tree","class":"tree","name":""},"geometry":{"type":"Point","coordinates":[54.4743867,24.4138141]}},{"type":"Feature","properties":{"layer":"land","subtype":"tree","class":"tree","name":""},"geometry":{"type":"Point","coordinates":[54.4743824,24.413849]}},{"type":"Feature","properties":{"layer":"land","subtype":"tree","class":"tree","name":""},"geometry":{"type":"Point","coordinates":[54.4743728,24.413879]}},{"type":"Feature","properties":{"layer":"land","subtype":"tree","class":"tree","name":""},"geometry":{"type":"Point","coordinates":[54.4741982,24.4138441]}},{"type":"Feature","properties":{"layer":"land","subtype":"tree","class":"tree","name":""},"geometry":{"type":"Point","coordinates":[54.4742398,24.4138529]}},{"type":"Feature","properties":{"layer":"land","subtype":"tree","class":"tree","name":""},"geometry":{"type":"Point","coordinates":[54.4742557,24.4137918]}},{"type":"Feature","properties":{"layer":"land","subtype":"tree","class":"tree","name":""},"geometry":{"type":"Point","coordinates":[54.4741618,24.4138349]}},{"type":"Feature","properties":{"layer":"land","subtype":"tree","class":"tree","name":""},"geometry":{"type":"Point","coordinates":[54.4741727,24.4137773]}},{"type":"Feature","properties":{"layer":"land","subtype":"tree","class":"tree","name":""},"geometry":{"type":"Point","coordinates":[54.4741684,24.4138112]}},{"type":"Feature","properties":{"layer":"land","subtype":"tree","class":"tree","name":""},"geometry":{"type":"Point","coordinates":[54.4742493,24.4138296]}},{"type":"Feature","properties":{"layer":"land","subtype":"tree","class":"tree","name":""},"geometry":{"type":"Point","coordinates":[54.4742036,24.413818]}},{"type":"Feature","properties":{"layer":"land","subtype":"tree","class":"tree","name":""},"geometry":{"type":"Point","coordinates":[54.4742163,24.4137792]}},{"type":"Feature","properties":{"layer":"land","subtype":"tree","class":"tree","name":""},"geometry":{"type":"Point","coordinates":[54.474227,24.4137433]}},{"type":"Feature","properties":{"layer":"land","subtype":"tree","class":"tree","name":""},"geometry":{"type":"Point","coordinates":[54.4742621,24.413754]}},{"type":"Feature","properties":{"layer":"land","subtype":"tree","class":"tree","name":""},"geometry":{"type":"Point","coordinates":[54.4741812,24.4137385]}},{"type":"Feature","properties":{"layer":"land","subtype":"tree","class":"tree_row","name":""},"geometry":{"type":"LineString","coordinates":[[54.4735757,24.4137166],[54.4741282,24.413829],[54.4741706,24.4136454]]}},{"type":"Feature","properties":{"layer":"land","subtype":"tree","class":"tree","name":""},"geometry":{"type":"Point","coordinates":[54.4736656,24.4135773]}},{"type":"Feature","properties":{"layer":"land","subtype":"tree","class":"tree","name":""},"geometry":{"type":"Point","coordinates":[54.4736318,24.4136558]}},{"type":"Feature","properties":{"layer":"land","subtype":"tree","class":"tree","name":""},"geometry":{"type":"Point","coordinates":[54.473478,24.413622]}},{"type":"Feature","properties":{"layer":"land","subtype":"tree","class":"tree","name":""},"geometry":{"type":"Point","coordinates":[54.4734003,24.4136773]}},{"type":"Feature","properties":{"layer":"land","subtype":"tree","class":"tree","name":""},"geometry":{"type":"Point","coordinates":[54.4736588,24.4139645]}},{"type":"Feature","properties":{"layer":"land","subtype":"tree","class":"tree","name":""},"geometry":{"type":"Point","coordinates":[54.4736816,24.4138827]}},{"type":"Feature","properties":{"layer":"land","subtype":"tree","class":"tree_row","name":""},"geometry":{"type":"LineString","coordinates":[[54.4734443,24.4142686],[54.4734938,24.4142234],[54.4735301,24.4141721],[54.4735609,24.4141086],[54.4735688,24.4140396],[54.4735574,24.4139696],[54.4735321,24.4139081]]}},{"type":"Feature","properties":{"layer":"land","subtype":"tree","class":"tree","name":""},"geometry":{"type":"Point","coordinates":[54.4734319,24.4143394]}},{"type":"Feature","properties":{"layer":"land","subtype":"tree","class":"tree","name":""},"geometry":{"type":"Point","coordinates":[54.4735064,24.4143268]}},{"type":"Feature","properties":{"layer":"land","subtype":"tree","class":"tree_row","name":""},"geometry":{"type":"LineString","coordinates":[[54.4737138,24.4143907],[54.4737279,24.4143614],[54.4737715,24.4143297],[54.4738452,24.4142985],[54.4739391,24.4142735]]}},{"type":"Feature","properties":{"layer":"land","subtype":"tree","class":"tree_row","name":""},"geometry":{"type":"LineString","coordinates":[[54.474401,24.4143252],[54.4740722,24.4142585]]}},{"type":"Feature","properties":{"layer":"land","subtype":"tree","class":"tree","name":""},"geometry":{"type":"Point","coordinates":[54.4743409,24.4141776]}},{"type":"Feature","properties":{"layer":"land","subtype":"tree","class":"tree","name":""},"geometry":{"type":"Point","coordinates":[54.4741184,24.4141475]}},{"type":"Feature","properties":{"layer":"land","subtype":"tree","class":"tree","name":""},"geometry":{"type":"Point","coordinates":[54.4739023,24.4141204]}},{"type":"Feature","properties":{"layer":"land","subtype":"tree","class":"tree_row","name":""},"geometry":{"type":"LineString","coordinates":[[54.4739087,24.4139217],[54.4738928,24.4139904],[54.4741522,24.4140403],[54.4741716,24.4139633]]}},{"type":"Feature","properties":{"layer":"land","subtype":"tree","class":"tree","name":""},"geometry":{"type":"Point","coordinates":[54.4743739,24.4140167]}},{"type":"Feature","properties":{"layer":"land","subtype":"tree","class":"tree","name":""},"geometry":{"type":"Point","coordinates":[54.4750455,24.4140234]}},{"type":"Feature","properties":{"layer":"land","subtype":"tree","class":"tree","name":""},"geometry":{"type":"Point","coordinates":[54.4750541,24.4139905]}},{"type":"Feature","properties":{"layer":"land","subtype":"tree","class":"tree","name":""},"geometry":{"type":"Point","coordinates":[54.4753191,24.4140312]}},{"type":"Feature","properties":{"layer":"land","subtype":"tree","class":"tree","name":""},"geometry":{"type":"Point","coordinates":[54.4752616,24.4140603]}},{"type":"Feature","properties":{"layer":"land","subtype":"tree","class":"tree","name":""},"geometry":{"type":"Point","coordinates":[54.4752999,24.4140632]}},{"type":"Feature","properties":{"layer":"land","subtype":"tree","class":"tree","name":""},"geometry":{"type":"Point","coordinates":[54.4751839,24.4140477]}},{"type":"Feature","properties":{"layer":"land","subtype":"tree","class":"tree","name":""},"geometry":{"type":"Point","coordinates":[54.4752222,24.4140215]}},{"type":"Feature","properties":{"layer":"land","subtype":"tree","class":"tree","name":""},"geometry":{"type":"Point","coordinates":[54.4751871,24.4140089]}},{"type":"Feature","properties":{"layer":"land","subtype":"tree","class":"tree","name":""},"geometry":{"type":"Point","coordinates":[54.4752212,24.4140535]}},{"type":"Feature","properties":{"layer":"land","subtype":"tree","class":"tree","name":""},"geometry":{"type":"Point","coordinates":[54.4752637,24.4140293]}},{"type":"Feature","properties":{"layer":"land","subtype":"tree","class":"tree","name":""},"geometry":{"type":"Point","coordinates":[54.4749849,24.4141524]}},{"type":"Feature","properties":{"layer":"land","subtype":"tree","class":"tree","name":""},"geometry":{"type":"Point","coordinates":[54.4751605,24.4141795]}},{"type":"Feature","properties":{"layer":"land","subtype":"tree","class":"tree","name":""},"geometry":{"type":"Point","coordinates":[54.4751882,24.4143549]}},{"type":"Feature","properties":{"layer":"land","subtype":"tree","class":"tree","name":""},"geometry":{"type":"Point","coordinates":[54.4749434,24.414291]}},{"type":"Feature","properties":{"layer":"land","subtype":"tree","class":"tree_row","name":""},"geometry":{"type":"LineString","coordinates":[[54.4754813,24.4145249],[54.4748178,24.4144048]]}},{"type":"Feature","properties":{"layer":"land","subtype":"tree","class":"tree_row","name":""},"geometry":{"type":"LineString","coordinates":[[54.4753981,24.4147252],[54.4747697,24.414608]]}},{"type":"Feature","properties":{"layer":"land","subtype":"tree","class":"tree_row","name":""},"geometry":{"type":"LineString","coordinates":[[54.4745255,24.4149627],[54.4746365,24.4145058]]}},{"type":"Feature","properties":{"layer":"land","subtype":"tree","class":"tree_row","name":""},"geometry":{"type":"LineString","coordinates":[[54.4744176,24.414942],[54.4745329,24.4144746]]}},{"type":"Feature","properties":{"layer":"land","subtype":"tree","class":"tree_row","name":""},"geometry":{"type":"LineString","coordinates":[[54.4743062,24.4146954],[54.4736984,24.41458]]}},{"type":"Feature","properties":{"layer":"land","subtype":"tree","class":"tree_row","name":""},"geometry":{"type":"LineString","coordinates":[[54.4743649,24.4145202],[54.4739284,24.4144343]]}},{"type":"Feature","properties":{"layer":"land","subtype":"tree","class":"tree_row","name":""},"geometry":{"type":"LineString","coordinates":[[54.4735734,24.4144305],[54.4736384,24.4143859]]}},{"type":"Feature","properties":{"layer":"land","subtype":"tree","class":"tree","name":""},"geometry":{"type":"Point","coordinates":[54.4734606,24.4143637]}},{"type":"Feature","properties":{"layer":"land","subtype":"tree","class":"tree","name":""},"geometry":{"type":"Point","coordinates":[54.473417,24.4143927]}},{"type":"Feature","properties":{"layer":"land","subtype":"tree","class":"tree_row","name":""},"geometry":{"type":"LineString","coordinates":[[54.473432,24.4146573],[54.4733303,24.4146656],[54.4732122,24.4146679],[54.4731374,24.414667]]}},{"type":"Feature","properties":{"layer":"land","subtype":"tree","class":"tree_row","name":""},"geometry":{"type":"LineString","coordinates":[[54.4734415,24.4145477],[54.4734261,24.4145434],[54.4733933,24.4145501],[54.4733235,24.4145855],[54.4732618,24.4146087],[54.4732048,24.4146191],[54.4731437,24.4146249],[54.4730664,24.4146237],[54.4729212,24.4146014]]}},{"type":"Feature","properties":{"layer":"land","subtype":"tree","class":"tree_row","name":""},"geometry":{"type":"LineString","coordinates":[[54.4723451,24.4147774],[54.4723349,24.414739],[54.4723282,24.414702],[54.4723324,24.4146644],[54.4723476,24.4146359],[54.4723747,24.4146128],[54.4724186,24.4145767],[54.4724524,24.414559],[54.4724769,24.4145536],[54.4725039,24.4145497],[54.4725276,24.4145505],[54.4725715,24.4145559],[54.4725867,24.4145628]]}},{"type":"Feature","properties":{"layer":"land","subtype":"tree","class":"tree","name":""},"geometry":{"type":"Point","coordinates":[54.4726378,24.414541]}},{"type":"Feature","properties":{"layer":"land","subtype":"tree","class":"tree","name":""},"geometry":{"type":"Point","coordinates":[54.4726197,24.4144402]}},{"type":"Feature","properties":{"layer":"land","subtype":"tree","class":"tree","name":""},"geometry":{"type":"Point","coordinates":[54.4730809,24.4143974]}},{"type":"Feature","properties":{"layer":"land","subtype":"tree","class":"tree","name":""},"geometry":{"type":"Point","coordinates":[54.47301,24.4144513]}},{"type":"Feature","properties":{"layer":"land","subtype":"tree","class":"tree","name":""},"geometry":{"type":"Point","coordinates":[54.4729846,24.4143805]}},{"type":"Feature","properties":{"layer":"land","subtype":"tree","class":"tree_row","name":""},"geometry":{"type":"LineString","coordinates":[[54.4730689,24.4145216],[54.4731242,24.4145333],[54.4731689,24.4145352],[54.4732158,24.4145255],[54.4732594,24.4145119],[54.4733073,24.4144897],[54.4733446,24.4144596]]}},{"type":"Feature","properties":{"layer":"land","subtype":"sand","class":"sand","name":""},"geometry":{"type":"Polygon","coordinates":[[[54.4719883,24.4138442],[54.4720055,24.4136731],[54.4720051,24.4135377],[54.4719909,24.4135145],[54.4719453,24.4134974],[54.4718407,24.4134949],[54.4718407,24.4134534],[54.4712553,24.413451],[54.4713319,24.4136783],[54.4715141,24.4136274],[54.4715251,24.4136599],[54.4716311,24.4136303],[54.4716816,24.4137802],[54.4715703,24.4138112],[54.4716087,24.4139252],[54.4714841,24.41396],[54.4715572,24.414177],[54.4715123,24.4141895],[54.4715828,24.4143987],[54.4715546,24.4144066],[54.4716095,24.4145697],[54.4715523,24.4145857],[54.4715768,24.4146586],[54.4715568,24.4146642],[54.4716439,24.4149227],[54.4719883,24.4138442]]]}},{"type":"Feature","properties":{"layer":"land","subtype":"sand","class":"sand","name":""},"geometry":{"type":"Polygon","coordinates":[[[54.4711333,24.4135863],[54.4711842,24.4137346],[54.4712287,24.4137219],[54.4712882,24.4137053],[54.4711856,24.4134583],[54.4709067,24.4134583],[54.4708611,24.4134595],[54.4708208,24.4134693],[54.4707846,24.4134913],[54.4707645,24.4135218],[54.4707565,24.4135719],[54.4707886,24.4136634],[54.4708116,24.4136778],[54.4711333,24.4135863]]]}},{"type":"Feature","properties":{"layer":"land","subtype":"sand","class":"sand","name":""},"geometry":{"type":"Polygon","coordinates":[[[54.4699451,24.4137245],[54.4705177,24.413578],[54.4705164,24.413567],[54.4705298,24.4135535],[54.4705593,24.4135486],[54.4705727,24.4135389],[54.4705741,24.4135218],[54.4705566,24.4134986],[54.4705244,24.4134754],[54.4704842,24.4134583],[54.4698552,24.4134693],[54.4698552,24.4134827],[54.4699451,24.4137245]]]}},{"type":"Feature","properties":{"layer":"land","subtype":"tree","class":"tree_row","name":""},"geometry":{"type":"LineString","coordinates":[[54.468,24.41350267790945],[54.468658,24.41343],[54.4693407,24.4133314],[54.4698355,24.4133032],[54.4704183,24.4132895],[54.4721478,24.4132734]]}},{"type":"Feature","properties":{"layer":"land","subtype":"sand","class":"sand","name":""},"geometry":{"type":"Polygon","coordinates":[[[54.4680212,24.4133434],[54.4680963,24.413358],[54.4682224,24.4133409],[54.4681219,24.4130179],[54.4680581,24.413032],[54.468,24.413048044065803],[54.468,24.4133176119403],[54.4680212,24.4133434]]]}},{"type":"Feature","properties":{"layer":"land","subtype":"sand","class":"sand","name":""},"geometry":{"type":"Polygon","coordinates":[[[54.4680407,24.4137282],[54.4680836,24.4136341],[54.468,24.413648277777778],[54.468,24.413697469116084],[54.4680407,24.4137282]]]}},{"type":"Feature","properties":{"layer":"land","subtype":"sand","class":"sand","name":""},"geometry":{"type":"Polygon","coordinates":[[[54.4681995,24.4159867],[54.4685321,24.4159989],[54.469259,24.4161015],[54.4692253,24.4160136],[54.4692126,24.4160171],[54.4690339,24.4155146],[54.4687549,24.4155854],[54.4686986,24.4155854],[54.4686396,24.4155683],[54.4685967,24.4155219],[54.4685511,24.4153925],[54.4685135,24.4153363],[54.4684518,24.4153167],[54.4683735,24.4153405],[54.4683677,24.4153796],[54.4684706,24.4157026],[54.468,24.415840369336124],[54.468,24.41599032659989],[54.4681995,24.4159867]]]}},{"type":"Feature","properties":{"layer":"land","subtype":"sand","class":"sand","name":""},"geometry":{"type":"Polygon","coordinates":[[[54.4697854,24.4170943],[54.4702786,24.4167457],[54.4701963,24.4167506],[54.4700353,24.4168044],[54.4698395,24.4169436],[54.469397,24.4173001],[54.4692092,24.4173942],[54.4689651,24.4174748],[54.4688806,24.4175529],[54.468835,24.4176164],[54.4688257,24.4176873],[54.4687774,24.4177703],[54.468,24.418320969506727],[54.468,24.41837530811431],[54.4697854,24.4170943]]]}},{"type":"Feature","properties":{"layer":"land","subtype":"tree","class":"tree_row","name":""},"geometry":{"type":"Polygon","coordinates":[[[54.4726625,24.4206341],[54.4729959,24.4203929],[54.4727111,24.4200664],[54.4723777,24.4203077],[54.4726625,24.4206341]]]}},{"type":"Feature","properties":{"layer":"land","subtype":"tree","class":"tree","name":""},"geometry":{"type":"Point","coordinates":[54.4753164,24.4178684]}},{"type":"Feature","properties":{"layer":"land","subtype":"tree","class":"tree","name":""},"geometry":{"type":"Point","coordinates":[54.4750562,24.4178417]}},{"type":"Feature","properties":{"layer":"land","subtype":"tree","class":"tree","name":""},"geometry":{"type":"Point","coordinates":[54.4748899,24.4178356]}},{"type":"Feature","properties":{"layer":"land","subtype":"tree","class":"tree","name":""},"geometry":{"type":"Point","coordinates":[54.4748467,24.4177207]}},{"type":"Feature","properties":{"layer":"land","subtype":"tree","class":"tree","name":""},"geometry":{"type":"Point","coordinates":[54.474953,24.4177746]}},{"type":"Feature","properties":{"layer":"land","subtype":"tree","class":"tree","name":""},"geometry":{"type":"Point","coordinates":[54.4752446,24.4175311]}},{"type":"Feature","properties":{"layer":"land","subtype":"tree","class":"tree","name":""},"geometry":{"type":"Point","coordinates":[54.4744057,24.4176869]}},{"type":"Feature","properties":{"layer":"land","subtype":"tree","class":"tree","name":""},"geometry":{"type":"Point","coordinates":[54.4745239,24.4177346]}},{"type":"Feature","properties":{"layer":"land","subtype":"tree","class":"tree","name":""},"geometry":{"type":"Point","coordinates":[54.4747397,24.4177453]}},{"type":"Feature","properties":{"layer":"land","subtype":"tree","class":"tree","name":""},"geometry":{"type":"Point","coordinates":[54.4742261,24.4175267]}},{"type":"Feature","properties":{"layer":"land","subtype":"tree","class":"tree","name":""},"geometry":{"type":"Point","coordinates":[54.4741416,24.4174974]}},{"type":"Feature","properties":{"layer":"land","subtype":"tree","class":"tree","name":""},"geometry":{"type":"Point","coordinates":[54.4736341,24.4173005]}},{"type":"Feature","properties":{"layer":"land","subtype":"tree","class":"tree","name":""},"geometry":{"type":"Point","coordinates":[54.473533,24.4172375]}},{"type":"Feature","properties":{"layer":"land","subtype":"tree","class":"tree","name":""},"geometry":{"type":"Point","coordinates":[54.4744901,24.4169576]}},{"type":"Feature","properties":{"layer":"land","subtype":"tree","class":"tree","name":""},"geometry":{"type":"Point","coordinates":[54.4745527,24.4167837]}},{"type":"Feature","properties":{"layer":"land","subtype":"tree","class":"tree_row","name":""},"geometry":{"type":"LineString","coordinates":[[54.4746351,24.4164118],[54.4746579,24.4163532],[54.4746861,24.4163287],[54.474725,24.4163153],[54.4747706,24.4163141],[54.4749409,24.4163446]]}},{"type":"Feature","properties":{"layer":"land","subtype":"tree","class":"tree","name":""},"geometry":{"type":"Point","coordinates":[54.4745746,24.4165914]}},{"type":"Feature","properties":{"layer":"land","subtype":"tree","class":"tree_row","name":""},"geometry":{"type":"LineString","coordinates":[[54.4741914,24.4161219],[54.474056,24.4166719]]}},{"type":"Feature","properties":{"layer":"land","subtype":"tree","class":"tree_row","name":""},"geometry":{"type":"LineString","coordinates":[[54.4717191,24.4165776],[54.4717714,24.4165976],[54.471834,24.416613],[54.4718965,24.4166176],[54.471959,24.4166268],[54.4720046,24.416636],[54.4720553,24.4166545],[54.4721094,24.4166914],[54.472155,24.4167191],[54.4722074,24.4167561],[54.4722327,24.416773],[54.4723121,24.4168099],[54.4723679,24.4168253],[54.472422,24.4168391],[54.4724879,24.416853],[54.4726535,24.4169161],[54.4728309,24.4169884],[54.4729441,24.4170238],[54.4731181,24.4170776],[54.4732786,24.4171407],[54.4733547,24.4171899]]}},{"type":"Feature","properties":{"layer":"land","subtype":"forest","class":"forest","name":""},"geometry":{"type":"Polygon","coordinates":[[[54.4702377,24.4171673],[54.4704783,24.4172061],[54.4709229,24.417313],[54.4721098,24.4176232],[54.4722506,24.4176781],[54.4734366,24.4182093],[54.4735077,24.4180797],[54.4733819,24.4179254],[54.4731914,24.4177276],[54.4728293,24.4175175],[54.4722151,24.417266],[54.4715955,24.4170462],[54.4702786,24.4167457],[54.4697854,24.4170943],[54.4702377,24.4171673]]]}},{"type":"Feature","properties":{"layer":"land","subtype":"tree","class":"tree_row","name":""},"geometry":{"type":"LineString","coordinates":[[54.4733537,24.4175348],[54.4724638,24.4171662],[54.4716812,24.4168682],[54.4709056,24.4166722],[54.4705778,24.4165894],[54.470037,24.4165043],[54.4691102,24.4163897],[54.4680643,24.4163813],[54.468,24.416387469349665]]}},{"type":"Feature","properties":{"layer":"land","subtype":"sand","class":"sand","name":""},"geometry":{"type":"Polygon","coordinates":[[[54.4685886,24.4172984],[54.4687066,24.417335],[54.4687951,24.4174254],[54.4688192,24.4175255],[54.4689131,24.4174449],[54.4690365,24.4173839],[54.469176,24.4173448],[54.4693396,24.4172569],[54.4699887,24.4167562],[54.4696802,24.4167073],[54.4690016,24.4166512],[54.468551,24.4166365],[54.468,24.416651577772445],[54.468,24.41726982339685],[54.4685886,24.4172984]]]}},{"type":"Feature","properties":{"layer":"land","subtype":"sand","class":"sand","name":""},"geometry":{"type":"Polygon","coordinates":[[[54.4703614,24.4162041],[54.4708951,24.4162749],[54.4711821,24.4163677],[54.4712694,24.4162719],[54.4712185,24.4162548],[54.4713152,24.415952],[54.4706606,24.4161449],[54.4705801,24.4160985],[54.4704701,24.41582],[54.4694507,24.4161193],[54.4703614,24.4162041]]]}},{"type":"Feature","properties":{"layer":"land","subtype":"forest","class":"forest","name":""},"geometry":{"type":"Polygon","coordinates":[[[54.4680979,24.4162109],[54.4691547,24.4162182],[54.4700828,24.4163086],[54.4708928,24.4164673],[54.4710349,24.4164698],[54.4711261,24.416438],[54.4711821,24.4163677],[54.4708951,24.4162749],[54.4703614,24.4162041],[54.4694507,24.4161193],[54.4693528,24.4160802],[54.469259,24.4161015],[54.4685321,24.4159989],[54.4681995,24.4159867],[54.468,24.41599032659989],[54.468,24.416218228571427],[54.4680979,24.4162109]]]}},{"type":"Feature","properties":{"layer":"land","subtype":"tree","class":"tree_row","name":""},"geometry":{"type":"LineString","coordinates":[[54.4713979,24.4164151],[54.4714733,24.4161917],[54.4716042,24.4157981],[54.4718267,24.4151245],[54.4720577,24.4144189],[54.4721673,24.4141068],[54.4722819,24.4138103]]}},{"type":"Feature","properties":{"layer":"land","subtype":"tree","class":"tree_row","name":""},"geometry":{"type":"LineString","coordinates":[[54.4733724,24.4149118],[54.4728755,24.4148136]]}},{"type":"Feature","properties":{"layer":"land","subtype":"tree","class":"tree_row","name":""},"geometry":{"type":"LineString","coordinates":[[54.4733305,24.4151029],[54.4730184,24.4150364]]}},{"type":"Feature","properties":{"layer":"land","subtype":"tree","class":"tree_row","name":""},"geometry":{"type":"LineString","coordinates":[[54.4728043,24.4149758],[54.4727703,24.4151296]]}},{"type":"Feature","properties":{"layer":"land","subtype":"tree","class":"tree_row","name":""},"geometry":{"type":"LineString","coordinates":[[54.4724578,24.4152553],[54.4724361,24.4152243],[54.4724186,24.4151912],[54.4724055,24.4151564],[54.4723961,24.4151129],[54.4723936,24.4150687],[54.4723975,24.4150306],[54.4724178,24.4149905],[54.4724337,24.4149549],[54.4724471,24.4149134]]}},{"type":"Feature","properties":{"layer":"land","subtype":"tree","class":"tree_row","name":""},"geometry":{"type":"LineString","coordinates":[[54.4725409,24.4152505],[54.4725697,24.4152369],[54.4726005,24.4152079],[54.4726303,24.4151691],[54.4726516,24.4151265],[54.4726612,24.4150906]]}},{"type":"Feature","properties":{"layer":"land","subtype":"tree","class":"tree_row","name":""},"geometry":{"type":"LineString","coordinates":[[54.4732844,24.4152895],[54.4729762,24.4152225]]}},{"type":"Feature","properties":{"layer":"land","subtype":"tree","class":"tree_row","name":""},"geometry":{"type":"LineString","coordinates":[[54.4728098,24.4151859],[54.4728086,24.4152284],[54.4728153,24.4152704],[54.4728295,24.4153109],[54.472851,24.4153486],[54.4728887,24.4153849],[54.4729199,24.4154083],[54.4729573,24.4154327],[54.4730068,24.4154531],[54.4732068,24.4154984]]}},{"type":"Feature","properties":{"layer":"land","subtype":"tree","class":"tree","name":""},"geometry":{"type":"Point","coordinates":[54.4726329,24.4154495]}},{"type":"Feature","properties":{"layer":"land","subtype":"tree","class":"tree","name":""},"geometry":{"type":"Point","coordinates":[54.4726235,24.4155301]}},{"type":"Feature","properties":{"layer":"land","subtype":"tree","class":"tree","name":""},"geometry":{"type":"Point","coordinates":[54.472716,24.4154641]}},{"type":"Feature","properties":{"layer":"land","subtype":"tree","class":"tree","name":""},"geometry":{"type":"Point","coordinates":[54.4725417,24.4154385]}},{"type":"Feature","properties":{"layer":"land","subtype":"tree","class":"tree","name":""},"geometry":{"type":"Point","coordinates":[54.4725309,24.4155081]}},{"type":"Feature","properties":{"layer":"land","subtype":"sand","class":"sand","name":""},"geometry":{"type":"Polygon","coordinates":[[[54.4715926,24.4150835],[54.4713653,24.4151594],[54.4713372,24.4151618],[54.4712996,24.4151521],[54.4712768,24.4151118],[54.4712352,24.4151203],[54.4713412,24.4154549],[54.4713278,24.4155221],[54.4713103,24.4155453],[54.4712218,24.4156124],[54.4713245,24.415923],[54.4715926,24.4150835]]]}},{"type":"Feature","properties":{"layer":"land","subtype":"tree","class":"tree","name":""},"geometry":{"type":"Point","coordinates":[54.4718564,24.4156998]}},{"type":"Feature","properties":{"layer":"land","subtype":"tree","class":"tree_row","name":""},"geometry":{"type":"LineString","coordinates":[[54.4723195,24.4156062],[54.472377,24.4156935],[54.4724143,24.4157351],[54.4724675,24.41577],[54.4725239,24.4157933],[54.4725739,24.415804],[54.472641,24.4158069],[54.4727006,24.4157962],[54.4727464,24.4157817],[54.4727868,24.4157584],[54.4728294,24.4157419],[54.4728656,24.4157293],[54.4729028,24.4157254]]}},{"type":"Feature","properties":{"layer":"land","subtype":"tree","class":"tree","name":""},"geometry":{"type":"Point","coordinates":[54.4725189,24.4155911]}},{"type":"Feature","properties":{"layer":"land","subtype":"tree","class":"tree","name":""},"geometry":{"type":"Point","coordinates":[54.4726999,24.4155447]}},{"type":"Feature","properties":{"layer":"land","subtype":"tree","class":"tree","name":""},"geometry":{"type":"Point","coordinates":[54.4726959,24.4156217]}},{"type":"Feature","properties":{"layer":"land","subtype":"tree","class":"tree","name":""},"geometry":{"type":"Point","coordinates":[54.4726074,24.415607]}},{"type":"Feature","properties":{"layer":"land","subtype":"tree","class":"tree_row","name":""},"geometry":{"type":"LineString","coordinates":[[54.4729112,24.4155926],[54.473349,24.4156702]]}},{"type":"Feature","properties":{"layer":"land","subtype":"tree","class":"tree_row","name":""},"geometry":{"type":"LineString","coordinates":[[54.4733869,24.4156794],[54.4738311,24.4157643]]}},{"type":"Feature","properties":{"layer":"land","subtype":"tree","class":"tree_row","name":""},"geometry":{"type":"LineString","coordinates":[[54.4733885,24.4155773],[54.4739062,24.4156798],[54.4739759,24.4156725],[54.4740322,24.4156505],[54.4740778,24.4156188],[54.4741127,24.4155797],[54.4741221,24.4155418]]}},{"type":"Feature","properties":{"layer":"land","subtype":"tree","class":"tree","name":""},"geometry":{"type":"Point","coordinates":[54.4741845,24.4157572]}},{"type":"Feature","properties":{"layer":"land","subtype":"tree","class":"tree","name":""},"geometry":{"type":"Point","coordinates":[54.474265,24.4157682]}},{"type":"Feature","properties":{"layer":"land","subtype":"tree","class":"tree","name":""},"geometry":{"type":"Point","coordinates":[54.4742583,24.415861]}},{"type":"Feature","properties":{"layer":"land","subtype":"tree","class":"tree","name":""},"geometry":{"type":"Point","coordinates":[54.4741617,24.4158415]}},{"type":"Feature","properties":{"layer":"land","subtype":"tree","class":"tree","name":""},"geometry":{"type":"Point","coordinates":[54.474328,24.4158598]}},{"type":"Feature","properties":{"layer":"land","subtype":"tree","class":"tree","name":""},"geometry":{"type":"Point","coordinates":[54.4741563,24.4159148]}},{"type":"Feature","properties":{"layer":"land","subtype":"tree","class":"tree","name":""},"geometry":{"type":"Point","coordinates":[54.4742395,24.4159294]}},{"type":"Feature","properties":{"layer":"land","subtype":"tree","class":"tree_row","name":""},"geometry":{"type":"LineString","coordinates":[[54.4730517,24.415722],[54.4737518,24.4158612],[54.4738097,24.4158763],[54.4738796,24.4158971],[54.4739492,24.4159434],[54.4740072,24.4160105],[54.4740397,24.4160801],[54.4740521,24.4161707],[54.4740431,24.4162329],[54.4739532,24.4165933]]}},{"type":"Feature","properties":{"layer":"land","subtype":"tree","class":"tree","name":""},"geometry":{"type":"Point","coordinates":[54.4743133,24.4159416]}},{"type":"Feature","properties":{"layer":"land","subtype":"tree","class":"tree_row","name":""},"geometry":{"type":"LineString","coordinates":[[54.4741962,24.4166022],[54.4742757,24.4162831],[54.474322,24.4161817],[54.4743769,24.4161244],[54.4744628,24.4160786],[54.4745526,24.4160505],[54.4746177,24.4160465]]}},{"type":"Feature","properties":{"layer":"land","subtype":"tree","class":"tree_row","name":""},"geometry":{"type":"LineString","coordinates":[[54.4751712,24.4160392],[54.4755183,24.4161055]]}},{"type":"Feature","properties":{"layer":"land","subtype":"tree","class":"tree_row","name":""},"geometry":{"type":"LineString","coordinates":[[54.4746538,24.4160521],[54.4751054,24.4161373]]}},{"type":"Feature","properties":{"layer":"land","subtype":"tree","class":"tree_row","name":""},"geometry":{"type":"LineString","coordinates":[[54.4746938,24.4159453],[54.4751256,24.4160276]]}},{"type":"Feature","properties":{"layer":"land","subtype":"tree","class":"tree_row","name":""},"geometry":{"type":"LineString","coordinates":[[54.4747303,24.4158439],[54.4751206,24.4159209]]}},{"type":"Feature","properties":{"layer":"land","subtype":"tree","class":"tree_row","name":""},"geometry":{"type":"LineString","coordinates":[[54.4745559,24.4159152],[54.4746348,24.4159331]]}},{"type":"Feature","properties":{"layer":"land","subtype":"tree","class":"tree","name":""},"geometry":{"type":"Point","coordinates":[54.4743508,24.4157853]}},{"type":"Feature","properties":{"layer":"land","subtype":"tree","class":"tree_row","name":""},"geometry":{"type":"LineString","coordinates":[[54.475174,24.4156638],[54.4747297,24.4155829]]}},{"type":"Feature","properties":{"layer":"land","subtype":"tree","class":"tree_row","name":""},"geometry":{"type":"LineString","coordinates":[[54.4745641,24.4155053],[54.4745516,24.4155864],[54.4745506,24.4156304],[54.474562,24.4156732],[54.4745851,24.4157119],[54.4746183,24.4157438],[54.4746594,24.415767],[54.4747056,24.4157797],[54.4751661,24.4158709]]}},{"type":"Feature","properties":{"layer":"land","subtype":"tree","class":"tree_row","name":""},"geometry":{"type":"LineString","coordinates":[[54.4752141,24.4154706],[54.4745987,24.4153594]]}},{"type":"Feature","properties":{"layer":"land","subtype":"tree","class":"tree_row","name":""},"geometry":{"type":"LineString","coordinates":[[54.4752625,24.4152818],[54.4746463,24.415167]]}},{"type":"Feature","properties":{"layer":"land","subtype":"tree","class":"tree_row","name":""},"geometry":{"type":"LineString","coordinates":[[54.4743809,24.4155579],[54.4745116,24.4150199]]}},{"type":"Feature","properties":{"layer":"land","subtype":"tree","class":"tree_row","name":""},"geometry":{"type":"LineString","coordinates":[[54.473975,24.4154256],[54.4735136,24.4153396]]}},{"type":"Feature","properties":{"layer":"land","subtype":"tree","class":"tree_row","name":""},"geometry":{"type":"LineString","coordinates":[[54.4741732,24.4152765],[54.473557,24.415146]]}},{"type":"Feature","properties":{"layer":"land","subtype":"tree","class":"tree_row","name":""},"geometry":{"type":"LineString","coordinates":[[54.4742703,24.4155396],[54.4744032,24.4150007]]}},{"type":"Feature","properties":{"layer":"land","subtype":"tree","class":"tree_row","name":""},"geometry":{"type":"LineString","coordinates":[[54.4742176,24.4150851],[54.4736044,24.4149576]]}},{"type":"Feature","properties":{"layer":"land","subtype":"tree","class":"tree_row","name":""},"geometry":{"type":"LineString","coordinates":[[54.4742669,24.4148862],[54.4736488,24.414767]]}},{"type":"Feature","properties":{"layer":"land","subtype":"tree","class":"tree_row","name":""},"geometry":{"type":"LineString","coordinates":[[54.475308,24.4150957],[54.4746909,24.4149817]]}},{"type":"Feature","properties":{"layer":"land","subtype":"tree","class":"tree_row","name":""},"geometry":{"type":"LineString","coordinates":[[54.4753613,24.4149154],[54.4747342,24.4147911]]}},{"type":"Feature","properties":{"layer":"land","subtype":"tree","class":"tree_row","name":""},"geometry":{"type":"LineString","coordinates":[[54.4760329,24.414852],[54.4756271,24.4147652]]}},{"type":"Feature","properties":{"layer":"land","subtype":"tree","class":"tree_row","name":""},"geometry":{"type":"LineString","coordinates":[[54.4759918,24.4150497],[54.4755711,24.4149575]]}},{"type":"Feature","properties":{"layer":"land","subtype":"tree","class":"tree","name":""},"geometry":{"type":"Point","coordinates":[54.476396,24.4149299]}},{"type":"Feature","properties":{"layer":"land","subtype":"tree","class":"tree","name":""},"geometry":{"type":"Point","coordinates":[54.4765033,24.4149171]}},{"type":"Feature","properties":{"layer":"land","subtype":"tree","class":"tree_row","name":""},"geometry":{"type":"LineString","coordinates":[[54.4763846,24.4149897],[54.4763605,24.4150899]]}},{"type":"Feature","properties":{"layer":"land","subtype":"tree","class":"tree","name":""},"geometry":{"type":"Point","coordinates":[54.4764952,24.4149879]}},{"type":"Feature","properties":{"layer":"land","subtype":"tree","class":"tree","name":""},"geometry":{"type":"Point","coordinates":[54.4761278,24.4154849]}},{"type":"Feature","properties":{"layer":"land","subtype":"tree","class":"tree","name":""},"geometry":{"type":"Point","coordinates":[54.476113,24.4155228]}},{"type":"Feature","properties":{"layer":"land","subtype":"tree","class":"tree","name":""},"geometry":{"type":"Point","coordinates":[54.4760862,24.4154471]}},{"type":"Feature","properties":{"layer":"land","subtype":"tree","class":"tree","name":""},"geometry":{"type":"Point","coordinates":[54.4760714,24.4154935]}},{"type":"Feature","properties":{"layer":"land","subtype":"tree","class":"tree","name":""},"geometry":{"type":"Point","coordinates":[54.4760661,24.4155423]}},{"type":"Feature","properties":{"layer":"land","subtype":"tree","class":"tree_row","name":""},"geometry":{"type":"LineString","coordinates":[[54.4763162,24.4152828],[54.47629,24.4153897]]}},{"type":"Feature","properties":{"layer":"land","subtype":"tree","class":"tree_row","name":""},"geometry":{"type":"LineString","coordinates":[[54.4763464,24.4151338],[54.4763242,24.4152364]]}},{"type":"Feature","properties":{"layer":"land","subtype":"tree","class":"tree_row","name":""},"geometry":{"type":"LineString","coordinates":[[54.4759479,24.4152357],[54.4755301,24.4151455]]}},{"type":"Feature","properties":{"layer":"land","subtype":"tree","class":"tree_row","name":""},"geometry":{"type":"LineString","coordinates":[[54.4758998,24.4154234],[54.4754861,24.4153326]]}},{"type":"Feature","properties":{"layer":"land","subtype":"tree","class":"tree_row","name":""},"geometry":{"type":"LineString","coordinates":[[54.4756799,24.4155779],[54.4754389,24.4155274]]}},{"type":"Feature","properties":{"layer":"land","subtype":"tree","class":"tree_row","name":""},"geometry":{"type":"LineString","coordinates":[[54.4762773,24.4154348],[54.4762632,24.4154928],[54.4762424,24.4155472],[54.4762056,24.4155954],[54.4761432,24.4156424],[54.4760822,24.4156638],[54.4760205,24.4156821],[54.4759856,24.4157139]]}},{"type":"Feature","properties":{"layer":"land","subtype":"tree","class":"tree_row","name":""},"geometry":{"type":"LineString","coordinates":[[54.4755148,24.4159816],[54.4755638,24.4159722],[54.4756302,24.4159527],[54.4757001,24.4159171],[54.4757546,24.4158721],[54.4757919,24.4158219],[54.4758163,24.4157792],[54.4758338,24.4157367],[54.4758621,24.4156553],[54.4758838,24.4155772]]}},{"type":"Feature","properties":{"layer":"land","subtype":"tree","class":"tree_row","name":""},"geometry":{"type":"LineString","coordinates":[[54.475637,24.415766],[54.4753954,24.415716]]}},{"type":"Feature","properties":{"layer":"land","subtype":"tree","class":"tree_row","name":""},"geometry":{"type":"LineString","coordinates":[[54.4753037,24.4159595],[54.4754685,24.415985]]}},{"type":"Feature","properties":{"layer":"land","subtype":"tree","class":"tree","name":""},"geometry":{"type":"Point","coordinates":[54.475826,24.4160943]}},{"type":"Feature","properties":{"layer":"land","subtype":"tree","class":"tree","name":""},"geometry":{"type":"Point","coordinates":[54.4757469,24.4160784]}},{"type":"Feature","properties":{"layer":"land","subtype":"tree","class":"tree_row","name":""},"geometry":{"type":"LineString","coordinates":[[54.4751365,24.4161417],[54.4754029,24.4161964],[54.4754645,24.4162275],[54.4755154,24.4162712],[54.4755665,24.4163408],[54.4756494,24.4164035],[54.4756986,24.4164308]]}},{"type":"Feature","properties":{"layer":"land","subtype":"tree","class":"tree","name":""},"geometry":{"type":"Point","coordinates":[54.4757107,24.4162384]}},{"type":"Feature","properties":{"layer":"land","subtype":"tree","class":"tree","name":""},"geometry":{"type":"Point","coordinates":[54.4758005,24.416253]}},{"type":"Feature","properties":{"layer":"land","subtype":"tree","class":"tree","name":""},"geometry":{"type":"Point","coordinates":[54.4757268,24.416159]}},{"type":"Feature","properties":{"layer":"land","subtype":"tree","class":"tree","name":""},"geometry":{"type":"Point","coordinates":[54.475826,24.4161822]}},{"type":"Feature","properties":{"layer":"land","subtype":"tree","class":"tree","name":""},"geometry":{"type":"Point","coordinates":[54.4758931,24.4161895]}},{"type":"Feature","properties":{"layer":"land","subtype":"tree","class":"tree","name":""},"geometry":{"type":"Point","coordinates":[54.4758891,24.4162652]}},{"type":"Feature","properties":{"layer":"land","subtype":"tree","class":"tree","name":""},"geometry":{"type":"Point","coordinates":[54.4762257,24.4161163]}},{"type":"Feature","properties":{"layer":"land","subtype":"tree","class":"tree","name":""},"geometry":{"type":"Point","coordinates":[54.476282,24.4160943]}},{"type":"Feature","properties":{"layer":"land","subtype":"tree","class":"tree","name":""},"geometry":{"type":"Point","coordinates":[54.4759172,24.4161101]}},{"type":"Feature","properties":{"layer":"land","subtype":"tree","class":"tree_row","name":""},"geometry":{"type":"LineString","coordinates":[[54.4761256,24.4161781],[54.476121,24.4161016],[54.4760837,24.4160259],[54.4760352,24.415977],[54.4759977,24.4159233],[54.4759829,24.4158757],[54.4759668,24.4158378],[54.4759588,24.4157926],[54.4759682,24.4157511],[54.4759749,24.4157291]]}},{"type":"Feature","properties":{"layer":"land","subtype":"tree","class":"tree","name":""},"geometry":{"type":"Point","coordinates":[54.476455,24.4162225]}},{"type":"Feature","properties":{"layer":"land","subtype":"tree","class":"tree","name":""},"geometry":{"type":"Point","coordinates":[54.4763625,24.4161907]}},{"type":"Feature","properties":{"layer":"land","subtype":"tree","class":"tree","name":""},"geometry":{"type":"Point","coordinates":[54.4765475,24.4162286]}},{"type":"Feature","properties":{"layer":"land","subtype":"tree","class":"tree","name":""},"geometry":{"type":"Point","coordinates":[54.476679,24.4162518]}},{"type":"Feature","properties":{"layer":"land","subtype":"tree","class":"tree","name":""},"geometry":{"type":"Point","coordinates":[54.4767474,24.4162836]}},{"type":"Feature","properties":{"layer":"land","subtype":"tree","class":"tree","name":""},"geometry":{"type":"Point","coordinates":[54.4769526,24.4163055]}},{"type":"Feature","properties":{"layer":"land","subtype":"tree","class":"tree","name":""},"geometry":{"type":"Point","coordinates":[54.4768855,24.4163043]}},{"type":"Feature","properties":{"layer":"land","subtype":"tree","class":"tree","name":""},"geometry":{"type":"Point","coordinates":[54.4785659,24.4159123]}},{"type":"Feature","properties":{"layer":"land","subtype":"tree","class":"tree","name":""},"geometry":{"type":"Point","coordinates":[54.4785069,24.4158207]}},{"type":"Feature","properties":{"layer":"land","subtype":"tree","class":"tree","name":""},"geometry":{"type":"Point","coordinates":[54.4784479,24.4157951]}},{"type":"Feature","properties":{"layer":"land","subtype":"tree","class":"tree","name":""},"geometry":{"type":"Point","coordinates":[54.4784586,24.4156949]}},{"type":"Feature","properties":{"layer":"land","subtype":"tree","class":"tree","name":""},"geometry":{"type":"Point","coordinates":[54.4785498,24.4155826]}},{"type":"Feature","properties":{"layer":"land","subtype":"tree","class":"tree","name":""},"geometry":{"type":"Point","coordinates":[54.478751,24.4152517]}},{"type":"Feature","properties":{"layer":"land","subtype":"tree","class":"tree","name":""},"geometry":{"type":"Point","coordinates":[54.4786866,24.4152993]}},{"type":"Feature","properties":{"layer":"land","subtype":"tree","class":"tree","name":""},"geometry":{"type":"Point","coordinates":[54.4787148,24.4151833]}},{"type":"Feature","properties":{"layer":"land","subtype":"tree","class":"tree","name":""},"geometry":{"type":"Point","coordinates":[54.4786155,24.4151906]}},{"type":"Feature","properties":{"layer":"land","subtype":"tree","class":"tree","name":""},"geometry":{"type":"Point","coordinates":[54.4786544,24.4154434]}},{"type":"Feature","properties":{"layer":"land","subtype":"tree","class":"tree","name":""},"geometry":{"type":"Point","coordinates":[54.4786558,24.4155081]}},{"type":"Feature","properties":{"layer":"land","subtype":"tree","class":"tree","name":""},"geometry":{"type":"Point","coordinates":[54.4788221,24.4148194]}},{"type":"Feature","properties":{"layer":"land","subtype":"tree","class":"tree","name":""},"geometry":{"type":"Point","coordinates":[54.4787121,24.4148633]}},{"type":"Feature","properties":{"layer":"land","subtype":"tree","class":"tree","name":""},"geometry":{"type":"Point","coordinates":[54.4787,24.4148939]}},{"type":"Feature","properties":{"layer":"land","subtype":"tree","class":"tree","name":""},"geometry":{"type":"Point","coordinates":[54.4787054,24.4150892]}},{"type":"Feature","properties":{"layer":"land","subtype":"tree","class":"tree","name":""},"geometry":{"type":"Point","coordinates":[54.4787027,24.4149977]}},{"type":"Feature","properties":{"layer":"land","subtype":"tree","class":"tree","name":""},"geometry":{"type":"Point","coordinates":[54.4787604,24.4150502]}},{"type":"Feature","properties":{"layer":"land","subtype":"tree","class":"tree_row","name":""},"geometry":{"type":"LineString","coordinates":[[54.4791104,24.4162848],[54.4801329,24.4163644]]}},{"type":"Feature","properties":{"layer":"land","subtype":"tree","class":"tree_row","name":""},"geometry":{"type":"LineString","coordinates":[[54.4788159,24.4164795],[54.4787318,24.4172475],[54.4787189,24.4175561],[54.4787409,24.4177701],[54.4788132,24.4179522],[54.4788897,24.4180886],[54.4790281,24.4182375],[54.4792168,24.418361],[54.479433,24.4184381],[54.4804173,24.4185274]]}},{"type":"Feature","properties":{"layer":"land","subtype":"shrub","class":"scrub","name":""},"geometry":{"type":"Polygon","coordinates":[[[54.4776944,24.4178719],[54.4778342,24.4167617],[54.477711,24.4167422],[54.4775764,24.4178768],[54.4776944,24.4178719]]]}},{"type":"Feature","properties":{"layer":"land","subtype":"shrub","class":"scrub","name":""},"geometry":{"type":"Polygon","coordinates":[[[54.4774748,24.4175154],[54.4775199,24.4170039],[54.4775275,24.4166767],[54.4775384,24.4161887],[54.4775451,24.4159887],[54.4775482,24.4157937],[54.4775023,24.4162004],[54.477447,24.4166947],[54.4774043,24.4171289],[54.4773537,24.4175813],[54.4773687,24.4176649],[54.4773969,24.4177182],[54.4774478,24.4177732],[54.4774748,24.4175154]]]}},{"type":"Feature","properties":{"layer":"land","subtype":"tree","class":"tree","name":""},"geometry":{"type":"Point","coordinates":[54.4769056,24.4164826]}},{"type":"Feature","properties":{"layer":"land","subtype":"tree","class":"tree","name":""},"geometry":{"type":"Point","coordinates":[54.4768225,24.4164802]}},{"type":"Feature","properties":{"layer":"land","subtype":"tree","class":"tree","name":""},"geometry":{"type":"Point","coordinates":[54.47662,24.4164338]}},{"type":"Feature","properties":{"layer":"land","subtype":"tree","class":"tree","name":""},"geometry":{"type":"Point","coordinates":[54.4767038,24.4164189]}},{"type":"Feature","properties":{"layer":"land","subtype":"tree","class":"tree","name":""},"geometry":{"type":"Point","coordinates":[54.4764765,24.4164093]}},{"type":"Feature","properties":{"layer":"land","subtype":"tree","class":"tree","name":""},"geometry":{"type":"Point","coordinates":[54.4764081,24.4163922]}},{"type":"Feature","properties":{"layer":"land","subtype":"tree","class":"tree_row","name":""},"geometry":{"type":"LineString","coordinates":[[54.4759077,24.4165687],[54.475961,24.4165367],[54.4760089,24.4165241]]}},{"type":"Feature","properties":{"layer":"land","subtype":"tree","class":"tree_row","name":""},"geometry":{"type":"LineString","coordinates":[[54.4760685,24.4165096],[54.4761323,24.416464],[54.4761653,24.4164146],[54.4761749,24.4163894]]}},{"type":"Feature","properties":{"layer":"land","subtype":"tree","class":"tree_row","name":""},"geometry":{"type":"LineString","coordinates":[[54.4758066,24.4164522],[54.475932,24.4164353],[54.4759982,24.4164077],[54.4760542,24.416363],[54.4761041,24.4163001]]}},{"type":"Feature","properties":{"layer":"land","subtype":"tree","class":"tree_row","name":""},"geometry":{"type":"LineString","coordinates":[[54.4757979,24.4166157],[54.4758207,24.4165766],[54.4758354,24.4165534],[54.4758783,24.4165241],[54.4759454,24.4165034],[54.4759816,24.4164924],[54.4760326,24.4164704],[54.4760634,24.4164509],[54.4760808,24.4164362],[54.4761197,24.4163971],[54.4761385,24.4163666],[54.4761653,24.416358],[54.4762257,24.4163532],[54.476278,24.4163629]]}},{"type":"Feature","properties":{"layer":"land","subtype":"tree","class":"tree_row","name":""},"geometry":{"type":"LineString","coordinates":[[54.4754043,24.4164611],[54.4754416,24.416496],[54.4754714,24.4165202],[54.4755001,24.4165328],[54.4755288,24.4165425],[54.4755491,24.4165561],[54.4755746,24.4165823],[54.4755853,24.4166036],[54.4755948,24.4166462]]}},{"type":"Feature","properties":{"layer":"land","subtype":"tree","class":"tree","name":""},"geometry":{"type":"Point","coordinates":[54.4755404,24.416805]}},{"type":"Feature","properties":{"layer":"land","subtype":"tree","class":"tree","name":""},"geometry":{"type":"Point","coordinates":[54.4757536,24.4168416]}},{"type":"Feature","properties":{"layer":"land","subtype":"tree","class":"tree","name":""},"geometry":{"type":"Point","coordinates":[54.4757871,24.4167732]}},{"type":"Feature","properties":{"layer":"land","subtype":"tree","class":"tree","name":""},"geometry":{"type":"Point","coordinates":[54.4757069,24.4170351]}},{"type":"Feature","properties":{"layer":"land","subtype":"tree","class":"tree","name":""},"geometry":{"type":"Point","coordinates":[54.4757154,24.4169723]}},{"type":"Feature","properties":{"layer":"land","subtype":"tree","class":"tree","name":""},"geometry":{"type":"Point","coordinates":[54.4754988,24.4169747]}},{"type":"Feature","properties":{"layer":"land","subtype":"tree","class":"tree","name":""},"geometry":{"type":"Point","coordinates":[54.475484,24.4170297]}},{"type":"Feature","properties":{"layer":"land","subtype":"tree","class":"tree","name":""},"geometry":{"type":"Point","coordinates":[54.4754478,24.417197]}},{"type":"Feature","properties":{"layer":"land","subtype":"tree","class":"tree","name":""},"geometry":{"type":"Point","coordinates":[54.4756767,24.4171487]}},{"type":"Feature","properties":{"layer":"land","subtype":"tree","class":"tree","name":""},"geometry":{"type":"Point","coordinates":[54.475657,24.4172385]}},{"type":"Feature","properties":{"layer":"land","subtype":"tree","class":"tree_row","name":""},"geometry":{"type":"LineString","coordinates":[[54.4771886,24.417578],[54.4772127,24.4173911]]}},{"type":"Feature","properties":{"layer":"land","subtype":"tree","class":"tree_row","name":""},"geometry":{"type":"LineString","coordinates":[[54.4768694,24.4176207],[54.4769566,24.4175536],[54.477029,24.4174803],[54.4771403,24.4173313]]}},{"type":"Feature","properties":{"layer":"land","subtype":"tree","class":"tree","name":""},"geometry":{"type":"Point","coordinates":[54.4767661,24.4174453]}},{"type":"Feature","properties":{"layer":"land","subtype":"tree","class":"tree","name":""},"geometry":{"type":"Point","coordinates":[54.476573,24.417534]}},{"type":"Feature","properties":{"layer":"land","subtype":"tree","class":"tree","name":""},"geometry":{"type":"Point","coordinates":[54.4766191,24.4175638]}},{"type":"Feature","properties":{"layer":"land","subtype":"tree","class":"tree_row","name":""},"geometry":{"type":"LineString","coordinates":[[54.4765435,24.4178149],[54.4766521,24.4177563]]}},{"type":"Feature","properties":{"layer":"land","subtype":"tree","class":"tree","name":""},"geometry":{"type":"Point","coordinates":[54.4759889,24.4177977]}},{"type":"Feature","properties":{"layer":"land","subtype":"tree","class":"tree_row","name":""},"geometry":{"type":"LineString","coordinates":[[54.4761207,24.41777],[54.4763235,24.4176992]]}},{"type":"Feature","properties":{"layer":"land","subtype":"tree","class":"tree","name":""},"geometry":{"type":"Point","coordinates":[54.4760996,24.4176891]}},{"type":"Feature","properties":{"layer":"land","subtype":"tree","class":"tree_row","name":""},"geometry":{"type":"LineString","coordinates":[[54.475653,24.4176744],[54.4760098,24.4175804]]}},{"type":"Feature","properties":{"layer":"land","subtype":"tree","class":"tree","name":""},"geometry":{"type":"Point","coordinates":[54.4754161,24.4175976]}},{"type":"Feature","properties":{"layer":"land","subtype":"tree","class":"tree","name":""},"geometry":{"type":"Point","coordinates":[54.4755394,24.4175853]}},{"type":"Feature","properties":{"layer":"land","subtype":"tree","class":"tree_row","name":""},"geometry":{"type":"LineString","coordinates":[[54.4754411,24.4177526],[54.4755591,24.4177489]]}},{"type":"Feature","properties":{"layer":"land","subtype":"tree","class":"tree","name":""},"geometry":{"type":"Point","coordinates":[54.4758311,24.4177415]}},{"type":"Feature","properties":{"layer":"land","subtype":"tree","class":"tree","name":""},"geometry":{"type":"Point","coordinates":[54.475651,24.4178423]}},{"type":"Feature","properties":{"layer":"land","subtype":"tree","class":"tree","name":""},"geometry":{"type":"Point","coordinates":[54.4753955,24.4178662]}},{"type":"Feature","properties":{"layer":"land","subtype":"tree","class":"tree_row","name":""},"geometry":{"type":"LineString","coordinates":[[54.4761237,24.4179455],[54.476282,24.4178967]]}},{"type":"Feature","properties":{"layer":"land","subtype":"sand","class":"sand","name":""},"geometry":{"type":"Polygon","coordinates":[[[54.4762233,24.4183666],[54.4767463,24.4185864],[54.477956,24.4185082],[54.4775858,24.4183299],[54.4772962,24.4182274],[54.4770279,24.4181688],[54.4767329,24.4181321],[54.4764566,24.4181346],[54.4761965,24.4181639],[54.4758987,24.4182347],[54.4756251,24.4183299],[54.4762233,24.4183666]]]}},{"type":"Feature","properties":{"layer":"land","subtype":"forest","class":"forest","name":""},"geometry":{"type":"Polygon","coordinates":[[[54.4753972,24.4182323],[54.4756546,24.4181224],[54.4759497,24.4180369],[54.4763386,24.4179758],[54.4765854,24.4179636],[54.476985,24.4180002],[54.4773444,24.4180857],[54.4778353,24.4182958],[54.4788357,24.4188624],[54.4784146,24.4184008],[54.4782269,24.4181199],[54.4781196,24.4177975],[54.4780713,24.4173457],[54.4780177,24.4177389],[54.4779426,24.4178513],[54.4778433,24.4179148],[54.4777012,24.417966],[54.4775858,24.417966],[54.4775027,24.4179563],[54.4773954,24.4179074],[54.4773069,24.4178195],[54.4772586,24.4177243],[54.4772425,24.4175924],[54.4772962,24.417077],[54.4772559,24.4170673],[54.4771299,24.4172895],[54.4770092,24.4174361],[54.4768616,24.4175631],[54.4766578,24.4176925],[54.4764405,24.4177878],[54.4762716,24.4178464],[54.4759658,24.4179416],[54.4756976,24.4179831],[54.4754025,24.4180027],[54.4754213,24.4181248],[54.4753381,24.4182103],[54.4753972,24.4182323]]]}},{"type":"Feature","properties":{"layer":"land","subtype":"forest","class":"forest","name":""},"geometry":{"type":"Polygon","coordinates":[[[54.4774625,24.4190455],[54.4783449,24.4192849],[54.4785809,24.4192605],[54.4787553,24.4192898],[54.4789538,24.4193948],[54.4795304,24.4194754],[54.4797557,24.4194558],[54.479222,24.4192531],[54.4788089,24.4190284],[54.477956,24.4185082],[54.4767463,24.4185864],[54.4762233,24.4183666],[54.4756251,24.4183299],[54.4774625,24.4190455]]]}},{"type":"Feature","properties":{"layer":"land","subtype":"forest","class":"forest","name":""},"geometry":{"type":"Polygon","coordinates":[[[54.4816816,24.4200322],[54.4817164,24.4199858],[54.4817191,24.4199199],[54.4816735,24.4198637],[54.4804665,24.4197391],[54.4794553,24.4196317],[54.4786507,24.4194974],[54.4779828,24.4193435],[54.4771969,24.4191139],[54.4766202,24.4189063],[54.4754401,24.4184032],[54.4753677,24.4184423],[54.4765827,24.4189576],[54.4771755,24.419197],[54.4779372,24.4194681],[54.4785943,24.4196537],[54.4794097,24.4198295],[54.4804317,24.4199541],[54.4815904,24.4200444],[54.4816816,24.4200322]]]}},{"type":"Feature","properties":{"layer":"land","subtype":"forest","class":"forest","name":""},"geometry":{"type":"Polygon","coordinates":[[[54.4815499,24.4213754],[54.4816491,24.4213314],[54.4816733,24.4208112],[54.4816116,24.4206793],[54.4814614,24.4205426],[54.4809544,24.4204986],[54.4807962,24.4212874],[54.4815499,24.4213754]]]}},{"type":"Feature","properties":{"layer":"land","subtype":"forest","class":"forest","name":""},"geometry":{"type":"Polygon","coordinates":[[[54.4823897,24.4203441],[54.4822412,24.4203327],[54.4821053,24.420374],[54.482049,24.4204463],[54.4818724,24.421023],[54.4818853,24.4210642],[54.4836771,24.4212352],[54.4839158,24.4211985],[54.4842457,24.4210154],[54.4842721,24.4208849],[54.4842545,24.4204904],[54.4823897,24.4203441]]]}},{"type":"Feature","properties":{"layer":"land","subtype":"forest","class":"forest","name":""},"geometry":{"type":"Polygon","coordinates":[[[54.4843438,24.4203006],[54.4843636,24.4201384],[54.4822662,24.4199457],[54.4822206,24.4199579],[54.4821884,24.4200043],[54.4821965,24.4200507],[54.4822287,24.4200702],[54.4843438,24.4203006]]]}},{"type":"Feature","properties":{"layer":"land","subtype":"forest","class":"forest","name":""},"geometry":{"type":"Polygon","coordinates":[[[54.4846779,24.4199786],[54.484769,24.4193705],[54.4847469,24.4192428],[54.4845913,24.4191451],[54.4832073,24.418979],[54.4832019,24.4189204],[54.4806247,24.4187001],[54.4805791,24.4188173],[54.480509,24.4188813],[54.4804232,24.4188813],[54.4803055,24.4188637],[54.479694,24.4186195],[54.4793265,24.4185462],[54.4790234,24.418407],[54.4788598,24.4182727],[54.4787633,24.4181482],[54.4786828,24.4179894],[54.4786095,24.4178592],[54.4785736,24.4177308],[54.4783076,24.4177443],[54.4783654,24.4179666],[54.4784498,24.4181371],[54.478659,24.4184644],[54.4789326,24.4187672],[54.4792061,24.4190115],[54.4795763,24.4192362],[54.4799357,24.4193632],[54.4802844,24.4194315],[54.4846779,24.4199786]]]}},{"type":"Feature","properties":{"layer":"land","subtype":"sand","class":"sand","name":""},"geometry":{"type":"Polygon","coordinates":[[[54.4803914,24.4188076],[54.4804665,24.4187831],[54.4805147,24.4187392],[54.4805201,24.4186879],[54.4799434,24.4186366],[54.4803914,24.4188076]]]}},{"type":"Feature","properties":{"layer":"land","subtype":"tree","class":"tree_row","name":""},"geometry":{"type":"LineString","coordinates":[[54.4806145,24.4185482],[54.483372,24.4187943]]}},{"type":"Feature","properties":{"layer":"land","subtype":"sand","class":"sand","name":""},"geometry":{"type":"Polygon","coordinates":[[[54.4846243,24.420329],[54.4846441,24.4201668],[54.4843636,24.4201384],[54.4843438,24.4203006],[54.4846243,24.420329]]]}},{"type":"Feature","properties":{"layer":"land","subtype":"sand","class":"sand","name":""},"geometry":{"type":"Polygon","coordinates":[[[54.4842721,24.4208849],[54.4842457,24.4210154],[54.4844683,24.4209128],[54.4845676,24.4207931],[54.4846078,24.4207077],[54.4846346,24.4205269],[54.4842545,24.4204904],[54.4842721,24.4208849]]]}},{"type":"Feature","properties":{"layer":"land","subtype":"sand","class":"sand","name":""},"geometry":{"type":"Polygon","coordinates":[[[54.4872575,24.4195646],[54.4871941,24.4195913],[54.4870171,24.4202951],[54.4870775,24.4203159],[54.4871566,24.4201633],[54.4871901,24.420123],[54.4872532,24.4200889],[54.4884505,24.4202126],[54.4883405,24.4193822],[54.4873199,24.41924],[54.4872575,24.4195646]]]}},{"type":"Feature","properties":{"layer":"land","subtype":"sand","class":"sand","name":""},"geometry":{"type":"Polygon","coordinates":[[[54.4886833,24.4202897],[54.4882394,24.4202787],[54.4873703,24.4201834],[54.4872604,24.4202518],[54.4881663,24.4203557],[54.488498,24.4203961],[54.4888976,24.4204195],[54.4890103,24.4203438],[54.4890666,24.4202486],[54.4886833,24.4202897]]]}},{"type":"Feature","properties":{"layer":"land","subtype":"sand","class":"sand","name":""},"geometry":{"type":"Polygon","coordinates":[[[54.4885253,24.4205501],[54.4872015,24.4204191],[54.4871774,24.4206145],[54.4884985,24.4207675],[54.4885253,24.4205501]]]}},{"type":"Feature","properties":{"layer":"land","subtype":"tree","class":"tree_row","name":""},"geometry":{"type":"LineString","coordinates":[[54.4884382,24.4205831],[54.48725,24.4204439]]}},{"type":"Feature","properties":{"layer":"land","subtype":"tree","class":"tree_row","name":""},"geometry":{"type":"LineString","coordinates":[[54.48841,24.4207333],[54.4872218,24.4205941]]}},{"type":"Feature","properties":{"layer":"land","subtype":"forest","class":"forest","name":""},"geometry":{"type":"Polygon","coordinates":[[[54.4936578,24.4187157],[54.493635,24.4186631],[54.4935746,24.4186178],[54.4934658,24.4185824],[54.4934067,24.4185824],[54.4933382,24.418586],[54.4902575,24.4199872],[54.4900241,24.4200825],[54.4898283,24.4201435],[54.4895199,24.4201997],[54.4890666,24.4202486],[54.4890103,24.4203438],[54.4888976,24.4204195],[54.489029,24.4204342],[54.4894582,24.4204537],[54.4896996,24.4204415],[54.4900241,24.4203902],[54.4902387,24.4203365],[54.490523,24.4202559],[54.4907966,24.4201509],[54.4923308,24.419445],[54.4929504,24.41913],[54.4935593,24.4188198],[54.4936444,24.4187511],[54.4936578,24.4187157]]]}},{"type":"Feature","properties":{"layer":"land","subtype":"sand","class":"sand","name":""},"geometry":{"type":"Polygon","coordinates":[[[54.4906836,24.419434],[54.4905458,24.4194965],[54.4905597,24.4195219],[54.4909111,24.4195732],[54.4910396,24.4195519],[54.4910096,24.419497],[54.4909097,24.4195423],[54.4908209,24.4193799],[54.4907864,24.4193955],[54.4905456,24.4189549],[54.4904463,24.4189999],[54.4906836,24.419434]]]}},{"type":"Feature","properties":{"layer":"land","subtype":"sand","class":"sand","name":""},"geometry":{"type":"Polygon","coordinates":[[[54.4875849,24.4182106],[54.4875581,24.4182985],[54.4874923,24.4184676],[54.4874754,24.4184999],[54.4874345,24.4185846],[54.4874649,24.4186111],[54.4873893,24.4189586],[54.4872033,24.4189551],[54.4871664,24.4189984],[54.4871545,24.4190441],[54.4871981,24.4190994],[54.4872588,24.4191655],[54.4873301,24.4191872],[54.4873199,24.41924],[54.4883405,24.4193822],[54.4883153,24.4192001],[54.4894038,24.4190823],[54.4898276,24.4188771],[54.4898745,24.4189516],[54.4904163,24.4187049],[54.4902768,24.418468],[54.4912667,24.4173262],[54.4913094,24.4173287],[54.4915094,24.4170943],[54.4912549,24.4172341],[54.4906326,24.4179423],[54.4902205,24.4181188],[54.4901105,24.4181408],[54.4900059,24.4181408],[54.4898906,24.4180895],[54.4900086,24.417899],[54.4899093,24.4177353],[54.4886567,24.4183386],[54.4875849,24.4182106]]]}},{"type":"Feature","properties":{"layer":"land","subtype":"sand","class":"sand","name":""},"geometry":{"type":"Polygon","coordinates":[[[54.4902206,24.4177766],[54.4900355,24.4179171],[54.4899604,24.4180404],[54.4900154,24.4180722],[54.4901026,24.4180831],[54.4901817,24.4180599],[54.4903869,24.4179378],[54.4902206,24.4177766]]]}},{"type":"Feature","properties":{"layer":"land","subtype":"sand","class":"sand","name":""},"geometry":{"type":"Polygon","coordinates":[[[54.4904097,24.4178414],[54.4905237,24.4178804],[54.4905974,24.4178548],[54.4909488,24.4174372],[54.4909636,24.4173883],[54.4909502,24.4173602],[54.4908657,24.4172882],[54.4902903,24.4177315],[54.4904097,24.4178414]]]}},{"type":"Feature","properties":{"layer":"land","subtype":"sand","class":"beach","name":""},"geometry":{"type":"Polygon","coordinates":[[[54.4889635,24.4156997],[54.489046,24.4157325],[54.4890586,24.4157164],[54.4891023,24.4156606],[54.4891732,24.4156252],[54.4892362,24.4156362],[54.4892723,24.4155667],[54.4895911,24.4148545],[54.4897458,24.4147051],[54.4900275,24.4141556],[54.4899795,24.4141313],[54.4899527,24.4140814],[54.489938,24.4139192],[54.4898496,24.4138692],[54.4897267,24.4138346],[54.4897164,24.4140113],[54.4896168,24.414306],[54.4894455,24.4145645],[54.4892949,24.4146723],[54.4892118,24.4148115],[54.4891742,24.4150191],[54.489016,24.4153928],[54.4888121,24.4156395],[54.4889635,24.4156997]]]}},{"type":"Feature","properties":{"layer":"land","subtype":"sand","class":"sand","name":""},"geometry":{"type":"Polygon","coordinates":[[[54.488999,24.415869],[54.4890772,24.4157235],[54.4890586,24.4157164],[54.489046,24.4157325],[54.4889635,24.4156997],[54.4888959,24.4158234],[54.488999,24.415869]]]}},{"type":"Feature","properties":{"layer":"land","subtype":"tree","class":"tree_row","name":""},"geometry":{"type":"LineString","coordinates":[[54.4923106,24.4155786],[54.4924045,24.4164114],[54.4911358,24.4169854],[54.4888841,24.4161163],[54.4888474,24.4161022]]}},{"type":"Feature","properties":{"layer":"land","subtype":"tree","class":"tree_row","name":""},"geometry":{"type":"LineString","coordinates":[[54.4918938,24.4153477],[54.4911307,24.4150301],[54.4907632,24.4157934]]}},{"type":"Feature","properties":{"layer":"land","subtype":"tree","class":"tree_row","name":""},"geometry":{"type":"LineString","coordinates":[[54.4907423,24.4155751],[54.490941,24.4151668]]}},{"type":"Feature","properties":{"layer":"land","subtype":"tree","class":"tree_row","name":""},"geometry":{"type":"LineString","coordinates":[[54.4911521,24.414733],[54.4913579,24.41431]]}},{"type":"Feature","properties":{"layer":"land","subtype":"sand","class":"beach","name":""},"geometry":{"type":"Polygon","coordinates":[[[54.490333,24.4127409],[54.4904205,24.4126558],[54.4905009,24.4126057],[54.4905465,24.4125434],[54.4905586,24.4124115],[54.4905559,24.4123297],[54.4905237,24.4122723],[54.4904956,24.4121441],[54.4904983,24.4120146],[54.4905318,24.4119023],[54.4903279,24.4118827],[54.4902917,24.4122051],[54.4902421,24.4124018],[54.4901761,24.4125632],[54.4901053,24.4126765],[54.490333,24.4127409]]]}},{"type":"Feature","properties":{"layer":"land","subtype":"sand","class":"beach","name":""},"geometry":{"type":"Polygon","coordinates":[[[54.4869453,24.4115652],[54.4868728,24.4115542],[54.4867736,24.4116849],[54.4867951,24.4117813],[54.4867655,24.4119377],[54.4867146,24.4120793],[54.4867374,24.4120964],[54.4867736,24.4121489],[54.4868044,24.4122576],[54.4867783,24.412329],[54.4867709,24.4123492],[54.4867696,24.4124286],[54.4867347,24.4125129],[54.4867427,24.4125446],[54.4866301,24.4127376],[54.4867882,24.4128239],[54.4870739,24.41188],[54.4871812,24.4115063],[54.4872777,24.4112413],[54.4873555,24.4110935],[54.4869453,24.4115652]]]}},{"type":"Feature","properties":{"layer":"land","subtype":"tree","class":"tree_row","name":""},"geometry":{"type":"LineString","coordinates":[[54.4788538,24.4160481],[54.4788633,24.4159532],[54.4789906,24.4146877],[54.4790309,24.4143995],[54.4790926,24.4142407],[54.4791972,24.41406],[54.4793125,24.4139452],[54.4801135,24.4133259]]}},{"type":"Feature","properties":{"layer":"land","subtype":"tree","class":"tree","name":""},"geometry":{"type":"Point","coordinates":[54.4787966,24.4147241]}},{"type":"Feature","properties":{"layer":"land","subtype":"tree","class":"tree","name":""},"geometry":{"type":"Point","coordinates":[54.4787242,24.4146289]}},{"type":"Feature","properties":{"layer":"land","subtype":"tree","class":"tree","name":""},"geometry":{"type":"Point","coordinates":[54.4787738,24.4144579]}},{"type":"Feature","properties":{"layer":"land","subtype":"tree","class":"tree","name":""},"geometry":{"type":"Point","coordinates":[54.4787469,24.4145483]}},{"type":"Feature","properties":{"layer":"land","subtype":"tree","class":"tree","name":""},"geometry":{"type":"Point","coordinates":[54.478455,24.4145105]}},{"type":"Feature","properties":{"layer":"land","subtype":"tree","class":"tree","name":""},"geometry":{"type":"Point","coordinates":[54.4784702,24.4143836]}},{"type":"Feature","properties":{"layer":"land","subtype":"tree","class":"tree","name":""},"geometry":{"type":"Point","coordinates":[54.4784601,24.4144466]}},{"type":"Feature","properties":{"layer":"land","subtype":"tree","class":"tree","name":""},"geometry":{"type":"Point","coordinates":[54.4786611,24.4143951]}},{"type":"Feature","properties":{"layer":"land","subtype":"tree","class":"tree","name":""},"geometry":{"type":"Point","coordinates":[54.478818,24.4143761]}},{"type":"Feature","properties":{"layer":"land","subtype":"tree","class":"tree","name":""},"geometry":{"type":"Point","coordinates":[54.4788799,24.4139966]}},{"type":"Feature","properties":{"layer":"land","subtype":"tree","class":"tree","name":""},"geometry":{"type":"Point","coordinates":[54.478991,24.4140317]}},{"type":"Feature","properties":{"layer":"land","subtype":"tree","class":"tree","name":""},"geometry":{"type":"Point","coordinates":[54.4789602,24.4141294]}},{"type":"Feature","properties":{"layer":"land","subtype":"tree","class":"tree","name":""},"geometry":{"type":"Point","coordinates":[54.4788309,24.414132]}},{"type":"Feature","properties":{"layer":"land","subtype":"tree","class":"tree","name":""},"geometry":{"type":"Point","coordinates":[54.4788656,24.4140651]}},{"type":"Feature","properties":{"layer":"land","subtype":"tree","class":"tree","name":""},"geometry":{"type":"Point","coordinates":[54.4784989,24.4141543]}},{"type":"Feature","properties":{"layer":"land","subtype":"tree","class":"tree","name":""},"geometry":{"type":"Point","coordinates":[54.4784947,24.4141974]}},{"type":"Feature","properties":{"layer":"land","subtype":"tree","class":"tree","name":""},"geometry":{"type":"Point","coordinates":[54.4784896,24.4142343]}},{"type":"Feature","properties":{"layer":"land","subtype":"tree","class":"tree","name":""},"geometry":{"type":"Point","coordinates":[54.4786991,24.4142474]}},{"type":"Feature","properties":{"layer":"land","subtype":"tree","class":"tree","name":""},"geometry":{"type":"Point","coordinates":[54.4788073,24.4142143]}},{"type":"Feature","properties":{"layer":"land","subtype":"tree","class":"tree","name":""},"geometry":{"type":"Point","coordinates":[54.4787135,24.4142189]}},{"type":"Feature","properties":{"layer":"land","subtype":"tree","class":"tree","name":""},"geometry":{"type":"Point","coordinates":[54.4787262,24.4141912]}},{"type":"Feature","properties":{"layer":"land","subtype":"tree","class":"tree","name":""},"geometry":{"type":"Point","coordinates":[54.4786679,24.4143351]}},{"type":"Feature","properties":{"layer":"land","subtype":"tree","class":"tree","name":""},"geometry":{"type":"Point","coordinates":[54.4774128,24.414446]}},{"type":"Feature","properties":{"layer":"land","subtype":"tree","class":"tree","name":""},"geometry":{"type":"Point","coordinates":[54.4775332,24.4146008]}},{"type":"Feature","properties":{"layer":"land","subtype":"tree","class":"tree","name":""},"geometry":{"type":"Point","coordinates":[54.4771309,24.4146069]}},{"type":"Feature","properties":{"layer":"land","subtype":"tree","class":"tree","name":""},"geometry":{"type":"Point","coordinates":[54.476903,24.4143943]}},{"type":"Feature","properties":{"layer":"land","subtype":"tree","class":"tree","name":""},"geometry":{"type":"Point","coordinates":[54.4765006,24.4144237]}},{"type":"Feature","properties":{"layer":"land","subtype":"tree","class":"tree","name":""},"geometry":{"type":"Point","coordinates":[54.4763843,24.414442]}},{"type":"Feature","properties":{"layer":"land","subtype":"tree","class":"tree","name":""},"geometry":{"type":"Point","coordinates":[54.4764688,24.414462]}},{"type":"Feature","properties":{"layer":"land","subtype":"tree","class":"tree","name":""},"geometry":{"type":"Point","coordinates":[54.4765663,24.4144652]}},{"type":"Feature","properties":{"layer":"land","subtype":"tree","class":"tree","name":""},"geometry":{"type":"Point","coordinates":[54.4763853,24.4146301]}},{"type":"Feature","properties":{"layer":"land","subtype":"tree","class":"tree_row","name":""},"geometry":{"type":"LineString","coordinates":[[54.4760826,24.4146603],[54.4756694,24.4145753]]}},{"type":"Feature","properties":{"layer":"land","subtype":"tree","class":"tree","name":""},"geometry":{"type":"Point","coordinates":[54.4754096,24.4143908]}},{"type":"Feature","properties":{"layer":"land","subtype":"tree","class":"tree_row","name":""},"geometry":{"type":"LineString","coordinates":[[54.4756799,24.4142648],[54.4756342,24.4144809],[54.4760142,24.4145546],[54.4760706,24.4145672],[54.4761068,24.4145808],[54.4761621,24.4146089],[54.4762047,24.4146409]]}},{"type":"Feature","properties":{"layer":"land","subtype":"tree","class":"tree","name":""},"geometry":{"type":"Point","coordinates":[54.4762867,24.4144722]}},{"type":"Feature","properties":{"layer":"land","subtype":"tree","class":"tree","name":""},"geometry":{"type":"Point","coordinates":[54.4761258,24.4144636]}},{"type":"Feature","properties":{"layer":"land","subtype":"tree","class":"tree","name":""},"geometry":{"type":"Point","coordinates":[54.4763049,24.4143728]}},{"type":"Feature","properties":{"layer":"land","subtype":"tree","class":"tree","name":""},"geometry":{"type":"Point","coordinates":[54.4762364,24.4144225]}},{"type":"Feature","properties":{"layer":"land","subtype":"tree","class":"tree","name":""},"geometry":{"type":"Point","coordinates":[54.4762056,24.4143736]}},{"type":"Feature","properties":{"layer":"land","subtype":"tree","class":"tree_row","name":""},"geometry":{"type":"LineString","coordinates":[[54.4761366,24.414288],[54.4761526,24.4142183]]}},{"type":"Feature","properties":{"layer":"land","subtype":"tree","class":"tree","name":""},"geometry":{"type":"Point","coordinates":[54.4759641,24.4141717]}},{"type":"Feature","properties":{"layer":"land","subtype":"tree","class":"tree","name":""},"geometry":{"type":"Point","coordinates":[54.4759961,24.4141766]}},{"type":"Feature","properties":{"layer":"land","subtype":"tree","class":"tree","name":""},"geometry":{"type":"Point","coordinates":[54.4759077,24.4141979]}},{"type":"Feature","properties":{"layer":"land","subtype":"tree","class":"tree","name":""},"geometry":{"type":"Point","coordinates":[54.4759535,24.4142008]}},{"type":"Feature","properties":{"layer":"land","subtype":"tree","class":"tree","name":""},"geometry":{"type":"Point","coordinates":[54.4759886,24.4142018]}},{"type":"Feature","properties":{"layer":"land","subtype":"tree","class":"tree","name":""},"geometry":{"type":"Point","coordinates":[54.4753755,24.4142929]}},{"type":"Feature","properties":{"layer":"land","subtype":"tree","class":"tree","name":""},"geometry":{"type":"Point","coordinates":[54.4754373,24.4142493]}},{"type":"Feature","properties":{"layer":"land","subtype":"tree","class":"tree","name":""},"geometry":{"type":"Point","coordinates":[54.4757917,24.4141669]}},{"type":"Feature","properties":{"layer":"land","subtype":"tree","class":"tree","name":""},"geometry":{"type":"Point","coordinates":[54.475797,24.414133]}},{"type":"Feature","properties":{"layer":"land","subtype":"tree","class":"tree","name":""},"geometry":{"type":"Point","coordinates":[54.4757598,24.4141291]}},{"type":"Feature","properties":{"layer":"land","subtype":"tree","class":"tree","name":""},"geometry":{"type":"Point","coordinates":[54.4757545,24.4141591]}},{"type":"Feature","properties":{"layer":"land","subtype":"tree","class":"tree","name":""},"geometry":{"type":"Point","coordinates":[54.475714,24.4141213]}},{"type":"Feature","properties":{"layer":"land","subtype":"tree","class":"tree","name":""},"geometry":{"type":"Point","coordinates":[54.4757076,24.4141465]}},{"type":"Feature","properties":{"layer":"land","subtype":"tree","class":"tree","name":""},"geometry":{"type":"Point","coordinates":[54.4755448,24.4141165]}},{"type":"Feature","properties":{"layer":"land","subtype":"tree","class":"tree","name":""},"geometry":{"type":"Point","coordinates":[54.4754266,24.414101]}},{"type":"Feature","properties":{"layer":"land","subtype":"tree","class":"tree","name":""},"geometry":{"type":"Point","coordinates":[54.4755032,24.4141078]}},{"type":"Feature","properties":{"layer":"land","subtype":"tree","class":"tree","name":""},"geometry":{"type":"Point","coordinates":[54.4755139,24.4140748]}},{"type":"Feature","properties":{"layer":"land","subtype":"tree","class":"tree","name":""},"geometry":{"type":"Point","coordinates":[54.4755554,24.4140806]}},{"type":"Feature","properties":{"layer":"land","subtype":"tree","class":"tree","name":""},"geometry":{"type":"Point","coordinates":[54.4754777,24.414069]}},{"type":"Feature","properties":{"layer":"land","subtype":"tree","class":"tree","name":""},"geometry":{"type":"Point","coordinates":[54.4754596,24.4141039]}},{"type":"Feature","properties":{"layer":"land","subtype":"tree","class":"tree","name":""},"geometry":{"type":"Point","coordinates":[54.4754383,24.4140612]}},{"type":"Feature","properties":{"layer":"land","subtype":"tree","class":"tree","name":""},"geometry":{"type":"Point","coordinates":[54.4758173,24.4140157]}},{"type":"Feature","properties":{"layer":"land","subtype":"tree","class":"tree","name":""},"geometry":{"type":"Point","coordinates":[54.4757768,24.4140079]}},{"type":"Feature","properties":{"layer":"land","subtype":"tree","class":"tree","name":""},"geometry":{"type":"Point","coordinates":[54.47573,24.4139924]}},{"type":"Feature","properties":{"layer":"land","subtype":"tree","class":"tree","name":""},"geometry":{"type":"Point","coordinates":[54.4759492,24.4140428]}},{"type":"Feature","properties":{"layer":"land","subtype":"tree","class":"tree","name":""},"geometry":{"type":"Point","coordinates":[54.4760355,24.4140176]}},{"type":"Feature","properties":{"layer":"land","subtype":"tree","class":"tree","name":""},"geometry":{"type":"Point","coordinates":[54.4760174,24.4140535]}},{"type":"Feature","properties":{"layer":"land","subtype":"tree","class":"tree","name":""},"geometry":{"type":"Point","coordinates":[54.4759876,24.4140506]}},{"type":"Feature","properties":{"layer":"land","subtype":"tree","class":"tree","name":""},"geometry":{"type":"Point","coordinates":[54.4759141,24.4141611]}},{"type":"Feature","properties":{"layer":"land","subtype":"tree","class":"tree","name":""},"geometry":{"type":"Point","coordinates":[54.4765482,24.4141389]}},{"type":"Feature","properties":{"layer":"land","subtype":"tree","class":"tree","name":""},"geometry":{"type":"Point","coordinates":[54.4765006,24.4143517]}},{"type":"Feature","properties":{"layer":"land","subtype":"tree","class":"tree","name":""},"geometry":{"type":"Point","coordinates":[54.476391,24.4142697]}},{"type":"Feature","properties":{"layer":"land","subtype":"tree","class":"tree","name":""},"geometry":{"type":"Point","coordinates":[54.4766918,24.4142328]}},{"type":"Feature","properties":{"layer":"land","subtype":"tree","class":"tree_row","name":""},"geometry":{"type":"LineString","coordinates":[[54.476904,24.4140525],[54.4769883,24.4141243],[54.4770644,24.4141728],[54.4771404,24.4142151],[54.4772173,24.414252],[54.4772984,24.4142812],[54.4773542,24.4142974]]}},{"type":"Feature","properties":{"layer":"land","subtype":"tree","class":"tree","name":""},"geometry":{"type":"Point","coordinates":[54.4769352,24.4137289]}},{"type":"Feature","properties":{"layer":"land","subtype":"tree","class":"tree","name":""},"geometry":{"type":"Point","coordinates":[54.4767246,24.4136751]}},{"type":"Feature","properties":{"layer":"land","subtype":"tree","class":"tree_row","name":""},"geometry":{"type":"LineString","coordinates":[[54.476407,24.4133779],[54.4764197,24.4134671],[54.4764666,24.4136222],[54.4765262,24.4137685],[54.4766049,24.4138965],[54.4766848,24.4139905],[54.4767721,24.4140797],[54.4768668,24.414165],[54.47697,24.4142338],[54.4770861,24.4143036],[54.4772053,24.4143588],[54.4772947,24.4143927]]}},{"type":"Feature","properties":{"layer":"land","subtype":"tree","class":"tree_row","name":""},"geometry":{"type":"LineString","coordinates":[[54.4761814,24.4141306],[54.4763061,24.4135774]]}},{"type":"Feature","properties":{"layer":"land","subtype":"tree","class":"tree","name":""},"geometry":{"type":"Point","coordinates":[54.4759876,24.4138558]}},{"type":"Feature","properties":{"layer":"land","subtype":"tree","class":"tree","name":""},"geometry":{"type":"Point","coordinates":[54.4760238,24.4138645]}},{"type":"Feature","properties":{"layer":"land","subtype":"tree","class":"tree","name":""},"geometry":{"type":"Point","coordinates":[54.4760653,24.4138732]}},{"type":"Feature","properties":{"layer":"land","subtype":"tree","class":"tree","name":""},"geometry":{"type":"Point","coordinates":[54.476061,24.4139062]}},{"type":"Feature","properties":{"layer":"land","subtype":"tree","class":"tree","name":""},"geometry":{"type":"Point","coordinates":[54.4757364,24.4139595]}},{"type":"Feature","properties":{"layer":"land","subtype":"tree","class":"tree","name":""},"geometry":{"type":"Point","coordinates":[54.4755831,24.4139013]}},{"type":"Feature","properties":{"layer":"land","subtype":"tree","class":"tree","name":""},"geometry":{"type":"Point","coordinates":[54.4755735,24.4139294]}},{"type":"Feature","properties":{"layer":"land","subtype":"tree","class":"tree","name":""},"geometry":{"type":"Point","coordinates":[54.4755373,24.4139585]}},{"type":"Feature","properties":{"layer":"land","subtype":"tree","class":"tree","name":""},"geometry":{"type":"Point","coordinates":[54.4755448,24.4139246]}},{"type":"Feature","properties":{"layer":"land","subtype":"tree","class":"tree","name":""},"geometry":{"type":"Point","coordinates":[54.4755629,24.4139663]}},{"type":"Feature","properties":{"layer":"land","subtype":"tree","class":"tree","name":""},"geometry":{"type":"Point","coordinates":[54.4755533,24.4138916]}},{"type":"Feature","properties":{"layer":"land","subtype":"tree","class":"tree","name":""},"geometry":{"type":"Point","coordinates":[54.4755916,24.4138655]}},{"type":"Feature","properties":{"layer":"land","subtype":"tree","class":"tree","name":""},"geometry":{"type":"Point","coordinates":[54.4755788,24.4137773]}},{"type":"Feature","properties":{"layer":"land","subtype":"tree","class":"tree","name":""},"geometry":{"type":"Point","coordinates":[54.4755618,24.4138587]}},{"type":"Feature","properties":{"layer":"land","subtype":"tree","class":"tree","name":""},"geometry":{"type":"Point","coordinates":[54.4755682,24.413817]}},{"type":"Feature","properties":{"layer":"land","subtype":"tree","class":"tree","name":""},"geometry":{"type":"Point","coordinates":[54.4758513,24.4138306]}},{"type":"Feature","properties":{"layer":"land","subtype":"tree","class":"tree","name":""},"geometry":{"type":"Point","coordinates":[54.4756171,24.4137889]}},{"type":"Feature","properties":{"layer":"land","subtype":"tree","class":"tree","name":""},"geometry":{"type":"Point","coordinates":[54.4756012,24.4138335]}},{"type":"Feature","properties":{"layer":"land","subtype":"tree","class":"tree","name":""},"geometry":{"type":"Point","coordinates":[54.4758226,24.4138228]}},{"type":"Feature","properties":{"layer":"land","subtype":"tree","class":"tree","name":""},"geometry":{"type":"Point","coordinates":[54.4757736,24.413816]}},{"type":"Feature","properties":{"layer":"land","subtype":"tree","class":"tree","name":""},"geometry":{"type":"Point","coordinates":[54.4757715,24.413849]}},{"type":"Feature","properties":{"layer":"land","subtype":"tree","class":"tree","name":""},"geometry":{"type":"Point","coordinates":[54.4756352,24.4136735]}},{"type":"Feature","properties":{"layer":"land","subtype":"tree","class":"tree","name":""},"geometry":{"type":"Point","coordinates":[54.4755235,24.4136542]}},{"type":"Feature","properties":{"layer":"land","subtype":"tree","class":"tree","name":""},"geometry":{"type":"Point","coordinates":[54.4753915,24.4136173]}},{"type":"Feature","properties":{"layer":"land","subtype":"tree","class":"tree","name":""},"geometry":{"type":"Point","coordinates":[54.4753638,24.4135805]}},{"type":"Feature","properties":{"layer":"land","subtype":"tree","class":"tree","name":""},"geometry":{"type":"Point","coordinates":[54.4755639,24.4136561]}},{"type":"Feature","properties":{"layer":"land","subtype":"tree","class":"tree","name":""},"geometry":{"type":"Point","coordinates":[54.4755735,24.4136193]}},{"type":"Feature","properties":{"layer":"land","subtype":"tree","class":"tree","name":""},"geometry":{"type":"Point","coordinates":[54.4754043,24.4135892]}},{"type":"Feature","properties":{"layer":"land","subtype":"tree","class":"tree","name":""},"geometry":{"type":"Point","coordinates":[54.4755362,24.4136134]}},{"type":"Feature","properties":{"layer":"land","subtype":"tree","class":"tree","name":""},"geometry":{"type":"Point","coordinates":[54.4753553,24.4136115]}},{"type":"Feature","properties":{"layer":"land","subtype":"tree","class":"tree","name":""},"geometry":{"type":"Point","coordinates":[54.4756022,24.4136658]}},{"type":"Feature","properties":{"layer":"land","subtype":"tree","class":"tree","name":""},"geometry":{"type":"Point","coordinates":[54.4756118,24.413629]}},{"type":"Feature","properties":{"layer":"land","subtype":"tree","class":"tree","name":""},"geometry":{"type":"Point","coordinates":[54.4756491,24.4136348]}},{"type":"Feature","properties":{"layer":"land","subtype":"tree","class":"tree","name":""},"geometry":{"type":"Point","coordinates":[54.4768064,24.4133369]}},{"type":"Feature","properties":{"layer":"land","subtype":"tree","class":"tree","name":""},"geometry":{"type":"Point","coordinates":[54.4765797,24.4133038]}},{"type":"Feature","properties":{"layer":"land","subtype":"tree","class":"tree","name":""},"geometry":{"type":"Point","coordinates":[54.4766548,24.4135041]}},{"type":"Feature","properties":{"layer":"land","subtype":"tree","class":"tree_row","name":""},"geometry":{"type":"LineString","coordinates":[[54.4765524,24.4129596],[54.476538,24.4130342],[54.4765245,24.4131242],[54.4765161,24.4132288],[54.4765195,24.4133296],[54.4765296,24.4134296],[54.4765541,24.4135273],[54.4765887,24.413625],[54.476631,24.4137189],[54.4766817,24.4138097],[54.4767459,24.4138943],[54.4768498,24.4140028]]}},{"type":"Feature","properties":{"layer":"land","subtype":"tree","class":"tree","name":""},"geometry":{"type":"Point","coordinates":[54.4768855,24.4135396]}},{"type":"Feature","properties":{"layer":"land","subtype":"tree","class":"tree","name":""},"geometry":{"type":"Point","coordinates":[54.4770296,24.4133753]}},{"type":"Feature","properties":{"layer":"land","subtype":"tree","class":"tree","name":""},"geometry":{"type":"Point","coordinates":[54.4769821,24.4132159]}},{"type":"Feature","properties":{"layer":"land","subtype":"tree","class":"tree","name":""},"geometry":{"type":"Point","coordinates":[54.4789222,24.4139451]}},{"type":"Feature","properties":{"layer":"land","subtype":"tree","class":"tree","name":""},"geometry":{"type":"Point","coordinates":[54.4790433,24.4139474]}},{"type":"Feature","properties":{"layer":"land","subtype":"tree","class":"tree","name":""},"geometry":{"type":"Point","coordinates":[54.4791171,24.4138803]}},{"type":"Feature","properties":{"layer":"land","subtype":"tree","class":"tree","name":""},"geometry":{"type":"Point","coordinates":[54.4768962,24.4130352]}},{"type":"Feature","properties":{"layer":"land","subtype":"tree","class":"tree","name":""},"geometry":{"type":"Point","coordinates":[54.4770943,24.4130666]}},{"type":"Feature","properties":{"layer":"land","subtype":"shrub","class":"shrubbery","name":""},"geometry":{"type":"Polygon","coordinates":[[[54.4772904,24.4129503],[54.4772947,24.4129303],[54.4772337,24.4129196],[54.4772295,24.4129396],[54.4772904,24.4129503]]]}},{"type":"Feature","properties":{"layer":"land","subtype":"shrub","class":"shrubbery","name":""},"geometry":{"type":"Polygon","coordinates":[[[54.4771713,24.4129272],[54.4771755,24.4129072],[54.4771146,24.4128966],[54.4771104,24.4129166],[54.4771713,24.4129272]]]}},{"type":"Feature","properties":{"layer":"land","subtype":"shrub","class":"shrubbery","name":""},"geometry":{"type":"Polygon","coordinates":[[[54.4771983,24.4128218],[54.4772026,24.4128018],[54.4771416,24.4127912],[54.4771374,24.4128112],[54.4771983,24.4128218]]]}},{"type":"Feature","properties":{"layer":"land","subtype":"shrub","class":"shrubbery","name":""},"geometry":{"type":"Polygon","coordinates":[[[54.4773175,24.4128434],[54.4773217,24.4128234],[54.4772607,24.4128127],[54.4772565,24.4128327],[54.4773175,24.4128434]]]}},{"type":"Feature","properties":{"layer":"land","subtype":"shrub","class":"shrubbery","name":""},"geometry":{"type":"Polygon","coordinates":[[[54.4769348,24.4128857],[54.476939,24.4128657],[54.476878,24.412855],[54.4768738,24.412875],[54.4769348,24.4128857]]]}},{"type":"Feature","properties":{"layer":"land","subtype":"shrub","class":"shrubbery","name":""},"geometry":{"type":"Polygon","coordinates":[[[54.4770809,24.4128003],[54.4770851,24.4127803],[54.4770242,24.4127696],[54.47702,24.4127896],[54.4770809,24.4128003]]]}},{"type":"Feature","properties":{"layer":"land","subtype":"shrub","class":"shrubbery","name":""},"geometry":{"type":"Polygon","coordinates":[[[54.4770539,24.4129049],[54.4770581,24.4128849],[54.4769972,24.4128742],[54.4769929,24.4128942],[54.4770539,24.4129049]]]}},{"type":"Feature","properties":{"layer":"land","subtype":"shrub","class":"shrubbery","name":""},"geometry":{"type":"Polygon","coordinates":[[[54.4766965,24.4128418],[54.4767007,24.4128218],[54.4766398,24.4128112],[54.4766356,24.4128312],[54.4766965,24.4128418]]]}},{"type":"Feature","properties":{"layer":"land","subtype":"shrub","class":"shrubbery","name":""},"geometry":{"type":"Polygon","coordinates":[[[54.4768207,24.4128649],[54.4768249,24.4128449],[54.476764,24.4128342],[54.4767598,24.4128542],[54.4768207,24.4128649]]]}},{"type":"Feature","properties":{"layer":"land","subtype":"tree","class":"tree","name":""},"geometry":{"type":"Point","coordinates":[54.4766588,24.4129925]}},{"type":"Feature","properties":{"layer":"land","subtype":"tree","class":"tree","name":""},"geometry":{"type":"Point","coordinates":[54.4767232,24.4131756]}},{"type":"Feature","properties":{"layer":"land","subtype":"tree","class":"tree","name":""},"geometry":{"type":"Point","coordinates":[54.4767541,24.4125736]}},{"type":"Feature","properties":{"layer":"land","subtype":"shrub","class":"shrubbery","name":""},"geometry":{"type":"Polygon","coordinates":[[[54.4767282,24.4127325],[54.4767325,24.4127125],[54.4766715,24.4127019],[54.4766673,24.4127219],[54.4767282,24.4127325]]]}},{"type":"Feature","properties":{"layer":"land","subtype":"shrub","class":"shrubbery","name":""},"geometry":{"type":"Polygon","coordinates":[[[54.476846,24.4127572],[54.4768503,24.4127372],[54.4767893,24.4127265],[54.4767851,24.4127465],[54.476846,24.4127572]]]}},{"type":"Feature","properties":{"layer":"land","subtype":"tree","class":"tree","name":""},"geometry":{"type":"Point","coordinates":[54.4769874,24.4126139]}},{"type":"Feature","properties":{"layer":"land","subtype":"shrub","class":"shrubbery","name":""},"geometry":{"type":"Polygon","coordinates":[[[54.4769609,24.412778],[54.4769652,24.412758],[54.4769042,24.4127473],[54.4769,24.4127673],[54.4769609,24.412778]]]}},{"type":"Feature","properties":{"layer":"land","subtype":"tree","class":"tree","name":""},"geometry":{"type":"Point","coordinates":[54.4772079,24.4126547]}},{"type":"Feature","properties":{"layer":"land","subtype":"tree","class":"tree","name":""},"geometry":{"type":"Point","coordinates":[54.4771413,24.4124942]}},{"type":"Feature","properties":{"layer":"land","subtype":"tree","class":"tree","name":""},"geometry":{"type":"Point","coordinates":[54.476908,24.4124387]}},{"type":"Feature","properties":{"layer":"land","subtype":"tree","class":"tree","name":""},"geometry":{"type":"Point","coordinates":[54.4772782,24.4123447]}},{"type":"Feature","properties":{"layer":"land","subtype":"tree","class":"tree","name":""},"geometry":{"type":"Point","coordinates":[54.4770669,24.4123026]}},{"type":"Feature","properties":{"layer":"land","subtype":"tree","class":"tree","name":""},"geometry":{"type":"Point","coordinates":[54.4772224,24.4121803]}},{"type":"Feature","properties":{"layer":"land","subtype":"tree","class":"tree","name":""},"geometry":{"type":"Point","coordinates":[54.4773576,24.4120075]}},{"type":"Feature","properties":{"layer":"land","subtype":"tree","class":"tree_row","name":""},"geometry":{"type":"LineString","coordinates":[[54.4766629,24.4124893],[54.4766816,24.4124246],[54.4767098,24.4123489],[54.47675,24.4122585],[54.4768091,24.4121633],[54.4768721,24.4120815],[54.4769579,24.411996],[54.4770464,24.4119264],[54.4771376,24.4118677],[54.4772449,24.411814],[54.4773428,24.4117737]]}},{"type":"Feature","properties":{"layer":"land","subtype":"tree","class":"tree","name":""},"geometry":{"type":"Point","coordinates":[54.4770044,24.4121264]}},{"type":"Feature","properties":{"layer":"land","subtype":"tree","class":"tree","name":""},"geometry":{"type":"Point","coordinates":[54.4768353,24.4122722]}},{"type":"Feature","properties":{"layer":"land","subtype":"tree","class":"tree","name":""},"geometry":{"type":"Point","coordinates":[54.4771464,24.4119656]}},{"type":"Feature","properties":{"layer":"land","subtype":"tree","class":"tree","name":""},"geometry":{"type":"Point","coordinates":[54.4787594,24.411736]}},{"type":"Feature","properties":{"layer":"land","subtype":"tree","class":"tree","name":""},"geometry":{"type":"Point","coordinates":[54.478753,24.411641]}},{"type":"Feature","properties":{"layer":"land","subtype":"tree","class":"tree","name":""},"geometry":{"type":"Point","coordinates":[54.4787381,24.4116972]}},{"type":"Feature","properties":{"layer":"land","subtype":"tree","class":"tree","name":""},"geometry":{"type":"Point","coordinates":[54.4805519,24.4117166]}},{"type":"Feature","properties":{"layer":"land","subtype":"tree","class":"tree","name":""},"geometry":{"type":"Point","coordinates":[54.480554,24.4118833]}},{"type":"Feature","properties":{"layer":"land","subtype":"tree","class":"tree","name":""},"geometry":{"type":"Point","coordinates":[54.4805497,24.4119783]}},{"type":"Feature","properties":{"layer":"land","subtype":"tree","class":"tree_row","name":""},"geometry":{"type":"LineString","coordinates":[[54.4801873,24.4132685],[54.4805007,24.4130244],[54.4806258,24.4129033]]}},{"type":"Feature","properties":{"layer":"land","subtype":"tree","class":"tree_row","name":""},"geometry":{"type":"LineString","coordinates":[[54.4806808,24.4128264],[54.4807452,24.4127324],[54.4807935,24.412609],[54.4808082,24.4125174]]}},{"type":"Feature","properties":{"layer":"land","subtype":"tree","class":"tree_row","name":""},"geometry":{"type":"LineString","coordinates":[[54.4820861,24.4118012],[54.4825996,24.4116138]]}},{"type":"Feature","properties":{"layer":"land","subtype":"tree","class":"tree_row","name":""},"geometry":{"type":"LineString","coordinates":[[54.4827352,24.4115633],[54.4830651,24.4114405],[54.4831616,24.4114209],[54.4833333,24.4114429]]}},{"type":"Feature","properties":{"layer":"land","subtype":"sand","class":"sand","name":""},"geometry":{"type":"Polygon","coordinates":[[[54.4825487,24.4105037],[54.4816875,24.4106554],[54.481085,24.410714],[54.4809177,24.4106871],[54.4810652,24.4115689],[54.4811188,24.4115713],[54.4813066,24.4116617],[54.481438,24.4117716],[54.4814353,24.4118155],[54.4814621,24.4118326],[54.481497,24.4118326],[54.4815212,24.4118033],[54.4815668,24.4117252],[54.4816258,24.4116641],[54.4817035,24.4116128],[54.4818108,24.4115689],[54.4818779,24.4115884],[54.4825232,24.4109895],[54.4827055,24.4106329],[54.4826975,24.410606],[54.4826519,24.4105938],[54.4826599,24.410567],[54.4825487,24.4105037]]]}},{"type":"Feature","properties":{"layer":"land","subtype":"sand","class":"sand","name":""},"geometry":{"type":"Polygon","coordinates":[[[54.4806541,24.410725],[54.4807118,24.4106725],[54.4806313,24.4106542],[54.4806541,24.410725]]]}},{"type":"Feature","properties":{"layer":"land","subtype":"tree","class":"tree","name":""},"geometry":{"type":"Point","coordinates":[54.4801878,24.4103034]}},{"type":"Feature","properties":{"layer":"land","subtype":"tree","class":"tree","name":""},"geometry":{"type":"Point","coordinates":[54.4801623,24.4102452]}},{"type":"Feature","properties":{"layer":"land","subtype":"tree","class":"tree_row","name":""},"geometry":{"type":"LineString","coordinates":[[54.4807851,24.4119386],[54.4807137,24.4112781],[54.4805917,24.4107091],[54.4802415,24.4097258],[54.4797069,24.4082259]]}},{"type":"Feature","properties":{"layer":"land","subtype":"tree","class":"tree","name":""},"geometry":{"type":"Point","coordinates":[54.4801325,24.4101813]}},{"type":"Feature","properties":{"layer":"land","subtype":"tree","class":"tree","name":""},"geometry":{"type":"Point","coordinates":[54.4802581,24.410472]}},{"type":"Feature","properties":{"layer":"land","subtype":"tree","class":"tree","name":""},"geometry":{"type":"Point","coordinates":[54.4801751,24.4105535]}},{"type":"Feature","properties":{"layer":"land","subtype":"tree","class":"tree","name":""},"geometry":{"type":"Point","coordinates":[54.480307,24.4106232]}},{"type":"Feature","properties":{"layer":"land","subtype":"tree","class":"tree","name":""},"geometry":{"type":"Point","coordinates":[54.4803347,24.4106911]}},{"type":"Feature","properties":{"layer":"land","subtype":"tree","class":"tree","name":""},"geometry":{"type":"Point","coordinates":[54.4803581,24.4107648]}},{"type":"Feature","properties":{"layer":"land","subtype":"tree","class":"tree","name":""},"geometry":{"type":"Point","coordinates":[54.4801091,24.4107938]}},{"type":"Feature","properties":{"layer":"land","subtype":"tree","class":"tree","name":""},"geometry":{"type":"Point","coordinates":[54.4803454,24.4111331]}},{"type":"Feature","properties":{"layer":"land","subtype":"tree","class":"tree","name":""},"geometry":{"type":"Point","coordinates":[54.4803049,24.4109974]}},{"type":"Feature","properties":{"layer":"land","subtype":"tree","class":"tree","name":""},"geometry":{"type":"Point","coordinates":[54.4800899,24.410945]}},{"type":"Feature","properties":{"layer":"land","subtype":"tree","class":"tree","name":""},"geometry":{"type":"Point","coordinates":[54.4802049,24.4108617]}},{"type":"Feature","properties":{"layer":"land","subtype":"shrub","class":"scrub","name":""},"geometry":{"type":"Polygon","coordinates":[[[54.4808104,24.411349],[54.4808882,24.4119914],[54.4809391,24.41205],[54.481041,24.4120964],[54.4813093,24.4120012],[54.4812663,24.4118961],[54.4811537,24.4118302],[54.4811188,24.4115713],[54.4810652,24.4115689],[54.4809177,24.4106871],[54.4807675,24.4107189],[54.4807111,24.4108117],[54.4808104,24.411349]]]}},{"type":"Feature","properties":{"layer":"land","subtype":"tree","class":"tree","name":""},"geometry":{"type":"Point","coordinates":[54.4805327,24.4114568]}},{"type":"Feature","properties":{"layer":"land","subtype":"tree","class":"tree","name":""},"geometry":{"type":"Point","coordinates":[54.4805348,24.4115518]}},{"type":"Feature","properties":{"layer":"land","subtype":"tree","class":"tree","name":""},"geometry":{"type":"Point","coordinates":[54.4787253,24.411515]}},{"type":"Feature","properties":{"layer":"land","subtype":"tree","class":"tree","name":""},"geometry":{"type":"Point","coordinates":[54.4787359,24.4115945]}},{"type":"Feature","properties":{"layer":"land","subtype":"tree","class":"tree","name":""},"geometry":{"type":"Point","coordinates":[54.4787274,24.4114239]}},{"type":"Feature","properties":{"layer":"land","subtype":"tree","class":"tree","name":""},"geometry":{"type":"Point","coordinates":[54.4787295,24.4114723]}},{"type":"Feature","properties":{"layer":"land","subtype":"tree","class":"tree","name":""},"geometry":{"type":"Point","coordinates":[54.4787913,24.411011]}},{"type":"Feature","properties":{"layer":"land","subtype":"tree","class":"tree","name":""},"geometry":{"type":"Point","coordinates":[54.4787849,24.4109005]}},{"type":"Feature","properties":{"layer":"land","subtype":"tree","class":"tree","name":""},"geometry":{"type":"Point","coordinates":[54.4766535,24.4112327]}},{"type":"Feature","properties":{"layer":"land","subtype":"tree","class":"tree","name":""},"geometry":{"type":"Point","coordinates":[54.4766226,24.4112266]}},{"type":"Feature","properties":{"layer":"land","subtype":"tree","class":"tree","name":""},"geometry":{"type":"Point","coordinates":[54.4766897,24.4112327]}},{"type":"Feature","properties":{"layer":"land","subtype":"tree","class":"tree","name":""},"geometry":{"type":"Point","coordinates":[54.4764617,24.4113023]}},{"type":"Feature","properties":{"layer":"land","subtype":"tree","class":"tree","name":""},"geometry":{"type":"Point","coordinates":[54.4763826,24.4112938]}},{"type":"Feature","properties":{"layer":"land","subtype":"tree","class":"tree","name":""},"geometry":{"type":"Point","coordinates":[54.4764215,24.4112974]}},{"type":"Feature","properties":{"layer":"land","subtype":"tree","class":"tree","name":""},"geometry":{"type":"Point","coordinates":[54.4765757,24.411328]}},{"type":"Feature","properties":{"layer":"land","subtype":"tree","class":"tree","name":""},"geometry":{"type":"Point","coordinates":[54.4763745,24.4113365]}},{"type":"Feature","properties":{"layer":"land","subtype":"tree","class":"tree","name":""},"geometry":{"type":"Point","coordinates":[54.4764027,24.4114953]}},{"type":"Feature","properties":{"layer":"land","subtype":"tree","class":"tree","name":""},"geometry":{"type":"Point","coordinates":[54.4763692,24.4114831]}},{"type":"Feature","properties":{"layer":"land","subtype":"tree","class":"tree","name":""},"geometry":{"type":"Point","coordinates":[54.476628,24.4115099]}},{"type":"Feature","properties":{"layer":"land","subtype":"tree","class":"tree","name":""},"geometry":{"type":"Point","coordinates":[54.4766186,24.4115368]}},{"type":"Feature","properties":{"layer":"land","subtype":"tree","class":"tree","name":""},"geometry":{"type":"Point","coordinates":[54.4765918,24.4115295]}},{"type":"Feature","properties":{"layer":"land","subtype":"tree","class":"tree","name":""},"geometry":{"type":"Point","coordinates":[54.4765341,24.4115246]}},{"type":"Feature","properties":{"layer":"land","subtype":"tree","class":"tree","name":""},"geometry":{"type":"Point","coordinates":[54.4761452,24.4115649]}},{"type":"Feature","properties":{"layer":"land","subtype":"tree","class":"tree","name":""},"geometry":{"type":"Point","coordinates":[54.4761372,24.411593]}},{"type":"Feature","properties":{"layer":"land","subtype":"tree","class":"tree","name":""},"geometry":{"type":"Point","coordinates":[54.4761103,24.4115832]}},{"type":"Feature","properties":{"layer":"land","subtype":"tree","class":"tree","name":""},"geometry":{"type":"Point","coordinates":[54.4761398,24.4114354]}},{"type":"Feature","properties":{"layer":"land","subtype":"tree","class":"tree","name":""},"geometry":{"type":"Point","coordinates":[54.4763196,24.4114794]}},{"type":"Feature","properties":{"layer":"land","subtype":"tree","class":"tree","name":""},"geometry":{"type":"Point","coordinates":[54.4761707,24.4114428]}},{"type":"Feature","properties":{"layer":"land","subtype":"tree","class":"tree","name":""},"geometry":{"type":"Point","coordinates":[54.4763397,24.4114171]}},{"type":"Feature","properties":{"layer":"land","subtype":"tree","class":"tree","name":""},"geometry":{"type":"Point","coordinates":[54.4763289,24.4114513]}},{"type":"Feature","properties":{"layer":"land","subtype":"tree","class":"tree","name":""},"geometry":{"type":"Point","coordinates":[54.4761787,24.4114098]}},{"type":"Feature","properties":{"layer":"land","subtype":"tree","class":"tree","name":""},"geometry":{"type":"Point","coordinates":[54.4760312,24.4115673]}},{"type":"Feature","properties":{"layer":"land","subtype":"tree","class":"tree","name":""},"geometry":{"type":"Point","coordinates":[54.4760366,24.411538]}},{"type":"Feature","properties":{"layer":"land","subtype":"tree","class":"tree","name":""},"geometry":{"type":"Point","coordinates":[54.4760647,24.4115392]}},{"type":"Feature","properties":{"layer":"land","subtype":"tree","class":"tree","name":""},"geometry":{"type":"Point","coordinates":[54.4756731,24.4114318]}},{"type":"Feature","properties":{"layer":"land","subtype":"tree","class":"tree","name":""},"geometry":{"type":"Point","coordinates":[54.4756651,24.4114721]}},{"type":"Feature","properties":{"layer":"land","subtype":"tree","class":"tree","name":""},"geometry":{"type":"Point","coordinates":[54.4756584,24.4114977]}},{"type":"Feature","properties":{"layer":"land","subtype":"tree","class":"tree","name":""},"geometry":{"type":"Point","coordinates":[54.4756973,24.4113206]}},{"type":"Feature","properties":{"layer":"land","subtype":"tree","class":"tree","name":""},"geometry":{"type":"Point","coordinates":[54.475814,24.4113756]}},{"type":"Feature","properties":{"layer":"land","subtype":"tree","class":"tree","name":""},"geometry":{"type":"Point","coordinates":[54.4756906,24.4113548]}},{"type":"Feature","properties":{"layer":"land","subtype":"tree","class":"tree","name":""},"geometry":{"type":"Point","coordinates":[54.4756825,24.4114012]}},{"type":"Feature","properties":{"layer":"land","subtype":"tree","class":"tree","name":""},"geometry":{"type":"Point","coordinates":[54.475822,24.41135]}},{"type":"Feature","properties":{"layer":"land","subtype":"tree","class":"tree","name":""},"geometry":{"type":"Point","coordinates":[54.4758435,24.4112669]}},{"type":"Feature","properties":{"layer":"land","subtype":"tree","class":"tree","name":""},"geometry":{"type":"Point","coordinates":[54.4758341,24.411306]}},{"type":"Feature","properties":{"layer":"land","subtype":"tree","class":"tree","name":""},"geometry":{"type":"Point","coordinates":[54.4758824,24.4113072]}},{"type":"Feature","properties":{"layer":"land","subtype":"tree","class":"tree","name":""},"geometry":{"type":"Point","coordinates":[54.4758891,24.4112742]}},{"type":"Feature","properties":{"layer":"land","subtype":"tree","class":"tree","name":""},"geometry":{"type":"Point","coordinates":[54.4758542,24.4112327]}},{"type":"Feature","properties":{"layer":"land","subtype":"tree","class":"tree","name":""},"geometry":{"type":"Point","coordinates":[54.4758931,24.4112364]}},{"type":"Feature","properties":{"layer":"land","subtype":"tree","class":"tree","name":""},"geometry":{"type":"Point","coordinates":[54.4758649,24.4113805]}},{"type":"Feature","properties":{"layer":"land","subtype":"tree","class":"tree","name":""},"geometry":{"type":"Point","coordinates":[54.4758716,24.4113475]}},{"type":"Feature","properties":{"layer":"land","subtype":"tree","class":"tree","name":""},"geometry":{"type":"Point","coordinates":[54.4761559,24.4113609]}},{"type":"Feature","properties":{"layer":"land","subtype":"tree","class":"tree","name":""},"geometry":{"type":"Point","coordinates":[54.47616,24.4113267]}},{"type":"Feature","properties":{"layer":"land","subtype":"tree","class":"tree","name":""},"geometry":{"type":"Point","coordinates":[54.4761479,24.4113988]}},{"type":"Feature","properties":{"layer":"land","subtype":"tree","class":"tree","name":""},"geometry":{"type":"Point","coordinates":[54.4761881,24.4113732]}},{"type":"Feature","properties":{"layer":"land","subtype":"tree","class":"tree","name":""},"geometry":{"type":"Point","coordinates":[54.4761989,24.4113438]}},{"type":"Feature","properties":{"layer":"land","subtype":"tree","class":"tree","name":""},"geometry":{"type":"Point","coordinates":[54.4762042,24.4113011]}},{"type":"Feature","properties":{"layer":"land","subtype":"tree","class":"tree","name":""},"geometry":{"type":"Point","coordinates":[54.4762149,24.4112645]}},{"type":"Feature","properties":{"layer":"land","subtype":"tree","class":"tree","name":""},"geometry":{"type":"Point","coordinates":[54.476168,24.4112889]}},{"type":"Feature","properties":{"layer":"land","subtype":"tree","class":"tree","name":""},"geometry":{"type":"Point","coordinates":[54.4761814,24.4112498]}},{"type":"Feature","properties":{"layer":"land","subtype":"tree","class":"tree","name":""},"geometry":{"type":"Point","coordinates":[54.4761305,24.4111265]}},{"type":"Feature","properties":{"layer":"land","subtype":"tree","class":"tree","name":""},"geometry":{"type":"Point","coordinates":[54.4761586,24.411135]}},{"type":"Feature","properties":{"layer":"land","subtype":"tree","class":"tree","name":""},"geometry":{"type":"Point","coordinates":[54.4762404,24.4111497]}},{"type":"Feature","properties":{"layer":"land","subtype":"tree","class":"tree","name":""},"geometry":{"type":"Point","coordinates":[54.4762471,24.4111179]}},{"type":"Feature","properties":{"layer":"land","subtype":"tree","class":"tree","name":""},"geometry":{"type":"Point","coordinates":[54.4762002,24.4111399]}},{"type":"Feature","properties":{"layer":"land","subtype":"tree","class":"tree","name":""},"geometry":{"type":"Point","coordinates":[54.4761693,24.4111008]}},{"type":"Feature","properties":{"layer":"land","subtype":"tree","class":"tree","name":""},"geometry":{"type":"Point","coordinates":[54.4761385,24.4110935]}},{"type":"Feature","properties":{"layer":"land","subtype":"tree","class":"tree","name":""},"geometry":{"type":"Point","coordinates":[54.4762109,24.4111081]}},{"type":"Feature","properties":{"layer":"land","subtype":"tree","class":"tree","name":""},"geometry":{"type":"Point","coordinates":[54.4758877,24.4110837]}},{"type":"Feature","properties":{"layer":"land","subtype":"tree","class":"tree","name":""},"geometry":{"type":"Point","coordinates":[54.475932,24.4110556]}},{"type":"Feature","properties":{"layer":"land","subtype":"tree","class":"tree","name":""},"geometry":{"type":"Point","coordinates":[54.4759025,24.4110483]}},{"type":"Feature","properties":{"layer":"land","subtype":"tree","class":"tree","name":""},"geometry":{"type":"Point","coordinates":[54.4760111,24.4110691]}},{"type":"Feature","properties":{"layer":"land","subtype":"tree","class":"tree","name":""},"geometry":{"type":"Point","coordinates":[54.4759293,24.4110911]}},{"type":"Feature","properties":{"layer":"land","subtype":"tree","class":"tree","name":""},"geometry":{"type":"Point","coordinates":[54.4759642,24.4110959]}},{"type":"Feature","properties":{"layer":"land","subtype":"tree","class":"tree","name":""},"geometry":{"type":"Point","coordinates":[54.4759709,24.411063]}},{"type":"Feature","properties":{"layer":"land","subtype":"tree","class":"tree","name":""},"geometry":{"type":"Point","coordinates":[54.476003,24.411102]}},{"type":"Feature","properties":{"layer":"land","subtype":"tree","class":"tree","name":""},"geometry":{"type":"Point","coordinates":[54.4758998,24.4112022]}},{"type":"Feature","properties":{"layer":"land","subtype":"tree","class":"tree","name":""},"geometry":{"type":"Point","coordinates":[54.4758609,24.4111985]}},{"type":"Feature","properties":{"layer":"land","subtype":"tree","class":"tree","name":""},"geometry":{"type":"Point","coordinates":[54.4757496,24.4111375]}},{"type":"Feature","properties":{"layer":"land","subtype":"tree","class":"tree","name":""},"geometry":{"type":"Point","coordinates":[54.4757415,24.4111765]}},{"type":"Feature","properties":{"layer":"land","subtype":"tree","class":"tree","name":""},"geometry":{"type":"Point","coordinates":[54.4757348,24.4112046]}},{"type":"Feature","properties":{"layer":"land","subtype":"tree","class":"tree","name":""},"geometry":{"type":"Point","coordinates":[54.4757724,24.4110239]}},{"type":"Feature","properties":{"layer":"land","subtype":"tree","class":"tree","name":""},"geometry":{"type":"Point","coordinates":[54.4757536,24.4110984]}},{"type":"Feature","properties":{"layer":"land","subtype":"tree","class":"tree","name":""},"geometry":{"type":"Point","coordinates":[54.4757617,24.4110642]}},{"type":"Feature","properties":{"layer":"land","subtype":"tree","class":"tree","name":""},"geometry":{"type":"Point","coordinates":[54.4757818,24.4108859]}},{"type":"Feature","properties":{"layer":"land","subtype":"tree","class":"tree","name":""},"geometry":{"type":"Point","coordinates":[54.4759642,24.4109274]}},{"type":"Feature","properties":{"layer":"land","subtype":"tree","class":"tree","name":""},"geometry":{"type":"Point","coordinates":[54.4762605,24.4109836]}},{"type":"Feature","properties":{"layer":"land","subtype":"tree","class":"tree","name":""},"geometry":{"type":"Point","coordinates":[54.4762905,24.4108209]}},{"type":"Feature","properties":{"layer":"land","subtype":"tree","class":"tree","name":""},"geometry":{"type":"Point","coordinates":[54.4765059,24.4108771]}},{"type":"Feature","properties":{"layer":"land","subtype":"tree","class":"tree","name":""},"geometry":{"type":"Point","coordinates":[54.4764629,24.4109301]}},{"type":"Feature","properties":{"layer":"land","subtype":"tree","class":"tree","name":""},"geometry":{"type":"Point","coordinates":[54.4764175,24.4111448]}},{"type":"Feature","properties":{"layer":"land","subtype":"tree","class":"tree","name":""},"geometry":{"type":"Point","coordinates":[54.4764107,24.4111753]}},{"type":"Feature","properties":{"layer":"land","subtype":"tree","class":"tree","name":""},"geometry":{"type":"Point","coordinates":[54.4764537,24.4111558]}},{"type":"Feature","properties":{"layer":"land","subtype":"tree","class":"tree","name":""},"geometry":{"type":"Point","coordinates":[54.476451,24.4111887]}},{"type":"Feature","properties":{"layer":"land","subtype":"tree","class":"tree","name":""},"geometry":{"type":"Point","coordinates":[54.4764912,24.4111631]}},{"type":"Feature","properties":{"layer":"land","subtype":"tree","class":"tree","name":""},"geometry":{"type":"Point","coordinates":[54.4764872,24.4111961]}},{"type":"Feature","properties":{"layer":"land","subtype":"tree","class":"tree","name":""},"geometry":{"type":"Point","coordinates":[54.4766307,24.4111863]}},{"type":"Feature","properties":{"layer":"land","subtype":"tree","class":"tree_row","name":""},"geometry":{"type":"LineString","coordinates":[[54.4768184,24.4112767],[54.476852,24.4111411]]}},{"type":"Feature","properties":{"layer":"land","subtype":"tree","class":"tree","name":""},"geometry":{"type":"Point","coordinates":[54.4766629,24.4111997]}},{"type":"Feature","properties":{"layer":"land","subtype":"tree","class":"tree","name":""},"geometry":{"type":"Point","coordinates":[54.4767031,24.4112034]}},{"type":"Feature","properties":{"layer":"land","subtype":"tree","class":"tree_row","name":""},"geometry":{"type":"LineString","coordinates":[[54.4764789,24.4110125],[54.4768016,24.4110755]]}},{"type":"Feature","properties":{"layer":"land","subtype":"tree","class":"tree","name":""},"geometry":{"type":"Point","coordinates":[54.4770323,24.4108156]}},{"type":"Feature","properties":{"layer":"land","subtype":"tree","class":"tree","name":""},"geometry":{"type":"Point","coordinates":[54.4770703,24.4106301]}},{"type":"Feature","properties":{"layer":"land","subtype":"tree","class":"tree","name":""},"geometry":{"type":"Point","coordinates":[54.4770618,24.410674]}},{"type":"Feature","properties":{"layer":"land","subtype":"tree","class":"tree","name":""},"geometry":{"type":"Point","coordinates":[54.4771066,24.4104855]}},{"type":"Feature","properties":{"layer":"land","subtype":"tree","class":"tree_row","name":""},"geometry":{"type":"LineString","coordinates":[[54.4766354,24.4105545],[54.4770536,24.4106419]]}},{"type":"Feature","properties":{"layer":"land","subtype":"tree","class":"tree","name":""},"geometry":{"type":"Point","coordinates":[54.4764517,24.4104788]}},{"type":"Feature","properties":{"layer":"land","subtype":"tree","class":"tree","name":""},"geometry":{"type":"Point","coordinates":[54.4764937,24.4105607]}},{"type":"Feature","properties":{"layer":"land","subtype":"tree","class":"tree","name":""},"geometry":{"type":"Point","coordinates":[54.4764362,24.4105544]}},{"type":"Feature","properties":{"layer":"land","subtype":"tree","class":"tree","name":""},"geometry":{"type":"Point","coordinates":[54.4764602,24.410694]}},{"type":"Feature","properties":{"layer":"land","subtype":"tree","class":"tree_row","name":""},"geometry":{"type":"LineString","coordinates":[[54.4766001,24.4107506],[54.4769645,24.4108324]]}},{"type":"Feature","properties":{"layer":"land","subtype":"tree","class":"tree_row","name":""},"geometry":{"type":"LineString","coordinates":[[54.4757088,24.4105821],[54.476389,24.4107166]]}},{"type":"Feature","properties":{"layer":"land","subtype":"tree","class":"tree","name":""},"geometry":{"type":"Point","coordinates":[54.4760066,24.4107678]}},{"type":"Feature","properties":{"layer":"land","subtype":"tree","class":"tree","name":""},"geometry":{"type":"Point","coordinates":[54.4758046,24.4107271]}},{"type":"Feature","properties":{"layer":"land","subtype":"tree","class":"tree","name":""},"geometry":{"type":"Point","coordinates":[54.4756022,24.4105244]}},{"type":"Feature","properties":{"layer":"land","subtype":"tree","class":"tree","name":""},"geometry":{"type":"Point","coordinates":[54.4757234,24.4105433]}},{"type":"Feature","properties":{"layer":"land","subtype":"tree","class":"tree","name":""},"geometry":{"type":"Point","coordinates":[54.4754798,24.410504]}},{"type":"Feature","properties":{"layer":"land","subtype":"tree","class":"tree","name":""},"geometry":{"type":"Point","coordinates":[54.475364,24.4104713]}},{"type":"Feature","properties":{"layer":"land","subtype":"tree","class":"tree","name":""},"geometry":{"type":"Point","coordinates":[54.475354,24.410514]}},{"type":"Feature","properties":{"layer":"land","subtype":"tree","class":"tree_row","name":""},"geometry":{"type":"LineString","coordinates":[[54.4757744,24.4103852],[54.4764206,24.4105153]]}},{"type":"Feature","properties":{"layer":"land","subtype":"tree","class":"tree_row","name":""},"geometry":{"type":"LineString","coordinates":[[54.4758146,24.4102018],[54.4764638,24.410326]]}},{"type":"Feature","properties":{"layer":"land","subtype":"tree","class":"tree","name":""},"geometry":{"type":"Point","coordinates":[54.4757509,24.4104172]}},{"type":"Feature","properties":{"layer":"land","subtype":"tree","class":"tree","name":""},"geometry":{"type":"Point","coordinates":[54.4757657,24.4103544]}},{"type":"Feature","properties":{"layer":"land","subtype":"tree","class":"tree","name":""},"geometry":{"type":"Point","coordinates":[54.4753935,24.4103461]}},{"type":"Feature","properties":{"layer":"land","subtype":"tree","class":"tree","name":""},"geometry":{"type":"Point","coordinates":[54.4754136,24.410282]}},{"type":"Feature","properties":{"layer":"land","subtype":"tree","class":"tree","name":""},"geometry":{"type":"Point","coordinates":[54.475798,24.4102312]}},{"type":"Feature","properties":{"layer":"land","subtype":"tree","class":"tree_row","name":""},"geometry":{"type":"LineString","coordinates":[[54.4757288,24.4099679],[54.4756196,24.4104392]]}},{"type":"Feature","properties":{"layer":"land","subtype":"tree","class":"tree","name":""},"geometry":{"type":"Point","coordinates":[54.4758106,24.4101689]}},{"type":"Feature","properties":{"layer":"land","subtype":"tree","class":"tree","name":""},"geometry":{"type":"Point","coordinates":[54.4754317,24.4101635]}},{"type":"Feature","properties":{"layer":"land","subtype":"tree","class":"tree_row","name":""},"geometry":{"type":"LineString","coordinates":[[54.4756108,24.4099334],[54.4754962,24.4103977]]}},{"type":"Feature","properties":{"layer":"land","subtype":"tree","class":"tree","name":""},"geometry":{"type":"Point","coordinates":[54.475844,24.4100416]}},{"type":"Feature","properties":{"layer":"land","subtype":"tree","class":"tree_row","name":""},"geometry":{"type":"LineString","coordinates":[[54.4758655,24.4100078],[54.4765077,24.4101384]]}},{"type":"Feature","properties":{"layer":"land","subtype":"tree","class":"tree","name":""},"geometry":{"type":"Point","coordinates":[54.4765355,24.4101122]}},{"type":"Feature","properties":{"layer":"land","subtype":"tree","class":"tree","name":""},"geometry":{"type":"Point","coordinates":[54.4765294,24.4101703]}},{"type":"Feature","properties":{"layer":"land","subtype":"tree","class":"tree","name":""},"geometry":{"type":"Point","coordinates":[54.4764942,24.4103019]}},{"type":"Feature","properties":{"layer":"land","subtype":"tree","class":"tree","name":""},"geometry":{"type":"Point","coordinates":[54.4765491,24.4103145]}},{"type":"Feature","properties":{"layer":"land","subtype":"tree","class":"tree","name":""},"geometry":{"type":"Point","coordinates":[54.4764895,24.4103555]}},{"type":"Feature","properties":{"layer":"land","subtype":"tree","class":"tree","name":""},"geometry":{"type":"Point","coordinates":[54.4765336,24.4103703]}},{"type":"Feature","properties":{"layer":"land","subtype":"tree","class":"tree_row","name":""},"geometry":{"type":"LineString","coordinates":[[54.4766825,24.4103654],[54.4770992,24.4104514]]}},{"type":"Feature","properties":{"layer":"land","subtype":"tree","class":"tree","name":""},"geometry":{"type":"Point","coordinates":[54.4771151,24.4104247]}},{"type":"Feature","properties":{"layer":"land","subtype":"tree","class":"tree","name":""},"geometry":{"type":"Point","coordinates":[54.4771615,24.4102408]}},{"type":"Feature","properties":{"layer":"land","subtype":"tree","class":"tree","name":""},"geometry":{"type":"Point","coordinates":[54.4771531,24.4102955]}},{"type":"Feature","properties":{"layer":"land","subtype":"tree","class":"tree_row","name":""},"geometry":{"type":"LineString","coordinates":[[54.4767271,24.4101754],[54.4771455,24.4102622]]}},{"type":"Feature","properties":{"layer":"land","subtype":"tree","class":"tree_row","name":""},"geometry":{"type":"LineString","coordinates":[[54.4767732,24.4099866],[54.4771905,24.410071]]}},{"type":"Feature","properties":{"layer":"land","subtype":"tree","class":"tree","name":""},"geometry":{"type":"Point","coordinates":[54.477211,24.4100439]}},{"type":"Feature","properties":{"layer":"land","subtype":"tree","class":"tree","name":""},"geometry":{"type":"Point","coordinates":[54.4772008,24.4101039]}},{"type":"Feature","properties":{"layer":"land","subtype":"shrub","class":"scrub","name":""},"geometry":{"type":"Polygon","coordinates":[[[54.4781839,24.4098493],[54.4781616,24.4102147],[54.4781307,24.4105575],[54.4781145,24.4107163],[54.4780977,24.4108834],[54.4780818,24.4110317],[54.4780761,24.4112456],[54.4781074,24.4110681],[54.4781326,24.4108911],[54.4781525,24.4107224],[54.4781717,24.4105617],[54.4782129,24.410223],[54.4782353,24.4099044],[54.4782325,24.4096966],[54.4782082,24.4096663],[54.4781839,24.4098493]]]}},{"type":"Feature","properties":{"layer":"land","subtype":"tree","class":"tree","name":""},"geometry":{"type":"Point","coordinates":[54.4788062,24.4101871]}},{"type":"Feature","properties":{"layer":"land","subtype":"tree","class":"tree","name":""},"geometry":{"type":"Point","coordinates":[54.4787955,24.4101134]}},{"type":"Feature","properties":{"layer":"land","subtype":"tree","class":"tree","name":""},"geometry":{"type":"Point","coordinates":[54.478819,24.4093205]}},{"type":"Feature","properties":{"layer":"land","subtype":"tree","class":"tree","name":""},"geometry":{"type":"Point","coordinates":[54.478819,24.4094737]}},{"type":"Feature","properties":{"layer":"land","subtype":"tree","class":"tree","name":""},"geometry":{"type":"Point","coordinates":[54.4765938,24.4099217]}},{"type":"Feature","properties":{"layer":"land","subtype":"tree","class":"tree","name":""},"geometry":{"type":"Point","coordinates":[54.4765784,24.4099822]}},{"type":"Feature","properties":{"layer":"land","subtype":"tree","class":"tree_row","name":""},"geometry":{"type":"LineString","coordinates":[[54.4759023,24.4098137],[54.4765513,24.4099444]]}},{"type":"Feature","properties":{"layer":"land","subtype":"tree","class":"tree","name":""},"geometry":{"type":"Point","coordinates":[54.4758617,24.409977]}},{"type":"Feature","properties":{"layer":"land","subtype":"tree","class":"tree_row","name":""},"geometry":{"type":"LineString","coordinates":[[54.4757604,24.4093376],[54.4756265,24.4098723]]}},{"type":"Feature","properties":{"layer":"land","subtype":"tree","class":"tree_row","name":""},"geometry":{"type":"LineString","coordinates":[[54.4758815,24.4093587],[54.4757456,24.4098926]]}},{"type":"Feature","properties":{"layer":"land","subtype":"tree","class":"tree","name":""},"geometry":{"type":"Point","coordinates":[54.4772477,24.4089645]}},{"type":"Feature","properties":{"layer":"land","subtype":"tree","class":"tree","name":""},"geometry":{"type":"Point","coordinates":[54.4771193,24.408943]}},{"type":"Feature","properties":{"layer":"land","subtype":"tree","class":"tree","name":""},"geometry":{"type":"Point","coordinates":[54.4773525,24.4089199]}},{"type":"Feature","properties":{"layer":"land","subtype":"tree","class":"tree","name":""},"geometry":{"type":"Point","coordinates":[54.4758694,24.4091228]}},{"type":"Feature","properties":{"layer":"land","subtype":"tree","class":"tree","name":""},"geometry":{"type":"Point","coordinates":[54.4759556,24.4091315]}},{"type":"Feature","properties":{"layer":"land","subtype":"tree","class":"tree","name":""},"geometry":{"type":"Point","coordinates":[54.4759684,24.4090637]}},{"type":"Feature","properties":{"layer":"land","subtype":"tree","class":"tree","name":""},"geometry":{"type":"Point","coordinates":[54.4757885,24.4091082]}},{"type":"Feature","properties":{"layer":"land","subtype":"tree","class":"tree","name":""},"geometry":{"type":"Point","coordinates":[54.4758034,24.4090307]}},{"type":"Feature","properties":{"layer":"land","subtype":"tree","class":"tree","name":""},"geometry":{"type":"Point","coordinates":[54.4758173,24.408958]}},{"type":"Feature","properties":{"layer":"land","subtype":"tree","class":"tree","name":""},"geometry":{"type":"Point","coordinates":[54.4758944,24.4089661]}},{"type":"Feature","properties":{"layer":"land","subtype":"tree","class":"tree","name":""},"geometry":{"type":"Point","coordinates":[54.4759801,24.4089832]}},{"type":"Feature","properties":{"layer":"land","subtype":"tree","class":"tree_row","name":""},"geometry":{"type":"LineString","coordinates":[[54.4754331,24.4085979],[54.4756584,24.4086419],[54.4756946,24.4084935]]}},{"type":"Feature","properties":{"layer":"land","subtype":"tree","class":"tree","name":""},"geometry":{"type":"Point","coordinates":[54.4754533,24.408486]}},{"type":"Feature","properties":{"layer":"land","subtype":"shrub","class":"scrub","name":""},"geometry":{"type":"Polygon","coordinates":[[[54.4759507,24.4087854],[54.475989,24.408797],[54.4759866,24.4087579],[54.4759876,24.4087174],[54.4759933,24.4086776],[54.4760027,24.4086382],[54.4760714,24.408354],[54.4760718,24.4083474],[54.4760675,24.4083421],[54.4760606,24.4083404],[54.4760539,24.4083431],[54.4760507,24.4083489],[54.4759803,24.4086342],[54.4759694,24.4086738],[54.4759541,24.4087121],[54.4759347,24.4087485],[54.4759112,24.4087829],[54.4759507,24.4087854]]]}},{"type":"Feature","properties":{"layer":"land","subtype":"tree","class":"tree_row","name":""},"geometry":{"type":"LineString","coordinates":[[54.4762897,24.408743],[54.4763302,24.4085537]]}},{"type":"Feature","properties":{"layer":"land","subtype":"tree","class":"tree_row","name":""},"geometry":{"type":"LineString","coordinates":[[54.4765448,24.4085029],[54.4763539,24.4084691]]}},{"type":"Feature","properties":{"layer":"land","subtype":"tree","class":"tree","name":""},"geometry":{"type":"Point","coordinates":[54.4765797,24.4087243]}},{"type":"Feature","properties":{"layer":"land","subtype":"tree","class":"tree","name":""},"geometry":{"type":"Point","coordinates":[54.4764939,24.4086694]}},{"type":"Feature","properties":{"layer":"land","subtype":"tree","class":"tree_row","name":""},"geometry":{"type":"LineString","coordinates":[[54.4763809,24.4087883],[54.4765532,24.4088237]]}},{"type":"Feature","properties":{"layer":"land","subtype":"tree","class":"tree","name":""},"geometry":{"type":"Point","coordinates":[54.4771564,24.4088342]}},{"type":"Feature","properties":{"layer":"land","subtype":"tree","class":"tree","name":""},"geometry":{"type":"Point","coordinates":[54.4773428,24.4087842]}},{"type":"Feature","properties":{"layer":"land","subtype":"tree","class":"tree","name":""},"geometry":{"type":"Point","coordinates":[54.4771723,24.4086255]}},{"type":"Feature","properties":{"layer":"land","subtype":"tree","class":"tree","name":""},"geometry":{"type":"Point","coordinates":[54.4774267,24.4085364]}},{"type":"Feature","properties":{"layer":"land","subtype":"sand","class":"sand","name":""},"geometry":{"type":"Polygon","coordinates":[[[54.4775672,24.4078259],[54.4778113,24.4081911],[54.4779615,24.4085831],[54.4780325,24.4088347],[54.4780996,24.4091705],[54.4781372,24.4094929],[54.4781839,24.4098493],[54.4782082,24.4096663],[54.4781908,24.409477],[54.4781479,24.4091558],[54.4780728,24.4088176],[54.4779963,24.4085648],[54.4778341,24.408174],[54.4777295,24.4079603],[54.4776248,24.4077844],[54.4774545,24.407556],[54.477219,24.4072866],[54.4771588,24.4073414],[54.4775672,24.4078259]]]}},{"type":"Feature","properties":{"layer":"land","subtype":"tree","class":"tree","name":""},"geometry":{"type":"Point","coordinates":[54.4773711,24.408843]}},{"type":"Feature","properties":{"layer":"land","subtype":"tree","class":"tree","name":""},"geometry":{"type":"Point","coordinates":[54.4774775,24.4091392]}},{"type":"Feature","properties":{"layer":"land","subtype":"tree","class":"tree","name":""},"geometry":{"type":"Point","coordinates":[54.4787508,24.4089406]}},{"type":"Feature","properties":{"layer":"land","subtype":"tree","class":"tree","name":""},"geometry":{"type":"Point","coordinates":[54.4787402,24.4088727]}},{"type":"Feature","properties":{"layer":"land","subtype":"tree","class":"tree","name":""},"geometry":{"type":"Point","coordinates":[54.4788041,24.409241]}},{"type":"Feature","properties":{"layer":"land","subtype":"tree","class":"tree","name":""},"geometry":{"type":"Point","coordinates":[54.4787594,24.4090472]}},{"type":"Feature","properties":{"layer":"land","subtype":"tree","class":"tree","name":""},"geometry":{"type":"Point","coordinates":[54.4788977,24.4087079]}},{"type":"Feature","properties":{"layer":"land","subtype":"tree","class":"tree","name":""},"geometry":{"type":"Point","coordinates":[54.4795726,24.408516]}},{"type":"Feature","properties":{"layer":"land","subtype":"tree","class":"tree","name":""},"geometry":{"type":"Point","coordinates":[54.4796045,24.4086013]}},{"type":"Feature","properties":{"layer":"land","subtype":"tree","class":"tree","name":""},"geometry":{"type":"Point","coordinates":[54.4796769,24.4088126]}},{"type":"Feature","properties":{"layer":"land","subtype":"tree","class":"tree","name":""},"geometry":{"type":"Point","coordinates":[54.4796301,24.4086595]}},{"type":"Feature","properties":{"layer":"land","subtype":"tree","class":"tree","name":""},"geometry":{"type":"Point","coordinates":[54.4796514,24.4087293]}},{"type":"Feature","properties":{"layer":"land","subtype":"tree","class":"tree","name":""},"geometry":{"type":"Point","coordinates":[54.4797514,24.4090356]}},{"type":"Feature","properties":{"layer":"land","subtype":"tree","class":"tree","name":""},"geometry":{"type":"Point","coordinates":[54.4797003,24.4088785]}},{"type":"Feature","properties":{"layer":"land","subtype":"tree","class":"tree","name":""},"geometry":{"type":"Point","coordinates":[54.4797216,24.4089483]}},{"type":"Feature","properties":{"layer":"land","subtype":"tree","class":"tree","name":""},"geometry":{"type":"Point","coordinates":[54.4797706,24.409084]}},{"type":"Feature","properties":{"layer":"land","subtype":"tree","class":"tree","name":""},"geometry":{"type":"Point","coordinates":[54.479794,24.4091461]}},{"type":"Feature","properties":{"layer":"land","subtype":"tree","class":"tree","name":""},"geometry":{"type":"Point","coordinates":[54.4798706,24.4093864]}},{"type":"Feature","properties":{"layer":"land","subtype":"tree","class":"tree","name":""},"geometry":{"type":"Point","coordinates":[54.4798344,24.4092779]}},{"type":"Feature","properties":{"layer":"land","subtype":"tree","class":"tree","name":""},"geometry":{"type":"Point","coordinates":[54.4798834,24.4094465]}},{"type":"Feature","properties":{"layer":"land","subtype":"tree","class":"tree","name":""},"geometry":{"type":"Point","coordinates":[54.4799047,24.4095163]}},{"type":"Feature","properties":{"layer":"land","subtype":"tree","class":"tree","name":""},"geometry":{"type":"Point","coordinates":[54.4799451,24.4096307]}},{"type":"Feature","properties":{"layer":"land","subtype":"tree","class":"tree","name":""},"geometry":{"type":"Point","coordinates":[54.4800388,24.4098595]}},{"type":"Feature","properties":{"layer":"land","subtype":"tree","class":"tree","name":""},"geometry":{"type":"Point","coordinates":[54.4799749,24.4098905]}},{"type":"Feature","properties":{"layer":"land","subtype":"tree","class":"tree","name":""},"geometry":{"type":"Point","coordinates":[54.4800175,24.4098052]}},{"type":"Feature","properties":{"layer":"land","subtype":"tree","class":"tree","name":""},"geometry":{"type":"Point","coordinates":[54.4799877,24.4097354]}},{"type":"Feature","properties":{"layer":"land","subtype":"tree","class":"tree","name":""},"geometry":{"type":"Point","coordinates":[54.4799664,24.409685]}},{"type":"Feature","properties":{"layer":"land","subtype":"tree","class":"tree_row","name":""},"geometry":{"type":"LineString","coordinates":[[54.4834594,24.4114771],[54.4841165,24.4116115]]}},{"type":"Feature","properties":{"layer":"land","subtype":"sand","class":"beach","name":""},"geometry":{"type":"Polygon","coordinates":[[[54.48755,24.4102643],[54.4875695,24.4099446],[54.4876312,24.4096247],[54.4872882,24.4096833],[54.4873547,24.4097185],[54.4874521,24.410312],[54.4873778,24.4103509],[54.4873778,24.4103766],[54.4874851,24.4103912],[54.4875146,24.4105671],[54.4875614,24.4105794],[54.48755,24.4102643]]]}},{"type":"Feature","properties":{"layer":"land","subtype":"sand","class":"beach","name":""},"geometry":{"type":"Polygon","coordinates":[[[54.4905935,24.4117692],[54.4906686,24.4115799],[54.4905868,24.411393],[54.4905854,24.4112673],[54.4906029,24.4110596],[54.4905908,24.4108936],[54.490576,24.4108386],[54.4904231,24.410838],[54.4904661,24.4109613],[54.4904788,24.4112917],[54.4904285,24.4116336],[54.4903722,24.4117093],[54.4905935,24.4117692]]]}},{"type":"Feature","properties":{"layer":"land","subtype":"sand","class":"beach","name":""},"geometry":{"type":"Polygon","coordinates":[[[54.4905935,24.4107073],[54.490627,24.4106194],[54.4906055,24.4103654],[54.4906283,24.41017],[54.4906283,24.410054],[54.490627,24.4098134],[54.4904585,24.4098195],[54.4904958,24.4099607],[54.4905327,24.4103384],[54.4905126,24.4106619],[54.4905935,24.4107073]]]}},{"type":"Feature","properties":{"layer":"land","subtype":"tree","class":"tree_row","name":""},"geometry":{"type":"LineString","coordinates":[[54.4904902,24.4087905],[54.4901549,24.4087465],[54.4901496,24.4087062],[54.490572,24.4086573],[54.4905586,24.4084949]]}},{"type":"Feature","properties":{"layer":"land","subtype":"tree","class":"tree_row","name":""},"geometry":{"type":"LineString","coordinates":[[54.4916833,24.4100151],[54.4916444,24.4094814]]}},{"type":"Feature","properties":{"layer":"land","subtype":"tree","class":"tree_row","name":""},"geometry":{"type":"LineString","coordinates":[[54.4921121,24.4110138],[54.4919244,24.4090158]]}},{"type":"Feature","properties":{"layer":"land","subtype":"tree","class":"tree_row","name":""},"geometry":{"type":"LineString","coordinates":[[54.4916801,24.4104033],[54.4916734,24.4101956]]}},{"type":"Feature","properties":{"layer":"land","subtype":"sand","class":"sand","name":""},"geometry":{"type":"Polygon","coordinates":[[[54.4922662,24.4114999],[54.4923145,24.4115891],[54.4923788,24.4116318],[54.4924392,24.4116257],[54.4925921,24.4115829],[54.4924633,24.4115634],[54.4923292,24.4114828],[54.4922555,24.4114205],[54.4922662,24.4114999]]]}},{"type":"Feature","properties":{"layer":"land","subtype":"sand","class":"sand","name":""},"geometry":{"type":"Polygon","coordinates":[[[54.4922165,24.4115078],[54.4921897,24.4114559],[54.4921441,24.4110163],[54.4920918,24.4110212],[54.4921374,24.4114547],[54.4921348,24.4115164],[54.4922165,24.4115078]]]}},{"type":"Feature","properties":{"layer":"land","subtype":"tree","class":"tree_row","name":""},"geometry":{"type":"LineString","coordinates":[[54.4926915,24.4116488],[54.4961006,24.4107133]]}},{"type":"Feature","properties":{"layer":"land","subtype":"sand","class":"sand","name":""},"geometry":{"type":"Polygon","coordinates":[[[54.4986982,24.4145272],[54.4988959,24.4148972],[54.498849,24.414918],[54.4989369,24.4150823],[54.4990454,24.4150342],[54.49876,24.4145008],[54.4988091,24.414479],[54.4987612,24.4143896],[54.4987022,24.4143676],[54.4984636,24.4144734],[54.4985318,24.414601],[54.4986982,24.4145272]]]}},{"type":"Feature","properties":{"layer":"land","subtype":"sand","class":"sand","name":""},"geometry":{"type":"Polygon","coordinates":[[[54.4925585,24.4117124],[54.4926833,24.4116709],[54.4926685,24.4116281],[54.4925384,24.4116733],[54.4924191,24.4116843],[54.4924513,24.4117844],[54.4925585,24.4117124]]]}},{"type":"Feature","properties":{"layer":"land","subtype":"sand","class":"sand","name":""},"geometry":{"type":"Polygon","coordinates":[[[54.4923366,24.411834],[54.4923464,24.411786],[54.4923375,24.4117378],[54.4923111,24.4116952],[54.4922703,24.4116635],[54.4922201,24.4116463],[54.4921664,24.4116458],[54.4921158,24.411662],[54.4920743,24.411693],[54.492047,24.4117351],[54.492037,24.4117831],[54.492043,24.4118237],[54.4920616,24.411861],[54.4920912,24.4118918],[54.4921292,24.4119136],[54.4921725,24.4119245],[54.4922174,24.4119236],[54.492268,24.4119073],[54.4923094,24.4118762],[54.4923366,24.411834]]]}},{"type":"Feature","properties":{"layer":"land","subtype":"sand","class":"sand","name":""},"geometry":{"type":"Polygon","coordinates":[[[54.4920047,24.4125563],[54.4918853,24.4126222],[54.4918424,24.4128835],[54.4921683,24.4128762],[54.4921026,24.4121716],[54.4920181,24.4122216],[54.4918571,24.4123743],[54.4920047,24.4125563]]]}},{"type":"Feature","properties":{"layer":"land","subtype":"tree","class":"tree_row","name":""},"geometry":{"type":"LineString","coordinates":[[54.4926352,24.416177],[54.4923508,24.413737],[54.4922275,24.4123327]]}},{"type":"Feature","properties":{"layer":"land","subtype":"sand","class":"sand","name":""},"geometry":{"type":"Polygon","coordinates":[[[54.4923564,24.4147503],[54.4922076,24.4146184],[54.4922213,24.4148362],[54.4923648,24.4148245],[54.4923564,24.4147503]]]}},{"type":"Feature","properties":{"layer":"land","subtype":"tree","class":"tree_row","name":""},"geometry":{"type":"LineString","coordinates":[[54.4914795,24.4152958],[54.4914486,24.4153605],[54.4917189,24.415471]]}},{"type":"Feature","properties":{"layer":"land","subtype":"sand","class":"sand","name":""},"geometry":{"type":"Polygon","coordinates":[[[54.4927003,24.416437],[54.4927834,24.4164016],[54.4928438,24.4163992],[54.4927526,24.4162856],[54.4926829,24.4161525],[54.4926078,24.4161989],[54.4926386,24.416503],[54.4927003,24.416437]]]}},{"type":"Feature","properties":{"layer":"land","subtype":"tree","class":"tree_row","name":""},"geometry":{"type":"LineString","coordinates":[[54.493425,24.4166265],[54.4957408,24.4156101]]}},{"type":"Feature","properties":{"layer":"land","subtype":"sand","class":"sand","name":""},"geometry":{"type":"Polygon","coordinates":[[[54.4986717,24.4154494],[54.4982782,24.4147078],[54.4984621,24.4146269],[54.4983994,24.4145087],[54.4975401,24.4148868],[54.4979963,24.4157465],[54.4986717,24.4154494]]]}},{"type":"Feature","properties":{"layer":"land","subtype":"sand","class":"sand","name":""},"geometry":{"type":"Polygon","coordinates":[[[54.4929009,24.4173359],[54.4926087,24.4168183],[54.4925618,24.4168024],[54.4925048,24.4168291],[54.4928139,24.4173767],[54.4929009,24.4173359]]]}},{"type":"Feature","properties":{"layer":"land","subtype":"sand","class":"sand","name":""},"geometry":{"type":"Polygon","coordinates":[[[54.4927183,24.4167477],[54.4927465,24.4168002],[54.4927796,24.4168394],[54.4928113,24.4168676],[54.4928514,24.4168849],[54.4928955,24.4168894],[54.4929388,24.4168806],[54.4929766,24.4168594],[54.4930048,24.4168282],[54.4930203,24.4167904],[54.4930281,24.4167502],[54.4930267,24.4167087],[54.49302,24.4166635],[54.4929959,24.4166085],[54.4929691,24.4165731],[54.4929408,24.4165498],[54.4929045,24.4165268],[54.492862,24.4165158],[54.4928178,24.4165179],[54.4927768,24.416533],[54.4927434,24.4165594],[54.4927211,24.4165942],[54.4927125,24.4166337],[54.4927089,24.4166855],[54.4927183,24.4167477]]]}},{"type":"Feature","properties":{"layer":"land","subtype":"tree","class":"tree_row","name":""},"geometry":{"type":"LineString","coordinates":[[54.4911409,24.4169563],[54.4923076,24.4164287],[54.4923693,24.4163213],[54.4923184,24.415889]]}},{"type":"Feature","properties":{"layer":"land","subtype":"sand","class":"sand","name":""},"geometry":{"type":"Polygon","coordinates":[[[54.4924156,24.4164193],[54.491148,24.4169872],[54.4911775,24.4170384],[54.4909227,24.4172381],[54.4909994,24.4173217],[54.4910463,24.4173339],[54.4912103,24.4171685],[54.4913511,24.4170812],[54.4925651,24.4165228],[54.4924921,24.4158582],[54.4923554,24.4158707],[54.4924156,24.4164193]]]}},{"type":"Feature","properties":{"layer":"land","subtype":"sand","class":"sand","name":""},"geometry":{"type":"Polygon","coordinates":[[[54.4930206,24.4174398],[54.4930918,24.4174086],[54.4929534,24.4171468],[54.4929534,24.4169905],[54.4927831,24.4169905],[54.4930206,24.4174398]]]}},{"type":"Feature","properties":{"layer":"land","subtype":"sand","class":"sand","name":""},"geometry":{"type":"Polygon","coordinates":[[[54.4929468,24.4183443],[54.4932592,24.4182018],[54.4924057,24.4166838],[54.4921727,24.4167905],[54.4921774,24.416808],[54.4924175,24.4168898],[54.4925258,24.4171009],[54.4924684,24.4171253],[54.4924864,24.4171604],[54.4925181,24.4171548],[54.492565,24.4171634],[54.4926589,24.417338],[54.4926468,24.4173734],[54.4926731,24.4173747],[54.4927232,24.417467],[54.492621,24.4175129],[54.4926475,24.4175617],[54.4923705,24.4176862],[54.4924408,24.4177871],[54.4927343,24.4176573],[54.4927995,24.4177796],[54.4928102,24.4177886],[54.492841,24.4179132],[54.4928091,24.417955],[54.4927042,24.4178887],[54.4927035,24.4179023],[54.4929353,24.4183158],[54.4929468,24.4183443]]]}},{"type":"Feature","properties":{"layer":"land","subtype":"tree","class":"tree_row","name":""},"geometry":{"type":"LineString","coordinates":[[54.493062,24.4174386],[54.4935086,24.4182324]]}},{"type":"Feature","properties":{"layer":"land","subtype":"sand","class":"sand","name":""},"geometry":{"type":"Polygon","coordinates":[[[54.4937878,24.4187511],[54.4938341,24.4187317],[54.4937476,24.4185644],[54.4937035,24.4185857],[54.4937878,24.4187511]]]}},{"type":"Feature","properties":{"layer":"land","subtype":"sand","class":"sand","name":""},"geometry":{"type":"Polygon","coordinates":[[[54.495775,24.4073923],[54.4957525,24.407354],[54.4957178,24.4073243],[54.4956745,24.4073062],[54.4956271,24.4073017],[54.4955806,24.4073112],[54.4955399,24.4073337],[54.4955093,24.4073669],[54.4954919,24.4074073],[54.4954895,24.4074506],[54.4955025,24.4074924],[54.4955295,24.4075281],[54.4955703,24.4075555],[54.4956189,24.4075686],[54.4956694,24.4075659],[54.495716,24.4075477],[54.4957531,24.4075163],[54.4957753,24.4074779],[54.4957828,24.407435],[54.495775,24.4073923]]]}},{"type":"Feature","properties":{"layer":"land","subtype":"tree","class":"tree_row","name":""},"geometry":{"type":"LineString","coordinates":[[54.4925403,24.4082745],[54.4951223,24.4075647]]}},{"type":"Feature","properties":{"layer":"land","subtype":"tree","class":"tree_row","name":""},"geometry":{"type":"LineString","coordinates":[[54.4915197,24.4082796],[54.4914822,24.4079304]]}},{"type":"Feature","properties":{"layer":"land","subtype":"tree","class":"tree_row","name":""},"geometry":{"type":"LineString","coordinates":[[54.492234,24.4082368],[54.4921669,24.4082343],[54.4920114,24.4081684],[54.4919577,24.4081122],[54.4919443,24.4080438],[54.4919113,24.4076939]]}},{"type":"Feature","properties":{"layer":"land","subtype":"tree","class":"tree_row","name":""},"geometry":{"type":"LineString","coordinates":[[54.4919046,24.4076207],[54.4917673,24.4061599]]}},{"type":"Feature","properties":{"layer":"land","subtype":"tree","class":"tree_row","name":""},"geometry":{"type":"LineString","coordinates":[[54.4918159,24.4078543],[54.4916762,24.4064172],[54.4916427,24.4060762],[54.4916251,24.4059204],[54.4916208,24.4057123],[54.4916461,24.4055138],[54.4917155,24.405338],[54.4918034,24.4052114],[54.4918907,24.4051001],[54.4919941,24.4050013]]}},{"type":"Feature","properties":{"layer":"land","subtype":"tree","class":"tree_row","name":""},"geometry":{"type":"LineString","coordinates":[[54.4917585,24.4060671],[54.4917471,24.4058896],[54.4917646,24.4057136],[54.4918316,24.405478],[54.4919672,24.4052569],[54.4921562,24.4050493],[54.4923922,24.4049101],[54.4925854,24.4048392],[54.4927776,24.4047797]]}},{"type":"Feature","properties":{"layer":"land","subtype":"tree","class":"tree_row","name":""},"geometry":{"type":"LineString","coordinates":[[54.4947353,24.4047097],[54.4954864,24.4069983]]}},{"type":"Feature","properties":{"layer":"land","subtype":"tree","class":"tree_row","name":""},"geometry":{"type":"LineString","coordinates":[[54.4952286,24.4040098],[54.4969344,24.4035516],[54.4972569,24.4034643]]}},{"type":"Feature","properties":{"layer":"land","subtype":"tree","class":"tree_row","name":""},"geometry":{"type":"LineString","coordinates":[[54.4924313,24.4047832],[54.4930796,24.4046022]]}},{"type":"Feature","properties":{"layer":"land","subtype":"tree","class":"tree_row","name":""},"geometry":{"type":"LineString","coordinates":[[54.4932199,24.4045594],[54.4934379,24.4044975],[54.4940419,24.4043299]]}},{"type":"Feature","properties":{"layer":"land","subtype":"tree","class":"tree_row","name":""},"geometry":{"type":"LineString","coordinates":[[54.4940034,24.4044621],[54.4943167,24.4043788],[54.4943945,24.4043702],[54.4944883,24.404402],[54.4945519,24.4044536]]}},{"type":"Feature","properties":{"layer":"land","subtype":"tree","class":"tree_row","name":""},"geometry":{"type":"LineString","coordinates":[[54.4951001,24.4040478],[54.495164,24.4040292]]}},{"type":"Feature","properties":{"layer":"land","subtype":"tree","class":"tree_row","name":""},"geometry":{"type":"LineString","coordinates":[[54.4979113,24.4032836],[54.498865,24.4030267],[54.4994169,24.402877],[54.5001963,24.4026494]]}},{"type":"Feature","properties":{"layer":"land","subtype":"tree","class":"tree_row","name":""},"geometry":{"type":"LineString","coordinates":[[54.5012987,24.4023575],[54.5027712,24.4019618]]}},{"type":"Feature","properties":{"layer":"land","subtype":"forest","class":"forest","name":""},"geometry":{"type":"Polygon","coordinates":[[[54.4946762,24.4002936],[54.5002927,24.3987547],[54.500164,24.398486],[54.5001211,24.3982515],[54.5001157,24.3979828],[54.4944133,24.3995498],[54.4946762,24.4002936]]]}},{"type":"Feature","properties":{"layer":"land","subtype":"forest","class":"forest","name":""},"geometry":{"type":"Polygon","coordinates":[[[54.5005013,24.3979238],[54.5003785,24.3982348],[54.5003839,24.3984924],[54.5004479,24.3986527],[54.500645,24.3988523],[54.5009946,24.3989004],[54.501574,24.3987386],[54.5023203,24.398523],[54.5022282,24.3982349],[54.5017427,24.3983553],[54.501515,24.3976274],[54.5005013,24.3979238]]]}},{"type":"Feature","properties":{"layer":"land","subtype":"forest","class":"forest","name":""},"geometry":{"type":"Polygon","coordinates":[[[54.5042094,24.3976274],[54.5042254,24.3973942],[54.5040547,24.3971999],[54.5037346,24.3969958],[54.5024861,24.3973408],[54.5027315,24.3980453],[54.5042094,24.3976274]]]}},{"type":"Feature","properties":{"layer":"land","subtype":"forest","class":"forest","name":""},"geometry":{"type":"Polygon","coordinates":[[[54.5072611,24.3960072],[54.5046252,24.3967933],[54.5044961,24.397107],[54.504507,24.3973642],[54.5046012,24.3975593],[54.5075126,24.3967737],[54.5072611,24.3960072]]]}},{"type":"Feature","properties":{"layer":"land","subtype":"forest","class":"forest","name":""},"geometry":{"type":"Polygon","coordinates":[[[54.5170871,24.3933081],[54.5094368,24.3954292],[54.5096705,24.3961283],[54.5176331,24.3939207],[54.5173993,24.3932215],[54.5170871,24.3933081]]]}},{"type":"Feature","properties":{"layer":"land","subtype":"sand","class":"beach","name":""},"geometry":{"type":"Polygon","coordinates":[[[54.4928959,24.3895242],[54.4927695,24.3896223],[54.4919263,24.3898355],[54.4918483,24.3898253],[54.4918604,24.3900279],[54.4930197,24.3897039],[54.4928959,24.3895242]]]}},{"type":"Feature","properties":{"layer":"land","subtype":"sand","class":"beach","name":""},"geometry":{"type":"Polygon","coordinates":[[[54.4940957,24.389443],[54.494024,24.3894849],[54.4940066,24.3895005],[54.4936578,24.3895513],[54.4933466,24.389596],[54.4932757,24.3895855],[54.4930725,24.3895607],[54.4930816,24.3896866],[54.4942296,24.3896742],[54.4940957,24.389443]]]}},{"type":"Feature","properties":{"layer":"land","subtype":"sand","class":"beach","name":""},"geometry":{"type":"Polygon","coordinates":[[[54.4916477,24.3898456],[54.4915622,24.3898829],[54.4902992,24.3897306],[54.4902769,24.3898896],[54.491774,24.390052],[54.4916477,24.3898456]]]}},{"type":"Feature","properties":{"layer":"land","subtype":"wetland","class":"wetland","name":""},"geometry":{"type":"Point","coordinates":[54.4844657,24.3896132]}},{"type":"Feature","properties":{"layer":"land","subtype":"sand","class":"sand","name":""},"geometry":{"type":"Polygon","coordinates":[[[54.4784197,24.3911727],[54.4786692,24.3913608],[54.4791064,24.3916222],[54.4795677,24.3919031],[54.4800156,24.3921132],[54.4801953,24.3921669],[54.4803724,24.3921498],[54.4805038,24.3920765],[54.4808739,24.3918127],[54.4811368,24.3915709],[54.4813728,24.3911947],[54.4814882,24.3909357],[54.4814774,24.3907037],[54.481397,24.3904692],[54.4809464,24.3897094],[54.4807774,24.3894603],[54.480544,24.389194],[54.480249,24.3889766],[54.479903,24.3888544],[54.479565,24.3887592],[54.4789937,24.3886102],[54.4787282,24.3885931],[54.4785055,24.3886297],[54.4783071,24.3887079],[54.4780764,24.3888569],[54.4779852,24.3889644],[54.477953,24.3891061],[54.4779959,24.3893479],[54.4780469,24.3896508],[54.4781005,24.3900612],[54.4781059,24.3902127],[54.4780952,24.3903727],[54.4780871,24.390518],[54.4780979,24.390645],[54.4781408,24.3907794],[54.4782172,24.3909223],[54.4784197,24.3911727]]]}},{"type":"Feature","properties":{"layer":"land","subtype":"land","class":"land","name":""},"geometry":{"type":"Polygon","coordinates":[[[54.4780952,24.3903727],[54.4780871,24.390518],[54.4780979,24.390645],[54.4781408,24.3907794],[54.4782172,24.3909223],[54.4784197,24.3911727],[54.4786692,24.3913608],[54.4791064,24.3916222],[54.4795677,24.3919031],[54.4800156,24.3921132],[54.4801953,24.3921669],[54.4803724,24.3921498],[54.4805038,24.3920765],[54.4808739,24.3918127],[54.4811368,24.3915709],[54.4813728,24.3911947],[54.4814882,24.3909357],[54.4814774,24.3907037],[54.481397,24.3904692],[54.4809464,24.3897094],[54.4807774,24.3894603],[54.480544,24.389194],[54.480249,24.3889766],[54.479903,24.3888544],[54.479565,24.3887592],[54.4789937,24.3886102],[54.4787282,24.3885931],[54.4785055,24.3886297],[54.4783071,24.3887079],[54.4780764,24.3888569],[54.4779852,24.3889644],[54.477953,24.3891061],[54.4779959,24.3893479],[54.4780469,24.3896508],[54.4781005,24.3900612],[54.4781059,24.3902127],[54.4780952,24.3903727]]]}},{"type":"Feature","properties":{"layer":"land","subtype":"wetland","class":"wetland","name":""},"geometry":{"type":"Polygon","coordinates":[[[54.4749246,24.3866231],[54.4746257,24.3886987],[54.4723281,24.3880182],[54.4717117,24.3907403],[54.473094,24.391642],[54.4765685,24.3935814],[54.4775772,24.3941598],[54.4785112,24.3935474],[54.4793331,24.39302],[54.4804165,24.3927478],[54.4822997,24.3922194],[54.4866557,24.3921523],[54.4870938,24.3919367],[54.4875723,24.3910853],[54.4876873,24.3902822],[54.4878604,24.3890739],[54.4871743,24.3888783],[54.4852525,24.388409],[54.4823199,24.3875162],[54.4804515,24.3871346],[54.4769115,24.3864776],[54.4767926,24.3861127],[54.47683067621793,24.386],[54.47497835836517,24.386],[54.4749246,24.3866231]]]}},{"type":"Feature","properties":{"layer":"land","subtype":"shrub","class":"scrub","name":""},"geometry":{"type":"Polygon","coordinates":[[[54.4843462,24.3916942],[54.4862774,24.3914011],[54.4875005,24.3904826],[54.4876873,24.3902822],[54.4877097,24.3891292],[54.4870284,24.3889778],[54.4848397,24.3884306],[54.4825008,24.3877466],[54.479604,24.3871212],[54.4813421,24.388626],[54.4820502,24.3898181],[54.4825008,24.3914206],[54.4843462,24.3916942]]]}},{"type":"Feature","properties":{"layer":"land","subtype":"land","class":"land","name":""},"geometry":{"type":"Polygon","coordinates":[[[54.4834328,24.3860573],[54.4843072,24.3865923],[54.4847631,24.3868195],[54.4850019,24.3869221],[54.4852486,24.3869881],[54.4855303,24.3870272],[54.4857582,24.3870223],[54.4859514,24.3870369],[54.4861284,24.387098],[54.4863215,24.3871737],[54.4865361,24.3872446],[54.486807,24.3873032],[54.4877914,24.3874449],[54.4879483,24.3874449],[54.4880649,24.3873887],[54.4881172,24.3873081],[54.4881561,24.387186],[54.4882205,24.3864116],[54.4882205,24.3863053],[54.4882004,24.3862235],[54.4881427,24.3861538],[54.4880421,24.3861147],[54.4879214,24.3860903],[54.4873501,24.3860671],[54.486976,24.3860512],[54.4868486,24.3860256],[54.48680064622793,24.386],[54.48334191676413,24.386],[54.4834328,24.3860573]]]}},{"type":"Feature","properties":{"layer":"land","subtype":"shrub","class":"scrub","name":""},"geometry":{"type":"Polygon","coordinates":[[[54.4834328,24.3860573],[54.4843072,24.3865923],[54.4847631,24.3868195],[54.4850019,24.3869221],[54.4852486,24.3869881],[54.4855303,24.3870272],[54.4857582,24.3870223],[54.4859514,24.3870369],[54.4861284,24.387098],[54.4863215,24.3871737],[54.4865361,24.3872446],[54.486807,24.3873032],[54.4877914,24.3874449],[54.4879483,24.3874449],[54.4880649,24.3873887],[54.4881172,24.3873081],[54.4881561,24.387186],[54.4882205,24.3864116],[54.4882205,24.3863053],[54.4882004,24.3862235],[54.4881427,24.3861538],[54.4880421,24.3861147],[54.4879214,24.3860903],[54.4873501,24.3860671],[54.486976,24.3860512],[54.4868486,24.3860256],[54.48680064622793,24.386],[54.48334191676413,24.386],[54.4834328,24.3860573]]]}},{"type":"Feature","properties":{"layer":"land","subtype":"forest","class":"forest","name":""},"geometry":{"type":"Polygon","coordinates":[[[54.5531334,24.3927271],[54.5530894,24.3929177],[54.56,24.3942429315556],[54.56,24.3940438856754],[54.5531334,24.3927271]]]}},{"type":"Feature","properties":{"layer":"land","subtype":"sand","class":"sand","name":""},"geometry":{"type":"Polygon","coordinates":[[[54.537611,24.3861007],[54.5376298,24.3861617],[54.5376539,24.3861886],[54.5377075,24.3862179],[54.53805354979186,24.386],[54.5376163398558,24.386],[54.537611,24.3861007]]]}},{"type":"Feature","properties":{"layer":"land","subtype":"forest","class":"forest","name":""},"geometry":{"type":"Polygon","coordinates":[[[54.5307683,24.391676],[54.5313155,24.3915929],[54.5320021,24.3913878],[54.5323777,24.3911972],[54.532147,24.3912265],[54.5312678,24.3914041],[54.5309083,24.3914774],[54.5295291,24.3917737],[54.5307683,24.391676]]]}},{"type":"Feature","properties":{"layer":"land","subtype":"forest","class":"forest","name":""},"geometry":{"type":"Polygon","coordinates":[[[54.5338942,24.3904518],[54.5338657,24.3904355],[54.5333918,24.390521],[54.5324051,24.3907472],[54.5317314,24.3909272],[54.5308838,24.391171],[54.5298538,24.3914348],[54.5307399,24.3912691],[54.5316439,24.3911527],[54.5327195,24.3910187],[54.5328174,24.390961],[54.5330848,24.3908366],[54.5335997,24.3905705],[54.5338942,24.3904518]]]}},{"type":"Feature","properties":{"layer":"land","subtype":"forest","class":"forest","name":""},"geometry":{"type":"Polygon","coordinates":[[[54.5376068,24.3905613],[54.5367058,24.3904799],[54.5362139,24.3904631],[54.5359416,24.3905112],[54.5356482,24.3906304],[54.5354824,24.3907875],[54.5352919,24.3909836],[54.5352318,24.3912785],[54.5352834,24.3915818],[54.535466,24.3918288],[54.535628,24.3920174],[54.5358544,24.3921331],[54.5361642,24.3921857],[54.5364348,24.3921833],[54.5366772,24.3921139],[54.5369008,24.3919771],[54.5381515,24.3906548],[54.5376068,24.3905613]]]}},{"type":"Feature","properties":{"layer":"land","subtype":"forest","class":"forest","name":""},"geometry":{"type":"Polygon","coordinates":[[[54.5405116,24.3911138],[54.5386711,24.3907542],[54.5372086,24.392226],[54.5405116,24.3911138]]]}},{"type":"Feature","properties":{"layer":"land","subtype":"forest","class":"forest","name":""},"geometry":{"type":"Polygon","coordinates":[[[54.5434163,24.3917974],[54.5426545,24.3917095],[54.5417587,24.3916753],[54.5411082,24.3916997],[54.5404498,24.3917754],[54.5402312,24.3918145],[54.5395231,24.3919708],[54.5387801,24.3922029],[54.5383335,24.3923812],[54.5378252,24.3926194],[54.5373049,24.3929199],[54.5367617,24.393268],[54.5361569,24.393759],[54.5356406,24.394239],[54.5326016,24.3975598],[54.5326955,24.3976197],[54.5328336,24.3979116],[54.5358645,24.3946347],[54.5363111,24.3941632],[54.5367362,24.3938115],[54.5370474,24.393566],[54.5373612,24.3933742],[54.5382544,24.3929174],[54.5388337,24.3926267],[54.5392213,24.3924838],[54.5395164,24.39238],[54.5397417,24.3923177],[54.5402191,24.3922078],[54.5406442,24.3921382],[54.5410412,24.3921027],[54.5416192,24.3920539],[54.5420189,24.3920295],[54.542609,24.3919806],[54.5432607,24.3921394],[54.5438361,24.3922493],[54.544398,24.3923715],[54.5445629,24.3923995],[54.5447856,24.3923824],[54.5447518,24.3920127],[54.5434163,24.3917974]]]}},{"type":"Feature","properties":{"layer":"land","subtype":"sand","class":"sand","name":""},"geometry":{"type":"Polygon","coordinates":[[[54.5329503,24.3982212],[54.5329622,24.3982698],[54.5329875,24.3983139],[54.5330245,24.3983506],[54.5330707,24.3983773],[54.5331229,24.3983922],[54.5331775,24.3983943],[54.5332309,24.3983834],[54.5332794,24.3983604],[54.5333196,24.3983267],[54.5333489,24.3982846],[54.5333653,24.3982371],[54.5333676,24.3981873],[54.5333557,24.3981387],[54.5333304,24.3980946],[54.5332933,24.3980579],[54.5332472,24.3980312],[54.533195,24.3980163],[54.5331404,24.3980142],[54.533087,24.3980251],[54.5330385,24.3980482],[54.5329982,24.3980819],[54.5329689,24.3981239],[54.5329526,24.3981714],[54.5329503,24.3982212]]]}},{"type":"Feature","properties":{"layer":"land","subtype":"sand","class":"sand","name":""},"geometry":{"type":"Polygon","coordinates":[[[54.5297202,24.4108317],[54.5297211,24.4107958],[54.5297313,24.4107709],[54.529745,24.4107506],[54.5297656,24.4107366],[54.5298064,24.4107281],[54.529846,24.4107327],[54.5298648,24.4107405],[54.5298725,24.4107577],[54.5298734,24.4107888],[54.5298683,24.41082],[54.5298486,24.4108551],[54.5298332,24.4108972],[54.5298229,24.4109439],[54.5298107,24.411002],[54.5297987,24.4110807],[54.5297764,24.4111587],[54.5297473,24.4112304],[54.5297062,24.4112896],[54.5296686,24.4113344],[54.5296414,24.4113687],[54.5296277,24.4114024],[54.5296219,24.4114343],[54.5296284,24.4114673],[54.529642,24.4114969],[54.52968,24.4115463],[54.5297308,24.4115885],[54.5297873,24.4116399],[54.5298087,24.4116738],[54.5298087,24.4117211],[54.5298053,24.4117808],[54.5297816,24.4118363],[54.5297353,24.4119083],[54.5296574,24.4119946],[54.5296167,24.412042],[54.5296066,24.4120749],[54.5296032,24.412115],[54.5296167,24.4121479],[54.5296393,24.4121787],[54.5296677,24.4121891],[54.5297066,24.4121979],[54.5297561,24.4122044],[54.5298075,24.412206],[54.5298809,24.4122068],[54.5299499,24.4122165],[54.5299738,24.4122294],[54.5300357,24.4122558],[54.5300956,24.4122888],[54.5301193,24.4123289],[54.5301351,24.4123998],[54.5301283,24.4125098],[54.5301294,24.4125304],[54.5301419,24.4125314],[54.5301464,24.4125098],[54.5301464,24.4124605],[54.5301464,24.4124019],[54.5301362,24.4123278],[54.5301139,24.4122915],[54.53005,24.4122395],[54.5300067,24.4122181],[54.5299192,24.412193],[54.5298573,24.4121876],[54.5298032,24.4121849],[54.5297315,24.4121831],[54.5296921,24.4121751],[54.5296558,24.4121491],[54.5296391,24.4121169],[54.529641,24.4120883],[54.5296528,24.4120507],[54.5296676,24.4120256],[54.529703,24.4119934],[54.5297374,24.4119513],[54.5297905,24.4118841],[54.5298219,24.4118188],[54.5298396,24.4117525],[54.5298357,24.41168],[54.5298062,24.4116201],[54.529757,24.4115663],[54.5297059,24.4115261],[54.5296705,24.4114947],[54.5296568,24.4114589],[54.5296568,24.4114231],[54.5296803,24.4113909],[54.5297167,24.4113685],[54.529757,24.411347],[54.5298258,24.4113049],[54.5298711,24.4112799],[54.5299025,24.4112575],[54.5299605,24.4112083],[54.5300421,24.4111205],[54.5301001,24.4110489],[54.530109,24.4110113],[54.5301247,24.4109388],[54.5301237,24.4108797],[54.5301031,24.4107275],[54.5300824,24.4106568],[54.53005,24.410612],[54.5300038,24.4105655],[54.5299625,24.4105368],[54.5298956,24.4105207],[54.5298534,24.4105109],[54.5298396,24.4104921],[54.5298347,24.4104643],[54.5298032,24.410518],[54.5297688,24.4105538],[54.5297285,24.4105941],[54.5296666,24.4106299],[54.5296312,24.4106657],[54.5296086,24.4107051],[54.5295978,24.4107383],[54.5295997,24.4107606],[54.5296233,24.4107947],[54.5296499,24.4108224],[54.5296971,24.4108529],[54.5297325,24.4108761],[54.5297202,24.4108317]]]}},{"type":"Feature","properties":{"layer":"land","subtype":"sand","class":"sand","name":""},"geometry":{"type":"Polygon","coordinates":[[[54.530083,24.4099131],[54.530036,24.4099466],[54.5299949,24.4099739],[54.5299795,24.409991],[54.529994,24.4099996],[54.5300419,24.4100238],[54.5300779,24.4100433],[54.5300924,24.4100542],[54.5301224,24.4100729],[54.5301395,24.4100705],[54.5301737,24.4100324],[54.530196,24.4100183],[54.5302328,24.4099864],[54.5302764,24.4099357],[54.5303167,24.4098851],[54.5303535,24.4098297],[54.5303888,24.4097665],[54.5302963,24.4097531],[54.53026,24.4097287],[54.5302252,24.4097201],[54.530201,24.4097348],[54.5301849,24.4097555],[54.5301842,24.4097761],[54.5301797,24.4097985],[54.5301215,24.409878],[54.530083,24.4099131]]]}},{"type":"Feature","properties":{"layer":"land","subtype":"sand","class":"sand","name":""},"geometry":{"type":"Polygon","coordinates":[[[54.5287481,24.4099371],[54.5287567,24.409902],[54.5287952,24.4098592],[54.5288397,24.4098272],[54.5288628,24.4098077],[54.5288954,24.4097711],[54.5289604,24.4097165],[54.5289741,24.4097002],[54.5289844,24.4096807],[54.5289886,24.4096596],[54.5289818,24.4096386],[54.5289698,24.40963],[54.5289484,24.4096238],[54.5288954,24.4096238],[54.5288645,24.4096316],[54.5287772,24.4096573],[54.5286807,24.4096903],[54.5285905,24.40972],[54.5285372,24.4097296],[54.5285053,24.4097299],[54.5284961,24.4097845],[54.5285705,24.4098084],[54.5286152,24.4098328],[54.5286494,24.4098694],[54.5286718,24.4099088],[54.5286763,24.4099386],[54.5286748,24.4099685],[54.5286673,24.4099997],[54.5287481,24.4099813],[54.5287481,24.4099371]]]}},{"type":"Feature","properties":{"layer":"land","subtype":"sand","class":"sand","name":""},"geometry":{"type":"Polygon","coordinates":[[[54.5286051,24.4091457],[54.5285863,24.4091152],[54.528546,24.409158],[54.5285006,24.4091829],[54.5284409,24.4092065],[54.5283695,24.4092207],[54.5283306,24.4092277],[54.5282969,24.4092466],[54.5282787,24.4092785],[54.528258,24.4093104],[54.5282307,24.4093093],[54.5281879,24.4092998],[54.528162,24.4092856],[54.528127,24.4093246],[54.5281257,24.4093648],[54.5280787,24.4094093],[54.5281467,24.4093819],[54.5281759,24.4093847],[54.528188,24.4093917],[54.5282144,24.4094071],[54.5282305,24.4094213],[54.5282331,24.409447],[54.5282365,24.4094641],[54.5282665,24.4094864],[54.5282709,24.4094655],[54.5283037,24.4094054],[54.5283593,24.4093497],[54.5284602,24.4092803],[54.5285311,24.4092575],[54.5285741,24.4092498],[54.5286202,24.4092449],[54.52864,24.4091555],[54.5286051,24.4091457]]]}},{"type":"Feature","properties":{"layer":"land","subtype":"sand","class":"sand","name":""},"geometry":{"type":"Polygon","coordinates":[[[54.5295921,24.4085448],[54.5293896,24.4086718],[54.5293092,24.4087427],[54.5292622,24.4088001],[54.5292059,24.4088807],[54.529163,24.4089393],[54.5291308,24.4089808],[54.529167,24.409015],[54.529218,24.4090968],[54.5292341,24.4091445],[54.5292582,24.4092055],[54.5292837,24.4092324],[54.5292994,24.4092662],[54.5293139,24.4092529],[54.5295489,24.408903],[54.5296784,24.408728],[54.5297389,24.4086432],[54.5297995,24.4085861],[54.5297859,24.4085647],[54.5297983,24.4085357],[54.5297841,24.4085163],[54.5298682,24.4084717],[54.5299485,24.4084097],[54.5299522,24.4083731],[54.5299297,24.4083401],[54.5298937,24.4083151],[54.529837,24.4082916],[54.5297735,24.4082791],[54.5297701,24.4083104],[54.5297443,24.4083854],[54.5297048,24.4084292],[54.5296567,24.4084855],[54.5295841,24.4085106],[54.5295921,24.4085448]]]}},{"type":"Feature","properties":{"layer":"land","subtype":"sand","class":"sand","name":""},"geometry":{"type":"Polygon","coordinates":[[[54.529332,24.4137373],[54.5293624,24.4136349],[54.5294161,24.4135304],[54.5295152,24.4134275],[54.52947,24.4134377],[54.5294233,24.4134462],[54.5293953,24.4134377],[54.5293743,24.4134058],[54.5293719,24.4133462],[54.5293813,24.413291],[54.5293369,24.4133016],[54.5293252,24.4133739],[54.5293276,24.41341],[54.5293065,24.4134334],[54.5292622,24.4134398],[54.5292271,24.4135397],[54.5292528,24.4135865],[54.5292528,24.4136652],[54.5292552,24.413746],[54.5292388,24.413797],[54.5291804,24.4138587],[54.5291839,24.4139394],[54.529332,24.4137373]]]}},{"type":"Feature","properties":{"layer":"land","subtype":"forest","class":"wood","name":""},"geometry":{"type":"Polygon","coordinates":[[[54.5251599,24.4125536],[54.525111,24.4125583],[54.5250527,24.4125803],[54.5249894,24.4126343],[54.5249415,24.4126899],[54.5248592,24.4128434],[54.5248313,24.412963],[54.5248333,24.4131083],[54.5248534,24.4131793],[54.5249095,24.4132456],[54.5249438,24.4132773],[54.5250158,24.4133075],[54.5251238,24.413346],[54.5252433,24.4133797],[54.52538,24.4134001],[54.5255744,24.4134035],[54.5257155,24.413388],[54.5258557,24.4133412],[54.5259322,24.4133116],[54.525994,24.4132702],[54.5260285,24.4132189],[54.5260457,24.4131733],[54.5260525,24.4131277],[54.526044,24.4130694],[54.5260158,24.4130054],[54.5259773,24.4129421],[54.5259225,24.4128931],[54.5258591,24.4128489],[54.5258053,24.412825],[54.5257455,24.4128246],[54.5256499,24.4128378],[54.5254155,24.4128757],[54.5253177,24.4128827],[54.5252576,24.4128757],[54.5252372,24.4128637],[54.5252203,24.4128471],[54.5252123,24.412817],[54.525215,24.4127692],[54.5252384,24.412633],[54.5252318,24.4125886],[54.5252028,24.4125606],[54.5251599,24.4125536]]]}},{"type":"Feature","properties":{"layer":"land","subtype":"sand","class":"sand","name":""},"geometry":{"type":"Polygon","coordinates":[[[54.5240144,24.4160202],[54.5239828,24.416007],[54.5239548,24.4160313],[54.5239345,24.4160752],[54.5239637,24.4160724],[54.5240072,24.4160592],[54.524049,24.4160414],[54.5240144,24.4160202]]]}},{"type":"Feature","properties":{"layer":"land","subtype":"sand","class":"sand","name":""},"geometry":{"type":"Polygon","coordinates":[[[54.5282114,24.414841],[54.5280993,24.4149154],[54.5279686,24.4149664],[54.5278518,24.4149579],[54.5277818,24.4149728],[54.5277491,24.4149473],[54.5277071,24.4149324],[54.5277047,24.4149026],[54.5277351,24.4148707],[54.5277631,24.4148367],[54.527679,24.4148941],[54.5276534,24.4149175],[54.527574,24.4149707],[54.5275506,24.4150493],[54.5275016,24.4151078],[54.5274152,24.4151323],[54.5273451,24.4151727],[54.5272821,24.4152301],[54.527198,24.4153194],[54.5270439,24.4155256],[54.5269622,24.4156064],[54.5268735,24.4156447],[54.5267637,24.4156659],[54.5267217,24.4157212],[54.5266376,24.4157212],[54.5266003,24.4157574],[54.5265606,24.4157871],[54.5265162,24.4158424],[54.5264765,24.4159051],[54.526445,24.4159322],[54.5264929,24.4159976],[54.5265956,24.4160423],[54.5266493,24.4160848],[54.5266953,24.4161107],[54.5267839,24.4161039],[54.5268114,24.4160557],[54.5268602,24.4160058],[54.5269028,24.4159808],[54.5269882,24.4159789],[54.5270766,24.4159845],[54.5271488,24.4159873],[54.5271732,24.4160011],[54.5272454,24.4160039],[54.5273185,24.4159706],[54.5273622,24.4159549],[54.5273714,24.4159289],[54.5274171,24.4159049],[54.5274903,24.4158929],[54.5275665,24.4158864],[54.5276997,24.4158197],[54.5277932,24.4157707],[54.5278389,24.4157411],[54.5278852,24.4156685],[54.5279337,24.4155494],[54.5280078,24.4153105],[54.5280572,24.4152499],[54.5281069,24.4152128],[54.5281014,24.4151777],[54.5281089,24.4151386],[54.5281423,24.4150827],[54.5283233,24.4149233],[54.5284076,24.4148717],[54.5282114,24.414841]]]}},{"type":"Feature","properties":{"layer":"land","subtype":"sand","class":"sand","name":""},"geometry":{"type":"Polygon","coordinates":[[[54.5267702,24.4187368],[54.5267317,24.4186117],[54.5267001,24.4184994],[54.5265556,24.418284],[54.5264495,24.4181499],[54.5263889,24.4180444],[54.5263477,24.4179085],[54.5263151,24.4178101],[54.5263131,24.417654],[54.5263118,24.4175527],[54.5263106,24.4174611],[54.5262935,24.4172926],[54.5262814,24.4172163],[54.5262792,24.4171462],[54.5263083,24.4170979],[54.5263494,24.4170605],[54.5263922,24.4170277],[54.5264315,24.417009],[54.5264692,24.4170059],[54.5265126,24.4170053],[54.5264997,24.4169425],[54.5264388,24.416906],[54.5261103,24.4167448],[54.526066,24.4167069],[54.5260258,24.4165946],[54.5260298,24.4165555],[54.5260419,24.4165335],[54.5260298,24.4164945],[54.526007,24.4164786],[54.5259641,24.4163638],[54.5259493,24.4163052],[54.5259614,24.4162563],[54.5259453,24.4162099],[54.5259346,24.416166],[54.5259426,24.4161391],[54.5259641,24.4161232],[54.5260003,24.4161134],[54.5259386,24.4161128],[54.525877,24.416105],[54.5257811,24.4160957],[54.5257024,24.4160941],[54.5256252,24.416093],[54.5256355,24.4161156],[54.5256329,24.4161498],[54.5256218,24.4162036],[54.525609,24.4162621],[54.5256167,24.4163291],[54.525595,24.4163939],[54.5255984,24.4164687],[54.5256052,24.4165856],[54.5256052,24.4166697],[54.525595,24.4167555],[54.5256035,24.4168022],[54.525696,24.4169316],[54.5257456,24.4169565],[54.5258466,24.4170734],[54.525874,24.4171295],[54.5259082,24.4171934],[54.5259425,24.4172199],[54.5260349,24.4172682],[54.5261222,24.4173368],[54.5261615,24.4174225],[54.5261838,24.4175051],[54.5261838,24.417569],[54.5261787,24.4176704],[54.5261273,24.4177701],[54.5261085,24.4178215],[54.526129,24.4178683],[54.5261427,24.4179197],[54.5261974,24.4180463],[54.5262523,24.4180818],[54.5262933,24.4181177],[54.5263186,24.4181788],[54.5263529,24.4182504],[54.5263888,24.4183003],[54.5264556,24.4183424],[54.5265326,24.418358],[54.5265805,24.4183876],[54.5265959,24.4184484],[54.5265908,24.4185045],[54.5266336,24.4185933],[54.5266593,24.4186744],[54.5266764,24.4187274],[54.5267055,24.4187913],[54.5267568,24.4188209],[54.5267757,24.4188786],[54.5267791,24.4189347],[54.5268297,24.4190142],[54.5267702,24.4187368]]]}},{"type":"Feature","properties":{"layer":"land","subtype":"sand","class":"sand","name":""},"geometry":{"type":"Polygon","coordinates":[[[54.5246184,24.4174566],[54.5246215,24.4174629],[54.5246377,24.4174948],[54.5246626,24.4175412],[54.5246954,24.4175866],[54.5247317,24.4176392],[54.5247521,24.4177197],[54.5247792,24.417828],[54.5247815,24.4178971],[54.5247668,24.4179651],[54.5247668,24.4180373],[54.5247634,24.4180755],[54.5247533,24.4181163],[54.5247914,24.4180468],[54.5248554,24.4179651],[54.5249224,24.4178695],[54.5249393,24.4177994],[54.5249369,24.4177294],[54.5249285,24.4176719],[54.5248756,24.417581],[54.5247651,24.417508],[54.5246544,24.4174584],[54.5246172,24.4174194],[54.5246184,24.4174566]]]}},{"type":"Feature","properties":{"layer":"land","subtype":"sand","class":"sand","name":""},"geometry":{"type":"Polygon","coordinates":[[[54.5272042,24.418194],[54.5271839,24.4181107],[54.5271229,24.4180441],[54.5270782,24.4180126],[54.5270619,24.4179645],[54.527005,24.4179312],[54.5269278,24.4178831],[54.5268546,24.4178812],[54.5267956,24.4178442],[54.526755,24.4177702],[54.5267184,24.4176591],[54.5266988,24.4176472],[54.5267024,24.4177516],[54.5267252,24.4178254],[54.5267568,24.4178895],[54.5268562,24.4179947],[54.5270431,24.4181271],[54.5270928,24.4181683],[54.5271766,24.4181962],[54.5272277,24.4182241],[54.5272042,24.418194]]]}},{"type":"Feature","properties":{"layer":"land","subtype":"sand","class":"sand","name":""},"geometry":{"type":"Polygon","coordinates":[[[54.5270414,24.4190069],[54.5270217,24.4190584],[54.5269555,24.4190684],[54.5268997,24.4190734],[54.5269058,24.4190905],[54.5269725,24.4191077],[54.527041,24.4191451],[54.5270888,24.4191552],[54.5271282,24.4191427],[54.5271522,24.4191318],[54.5271676,24.4191065],[54.5271412,24.4190417],[54.5271127,24.4189973],[54.527063,24.418956],[54.5270414,24.4190069]]]}},{"type":"Feature","properties":{"layer":"land","subtype":"sand","class":"sand","name":""},"geometry":{"type":"Polygon","coordinates":[[[54.5408975,24.4235922],[54.5412945,24.4234603],[54.5415403,24.4231389],[54.5416601,24.4225821],[54.5421707,24.4221114],[54.5430048,24.4221749],[54.543894,24.4225919],[54.5442468,24.4215451],[54.5445556,24.4216143],[54.5451477,24.4197857],[54.5451223,24.4196939],[54.5449703,24.4196021],[54.5393657,24.4179952],[54.539201,24.4178862],[54.539182,24.4177083],[54.5392576,24.4173353],[54.5392006,24.417209],[54.5390232,24.4171],[54.536623,24.4164116],[54.5364267,24.4164347],[54.5363253,24.4165212],[54.5349954,24.42043],[54.5350773,24.4205453],[54.5352475,24.4206375],[54.535929,24.4208394],[54.5360487,24.4209374],[54.5360928,24.42107],[54.5357952,24.4219984],[54.5357888,24.4221022],[54.5358478,24.4221622],[54.5408975,24.4235922]]]}},{"type":"Feature","properties":{"layer":"land","subtype":"forest","class":"forest","name":""},"geometry":{"type":"Polygon","coordinates":[[[54.5579753,24.3948216],[54.5575247,24.3947581],[54.5573101,24.3948069],[54.5571921,24.3948851],[54.5571063,24.3950414],[54.557058,24.3952124],[54.5570419,24.395337],[54.56,24.395831260181737],[54.56,24.39522501815678],[54.5579753,24.3948216]]]}},{"type":"Feature","properties":{"layer":"land","subtype":"land","class":"land","name":""},"geometry":{"type":"Polygon","coordinates":[[[54.4680092,24.4510249],[54.4680601,24.4510493],[54.4681352,24.4510835],[54.4682103,24.4511201],[54.4683386,24.4511881],[54.4683896,24.4512394],[54.4684272,24.4513212],[54.4684634,24.4513652],[54.4684902,24.4513884],[54.4685478,24.4513981],[54.4685988,24.4513871],[54.4686444,24.4513774],[54.4687302,24.451309],[54.468812,24.4512651],[54.4688791,24.4512382],[54.4689368,24.4512358],[54.4689904,24.4512614],[54.4690602,24.4513115],[54.4691165,24.4513639],[54.4692425,24.4515129],[54.4693029,24.4515971],[54.4693539,24.451696],[54.4693726,24.4517754],[54.4693646,24.451873],[54.4693539,24.4519316],[54.4693351,24.4519847],[54.469321,24.4520092],[54.4692962,24.4520293],[54.4692338,24.4520568],[54.469146,24.4520806],[54.4690628,24.4520928],[54.4690199,24.452108],[54.4689877,24.4521239],[54.4689723,24.4521441],[54.4689589,24.4521721],[54.4689555,24.4522014],[54.4689522,24.4522411],[54.4689576,24.4522918],[54.4689737,24.452329],[54.4689951,24.4523736],[54.4690132,24.4524053],[54.4690528,24.4524505],[54.4690803,24.4524895],[54.4690863,24.4525103],[54.4690843,24.4525402],[54.4690783,24.4525671],[54.4690579,24.452612],[54.4690338,24.4526779],[54.4690043,24.4527463],[54.4689694,24.4528073],[54.4689345,24.452883],[54.4689023,24.4529465],[54.4688675,24.45301],[54.4688353,24.4530857],[54.4688058,24.453154],[54.4687709,24.4532248],[54.4687602,24.4532859],[54.4687146,24.4533591],[54.468677,24.4534202],[54.4686475,24.453491],[54.4686073,24.4535593],[54.4685536,24.453635],[54.4684651,24.4537449],[54.4684249,24.4538157],[54.468382,24.4538938],[54.4683337,24.4539671],[54.4682935,24.4540452],[54.4682452,24.4541136],[54.468205,24.454177],[54.4681567,24.4542503],[54.4681245,24.4543187],[54.4680735,24.4543944],[54.4680279,24.454492],[54.4680145,24.4545628],[54.468,24.454587575058273],[54.468,24.456],[54.478160969555034,24.456],[54.47813,24.455942],[54.4780509,24.455826],[54.4779973,24.4557356],[54.4779691,24.4556563],[54.4779396,24.4555696],[54.4778444,24.455395],[54.4777814,24.4552937],[54.4777344,24.4552339],[54.4777009,24.4551985],[54.4776633,24.455146],[54.4776151,24.4550703],[54.4775386,24.4549299],[54.4774863,24.4547847],[54.4774421,24.45472],[54.4773857,24.4546552],[54.4773214,24.4545857],[54.4772851,24.4545344],[54.4772261,24.4544184],[54.4771591,24.4542915],[54.4770987,24.4541633],[54.4770509,24.4540696],[54.477016,24.4540013],[54.4769865,24.4539353],[54.4769463,24.4538474],[54.4769087,24.4537669],[54.4768739,24.4536838],[54.4768305,24.4535736],[54.4767889,24.4535004],[54.4767487,24.4534357],[54.4767219,24.4533881],[54.4766937,24.4533417],[54.4766508,24.4532599],[54.47662,24.4531891],[54.4765757,24.4531024],[54.4765221,24.4530133],[54.476463,24.4529119],[54.4764268,24.4528424],[54.4763906,24.4527654],[54.4763517,24.45268],[54.4763169,24.4526141],[54.4762686,24.4525323],[54.476219,24.4524517],[54.4761626,24.4523479],[54.4761117,24.4522442],[54.4760567,24.4521514],[54.4759655,24.452022],[54.4758984,24.451917],[54.4758381,24.451801],[54.4757791,24.4516728],[54.4757013,24.451519],[54.4756584,24.4514079],[54.4756182,24.4513041],[54.4755672,24.4512004],[54.4755068,24.4510807],[54.4754398,24.4509696],[54.4753969,24.450889],[54.4753164,24.450767],[54.4752346,24.4506058],[54.4751756,24.4504801],[54.4751233,24.4503629],[54.4750535,24.4502383],[54.4749811,24.450115],[54.4749328,24.4500296],[54.4748873,24.4499258],[54.4748443,24.4498318],[54.4747987,24.4497488],[54.4747505,24.4496658],[54.4747062,24.4495937],[54.4746606,24.4495034],[54.4746177,24.4494118],[54.4745828,24.449352],[54.4745439,24.4492995],[54.4745077,24.4492775],[54.4744728,24.449269],[54.4744273,24.4492775],[54.4743414,24.4493081],[54.4741979,24.4493703],[54.4738278,24.4495742],[54.4722506,24.4504483],[54.4703999,24.4513713],[54.4703208,24.4514067],[54.4702564,24.4514262],[54.4701974,24.4514274],[54.4701424,24.4514116],[54.470062,24.4513542],[54.4699949,24.4513151],[54.4699439,24.4512712],[54.4698916,24.4512077],[54.4698447,24.4511283],[54.4698232,24.4510661],[54.4698125,24.4510075],[54.4698259,24.4508976],[54.4699364,24.4507782],[54.470057,24.4507014],[54.4701653,24.4506411],[54.4702776,24.4505771],[54.4704407,24.450494],[54.4706171,24.4503969],[54.4708358,24.450286],[54.4710664,24.4501443],[54.4710973,24.4501578],[54.4716096,24.4494607],[54.4719435,24.4496682],[54.4719744,24.4496389],[54.4720575,24.4496072],[54.4734482,24.4488991],[54.4739009,24.4486488],[54.4739518,24.4486165],[54.4739907,24.4485847],[54.4740511,24.4485194],[54.4740725,24.4484797],[54.4740853,24.4484266],[54.474088,24.4483875],[54.4740839,24.4483576],[54.4740705,24.4483228],[54.4740464,24.4482813],[54.4739968,24.4482075],[54.4739418,24.4481434],[54.4738841,24.4480713],[54.4737701,24.4479493],[54.4737017,24.4478626],[54.4736521,24.4477991],[54.4736105,24.4477417],[54.4735844,24.4477087],[54.4735716,24.4476868],[54.4735629,24.4476422],[54.4735549,24.447594],[54.4735461,24.4475372],[54.4735381,24.4474951],[54.4735193,24.4474548],[54.4734932,24.4474182],[54.4734697,24.4474023],[54.4734342,24.4473962],[54.4734114,24.447398],[54.4733316,24.4473974],[54.4732819,24.4473913],[54.4732082,24.4473645],[54.4731022,24.4473193],[54.4730231,24.4472827],[54.472948,24.4472436],[54.472889,24.4472033],[54.4728568,24.4471642],[54.4728367,24.4471032],[54.4728152,24.4469836],[54.4727938,24.4469506],[54.4727764,24.4469323],[54.4727388,24.4469152],[54.4726878,24.4469066],[54.4726302,24.4468981],[54.4725443,24.4468627],[54.4723472,24.4467601],[54.4722332,24.4467076],[54.4721675,24.4466735],[54.4721286,24.4466344],[54.4720991,24.4465794],[54.4720468,24.4464745],[54.4720213,24.4464232],[54.4720066,24.4464],[54.4719938,24.4463878],[54.4719811,24.446378],[54.4719623,24.4463768],[54.4719368,24.4463841],[54.4718765,24.4464085],[54.4717893,24.4464366],[54.4717129,24.4464464],[54.471615,24.4464317],[54.4715492,24.4464061],[54.471458,24.4463536],[54.4714057,24.4463084],[54.4713695,24.4462877],[54.4713186,24.4462791],[54.4712046,24.4462828],[54.4710825,24.4462816],[54.470986,24.4462779],[54.4708639,24.446262],[54.4707513,24.4462376],[54.4706359,24.4462217],[54.4705434,24.4462107],[54.4704589,24.4462034],[54.4703811,24.446201],[54.4702765,24.4461949],[54.4702014,24.4461839],[54.4701008,24.4461741],[54.4700056,24.446157],[54.4699037,24.4461485],[54.4697119,24.4461399],[54.4694209,24.4461338],[54.4692533,24.4461338],[54.4691929,24.4461436],[54.4691205,24.4461619],[54.4690561,24.4461863],[54.4689985,24.4462083],[54.4689301,24.4462376],[54.468867,24.4462706],[54.4687866,24.4463023],[54.4687115,24.4463377],[54.4686046,24.446393],[54.4685295,24.4464272],[54.4684553,24.4464683],[54.4683936,24.446505],[54.4683024,24.4465599],[54.4682264,24.4465957],[54.4681379,24.4466421],[54.468,24.4466985528125],[54.468,24.451020892857144],[54.4680092,24.4510249]]]}},{"type":"Feature","properties":{"layer":"land","subtype":"wetland","class":"wetland","name":""},"geometry":{"type":"Polygon","coordinates":[[[54.4680366,24.4537951],[54.4680446,24.4537438],[54.4680768,24.4537047],[54.4681197,24.4536828],[54.4681573,24.4536413],[54.4681412,24.4535949],[54.4681117,24.4535778],[54.4681546,24.453568],[54.4682002,24.4535387],[54.4682189,24.4534972],[54.4682458,24.4534508],[54.468235,24.4533873],[54.4682458,24.4533532],[54.4682672,24.4533165],[54.4683209,24.4532799],[54.4683584,24.4532506],[54.4683772,24.453214],[54.4683987,24.4531774],[54.4684308,24.4531334],[54.4684603,24.4530797],[54.4684791,24.4530333],[54.4684818,24.4529698],[54.4684791,24.4529308],[54.4684443,24.4528941],[54.4684094,24.4528697],[54.4683611,24.4528697],[54.4683262,24.4528673],[54.468278,24.4528673],[54.4682404,24.4528502],[54.4682645,24.4528306],[54.4683075,24.4528013],[54.4683316,24.4527891],[54.4683477,24.4528136],[54.4683638,24.4528355],[54.4683933,24.4528258],[54.468396,24.452794],[54.4683826,24.4527623],[54.4683772,24.4527257],[54.4683879,24.4526842],[54.4684094,24.4527232],[54.4684282,24.4527403],[54.4684282,24.4527843],[54.4684255,24.4528258],[54.4684711,24.4528502],[54.4685113,24.4528722],[54.468514,24.4528429],[54.4685435,24.452816],[54.4685542,24.4527745],[54.4685837,24.4527403],[54.4686025,24.4526988],[54.4686347,24.4526573],[54.4686696,24.4526304],[54.4686991,24.4526085],[54.4687125,24.4525767],[54.46875,24.4525767],[54.4687527,24.4525279],[54.4687527,24.4525059],[54.4687795,24.4524888],[54.4687876,24.4524449],[54.4687876,24.4524107],[54.4688332,24.4524009],[54.4688493,24.4523741],[54.468868,24.452335],[54.468863,24.452293],[54.4688359,24.4522666],[54.4687444,24.4522756],[54.468,24.45269135953954],[54.468,24.453839419602975],[54.4680366,24.4537951]]]}},{"type":"Feature","properties":{"layer":"land","subtype":"land","class":"land","name":""},"geometry":{"type":"MultiPolygon","coordinates":[[[[54.468116,24.4369147],[54.4682273,24.436839],[54.4683722,24.436751],[54.4684365,24.4366876],[54.4684446,24.4366637],[54.4684352,24.4366204],[54.4681683,24.4364702],[54.4681817,24.4363646],[54.4681811,24.4362798],[54.4681304,24.4361219],[54.46811,24.4360868],[54.4681073,24.4360618],[54.4681197,24.4360423],[54.4681395,24.4360295],[54.468165,24.4360267],[54.4681801,24.4360356],[54.4681992,24.4360459],[54.468223,24.4360484],[54.4682441,24.4360432],[54.4682863,24.4359989],[54.4683467,24.4356815],[54.4683883,24.4354617],[54.4684278,24.4353811],[54.4685043,24.4352975],[54.4684386,24.4352065],[54.4684466,24.4351864],[54.4684701,24.4351601],[54.468517,24.4351101],[54.4685572,24.4350734],[54.4685707,24.4349605],[54.468568,24.4349367],[54.4685713,24.4349068],[54.4685827,24.4348827],[54.4686,24.4348675],[54.4686218,24.4348497],[54.4686318,24.4348433],[54.4686404,24.4348359],[54.4687235,24.4347633],[54.4686565,24.4346907],[54.4687631,24.4345911],[54.4688184,24.4346302],[54.4688476,24.434651],[54.4688737,24.4346693],[54.4689609,24.4347398],[54.4691467,24.4345783],[54.469201,24.434527],[54.4692378,24.4344935],[54.46927,24.4344703],[54.4693109,24.4344324],[54.4693934,24.4343622],[54.469433,24.4343262],[54.4695054,24.4342639],[54.4696167,24.434176],[54.4697957,24.4340264],[54.4699654,24.4338879],[54.4700566,24.4338317],[54.4702095,24.4337047],[54.4698648,24.433386],[54.4699882,24.4332932],[54.4707925,24.4327184],[54.4708378,24.4326589],[54.4708834,24.4325832],[54.4709337,24.4325081],[54.470988,24.4324471],[54.4711094,24.432325],[54.4713373,24.4321345],[54.4718309,24.4317499],[54.471961,24.4318891],[54.4731431,24.4310435],[54.4731244,24.4310191],[54.4731002,24.4309959],[54.4730855,24.430977],[54.4730851,24.430958],[54.4730929,24.4309391],[54.4732189,24.4308475],[54.4733396,24.4307926],[54.4735066,24.4307566],[54.4736588,24.4307743],[54.4737862,24.4307462],[54.4738573,24.430712],[54.473927,24.4306107],[54.4740343,24.4303933],[54.4741322,24.4302663],[54.4742355,24.4301882],[54.474497,24.4300697],[54.4746552,24.4300295],[54.4748202,24.4300172],[54.4748893,24.4300154],[54.4749603,24.4299971],[54.4750167,24.4299574],[54.475126,24.4296937],[54.4752198,24.4297169],[54.4753499,24.4294336],[54.4752453,24.4293835],[54.4754612,24.4288951],[54.4759923,24.4290917],[54.4761331,24.4291808],[54.4762994,24.429248],[54.4766193,24.4293542],[54.4766656,24.4293493],[54.4766877,24.429331],[54.4766897,24.4293042],[54.4766723,24.4292773],[54.4765167,24.4292181],[54.47617,24.4290746],[54.4763457,24.4289678],[54.4764449,24.4289391],[54.4765294,24.4289293],[54.476575,24.4289201],[54.4766119,24.4288975],[54.4766951,24.4287718],[54.4767635,24.4286888],[54.4768882,24.4286192],[54.4769874,24.4285947],[54.4770357,24.4285654],[54.4770585,24.4285264],[54.4771014,24.4284494],[54.4771913,24.4283859],[54.4772731,24.4283542],[54.4773737,24.4283346],[54.4780134,24.4282412],[54.4784157,24.4281893],[54.4784338,24.4282589],[54.4784465,24.4283304],[54.4784506,24.4283707],[54.4785505,24.4283597],[54.4785367,24.4282616],[54.4785235,24.4281872],[54.4785029,24.427994],[54.4787577,24.4279598],[54.4789454,24.4279286],[54.4790232,24.4279128],[54.4790581,24.4279073],[54.4791033,24.4278945],[54.479162,24.4278822],[54.4792458,24.4278633],[54.4793176,24.4278523],[54.4794242,24.4278365],[54.4795878,24.427812],[54.4797608,24.4277901],[54.4800136,24.4277662],[54.4800954,24.4277522],[54.4801531,24.4281081],[54.4802497,24.4280996],[54.4801913,24.4277644],[54.4802416,24.4277577],[54.4802024,24.4274882],[54.4804924,24.4274347],[54.4808578,24.4271014],[54.4814131,24.4265116],[54.4820447,24.4258974],[54.4828038,24.4253339],[54.4828695,24.4252795],[54.4829077,24.4252399],[54.4829835,24.4251538],[54.4830687,24.4250598],[54.4831257,24.4249938],[54.4831867,24.4249358],[54.4832222,24.4248998],[54.4833034,24.4248369],[54.4835736,24.4247398],[54.4838525,24.4246971],[54.4842321,24.4246226],[54.4847457,24.4245616],[54.4847416,24.4244861],[54.4847256,24.4243723],[54.484688,24.4239339],[54.484562,24.423951],[54.4843125,24.4240047],[54.4830666,24.4242026],[54.4829795,24.4241],[54.4828252,24.4241134],[54.4825396,24.4238948],[54.4824162,24.4237214],[54.4823626,24.4235285],[54.4823545,24.4233478],[54.4824403,24.4230327],[54.4826898,24.4226835],[54.4828843,24.4225284],[54.4831538,24.4224002],[54.483414,24.4223489],[54.4836272,24.4223685],[54.4837989,24.4224356],[54.4839987,24.4225614],[54.4841717,24.4227201],[54.4842522,24.4228111],[54.484338,24.4229006],[54.4839853,24.4232672],[54.4839115,24.4232135],[54.4838398,24.4231439],[54.4837815,24.4230938],[54.4836929,24.4230193],[54.4836359,24.4229717],[54.4835682,24.4229399],[54.483473,24.4229082],[54.4833791,24.4229058],[54.4832767,24.4229297],[54.4831907,24.422974],[54.4830956,24.4230603],[54.4830465,24.4231976],[54.4830438,24.4232977],[54.4831136,24.4234552],[54.4836339,24.4240121],[54.4838431,24.4240536],[54.4840524,24.4240316],[54.4843957,24.4236433],[54.4847256,24.4232678],[54.4848034,24.42315],[54.4848329,24.4231216],[54.4848631,24.4231057],[54.4848778,24.4230914],[54.4848825,24.4230654],[54.4848735,24.4230318],[54.4848634,24.4229964],[54.484857,24.4229754],[54.4848557,24.4229482],[54.4848731,24.4229021],[54.4849486,24.4229097],[54.4849616,24.4229048],[54.4849801,24.4228893],[54.4849888,24.4228603],[54.4849817,24.4228383],[54.484961,24.422823],[54.4848869,24.4228242],[54.4848617,24.4228093],[54.4848543,24.4227806],[54.4848523,24.4227116],[54.4848678,24.4226798],[54.4849062,24.4226642],[54.4849435,24.422617],[54.4849408,24.4225907],[54.484906,24.4225614],[54.4848067,24.4225461],[54.4847598,24.4225394],[54.4847169,24.4225138],[54.4845003,24.4219985],[54.4844654,24.4218373],[54.4844654,24.4216761],[54.4845311,24.4214026],[54.4846196,24.421151],[54.4846612,24.4210814],[54.4847323,24.4210033],[54.4848262,24.4208396],[54.4848986,24.420632],[54.4849791,24.420201],[54.4850568,24.4199494],[54.4852929,24.4194207],[54.4853787,24.4192949],[54.4854605,24.4191313],[54.4855142,24.4190397],[54.4855839,24.4189982],[54.4856201,24.418956],[54.4856295,24.41892],[54.4856274,24.418841],[54.4856268,24.4188199],[54.4856174,24.4185708],[54.4856121,24.4183858],[54.4856174,24.418224],[54.4856308,24.4181629],[54.4856778,24.4180542],[54.4856939,24.4180115],[54.4858132,24.4173044],[54.4859943,24.4162799],[54.4861391,24.4156339],[54.4864094,24.4145397],[54.4864918,24.4142338],[54.4865569,24.4140751],[54.4866233,24.4139835],[54.4866742,24.4139273],[54.4867339,24.4138882],[54.4867822,24.4138192],[54.4868097,24.4137081],[54.4868177,24.4135188],[54.4868787,24.4131872],[54.4868955,24.4131103],[54.4868995,24.4130315],[54.4868801,24.4129742],[54.4867882,24.4128239],[54.4870739,24.41188],[54.4871812,24.4115063],[54.4872777,24.4112413],[54.4873555,24.4110935],[54.4876391,24.4106197],[54.4875614,24.4105794],[54.48755,24.4102643],[54.4875695,24.4099446],[54.4876312,24.4096247],[54.4877592,24.4093508],[54.4879845,24.4090907],[54.4880368,24.4090162],[54.4880267,24.4089637],[54.4876975,24.4086559],[54.4875667,24.4085271],[54.4874809,24.4084269],[54.4874125,24.4083763],[54.4873126,24.4084404],[54.4870658,24.408292],[54.4871517,24.4081161],[54.4872469,24.4079928],[54.4873689,24.4079207],[54.4874467,24.407856],[54.4874749,24.4078255],[54.4875117,24.4077757],[54.4875138,24.4077336],[54.4874765,24.4077354],[54.4872086,24.4077143],[54.4866373,24.4076875],[54.4866139,24.4076423],[54.4868217,24.4073571],[54.4870377,24.4070622],[54.4871396,24.4069279],[54.4871206,24.4069161],[54.4870457,24.4070079],[54.4869284,24.4069456],[54.4868787,24.4069175],[54.4868539,24.4068998],[54.4867265,24.4067557],[54.4866139,24.4065554],[54.4865146,24.4063343],[54.4864409,24.4062647],[54.4863644,24.4062317],[54.4862504,24.4062134],[54.4860989,24.4061829],[54.4860265,24.4061499],[54.4858401,24.4059203],[54.4858012,24.4058446],[54.4857837,24.4057567],[54.4857757,24.4056419],[54.4857596,24.4055503],[54.4857019,24.405466],[54.4855832,24.4053494],[54.4854585,24.4052871],[54.4853821,24.4052755],[54.4852949,24.4052865],[54.4852278,24.4053115],[54.484558,24.4046246],[54.4843756,24.4047107],[54.4843333,24.4046117],[54.4843112,24.4044731],[54.4843099,24.4043485],[54.4843085,24.4041544],[54.4843045,24.4040957],[54.4841657,24.4036762],[54.4841268,24.4035852],[54.4841248,24.4035419],[54.4841315,24.4035028],[54.4841858,24.403421],[54.4840872,24.4033105],[54.483937,24.4034057],[54.4836031,24.4031315],[54.4834576,24.4030351],[54.4833282,24.4029477],[54.4831444,24.4028024],[54.4819254,24.4019182],[54.4815968,24.4017093],[54.4812722,24.401531],[54.4811482,24.4014962],[54.4810604,24.4014803],[54.4809551,24.401451],[54.4807211,24.4013552],[54.4799151,24.4008422],[54.4796884,24.4007005],[54.4790085,24.4002743],[54.4784693,24.3999812],[54.4781274,24.3998084],[54.4780657,24.3997564],[54.4780127,24.3997015],[54.4778994,24.399569],[54.4778028,24.3994755],[54.4776516,24.3993283],[54.4776449,24.3993086],[54.4777027,24.399178],[54.4777056,24.3991501],[54.4777016,24.3991153],[54.4776875,24.3990969],[54.4776634,24.3990991],[54.4776419,24.399111],[54.4776218,24.3991064],[54.4773871,24.399053],[54.4770129,24.3989724],[54.4766843,24.3988197],[54.4763907,24.3986182],[54.4761005,24.3984482],[54.4760704,24.3984207],[54.4760841,24.3983909],[54.4760865,24.3983818],[54.4760848,24.3983687],[54.4760758,24.3983569],[54.4760647,24.3983497],[54.4760498,24.3983481],[54.476039,24.3983527],[54.476029,24.3983642],[54.4760198,24.3983836],[54.4758513,24.3983517],[54.4757978,24.3983495],[54.4755552,24.3982921],[54.475185,24.3981553],[54.4749141,24.3980203],[54.4748964,24.3980066],[54.4747135,24.3978653],[54.4745882,24.3977517],[54.4745681,24.3976924],[54.4745278,24.397646],[54.4744702,24.3976338],[54.4744138,24.3975727],[54.4743099,24.397544],[54.4742831,24.3975245],[54.4742703,24.3974964],[54.4743133,24.3972832],[54.474324,24.3970976],[54.4743133,24.3969596],[54.4743005,24.3968552],[54.474265,24.3968039],[54.4742167,24.396777],[54.4741637,24.3967691],[54.4741201,24.3967764],[54.4738211,24.3972039],[54.473471,24.3971281],[54.4726932,24.3969523],[54.4721407,24.3969596],[54.4715479,24.397006],[54.4709659,24.3970182],[54.4706306,24.397006],[54.4704589,24.3969718],[54.470353,24.3969425],[54.4703007,24.3968668],[54.4702537,24.3967666],[54.4701304,24.3965272],[54.4700593,24.3964295],[54.46995,24.3965223],[54.4698514,24.3965968],[54.4696167,24.3967007],[54.4694021,24.3967324],[54.4692063,24.3967275],[54.4690172,24.3966933],[54.468812,24.3966713],[54.4684379,24.3966994],[54.4682917,24.3967117],[54.4681764,24.396697],[54.4680932,24.3965272],[54.468,24.396568649473682],[54.468,24.437013144605356],[54.468116,24.4369147]]],[[[54.4680127,24.4378182],[54.4680208,24.4377559],[54.4680228,24.4376863],[54.468,24.437668592180096],[54.468,24.43785054999999],[54.4680127,24.4378182]]]]}},{"type":"Feature","properties":{"layer":"land","subtype":"land","class":"island","name":"جزيرة أبو ظبي"},"geometry":{"type":"MultiPolygon","coordinates":[[[[54.468116,24.4369147],[54.4682273,24.436839],[54.4683722,24.436751],[54.4684365,24.4366876],[54.4684446,24.4366637],[54.4684352,24.4366204],[54.4681683,24.4364702],[54.4681817,24.4363646],[54.4681811,24.4362798],[54.4681304,24.4361219],[54.46811,24.4360868],[54.4681073,24.4360618],[54.4681197,24.4360423],[54.4681395,24.4360295],[54.468165,24.4360267],[54.4681801,24.4360356],[54.4681992,24.4360459],[54.468223,24.4360484],[54.4682441,24.4360432],[54.4682863,24.4359989],[54.4683467,24.4356815],[54.4683883,24.4354617],[54.4684278,24.4353811],[54.4685043,24.4352975],[54.4684386,24.4352065],[54.4684466,24.4351864],[54.4684701,24.4351601],[54.468517,24.4351101],[54.4685572,24.4350734],[54.4685707,24.4349605],[54.468568,24.4349367],[54.4685713,24.4349068],[54.4685827,24.4348827],[54.4686,24.4348675],[54.4686218,24.4348497],[54.4686318,24.4348433],[54.4686404,24.4348359],[54.4687235,24.4347633],[54.4686565,24.4346907],[54.4687631,24.4345911],[54.4688184,24.4346302],[54.4688476,24.434651],[54.4688737,24.4346693],[54.4689609,24.4347398],[54.4691467,24.4345783],[54.469201,24.434527],[54.4692378,24.4344935],[54.46927,24.4344703],[54.4693109,24.4344324],[54.4693934,24.4343622],[54.469433,24.4343262],[54.4695054,24.4342639],[54.4696167,24.434176],[54.4697957,24.4340264],[54.4699654,24.4338879],[54.4700566,24.4338317],[54.4702095,24.4337047],[54.4698648,24.433386],[54.4699882,24.4332932],[54.4707925,24.4327184],[54.4708378,24.4326589],[54.4708834,24.4325832],[54.4709337,24.4325081],[54.470988,24.4324471],[54.4711094,24.432325],[54.4713373,24.4321345],[54.4718309,24.4317499],[54.471961,24.4318891],[54.4731431,24.4310435],[54.4731244,24.4310191],[54.4731002,24.4309959],[54.4730855,24.430977],[54.4730851,24.430958],[54.4730929,24.4309391],[54.4732189,24.4308475],[54.4733396,24.4307926],[54.4735066,24.4307566],[54.4736588,24.4307743],[54.4737862,24.4307462],[54.4738573,24.430712],[54.473927,24.4306107],[54.4740343,24.4303933],[54.4741322,24.4302663],[54.4742355,24.4301882],[54.474497,24.4300697],[54.4746552,24.4300295],[54.4748202,24.4300172],[54.4748893,24.4300154],[54.4749603,24.4299971],[54.4750167,24.4299574],[54.475126,24.4296937],[54.4752198,24.4297169],[54.4753499,24.4294336],[54.4752453,24.4293835],[54.4754612,24.4288951],[54.4759923,24.4290917],[54.4761331,24.4291808],[54.4762994,24.429248],[54.4766193,24.4293542],[54.4766656,24.4293493],[54.4766877,24.429331],[54.4766897,24.4293042],[54.4766723,24.4292773],[54.4765167,24.4292181],[54.47617,24.4290746],[54.4763457,24.4289678],[54.4764449,24.4289391],[54.4765294,24.4289293],[54.476575,24.4289201],[54.4766119,24.4288975],[54.4766951,24.4287718],[54.4767635,24.4286888],[54.4768882,24.4286192],[54.4769874,24.4285947],[54.4770357,24.4285654],[54.4770585,24.4285264],[54.4771014,24.4284494],[54.4771913,24.4283859],[54.4772731,24.4283542],[54.4773737,24.4283346],[54.4780134,24.4282412],[54.4784157,24.4281893],[54.4784338,24.4282589],[54.4784465,24.4283304],[54.4784506,24.4283707],[54.4785505,24.4283597],[54.4785367,24.4282616],[54.4785235,24.4281872],[54.4785029,24.427994],[54.4787577,24.4279598],[54.4789454,24.4279286],[54.4790232,24.4279128],[54.4790581,24.4279073],[54.4791033,24.4278945],[54.479162,24.4278822],[54.4792458,24.4278633],[54.4793176,24.4278523],[54.4794242,24.4278365],[54.4795878,24.427812],[54.4797608,24.4277901],[54.4800136,24.4277662],[54.4800954,24.4277522],[54.4801531,24.4281081],[54.4802497,24.4280996],[54.4801913,24.4277644],[54.4802416,24.4277577],[54.4802024,24.4274882],[54.4804924,24.4274347],[54.4808578,24.4271014],[54.4814131,24.4265116],[54.4820447,24.4258974],[54.4828038,24.4253339],[54.4828695,24.4252795],[54.4829077,24.4252399],[54.4829835,24.4251538],[54.4830687,24.4250598],[54.4831257,24.4249938],[54.4831867,24.4249358],[54.4832222,24.4248998],[54.4833034,24.4248369],[54.4835736,24.4247398],[54.4838525,24.4246971],[54.4842321,24.4246226],[54.4847457,24.4245616],[54.4847416,24.4244861],[54.4847256,24.4243723],[54.484688,24.4239339],[54.484562,24.423951],[54.4843125,24.4240047],[54.4830666,24.4242026],[54.4829795,24.4241],[54.4828252,24.4241134],[54.4825396,24.4238948],[54.4824162,24.4237214],[54.4823626,24.4235285],[54.4823545,24.4233478],[54.4824403,24.4230327],[54.4826898,24.4226835],[54.4828843,24.4225284],[54.4831538,24.4224002],[54.483414,24.4223489],[54.4836272,24.4223685],[54.4837989,24.4224356],[54.4839987,24.4225614],[54.4841717,24.4227201],[54.4842522,24.4228111],[54.484338,24.4229006],[54.4839853,24.4232672],[54.4839115,24.4232135],[54.4838398,24.4231439],[54.4837815,24.4230938],[54.4836929,24.4230193],[54.4836359,24.4229717],[54.4835682,24.4229399],[54.483473,24.4229082],[54.4833791,24.4229058],[54.4832767,24.4229297],[54.4831907,24.422974],[54.4830956,24.4230603],[54.4830465,24.4231976],[54.4830438,24.4232977],[54.4831136,24.4234552],[54.4836339,24.4240121],[54.4838431,24.4240536],[54.4840524,24.4240316],[54.4843957,24.4236433],[54.4847256,24.4232678],[54.4848034,24.42315],[54.4848329,24.4231216],[54.4848631,24.4231057],[54.4848778,24.4230914],[54.4848825,24.4230654],[54.4848735,24.4230318],[54.4848634,24.4229964],[54.484857,24.4229754],[54.4848557,24.4229482],[54.4848731,24.4229021],[54.4849486,24.4229097],[54.4849616,24.4229048],[54.4849801,24.4228893],[54.4849888,24.4228603],[54.4849817,24.4228383],[54.484961,24.422823],[54.4848869,24.4228242],[54.4848617,24.4228093],[54.4848543,24.4227806],[54.4848523,24.4227116],[54.4848678,24.4226798],[54.4849062,24.4226642],[54.4849435,24.422617],[54.4849408,24.4225907],[54.484906,24.4225614],[54.4848067,24.4225461],[54.4847598,24.4225394],[54.4847169,24.4225138],[54.4845003,24.4219985],[54.4844654,24.4218373],[54.4844654,24.4216761],[54.4845311,24.4214026],[54.4846196,24.421151],[54.4846612,24.4210814],[54.4847323,24.4210033],[54.4848262,24.4208396],[54.4848986,24.420632],[54.4849791,24.420201],[54.4850568,24.4199494],[54.4852929,24.4194207],[54.4853787,24.4192949],[54.4854605,24.4191313],[54.4855142,24.4190397],[54.4855839,24.4189982],[54.4856201,24.418956],[54.4856295,24.41892],[54.4856274,24.418841],[54.4856268,24.4188199],[54.4856174,24.4185708],[54.4856121,24.4183858],[54.4856174,24.418224],[54.4856308,24.4181629],[54.4856778,24.4180542],[54.4856939,24.4180115],[54.4858132,24.4173044],[54.4859943,24.4162799],[54.4861391,24.4156339],[54.4864094,24.4145397],[54.4864918,24.4142338],[54.4865569,24.4140751],[54.4866233,24.4139835],[54.4866742,24.4139273],[54.4867339,24.4138882],[54.4867822,24.4138192],[54.4868097,24.4137081],[54.4868177,24.4135188],[54.4868787,24.4131872],[54.4868955,24.4131103],[54.4868995,24.4130315],[54.4868801,24.4129742],[54.4867882,24.4128239],[54.4870739,24.41188],[54.4871812,24.4115063],[54.4872777,24.4112413],[54.4873555,24.4110935],[54.4876391,24.4106197],[54.4875614,24.4105794],[54.48755,24.4102643],[54.4875695,24.4099446],[54.4876312,24.4096247],[54.4877592,24.4093508],[54.4879845,24.4090907],[54.4880368,24.4090162],[54.4880267,24.4089637],[54.4876975,24.4086559],[54.4875667,24.4085271],[54.4874809,24.4084269],[54.4874125,24.4083763],[54.4873126,24.4084404],[54.4870658,24.408292],[54.4871517,24.4081161],[54.4872469,24.4079928],[54.4873689,24.4079207],[54.4874467,24.407856],[54.4874749,24.4078255],[54.4875117,24.4077757],[54.4875138,24.4077336],[54.4874765,24.4077354],[54.4872086,24.4077143],[54.4866373,24.4076875],[54.4866139,24.4076423],[54.4868217,24.4073571],[54.4870377,24.4070622],[54.4871396,24.4069279],[54.4871206,24.4069161],[54.4870457,24.4070079],[54.4869284,24.4069456],[54.4868787,24.4069175],[54.4868539,24.4068998],[54.4867265,24.4067557],[54.4866139,24.4065554],[54.4865146,24.4063343],[54.4864409,24.4062647],[54.4863644,24.4062317],[54.4862504,24.4062134],[54.4860989,24.4061829],[54.4860265,24.4061499],[54.4858401,24.4059203],[54.4858012,24.4058446],[54.4857837,24.4057567],[54.4857757,24.4056419],[54.4857596,24.4055503],[54.4857019,24.405466],[54.4855832,24.4053494],[54.4854585,24.4052871],[54.4853821,24.4052755],[54.4852949,24.4052865],[54.4852278,24.4053115],[54.484558,24.4046246],[54.4843756,24.4047107],[54.4843333,24.4046117],[54.4843112,24.4044731],[54.4843099,24.4043485],[54.4843085,24.4041544],[54.4843045,24.4040957],[54.4841657,24.4036762],[54.4841268,24.4035852],[54.4841248,24.4035419],[54.4841315,24.4035028],[54.4841858,24.403421],[54.4840872,24.4033105],[54.483937,24.4034057],[54.4836031,24.4031315],[54.4834576,24.4030351],[54.4833282,24.4029477],[54.4831444,24.4028024],[54.4819254,24.4019182],[54.4815968,24.4017093],[54.4812722,24.401531],[54.4811482,24.4014962],[54.4810604,24.4014803],[54.4809551,24.401451],[54.4807211,24.4013552],[54.4799151,24.4008422],[54.4796884,24.4007005],[54.4790085,24.4002743],[54.4784693,24.3999812],[54.4781274,24.3998084],[54.4780657,24.3997564],[54.4780127,24.3997015],[54.4778994,24.399569],[54.4778028,24.3994755],[54.4776516,24.3993283],[54.4776449,24.3993086],[54.4777027,24.399178],[54.4777056,24.3991501],[54.4777016,24.3991153],[54.4776875,24.3990969],[54.4776634,24.3990991],[54.4776419,24.399111],[54.4776218,24.3991064],[54.4773871,24.399053],[54.4770129,24.3989724],[54.4766843,24.3988197],[54.4763907,24.3986182],[54.4761005,24.3984482],[54.4760704,24.3984207],[54.4760841,24.3983909],[54.4760865,24.3983818],[54.4760848,24.3983687],[54.4760758,24.3983569],[54.4760647,24.3983497],[54.4760498,24.3983481],[54.476039,24.3983527],[54.476029,24.3983642],[54.4760198,24.3983836],[54.4758513,24.3983517],[54.4757978,24.3983495],[54.4755552,24.3982921],[54.475185,24.3981553],[54.4749141,24.3980203],[54.4748964,24.3980066],[54.4747135,24.3978653],[54.4745882,24.3977517],[54.4745681,24.3976924],[54.4745278,24.397646],[54.4744702,24.3976338],[54.4744138,24.3975727],[54.4743099,24.397544],[54.4742831,24.3975245],[54.4742703,24.3974964],[54.4743133,24.3972832],[54.474324,24.3970976],[54.4743133,24.3969596],[54.4743005,24.3968552],[54.474265,24.3968039],[54.4742167,24.396777],[54.4741637,24.3967691],[54.4741201,24.3967764],[54.4738211,24.3972039],[54.473471,24.3971281],[54.4726932,24.3969523],[54.4721407,24.3969596],[54.4715479,24.397006],[54.4709659,24.3970182],[54.4706306,24.397006],[54.4704589,24.3969718],[54.470353,24.3969425],[54.4703007,24.3968668],[54.4702537,24.3967666],[54.4701304,24.3965272],[54.4700593,24.3964295],[54.46995,24.3965223],[54.4698514,24.3965968],[54.4696167,24.3967007],[54.4694021,24.3967324],[54.4692063,24.3967275],[54.4690172,24.3966933],[54.468812,24.3966713],[54.4684379,24.3966994],[54.4682917,24.3967117],[54.4681764,24.396697],[54.4680932,24.3965272],[54.468,24.396568649473682],[54.468,24.437013144605356],[54.468116,24.4369147]]],[[[54.4680127,24.4378182],[54.4680208,24.4377559],[54.4680228,24.4376863],[54.468,24.437668592180096],[54.468,24.43785054999999],[54.4680127,24.4378182]]]]}},{"type":"Feature","properties":{"layer":"land","subtype":"land","class":"island","name":"جزيرة أم يفينة"},"geometry":{"type":"Polygon","coordinates":[[[54.4680092,24.4510249],[54.4680601,24.4510493],[54.4681352,24.4510835],[54.4682103,24.4511201],[54.4683386,24.4511881],[54.4683896,24.4512394],[54.4684272,24.4513212],[54.4684634,24.4513652],[54.4684902,24.4513884],[54.4685478,24.4513981],[54.4685988,24.4513871],[54.4686444,24.4513774],[54.4687302,24.451309],[54.468812,24.4512651],[54.4688791,24.4512382],[54.4689368,24.4512358],[54.4689904,24.4512614],[54.4690602,24.4513115],[54.4691165,24.4513639],[54.4692425,24.4515129],[54.4693029,24.4515971],[54.4693539,24.451696],[54.4693726,24.4517754],[54.4693646,24.451873],[54.4693539,24.4519316],[54.4693351,24.4519847],[54.469321,24.4520092],[54.4692962,24.4520293],[54.4692338,24.4520568],[54.469146,24.4520806],[54.4690628,24.4520928],[54.4690199,24.452108],[54.4689877,24.4521239],[54.4689723,24.4521441],[54.4689589,24.4521721],[54.4689555,24.4522014],[54.4689522,24.4522411],[54.4689576,24.4522918],[54.4689737,24.452329],[54.4689951,24.4523736],[54.4690132,24.4524053],[54.4690528,24.4524505],[54.4690803,24.4524895],[54.4690863,24.4525103],[54.4690843,24.4525402],[54.4690783,24.4525671],[54.4690579,24.452612],[54.4690338,24.4526779],[54.4690043,24.4527463],[54.4689694,24.4528073],[54.4689345,24.452883],[54.4689023,24.4529465],[54.4688675,24.45301],[54.4688353,24.4530857],[54.4688058,24.453154],[54.4687709,24.4532248],[54.4687602,24.4532859],[54.4687146,24.4533591],[54.468677,24.4534202],[54.4686475,24.453491],[54.4686073,24.4535593],[54.4685536,24.453635],[54.4684651,24.4537449],[54.4684249,24.4538157],[54.468382,24.4538938],[54.4683337,24.4539671],[54.4682935,24.4540452],[54.4682452,24.4541136],[54.468205,24.454177],[54.4681567,24.4542503],[54.4681245,24.4543187],[54.4680735,24.4543944],[54.4680279,24.454492],[54.4680145,24.4545628],[54.468,24.454587575058273],[54.468,24.456],[54.478160969555034,24.456],[54.47813,24.455942],[54.4780509,24.455826],[54.4779973,24.4557356],[54.4779691,24.4556563],[54.4779396,24.4555696],[54.4778444,24.455395],[54.4777814,24.4552937],[54.4777344,24.4552339],[54.4777009,24.4551985],[54.4776633,24.455146],[54.4776151,24.4550703],[54.4775386,24.4549299],[54.4774863,24.4547847],[54.4774421,24.45472],[54.4773857,24.4546552],[54.4773214,24.4545857],[54.4772851,24.4545344],[54.4772261,24.4544184],[54.4771591,24.4542915],[54.4770987,24.4541633],[54.4770509,24.4540696],[54.477016,24.4540013],[54.4769865,24.4539353],[54.4769463,24.4538474],[54.4769087,24.4537669],[54.4768739,24.4536838],[54.4768305,24.4535736],[54.4767889,24.4535004],[54.4767487,24.4534357],[54.4767219,24.4533881],[54.4766937,24.4533417],[54.4766508,24.4532599],[54.47662,24.4531891],[54.4765757,24.4531024],[54.4765221,24.4530133],[54.476463,24.4529119],[54.4764268,24.4528424],[54.4763906,24.4527654],[54.4763517,24.45268],[54.4763169,24.4526141],[54.4762686,24.4525323],[54.476219,24.4524517],[54.4761626,24.4523479],[54.4761117,24.4522442],[54.4760567,24.4521514],[54.4759655,24.452022],[54.4758984,24.451917],[54.4758381,24.451801],[54.4757791,24.4516728],[54.4757013,24.451519],[54.4756584,24.4514079],[54.4756182,24.4513041],[54.4755672,24.4512004],[54.4755068,24.4510807],[54.4754398,24.4509696],[54.4753969,24.450889],[54.4753164,24.450767],[54.4752346,24.4506058],[54.4751756,24.4504801],[54.4751233,24.4503629],[54.4750535,24.4502383],[54.4749811,24.450115],[54.4749328,24.4500296],[54.4748873,24.4499258],[54.4748443,24.4498318],[54.4747987,24.4497488],[54.4747505,24.4496658],[54.4747062,24.4495937],[54.4746606,24.4495034],[54.4746177,24.4494118],[54.4745828,24.449352],[54.4745439,24.4492995],[54.4745077,24.4492775],[54.4744728,24.449269],[54.4744273,24.4492775],[54.4743414,24.4493081],[54.4741979,24.4493703],[54.4738278,24.4495742],[54.4722506,24.4504483],[54.4703999,24.4513713],[54.4703208,24.4514067],[54.4702564,24.4514262],[54.4701974,24.4514274],[54.4701424,24.4514116],[54.470062,24.4513542],[54.4699949,24.4513151],[54.4699439,24.4512712],[54.4698916,24.4512077],[54.4698447,24.4511283],[54.4698232,24.4510661],[54.4698125,24.4510075],[54.4698259,24.4508976],[54.4699364,24.4507782],[54.470057,24.4507014],[54.4701653,24.4506411],[54.4702776,24.4505771],[54.4704407,24.450494],[54.4706171,24.4503969],[54.4708358,24.450286],[54.4710664,24.4501443],[54.4710973,24.4501578],[54.4716096,24.4494607],[54.4719435,24.4496682],[54.4719744,24.4496389],[54.4720575,24.4496072],[54.4734482,24.4488991],[54.4739009,24.4486488],[54.4739518,24.4486165],[54.4739907,24.4485847],[54.4740511,24.4485194],[54.4740725,24.4484797],[54.4740853,24.4484266],[54.474088,24.4483875],[54.4740839,24.4483576],[54.4740705,24.4483228],[54.4740464,24.4482813],[54.4739968,24.4482075],[54.4739418,24.4481434],[54.4738841,24.4480713],[54.4737701,24.4479493],[54.4737017,24.4478626],[54.4736521,24.4477991],[54.4736105,24.4477417],[54.4735844,24.4477087],[54.4735716,24.4476868],[54.4735629,24.4476422],[54.4735549,24.447594],[54.4735461,24.4475372],[54.4735381,24.4474951],[54.4735193,24.4474548],[54.4734932,24.4474182],[54.4734697,24.4474023],[54.4734342,24.4473962],[54.4734114,24.447398],[54.4733316,24.4473974],[54.4732819,24.4473913],[54.4732082,24.4473645],[54.4731022,24.4473193],[54.4730231,24.4472827],[54.472948,24.4472436],[54.472889,24.4472033],[54.4728568,24.4471642],[54.4728367,24.4471032],[54.4728152,24.4469836],[54.4727938,24.4469506],[54.4727764,24.4469323],[54.4727388,24.4469152],[54.4726878,24.4469066],[54.4726302,24.4468981],[54.4725443,24.4468627],[54.4723472,24.4467601],[54.4722332,24.4467076],[54.4721675,24.4466735],[54.4721286,24.4466344],[54.4720991,24.4465794],[54.4720468,24.4464745],[54.4720213,24.4464232],[54.4720066,24.4464],[54.4719938,24.4463878],[54.4719811,24.446378],[54.4719623,24.4463768],[54.4719368,24.4463841],[54.4718765,24.4464085],[54.4717893,24.4464366],[54.4717129,24.4464464],[54.471615,24.4464317],[54.4715492,24.4464061],[54.471458,24.4463536],[54.4714057,24.4463084],[54.4713695,24.4462877],[54.4713186,24.4462791],[54.4712046,24.4462828],[54.4710825,24.4462816],[54.470986,24.4462779],[54.4708639,24.446262],[54.4707513,24.4462376],[54.4706359,24.4462217],[54.4705434,24.4462107],[54.4704589,24.4462034],[54.4703811,24.446201],[54.4702765,24.4461949],[54.4702014,24.4461839],[54.4701008,24.4461741],[54.4700056,24.446157],[54.4699037,24.4461485],[54.4697119,24.4461399],[54.4694209,24.4461338],[54.4692533,24.4461338],[54.4691929,24.4461436],[54.4691205,24.4461619],[54.4690561,24.4461863],[54.4689985,24.4462083],[54.4689301,24.4462376],[54.468867,24.4462706],[54.4687866,24.4463023],[54.4687115,24.4463377],[54.4686046,24.446393],[54.4685295,24.4464272],[54.4684553,24.4464683],[54.4683936,24.446505],[54.4683024,24.4465599],[54.4682264,24.4465957],[54.4681379,24.4466421],[54.468,24.4466985528125],[54.468,24.451020892857144],[54.4680092,24.4510249]]]}},{"type":"Feature","properties":{"layer":"land","subtype":"land","class":"land","name":""},"geometry":{"type":"MultiPolygon","coordinates":[[[[54.5598303,24.4386505],[54.5596233,24.438795],[54.559474,24.4389182],[54.5593388,24.4390427],[54.5591809,24.4392086],[54.5590283,24.4393942],[54.5589225,24.4395469],[54.5588605,24.4396383],[54.5588008,24.439741],[54.5586738,24.4400606],[54.5586307,24.440194],[54.5586088,24.4402994],[54.5586282,24.4403501],[54.5586716,24.4403974],[54.5587929,24.4404465],[54.5589399,24.4405006],[54.5590816,24.4405165],[54.5592149,24.4404992],[54.5592792,24.4404506],[54.5593227,24.4403994],[54.5593568,24.4403394],[54.5594126,24.4402919],[54.5595087,24.4402687],[54.5596162,24.4402743],[54.5597001,24.4403375],[54.5597424,24.4403319],[54.5598712,24.4402861],[54.5599099,24.4402755],[54.5599588,24.440303],[54.56,24.440318737742306],[54.56,24.43854981090496],[54.5598303,24.4386505]]],[[[54.4928968,24.387111],[54.4928956,24.3872446],[54.4929207,24.3873064],[54.4929707,24.3873667],[54.4930591,24.3873972],[54.4931424,24.3874107],[54.4933838,24.3874107],[54.4985133,24.3874654],[54.4986005,24.3874955],[54.4986963,24.3875774],[54.4987773,24.3876509],[54.4988396,24.3877273],[54.4991931,24.3890361],[54.4991849,24.3890962],[54.4991564,24.3891427],[54.4991136,24.3891726],[54.4970147,24.3894297],[54.4949616,24.3897075],[54.4948439,24.3896379],[54.494588,24.3892814],[54.4945165,24.3893098],[54.4945122,24.3893505],[54.494534,24.3895305],[54.4943154,24.3895981],[54.4941997,24.3892858],[54.4941855,24.389155],[54.4941046,24.3891236],[54.4940261,24.3891552],[54.4940026,24.3892276],[54.494085,24.3894399],[54.494024,24.3894849],[54.4940066,24.3895005],[54.4936578,24.3895513],[54.4933421,24.3895966],[54.4932757,24.3895855],[54.4930648,24.3895502],[54.4930031,24.3894553],[54.4929649,24.3893324],[54.4929802,24.3892966],[54.4929793,24.3892558],[54.4929231,24.3891979],[54.4928796,24.3891848],[54.4928409,24.3891995],[54.4928001,24.3892201],[54.4927632,24.3892696],[54.4927672,24.3893065],[54.4927902,24.389346],[54.492819,24.3893819],[54.4928264,24.389422],[54.492788,24.3894774],[54.4927362,24.3895185],[54.4926606,24.389602],[54.4924971,24.3896768],[54.4920883,24.3897829],[54.4918954,24.3898186],[54.4917878,24.3898147],[54.4917645,24.3896935],[54.4917368,24.3896081],[54.4917055,24.3895696],[54.4916594,24.3895448],[54.4915996,24.3895577],[54.4915669,24.3895924],[54.4915507,24.3896328],[54.4915633,24.3896904],[54.4915482,24.3897622],[54.4914916,24.3898342],[54.4902459,24.3897024],[54.4902226,24.3896201],[54.4901527,24.3895909],[54.490101,24.3896002],[54.4900652,24.3896254],[54.4900536,24.3896492],[54.4900565,24.3896838],[54.4901148,24.389875],[54.4899685,24.3899177],[54.4898123,24.3899367],[54.4896195,24.3899674],[54.4895091,24.3900365],[54.4894492,24.3901314],[54.4894173,24.3902329],[54.4894142,24.3903636],[54.4894376,24.3906259],[54.4894374,24.3907287],[54.489403,24.3908262],[54.4893142,24.3909781],[54.4892086,24.3911304],[54.4891608,24.3913383],[54.4891273,24.3915159],[54.4891444,24.3916569],[54.4892094,24.391799],[54.4893123,24.3919255],[54.4893917,24.3919773],[54.4894633,24.3919982],[54.4895421,24.3920009],[54.4896757,24.3920027],[54.4897913,24.392007],[54.4899261,24.3920393],[54.4900707,24.3920325],[54.4901189,24.3920567],[54.4902069,24.3921022],[54.4902277,24.3921604],[54.4902245,24.39221],[54.4902137,24.3922319],[54.4894674,24.3924354],[54.4870377,24.3930952],[54.4870202,24.3931172],[54.4870162,24.3931758],[54.4870497,24.3933443],[54.4865897,24.393359],[54.4861673,24.3934066],[54.4861047,24.3934048],[54.4860503,24.3933879],[54.4859621,24.3933688],[54.485926,24.3933675],[54.4858913,24.3933817],[54.4858642,24.3934206],[54.4858254,24.3934477],[54.4857593,24.3934713],[54.485343,24.39348873987186],[54.4851506,24.3934968],[54.4843985,24.3935472],[54.4836527,24.3935641],[54.4833529,24.3935575],[54.482914,24.3936016],[54.4827859,24.3936473],[54.4827059,24.3936542],[54.4823368,24.3936445],[54.4821872,24.3936592],[54.481983,24.3937401],[54.4815046,24.3939464],[54.4811958,24.3940583],[54.4808818,24.3941276],[54.4806745,24.3941345],[54.4805634,24.3941352],[54.4805106,24.3941404],[54.4804796,24.3941502],[54.4802978,24.3943203],[54.4801794,24.3943777],[54.4800822,24.3944189],[54.4799787,24.3944393],[54.4798009,24.3944713],[54.4797448,24.394489],[54.4797051,24.3945119],[54.4796775,24.3945464],[54.4795998,24.3946645],[54.4794868,24.3948646],[54.4794052,24.3950173],[54.479343,24.3951188],[54.4790612,24.3954111],[54.4788497,24.3956499],[54.478802,24.3957101],[54.4787957,24.3957712],[54.4788303,24.3958313],[54.478877,24.3958639],[54.4789583,24.3959072],[54.4790243,24.3959257],[54.4790771,24.3960196],[54.4791343,24.3961219],[54.4792472,24.396216],[54.4793843,24.3962769],[54.4795077,24.3963107],[54.4796282,24.3963217],[54.4797432,24.3963143],[54.4798284,24.3963],[54.479953,24.3962665],[54.4800547,24.3962364],[54.4800674,24.3962723],[54.480098,24.3963014],[54.4801503,24.3963508],[54.4801825,24.3964299],[54.4802169,24.3965679],[54.4802128,24.3966482],[54.4801943,24.3967238],[54.4801204,24.3968402],[54.4800458,24.3969289],[54.4799978,24.3969664],[54.4799529,24.3969655],[54.479872,24.3969338],[54.4798017,24.3968847],[54.479751,24.3968201],[54.4797189,24.3967247],[54.4796944,24.3966939],[54.479643,24.3966746],[54.4795865,24.3966795],[54.4795516,24.3967031],[54.4795282,24.3967188],[54.4795114,24.3967437],[54.4795079,24.3967687],[54.4795105,24.3967919],[54.4795386,24.3968331],[54.4795911,24.3968929],[54.4796878,24.3969619],[54.4797924,24.3970097],[54.4798508,24.3970368],[54.4799338,24.3970717],[54.4800437,24.3970861],[54.4801473,24.3970866],[54.4802768,24.3970741],[54.4803648,24.3970499],[54.480388,24.3970819],[54.4806156,24.3970131],[54.480791,24.396984],[54.4816898,24.3973963],[54.4831978,24.3981912],[54.4832502,24.3982682],[54.4832802,24.3983381],[54.4833178,24.3984066],[54.4833627,24.3984537],[54.4834298,24.3984834],[54.4834772,24.3984946],[54.4835185,24.3984938],[54.4835448,24.3984848],[54.4835693,24.3984668],[54.4835807,24.3984394],[54.4835702,24.3984145],[54.4835596,24.3983896],[54.4835182,24.3983857],[54.4834888,24.3984042],[54.4834712,24.3984269],[54.4834049,24.3984104],[54.4833475,24.3983673],[54.4833019,24.3982904],[54.48329,24.398215],[54.4833417,24.3981599],[54.4833679,24.3981264],[54.4834161,24.3980916],[54.4834771,24.3980775],[54.483541,24.3980737],[54.4835916,24.3980864],[54.4836378,24.3981295],[54.4836715,24.3981833],[54.4837022,24.3982199],[54.4837411,24.3982545],[54.4837828,24.3982822],[54.4838708,24.3983212],[54.4839932,24.3983414],[54.4840783,24.3983242],[54.4841441,24.3982909],[54.4841956,24.398244],[54.4842411,24.3982166],[54.4842905,24.3981902],[54.4843256,24.3981114],[54.4843688,24.3980953],[54.4844119,24.398091],[54.4844618,24.3980884],[54.4845115,24.3980988],[54.4845844,24.3981508],[54.4846216,24.398203],[54.4846418,24.3982577],[54.4846618,24.398362],[54.4846512,24.3984473],[54.4846468,24.3984971],[54.4837897,24.3987346],[54.483754,24.3987614],[54.4837437,24.3987868],[54.4837569,24.3988177],[54.4837878,24.3988412],[54.4838182,24.3988352],[54.4838415,24.3988124],[54.4838508,24.3987875],[54.4839089,24.398766],[54.483957,24.3987982],[54.4839795,24.3988279],[54.4841793,24.398983],[54.484759,24.3994673],[54.4850424,24.399744],[54.485343,24.39998321456712],[54.4863014,24.4007459],[54.4866171,24.4010819],[54.4867352,24.4011668],[54.4868941,24.401264],[54.487106,24.4013604],[54.4873469,24.4015919],[54.4875499,24.4018404],[54.4876196,24.4019749],[54.4877094,24.4022198],[54.4877867,24.4024702],[54.4879158,24.4028925],[54.488177,24.4034535],[54.4882552,24.4035556],[54.4883379,24.4036398],[54.4884568,24.4037185],[54.4885555,24.40376],[54.4887506,24.4038193],[54.4888911,24.4038428],[54.4890047,24.4038698],[54.4891063,24.4038448],[54.4892296,24.4042215],[54.4892666,24.4042508],[54.4893288,24.404251],[54.4901709,24.4040263],[54.4913303,24.4037772],[54.4913882,24.4038649],[54.4918247,24.4037606],[54.4922212,24.4034187],[54.4929767,24.4033959],[54.4934041,24.4030885],[54.4949626,24.4028558],[54.4954908,24.4024874],[54.4960341,24.4025291],[54.4969264,24.4021729],[54.4976883,24.4021709],[54.4991291,24.4016198],[54.5001405,24.401538],[54.5011565,24.4011518],[54.5022057,24.4010674],[54.5026248,24.4008276],[54.502811,24.4007793],[54.5028864,24.4006238],[54.5029994,24.4005851],[54.5030864,24.4005553],[54.503206,24.4009143],[54.5036834,24.4007775],[54.5035882,24.4004362],[54.5188345,24.396225],[54.5189257,24.3961639],[54.5189981,24.3961444],[54.5190893,24.3961126],[54.5191221,24.3960364],[54.5194826,24.3959398],[54.5196714,24.3959516],[54.5198505,24.3960074],[54.5199759,24.3960792],[54.5200827,24.3961727],[54.520182,24.3963112],[54.5202275,24.3964197],[54.5202516,24.3965337],[54.5202483,24.396694],[54.5202172,24.3968135],[54.5201624,24.3969257],[54.5200837,24.3970291],[54.5199849,24.3971172],[54.5190625,24.3973437],[54.5186414,24.3974072],[54.5173078,24.3974268],[54.5037856,24.4011232],[54.5037022,24.4008508],[54.5032243,24.4009714],[54.5033171,24.4013214],[54.5032503,24.4013404],[54.5028373,24.4014576],[54.5028513,24.4014889],[54.5027034,24.4015225],[54.5026847,24.4014803],[54.5017776,24.4015846],[54.5012316,24.4019063],[54.4998091,24.402017],[54.4979311,24.4027992],[54.4970191,24.4027277],[54.4959162,24.4033024],[54.4949493,24.4034292],[54.494374,24.4037502],[54.4934334,24.4038304],[54.4932384,24.4040756],[54.4915617,24.4044536],[54.491542,24.4045974],[54.4914319,24.4046158],[54.4913764,24.4045623],[54.4913116,24.4045933],[54.4912956,24.4047401],[54.4912203,24.4047628],[54.4911796,24.4047264],[54.4910614,24.4047346],[54.4908271,24.4047842],[54.4908141,24.4049295],[54.4899248,24.4051019],[54.4898626,24.4051206],[54.4897099,24.4051665],[54.4896647,24.4051801],[54.4896976,24.405548],[54.4893246,24.4056025],[54.4893603,24.4058214],[54.4897459,24.4057637],[54.4899632,24.4060349],[54.4900315,24.4061363],[54.4900766,24.4062232],[54.4901048,24.4063569],[54.4901088,24.4064449],[54.4900968,24.4064915],[54.4900491,24.4064915],[54.4900454,24.4065398],[54.4900196,24.4065423],[54.4899861,24.4065456],[54.4898868,24.4065517],[54.4898489,24.406556],[54.4898184,24.4065648],[54.4897953,24.4065844],[54.4897775,24.4066085],[54.4897608,24.4066433],[54.4897547,24.4066848],[54.4897581,24.4067581],[54.4897695,24.4068289],[54.4897789,24.4068699],[54.4898003,24.4069004],[54.4898352,24.406912],[54.4899856,24.4068889],[54.4900322,24.4070499],[54.4903843,24.4082099],[54.4904184,24.4084397],[54.4904237,24.4085972],[54.4901073,24.4086753],[54.4901153,24.4087779],[54.4904679,24.4088227],[54.4904816,24.4088436],[54.4905859,24.409011],[54.4906102,24.4094056],[54.4907388,24.4094415],[54.4907859,24.4094655],[54.4907674,24.4095355],[54.4907129,24.409642],[54.4902458,24.4096646],[54.4902085,24.4097253],[54.4902283,24.4097826],[54.4903195,24.4098083],[54.4904585,24.4098195],[54.4904958,24.4099607],[54.4905327,24.4103384],[54.4905126,24.4106619],[54.4902823,24.410656],[54.4902153,24.4106866],[54.4902113,24.4107769],[54.49029,24.4108109],[54.4904231,24.410838],[54.4904661,24.4109613],[54.4904788,24.4112917],[54.4904285,24.4116336],[54.4903722,24.4117093],[54.4901522,24.4116727],[54.4900973,24.4117264],[54.4900986,24.4118131],[54.4903279,24.4118827],[54.4902917,24.4122051],[54.4902421,24.4124018],[54.4901761,24.4125632],[54.4901053,24.4126765],[54.4898371,24.4126179],[54.4897942,24.4126448],[54.4897673,24.4127071],[54.4897955,24.412762],[54.490223,24.4128967],[54.4902515,24.4129598],[54.4902364,24.4130115],[54.4900174,24.4134883],[54.4899283,24.4136681],[54.489884,24.4137011],[54.4898189,24.4136955],[54.4893985,24.4135753],[54.4893476,24.4135949],[54.4893181,24.4136437],[54.4893405,24.4136929],[54.4894736,24.4137573],[54.4897267,24.4138346],[54.4897164,24.4140113],[54.4896168,24.414306],[54.4894455,24.4145645],[54.4892949,24.4146723],[54.4888819,24.4145355],[54.4888148,24.4145844],[54.4888282,24.4146552],[54.4892118,24.4148115],[54.4891742,24.4150191],[54.489016,24.4153928],[54.4888121,24.4156395],[54.4883722,24.415471],[54.4882891,24.4155052],[54.4882719,24.4155521],[54.4883014,24.4156033],[54.4888094,24.4158349],[54.4888148,24.415891],[54.4887417,24.415925],[54.4884151,24.4159057],[54.4884763,24.4159505],[54.4886148,24.4160447],[54.4886349,24.4162033],[54.4885291,24.4164459],[54.4883389,24.4168666],[54.4882256,24.417086],[54.4881286,24.4171034],[54.4877269,24.4169814],[54.4876572,24.4170229],[54.4876626,24.417118],[54.4878179,24.4171985],[54.4880054,24.4172424],[54.4880295,24.4173058],[54.4878795,24.4177497],[54.4878057,24.4178728],[54.4876754,24.4179982],[54.4876251,24.418079],[54.4875849,24.4182106],[54.4875581,24.4182985],[54.4874923,24.4184676],[54.4874754,24.4184999],[54.4874345,24.4185846],[54.4874649,24.4186111],[54.4873893,24.4189586],[54.4872033,24.4189551],[54.4871664,24.4189984],[54.4871545,24.4190441],[54.4871981,24.4190994],[54.4872588,24.4191655],[54.4873301,24.4191872],[54.4873199,24.41924],[54.4872575,24.4195646],[54.4871941,24.4195913],[54.4870171,24.4202951],[54.4868646,24.4209269],[54.4868378,24.42143],[54.4869719,24.4220992],[54.4872554,24.4226168],[54.487727,24.4231884],[54.4880502,24.4233984],[54.4881005,24.4234383],[54.4892035,24.4243118],[54.4894449,24.4244095],[54.4896556,24.4244078],[54.4897628,24.4244737],[54.4899506,24.4245421],[54.4900874,24.4245714],[54.4901492,24.4245861],[54.4902297,24.4246178],[54.4903531,24.4246715],[54.4904684,24.4247033],[54.4905945,24.4247326],[54.4906615,24.4247692],[54.4907554,24.4247814],[54.4909506,24.4248621],[54.4910852,24.4249011],[54.49123,24.4249158],[54.4914152,24.424884],[54.4915493,24.4248938],[54.4916484,24.4249304],[54.4916887,24.4249402],[54.4917477,24.424928],[54.4918094,24.4249206],[54.4918818,24.4249573],[54.4919676,24.4249671],[54.4920239,24.4249719],[54.492209,24.4249817],[54.4923138,24.424989],[54.4924209,24.4249573],[54.4925203,24.4249622],[54.492582,24.4248913],[54.4926276,24.4248913],[54.4926578,24.424932],[54.4927428,24.4249817],[54.4928527,24.4250257],[54.4930487,24.4250159],[54.4933624,24.4249426],[54.4936011,24.4249109],[54.4940195,24.4248694],[54.494961,24.4248474],[54.4951353,24.4248523],[54.4954761,24.4248596],[54.4956266,24.4248562],[54.4957366,24.4247219],[54.4959051,24.4246911],[54.4960553,24.4246764],[54.496235,24.4246862],[54.4963074,24.4246203],[54.4968251,24.4245861],[54.4971604,24.424591],[54.4973942,24.4245852],[54.4975417,24.4246316],[54.4977107,24.4246096],[54.4978716,24.4245876],[54.4980352,24.4245998],[54.4982176,24.4246169],[54.4983544,24.4246267],[54.4984426,24.4246471],[54.4985176,24.4247106],[54.4986302,24.4247204],[54.4987161,24.4246764],[54.4987965,24.4246593],[54.4988314,24.4247179],[54.4989494,24.4247424],[54.4991372,24.4247204],[54.4992874,24.4247057],[54.4993973,24.4246667],[54.4994805,24.4245812],[54.4995717,24.4245787],[54.4996924,24.4246056],[54.4998588,24.4246129],[54.5000116,24.4245568],[54.5001832,24.4244835],[54.5003549,24.4244908],[54.5004836,24.4245128],[54.5005669,24.424503],[54.5006177,24.4245299],[54.500717,24.424525],[54.5007921,24.4245152],[54.5008752,24.4245421],[54.5009691,24.424591],[54.5011299,24.4245739],[54.5012774,24.4246178],[54.5016127,24.4246593],[54.5018514,24.4246862],[54.501956,24.4246618],[54.5020341,24.4246838],[54.5020821,24.4247131],[54.5023879,24.4246886],[54.5027261,24.4246911],[54.5028063,24.424652],[54.5029917,24.4246497],[54.5031925,24.4246471],[54.5033696,24.4246935],[54.5034312,24.4247033],[54.5034983,24.4247106],[54.5035922,24.4247033],[54.5036059,24.4247277],[54.5036646,24.4247595],[54.5036995,24.4247668],[54.5039784,24.4247546],[54.504024,24.424735],[54.5040669,24.424696],[54.5040857,24.4246691],[54.5041018,24.4246838],[54.5041825,24.4246642],[54.5042144,24.4246203],[54.5043512,24.424591],[54.5045551,24.4245665],[54.5048394,24.4245397],[54.5049845,24.4245665],[54.5050325,24.4245348],[54.5051371,24.4245177],[54.5053463,24.4245152],[54.506033,24.4244664],[54.5062532,24.4244908],[54.5063575,24.4244615],[54.5064863,24.4244737],[54.506666,24.4244786],[54.5068859,24.4244713],[54.5069774,24.4244859],[54.5071166,24.4244566],[54.5073526,24.4244322],[54.507476,24.4244371],[54.5076021,24.4244444],[54.5077308,24.424442],[54.5077416,24.4243956],[54.5078059,24.4243565],[54.5079213,24.4243492],[54.5080422,24.4243834],[54.5081332,24.4243248],[54.50816,24.4243272],[54.5082166,24.4244054],[54.508329,24.4243614],[54.5084067,24.4243565],[54.5084714,24.4243565],[54.5086589,24.4242979],[54.5089056,24.424271],[54.5090695,24.4242466],[54.5091658,24.4242735],[54.5094474,24.4242784],[54.5096569,24.4242784],[54.5097693,24.4243199],[54.5109173,24.4243125],[54.5117997,24.4242979],[54.5118453,24.4243199],[54.5118802,24.4243614],[54.5119151,24.4244151],[54.5119365,24.4244859],[54.511966,24.4245226],[54.5120224,24.4245348],[54.5123067,24.4245201],[54.5123764,24.4245067],[54.5124114,24.4244736],[54.5124247,24.424442],[54.5124528,24.4244115],[54.512496,24.424398],[54.5126661,24.4243919],[54.5138557,24.4243393],[54.5144042,24.4243076],[54.5149688,24.424277],[54.515803,24.4242404],[54.5158754,24.4242196],[54.5159277,24.4241818],[54.5159465,24.4241513],[54.5159586,24.4240975],[54.5162992,24.4239009],[54.5163783,24.4238606],[54.5165151,24.4238448],[54.5173653,24.4238168],[54.5189317,24.4236776],[54.5199644,24.4236361],[54.5211767,24.4236556],[54.5221506,24.4237875],[54.5227887,24.4241611],[54.5233815,24.4245275],[54.5236444,24.4247131],[54.5237973,24.4249011],[54.5239263,24.4250892],[54.5240494,24.4252039],[54.5244305,24.4254042],[54.5244171,24.4254335],[54.5244544,24.4254579],[54.5245027,24.4254359],[54.5245885,24.4254384],[54.5246341,24.4254946],[54.524669,24.4255654],[54.5246824,24.4256509],[54.5246719,24.4257314],[54.5246371,24.4258242],[54.5244437,24.4260489],[54.5243313,24.4260782],[54.5237117,24.4259073],[54.5235776,24.4258389],[54.5235186,24.4258096],[54.5234491,24.4257863],[54.523312,24.4258072],[54.5231753,24.4258413],[54.5230841,24.4258829],[54.5229711,24.4258853],[54.5229094,24.4258487],[54.5228909,24.4257827],[54.5229845,24.4251136],[54.5229607,24.4250501],[54.5229258,24.4250086],[54.5227971,24.4249915],[54.5227271,24.4250232],[54.5211338,24.4239413],[54.5206808,24.4252186],[54.5212575,24.4253871],[54.5208897,24.4263957],[54.5203292,24.4262296],[54.5195808,24.4283396],[54.5246448,24.4297902],[54.5249197,24.4289868],[54.5266171,24.4294742],[54.5266377,24.4294801],[54.5268955,24.4295656],[54.5266192,24.4303617],[54.5266454,24.4303693],[54.5281534,24.4308061],[54.5287351,24.4291031],[54.5287757,24.4289843],[54.5295075,24.429189],[54.5302077,24.4293848],[54.5301487,24.4295411],[54.5312833,24.4298659],[54.5313426,24.429717],[54.5340275,24.4304789],[54.5339685,24.4306425],[54.5347541,24.4308696],[54.5348187,24.4307084],[54.5374959,24.4314758],[54.5374365,24.4316243],[54.5379301,24.4317671],[54.5377839,24.4321369],[54.5369023,24.4318837],[54.5369513,24.4317302],[54.5353093,24.4312652],[54.5352932,24.4313116],[54.5350089,24.431231],[54.5349528,24.4313702],[54.5344513,24.4312256],[54.5339602,24.4310839],[54.5334964,24.4309502],[54.5335364,24.4308086],[54.5332547,24.4307255],[54.5332681,24.4306791],[54.5316293,24.43022],[54.5315732,24.430369],[54.5300848,24.4299458],[54.5294788,24.4297735],[54.5290222,24.4296437],[54.5284699,24.4312286],[54.5286577,24.4312823],[54.5285421,24.4316266],[54.5298191,24.4319856],[54.5298725,24.4318098],[54.5309909,24.4321199],[54.5308013,24.4326696],[54.5321148,24.4330396],[54.5324172,24.4321788],[54.5329722,24.4323426],[54.5328306,24.4327782],[54.5343809,24.4332069],[54.5345225,24.4327957],[54.5350967,24.432949],[54.5347963,24.4338186],[54.5361034,24.4341827],[54.5362872,24.4336356],[54.5374049,24.4339423],[54.5373475,24.4341374],[54.5386183,24.4344999],[54.5387293,24.4341479],[54.5389246,24.4342001],[54.5394597,24.4326206],[54.5379891,24.4321947],[54.5381304,24.431817],[54.5385811,24.4319429],[54.538639,24.4317878],[54.5400661,24.4321962],[54.5389786,24.435397],[54.539832,24.4356407],[54.539956,24.4355928],[54.5401065,24.4356293],[54.5403338,24.435686],[54.5406053,24.435772],[54.540826,24.4358489],[54.5409589,24.4358539],[54.5410559,24.4358929],[54.541099,24.4359092],[54.5411183,24.4359012],[54.5411441,24.4358644],[54.5411642,24.4358258],[54.541193,24.4357765],[54.541219,24.4357011],[54.5412491,24.4356516],[54.5412766,24.4356146],[54.5413066,24.4355916],[54.541356,24.4355787],[54.5413983,24.4355793],[54.5414724,24.4356014],[54.5416705,24.4356651],[54.541831,24.4357224],[54.542011,24.4357677],[54.5421893,24.4358169],[54.5422733,24.4358494],[54.5423219,24.4358923],[54.5423526,24.4359496],[54.5423589,24.4360189],[54.5423597,24.4360749],[54.5423422,24.4361363],[54.5423249,24.4362122],[54.5423075,24.4362792],[54.5422827,24.4363402],[54.5434847,24.4366814],[54.5444315,24.4338733],[54.5452311,24.4341053],[54.5462503,24.4343934],[54.5463332,24.4341662],[54.5486783,24.4348301],[54.548717,24.4347559],[54.5487451,24.4347377],[54.5487831,24.4346787],[54.5488169,24.4346415],[54.5488429,24.434631],[54.5488496,24.4346045],[54.5488713,24.4345836],[54.5489069,24.4345469],[54.5489354,24.4345248],[54.5489555,24.4345188],[54.5489857,24.4345278],[54.5490697,24.4345519],[54.5491493,24.434583],[54.5492472,24.4345988],[54.549333,24.434629],[54.5495163,24.4346853],[54.5497348,24.4347534],[54.549902,24.4347984],[54.5500091,24.4348298],[54.5500443,24.434855],[54.5500644,24.4348806],[54.5500802,24.4349176],[54.5500878,24.4349823],[54.5500955,24.4350516],[54.5500972,24.4351133],[54.5500885,24.4351675],[54.5500671,24.4352029],[54.5500481,24.435226],[54.5503782,24.4354337],[54.5508312,24.4356509],[54.5512017,24.4357927],[54.5517756,24.4359612],[54.5521589,24.4360465],[54.5525535,24.4360955],[54.553213,24.4361247],[54.554313,24.436437701741305],[54.5554527,24.436762],[54.5569067,24.4371797],[54.5568316,24.4374068],[54.55718,24.4375019],[54.5570379,24.4378487],[54.5558765,24.4375215],[54.5559516,24.437287],[54.554313,24.43681739105378],[54.5531996,24.4364983],[54.5531192,24.4367278],[54.5497264,24.4357609],[54.549804,24.4355386],[54.5470681,24.4347572],[54.546993,24.4349892],[54.5447024,24.4343347],[54.5439997,24.4364153],[54.5454269,24.4368207],[54.5455875,24.4363664],[54.5468109,24.4367109],[54.5466043,24.4373189],[54.54724,24.4373653],[54.5474356,24.4369036],[54.5484038,24.4371796],[54.54827,24.4376656],[54.5488306,24.4379611],[54.5489966,24.4374848],[54.5526769,24.4385228],[54.5525106,24.4390038],[54.5525613,24.4390037],[54.5531436,24.4390478],[54.5533367,24.4385789],[54.554313,24.4388549],[54.5541706,24.4393333],[54.554313,24.439409959261916],[54.5547288,24.4396338],[54.554935,24.4390281],[54.5561472,24.4393713],[54.5559999,24.439829],[54.5574351,24.440237],[54.5581403,24.4381563],[54.5573329,24.4379219],[54.557411,24.4375729],[54.5583092,24.4378291],[54.5584916,24.4379048],[54.558677,24.43801],[54.5588459,24.4381198],[54.5589744,24.4382174],[54.5591407,24.438381],[54.5592966,24.4385618],[54.5596318,24.4383274],[54.5598285,24.4381978],[54.56,24.43811750785619],[54.56,24.386],[54.521840577438304,24.386],[54.5218214,24.3860816],[54.521828,24.3861522],[54.5218075,24.3862712],[54.5217835,24.3863653],[54.5217291,24.3864433],[54.5216701,24.3864873],[54.5215746,24.3865193],[54.5214356,24.3865313],[54.5206311,24.3865492],[54.5203078,24.3865166],[54.5201804,24.3864873],[54.5200617,24.3864349],[54.5197605,24.3864631],[54.5196272,24.3864649],[54.5181352,24.3864201],[54.5179957,24.3864287],[54.5178522,24.3864946],[54.5177691,24.3865826],[54.5177154,24.3866888],[54.517587,24.3874936],[54.5175644,24.3876505],[54.5175328,24.3877506],[54.5174665,24.3878316],[54.5173749,24.3879161],[54.5173206,24.3880203],[54.517293,24.3881594],[54.5170615,24.3909584],[54.5170596,24.3909809],[54.5169778,24.3913522],[54.5169474,24.3915027],[54.5168732,24.3916613],[54.5168316,24.3917272],[54.5167699,24.3917895],[54.516715,24.3918396],[54.5166546,24.3918634],[54.5165969,24.3918683],[54.516554,24.3918561],[54.5164983,24.3917823],[54.5161154,24.3918998],[54.5160625,24.3919496],[54.5159585,24.3920209],[54.5158123,24.3920753],[54.5157035,24.3921006],[54.5154986,24.392146],[54.5153666,24.3922136],[54.5152152,24.3922526],[54.5150252,24.3922768],[54.5148036,24.3922988],[54.51457,24.3922858],[54.5143733,24.3922567],[54.5142314,24.392004],[54.5139361,24.3921133],[54.5135548,24.3921275],[54.5134902,24.3920839],[54.5134266,24.3920753],[54.5129962,24.3921378],[54.5126524,24.3921632],[54.5123516,24.3921659],[54.5118658,24.3921381],[54.5115901,24.3921171],[54.5114613,24.3921301],[54.5113214,24.3921623],[54.5111851,24.3921885],[54.5108759,24.3922108],[54.5105231,24.3921984],[54.5104354,24.3921517],[54.5103884,24.3920757],[54.5103085,24.3920443],[54.5102589,24.3920863],[54.510204,24.392147],[54.5100896,24.3921698],[54.5098335,24.3921378],[54.5096086,24.3920491],[54.5094756,24.3920994],[54.509168,24.3920695],[54.5088015,24.3920319],[54.5086429,24.3919761],[54.5085552,24.3919308],[54.5084779,24.3919278],[54.5084122,24.3919703],[54.5083243,24.3920571],[54.5081373,24.3920792],[54.5044345,24.3919251],[54.5041877,24.3919226],[54.503894,24.3918774],[54.5036848,24.3918213],[54.5035668,24.3917773],[54.5035011,24.3917187],[54.5034769,24.3916295],[54.5035183,24.3903521],[54.5034877,24.3902999],[54.5034287,24.3902589],[54.5030536,24.3902325],[54.5019116,24.3902268],[54.5018155,24.3902008],[54.5015862,24.3902395],[54.5013692,24.3902215],[54.5011231,24.3902134],[54.5010343,24.3902192],[54.5009843,24.3901655],[54.500902,24.3901218],[54.5008102,24.3900965],[54.5006972,24.3901534],[54.5006137,24.3901701],[54.5005454,24.3901572],[54.5004588,24.390169],[54.5004126,24.390167],[54.5003439,24.3901466],[54.5002802,24.3901039],[54.5002372,24.3901105],[54.5001613,24.3901589],[54.5000385,24.3901728],[54.4999242,24.3901377],[54.4998036,24.3900772],[54.4997237,24.3899672],[54.4996446,24.3898028],[54.4995606,24.3896179],[54.4995191,24.3894447],[54.4994838,24.3892984],[54.4994979,24.3892311],[54.4994906,24.3891422],[54.499448,24.3890701],[54.4993973,24.389001],[54.4989332,24.3875316],[54.4989883,24.3874092],[54.4991066,24.3873557],[54.5043757,24.3874904],[54.5045213,24.3874535],[54.5046035,24.3872778],[54.5046908,24.3867221],[54.50471572911079,24.386],[54.49290530863415,24.386],[54.4928968,24.387111]]]]}},{"type":"Feature","properties":{"layer":"land","subtype":"sand","class":"sand","name":""},"geometry":{"type":"Polygon","coordinates":[[[54.4682277,24.4187702],[54.4688012,24.4183572],[54.4689133,24.4183003],[54.4690185,24.4182681],[54.4691385,24.4182557],[54.4692285,24.4182682],[54.469344,24.418296],[54.4694309,24.4183425],[54.4695098,24.4183996],[54.4702758,24.4193001],[54.4723041,24.4178547],[54.4727425,24.4183647],[54.468,24.421744348692343],[54.468,24.423072105198628],[54.4732763,24.4193013],[54.4733497,24.4192461],[54.4733905,24.4191945],[54.4734139,24.4191134],[54.4734113,24.4189895],[54.47339,24.4184716],[54.4733775,24.418392],[54.4733558,24.4183393],[54.4733212,24.4182786],[54.4732835,24.4182356],[54.4732292,24.4181953],[54.4731502,24.4181465],[54.4722431,24.4177505],[54.471871,24.4176344],[54.4708376,24.417376],[54.4703889,24.4172787],[54.4698801,24.4171979],[54.4698019,24.4172325],[54.468,24.41851840746602],[54.468,24.418933290651324],[54.4682277,24.4187702]]]}},{"type":"Feature","properties":{"layer":"land","subtype":"shrub","class":"scrub","name":""},"geometry":{"type":"Polygon","coordinates":[[[54.4707816,24.4260978],[54.4707336,24.4260906],[54.4707011,24.4260842],[54.4706667,24.426076],[54.4706174,24.4260618],[54.4705655,24.4260434],[54.4705366,24.4260316],[54.4704993,24.4260144],[54.4704663,24.4259974],[54.4704334,24.4259786],[54.4704073,24.4259622],[54.4703745,24.4259397],[54.4703533,24.4259238],[54.4703183,24.4258951],[54.4702935,24.4258727],[54.4704328,24.426048],[54.4704851,24.4260786],[54.470697,24.426125],[54.4708338,24.4261421],[54.470827,24.4261023],[54.4707816,24.4260978]]]}},{"type":"Feature","properties":{"layer":"land","subtype":"shrub","class":"scrub","name":""},"geometry":{"type":"Polygon","coordinates":[[[54.4713211,24.4259976],[54.4712835,24.4260168],[54.4712559,24.4260295],[54.471231,24.4260399],[54.4712003,24.4260516],[54.471167,24.4260628],[54.4711311,24.4260734],[54.4710893,24.4260836],[54.4710601,24.4260895],[54.471021,24.4260958],[54.4709894,24.4260997],[54.470962,24.4261022],[54.47092,24.4261043],[54.4708905,24.4261047],[54.4708536,24.4261038],[54.4708592,24.4261408],[54.470984,24.4261457],[54.4710497,24.4261299],[54.4711114,24.4261299],[54.4711369,24.4261115],[54.4712589,24.4261103],[54.4713595,24.426092],[54.4713837,24.4259896],[54.4713619,24.4259737],[54.4713211,24.4259976]]]}},{"type":"Feature","properties":{"layer":"land","subtype":"shrub","class":"scrub","name":""},"geometry":{"type":"Polygon","coordinates":[[[54.4709679,24.4266085],[54.4710711,24.4266757],[54.4711798,24.4267746],[54.4713313,24.4269675],[54.4721554,24.4263179],[54.4713653,24.4268674],[54.4712969,24.4267466],[54.4712017,24.4266721],[54.4715919,24.4266415],[54.4715933,24.4265707],[54.4717354,24.4265109],[54.4718588,24.4264279],[54.4719849,24.426318],[54.4720841,24.4261849],[54.4721659,24.4260689],[54.4721968,24.4259492],[54.472198,24.4259088],[54.4721538,24.4257525],[54.4721242,24.425617],[54.4721387,24.4255169],[54.472119,24.4255097],[54.4720948,24.4256207],[54.4721136,24.4257587],[54.4721606,24.4259199],[54.4721337,24.4260408],[54.4720774,24.4261299],[54.4719715,24.4262642],[54.4718695,24.4263766],[54.4717247,24.4264743],[54.4717191,24.4264558],[54.471604,24.4265151],[54.4714548,24.4265641],[54.4712961,24.4265873],[54.4712014,24.4265857],[54.4711522,24.4265849],[54.4708361,24.4265604],[54.4709679,24.4266085]]]}},{"type":"Feature","properties":{"layer":"land","subtype":"shrub","class":"scrub","name":""},"geometry":{"type":"Polygon","coordinates":[[[54.4711985,24.4261933],[54.4712991,24.4261897],[54.4713984,24.4261518],[54.4714775,24.4260896],[54.4714842,24.42607],[54.4713823,24.4261189],[54.4712911,24.4261384],[54.4712455,24.4261311],[54.4711798,24.4261433],[54.4711114,24.4261726],[54.4711985,24.4261933]]]}},{"type":"Feature","properties":{"layer":"land","subtype":"shrub","class":"scrub","name":""},"geometry":{"type":"Polygon","coordinates":[[[54.4706862,24.426186],[54.4707734,24.4262251],[54.470866,24.4262397],[54.4709411,24.4262288],[54.4710162,24.4261836],[54.4709156,24.4261872],[54.4708499,24.4262031],[54.4707788,24.4262043],[54.470705,24.4261824],[54.4706621,24.4261592],[54.4706862,24.426186]]]}},{"type":"Feature","properties":{"layer":"land","subtype":"sand","class":"sand","name":""},"geometry":{"type":"Polygon","coordinates":[[[54.4713889,24.4245951],[54.4714749,24.4245168],[54.4717063,24.4247151],[54.4717547,24.4247237],[54.4717782,24.4247542],[54.471799,24.4247812],[54.471947,24.4248474],[54.4720438,24.424911],[54.4721084,24.4249747],[54.4721608,24.4250861],[54.4721648,24.4251841],[54.4721487,24.4252527],[54.4720707,24.4253812],[54.472025,24.4254902],[54.4720061,24.4255918],[54.4720129,24.4256959],[54.4720438,24.4258514],[54.4720411,24.4259396],[54.4719994,24.4260241],[54.4719389,24.4261196],[54.4718596,24.4262053],[54.4718703,24.4262371],[54.4718703,24.4262788],[54.4718448,24.4263265],[54.4717964,24.4263645],[54.4717453,24.4263841],[54.4716941,24.4263828],[54.4716525,24.426362],[54.4715449,24.4264232],[54.4714104,24.4264661],[54.4712329,24.4264992],[54.4710742,24.4265077],[54.4709034,24.4264906],[54.4707474,24.4264465],[54.4705645,24.4263645],[54.470391,24.4262286],[54.4701664,24.4259886],[54.4702592,24.4259212],[54.4702269,24.4258833],[54.4701301,24.4259531],[54.4699136,24.4257155],[54.4699781,24.4256629],[54.4699261,24.4256093],[54.4696093,24.4258568],[54.4695285,24.4259243],[54.4692124,24.4261725],[54.4690906,24.4260439],[54.4693859,24.4258121],[54.4693762,24.4258022],[54.4690221,24.4260862],[54.4690335,24.4261104],[54.4690492,24.4261592],[54.4690576,24.4262221],[54.4690581,24.4262874],[54.4690503,24.4263524],[54.4690342,24.4264161],[54.4690102,24.4264777],[54.4689785,24.4265364],[54.4690086,24.4265215],[54.4691466,24.4264088],[54.469217,24.4264055],[54.4690923,24.4262747],[54.4691379,24.4261184],[54.4695973,24.4266003],[54.4695482,24.4266391],[54.469674,24.426771],[54.4703501,24.4262365],[54.4703981,24.4262868],[54.4697219,24.4268214],[54.4698636,24.4269837],[54.4701148,24.4268984],[54.4701282,24.4270108],[54.4700558,24.4271146],[54.4699807,24.427161],[54.4699199,24.427141],[54.469867,24.4271841],[54.4698278,24.4272965],[54.4699271,24.42757],[54.4695046,24.4279119],[54.4694684,24.4278997],[54.4693732,24.4275554],[54.4694129,24.4278954],[54.4693982,24.4280554],[54.4693949,24.4280793],[54.4693893,24.4281206],[54.4693794,24.4281934],[54.4693351,24.4284083],[54.4693673,24.4284278],[54.4694183,24.4284217],[54.469657,24.4282617],[54.4704705,24.427623],[54.4703746,24.4275186],[54.4702297,24.4276353],[54.4701264,24.42765],[54.4695631,24.4281103],[54.4695323,24.4280957],[54.4695336,24.427976],[54.4700421,24.4275561],[54.4700844,24.427551],[54.470196,24.4275595],[54.4702821,24.4275008],[54.4703036,24.4274414],[54.4702237,24.4273544],[54.4700809,24.427402],[54.4700762,24.4272323],[54.4701137,24.4271249],[54.4701781,24.4270443],[54.4705804,24.4266535],[54.4706202,24.4266191],[54.470664,24.4265812],[54.4707501,24.4265604],[54.4708361,24.4265604],[54.4711522,24.4265849],[54.4712014,24.4265857],[54.4712961,24.4265873],[54.4714548,24.4265641],[54.471604,24.4265151],[54.4717191,24.4264558],[54.4717372,24.4264465],[54.4718555,24.4263681],[54.4719524,24.4262543],[54.4720626,24.4261171],[54.4721178,24.4260363],[54.4721366,24.4259273],[54.4720963,24.4257694],[54.4720734,24.4256176],[54.4721005,24.4255037],[54.4722249,24.4251868],[54.4721944,24.4251118],[54.4721823,24.4250616],[54.4721756,24.4249612],[54.4721985,24.4248645],[54.4722711,24.42472],[54.4722832,24.4246478],[54.4722469,24.4244739],[54.4721205,24.424338],[54.4720557,24.4240215],[54.4720321,24.4239645],[54.4713168,24.4245232],[54.4713889,24.4245951]],[[54.4717557,24.4244627],[54.4718952,24.4243503],[54.4720856,24.4243601],[54.472209,24.4244895],[54.4721902,24.4246654],[54.4720507,24.4247777],[54.471871,24.4247704],[54.4717476,24.4246434],[54.4717557,24.4244627]]]}},{"type":"Feature","properties":{"layer":"land","subtype":"shrub","class":"scrub","name":""},"geometry":{"type":"Polygon","coordinates":[[[54.4705025,24.4261714],[54.4706058,24.4262227],[54.4707801,24.4262898],[54.4709545,24.4263191],[54.4711127,24.4263167],[54.471279,24.4262923],[54.4714319,24.4262312],[54.4715821,24.4261335],[54.4715526,24.4261103],[54.4715097,24.4261128],[54.4714775,24.4261372],[54.4714131,24.4261787],[54.4712991,24.4262117],[54.4711945,24.4262129],[54.4711033,24.4261921],[54.4710309,24.4262227],[54.4709478,24.4262495],[54.4708673,24.4262593],[54.4707694,24.4262422],[54.4706742,24.4262031],[54.4706152,24.4261555],[54.4705655,24.4261592],[54.4705025,24.4261372],[54.4705025,24.4261714]]]}},{"type":"Feature","properties":{"layer":"land","subtype":"forest","class":"forest","name":""},"geometry":{"type":"Polygon","coordinates":[[[54.469217,24.4264055],[54.4696602,24.4268702],[54.4697219,24.4268214],[54.4703981,24.4262868],[54.4703501,24.4262365],[54.469674,24.426771],[54.4695482,24.4266391],[54.4695973,24.4266003],[54.4691379,24.4261184],[54.4690923,24.4262747],[54.469217,24.4264055]]]}},{"type":"Feature","properties":{"layer":"land","subtype":"forest","class":"forest","name":""},"geometry":{"type":"Polygon","coordinates":[[[54.4689673,24.4267274],[54.4690086,24.4265215],[54.4689785,24.4265364],[54.4688889,24.4266132],[54.468867,24.4266652],[54.4688495,24.426716],[54.4689673,24.4267274]]]}},{"type":"Feature","properties":{"layer":"land","subtype":"forest","class":"forest","name":""},"geometry":{"type":"Polygon","coordinates":[[[54.4693504,24.4270645],[54.4694054,24.4270511],[54.4695621,24.4269124],[54.4695307,24.4268831],[54.4695051,24.4269058],[54.4694814,24.4268835],[54.4694468,24.4269141],[54.4694108,24.4268804],[54.469383,24.426905],[54.4693473,24.4268716],[54.4692989,24.4269145],[54.4692524,24.4268709],[54.4692364,24.426885],[54.4692337,24.4269253],[54.4691985,24.4269155],[54.4691859,24.426953],[54.46915,24.4269431],[54.4691376,24.4269801],[54.4690961,24.4269686],[54.4690883,24.4269918],[54.4693504,24.4270645]]]}},{"type":"Feature","properties":{"layer":"land","subtype":"forest","class":"forest","name":""},"geometry":{"type":"Polygon","coordinates":[[[54.4687628,24.4268256],[54.4689398,24.4269429],[54.4690185,24.4269778],[54.4690319,24.4269436],[54.4689568,24.4268337],[54.4688299,24.4267731],[54.4687628,24.4268256]]]}},{"type":"Feature","properties":{"layer":"land","subtype":"forest","class":"forest","name":""},"geometry":{"type":"Polygon","coordinates":[[[54.4699807,24.427161],[54.4700558,24.4271146],[54.4701282,24.4270108],[54.4701148,24.4268984],[54.4698636,24.4269837],[54.4699673,24.4271024],[54.4699199,24.427141],[54.4699807,24.427161]]]}},{"type":"Feature","properties":{"layer":"land","subtype":"sand","class":"sand","name":""},"geometry":{"type":"Polygon","coordinates":[[[54.4817679,24.4251557],[54.4818135,24.4253803],[54.4803446,24.4256131],[54.4805466,24.4266776],[54.4807129,24.4266459],[54.4808041,24.4270586],[54.4808578,24.4271014],[54.4814131,24.4265116],[54.4820447,24.4258974],[54.4828038,24.4253339],[54.4828695,24.4252795],[54.4829077,24.4252399],[54.4829835,24.4251538],[54.4830687,24.4250598],[54.4830097,24.4249676],[54.4817679,24.4251557]]]}},{"type":"Feature","properties":{"layer":"land","subtype":"forest","class":"forest","name":""},"geometry":{"type":"Polygon","coordinates":[[[54.4703036,24.4274414],[54.4702821,24.4275008],[54.470196,24.4275595],[54.4700844,24.427551],[54.4700421,24.4275561],[54.4695336,24.427976],[54.4695323,24.4280957],[54.4695631,24.4281103],[54.4701264,24.42765],[54.4702297,24.4276353],[54.4703746,24.4275186],[54.4703036,24.4274414]]]}},{"type":"Feature","properties":{"layer":"land","subtype":"forest","class":"forest","name":""},"geometry":{"type":"Polygon","coordinates":[[[54.4694684,24.4278997],[54.4695046,24.4279119],[54.4699271,24.42757],[54.4698278,24.4272965],[54.469867,24.4271841],[54.4694698,24.4275077],[54.4693732,24.4275554],[54.4694684,24.4278997]]]}},{"type":"Feature","properties":{"layer":"land","subtype":"sand","class":"sand","name":""},"geometry":{"type":"Polygon","coordinates":[[[54.4691694,24.4275102],[54.4690927,24.4273519],[54.4689948,24.4273177],[54.4689224,24.4273128],[54.4688849,24.4273446],[54.4688714,24.4273971],[54.4688795,24.427452],[54.468905,24.4275033],[54.4689532,24.4275644],[54.4690029,24.4276108],[54.4690498,24.4276328],[54.4690981,24.4276401],[54.4691598,24.4276389],[54.4691694,24.4275102]]]}},{"type":"Feature","properties":{"layer":"land","subtype":"forest","class":"forest","name":""},"geometry":{"type":"Polygon","coordinates":[[[54.4686812,24.4279315],[54.4685833,24.4278496],[54.4685015,24.4277544],[54.4684398,24.4276531],[54.468409,24.4275395],[54.4683753,24.4274453],[54.4683428,24.4279681],[54.4684715,24.4280139],[54.4686137,24.4280987],[54.4688279,24.4280941],[54.4688113,24.4279803],[54.4686812,24.4279315]]]}},{"type":"Feature","properties":{"layer":"land","subtype":"forest","class":"forest","name":""},"geometry":{"type":"MultiPolygon","coordinates":[[[[54.4680544,24.4279974],[54.468,24.427884655589132],[54.468,24.42802830838562],[54.4680544,24.4279974]]],[[[54.468041,24.4274058],[54.4680477,24.4273606],[54.468,24.427384871590906],[54.468,24.42745834490106],[54.468041,24.4274058]]]]}},{"type":"Feature","properties":{"layer":"land","subtype":"forest","class":"forest","name":""},"geometry":{"type":"Polygon","coordinates":[[[54.4693949,24.4280793],[54.4693517,24.4278606],[54.4693289,24.4279168],[54.4692927,24.4279681],[54.4692538,24.4279864],[54.4692002,24.4280047],[54.4691318,24.4280181],[54.4690688,24.4280206],[54.4689977,24.4280194],[54.4688985,24.4280047],[54.4688113,24.4279803],[54.4688279,24.4280941],[54.4693949,24.4280793]]]}},{"type":"Feature","properties":{"layer":"land","subtype":"forest","class":"forest","name":""},"geometry":{"type":"Polygon","coordinates":[[[54.468453,24.428224],[54.4684879,24.4282088],[54.4685264,24.4282051],[54.4685641,24.4282131],[54.4685968,24.428232],[54.4686197,24.4282581],[54.4686325,24.4282893],[54.4686338,24.4283227],[54.4686236,24.4283548],[54.4688177,24.4282268],[54.4691023,24.4282167],[54.4691679,24.428173],[54.4693021,24.4281696],[54.4693464,24.4281225],[54.4685994,24.4281421],[54.4684197,24.4280529],[54.4683218,24.4280859],[54.4682869,24.4281268],[54.4684255,24.4282489],[54.468453,24.428224]]]}},{"type":"Feature","properties":{"layer":"land","subtype":"sand","class":"sand","name":""},"geometry":{"type":"MultiPolygon","coordinates":[[[[54.4680276,24.4282736],[54.4680704,24.4282449],[54.4681176,24.4282225],[54.4681679,24.428207],[54.4682203,24.4281987],[54.4682337,24.428133],[54.4683218,24.4280859],[54.4684197,24.4280529],[54.4685994,24.4281421],[54.4693464,24.4281225],[54.4693893,24.4281206],[54.4693949,24.4280793],[54.4688279,24.4280941],[54.4686137,24.4280987],[54.4683428,24.4279681],[54.4683753,24.4274453],[54.4683889,24.4273459],[54.4683595,24.4273434],[54.468346,24.4273428],[54.4682972,24.4279571],[54.4681993,24.427951],[54.4681242,24.4279705],[54.4680544,24.4279974],[54.468,24.42802830838562],[54.468,24.42830006315789],[54.4680276,24.4282736]]],[[[54.46822,24.4291125],[54.4686364,24.4289226],[54.4687223,24.4288784],[54.4687108,24.4288606],[54.4686814,24.4288764],[54.4686577,24.42884],[54.4686889,24.4288231],[54.4686695,24.4287932],[54.4687815,24.428733],[54.4688416,24.4286624],[54.4687228,24.4285157],[54.4687443,24.4283961],[54.4691023,24.4282167],[54.4688177,24.4282268],[54.4686236,24.4283548],[54.4686029,24.4283823],[54.4685737,24.4284025],[54.4686213,24.4284694],[54.4686334,24.4284932],[54.4686427,24.4285378],[54.4686518,24.4286037],[54.4686481,24.428655],[54.4686498,24.4286906],[54.4686397,24.42874],[54.4686075,24.4288005],[54.4685217,24.428875],[54.4683547,24.4289867],[54.4683406,24.4289665],[54.468281,24.4290471],[54.4682468,24.4290593],[54.4682226,24.4290618],[54.4681904,24.4290575],[54.4681536,24.4290435],[54.4681198,24.4289975],[54.4681171,24.4289682],[54.4681184,24.428945],[54.4681036,24.4289247],[54.4680187,24.4290102],[54.468,24.429002230238098],[54.468,24.42902043755474],[54.46822,24.4291125]]]]}},{"type":"Feature","properties":{"layer":"land","subtype":"sand","class":"sand","name":""},"geometry":{"type":"Polygon","coordinates":[[[54.4688721,24.4287515],[54.468915,24.4287686],[54.4690008,24.428716],[54.4691054,24.4286257],[54.4691926,24.4285121],[54.4692409,24.428412],[54.4692851,24.4282972],[54.4693893,24.4281206],[54.4693464,24.4281225],[54.4693021,24.4281696],[54.4691679,24.428173],[54.4691922,24.4282099],[54.4691331,24.4284504],[54.4690567,24.4285823],[54.4688783,24.4287215],[54.4688721,24.4287515]]]}},{"type":"Feature","properties":{"layer":"land","subtype":"forest","class":"forest","name":""},"geometry":{"type":"Polygon","coordinates":[[[54.4680187,24.4290102],[54.4681036,24.4289247],[54.4680048,24.4288484],[54.468,24.428843766956522],[54.468,24.429002230238098],[54.4680187,24.4290102]]]}},{"type":"Feature","properties":{"layer":"land","subtype":"sand","class":"sand","name":""},"geometry":{"type":"Polygon","coordinates":[[[54.4683657,24.4306293],[54.4689427,24.4302232],[54.4699604,24.4294085],[54.470783,24.4287616],[54.4713894,24.4282873],[54.4722682,24.4275821],[54.4728798,24.42712],[54.4728077,24.4270203],[54.4721773,24.4274896],[54.4712665,24.4282217],[54.4706869,24.4286716],[54.4698588,24.4293185],[54.4688545,24.4301162],[54.468331,24.4305952],[54.4683657,24.4306293]]]}},{"type":"Feature","properties":{"layer":"land","subtype":"tree","class":"tree_row","name":""},"geometry":{"type":"LineString","coordinates":[[54.468,24.429153004356934],[54.4680103,24.429149]]}},{"type":"Feature","properties":{"layer":"land","subtype":"tree","class":"tree_row","name":""},"geometry":{"type":"LineString","coordinates":[[54.468,24.429286915728152],[54.4680016,24.4292864],[54.4683583,24.4291276],[54.469104,24.4287735]]}},{"type":"Feature","properties":{"layer":"land","subtype":"sand","class":"sand","name":""},"geometry":{"type":"Polygon","coordinates":[[[54.4681049,24.4293838],[54.468193,24.4293271],[54.4682255,24.4292864],[54.468,24.42937855348399],[54.468,24.429418522902143],[54.4681049,24.4293838]]]}},{"type":"Feature","properties":{"layer":"land","subtype":"sand","class":"sand","name":""},"geometry":{"type":"Polygon","coordinates":[[[54.4682092,24.4294159],[54.4682512,24.4294516],[54.4682255,24.4293468],[54.4681523,24.4293974],[54.4682092,24.4294159]]]}},{"type":"Feature","properties":{"layer":"land","subtype":"sand","class":"sand","name":""},"geometry":{"type":"Polygon","coordinates":[[[54.468132,24.4294282],[54.468109,24.4294282],[54.4680453,24.4294467],[54.4682485,24.4296674],[54.4682214,24.4296896],[54.4683202,24.4297919],[54.4683433,24.4297722],[54.4683622,24.4297266],[54.4682433,24.4295029],[54.4682929,24.4296275],[54.4682849,24.4296397],[54.4682728,24.4296409],[54.4682594,24.4296336],[54.4681226,24.4294834],[54.4681186,24.4294614],[54.4681266,24.4294467],[54.4681494,24.4294431],[54.468132,24.4294282]]]}},{"type":"Feature","properties":{"layer":"land","subtype":"tree","class":"tree_row","name":""},"geometry":{"type":"LineString","coordinates":[[54.468,24.43152186630811],[54.4699685,24.4299775],[54.4711289,24.4290671]]}},{"type":"Feature","properties":{"layer":"land","subtype":"sand","class":"sand","name":""},"geometry":{"type":"Polygon","coordinates":[[[54.5140823,24.4292773],[54.514081,24.4292224],[54.5140515,24.4292199],[54.5139885,24.4292358],[54.5139643,24.4292626],[54.5139429,24.430165],[54.5139576,24.4301882],[54.5139978,24.4302028],[54.5153886,24.4302273],[54.5156487,24.4302615],[54.5158526,24.4303079],[54.5172029,24.4307404],[54.5172258,24.4306762],[54.5171588,24.4306546],[54.5173037,24.4301882],[54.5175041,24.4300576],[54.5159,24.4280676],[54.5142142,24.4276711],[54.5141403,24.4283501],[54.5142006,24.4283464],[54.514205,24.4283084],[54.5142288,24.4282469],[54.5142808,24.4282148],[54.5143517,24.4282105],[54.5143565,24.428145],[54.5151826,24.428167],[54.5154598,24.4281577],[54.5156506,24.428161],[54.5158099,24.4281869],[54.5161128,24.4285666],[54.5161288,24.4289378],[54.5159894,24.4290306],[54.5160216,24.429143],[54.5160135,24.4292089],[54.5159813,24.4292504],[54.5159076,24.4292626],[54.5159009,24.4295154],[54.5156595,24.4295154],[54.5156635,24.4293152],[54.515241,24.4293078],[54.5152384,24.429237],[54.5151861,24.4292602],[54.5151606,24.4293115],[54.5151659,24.4300172],[54.5143948,24.4300099],[54.5144109,24.4292602],[54.5143975,24.429237],[54.5143693,24.4292199],[54.5143304,24.4292101],[54.5143304,24.4292846],[54.5140823,24.4292773]]]}},{"type":"Feature","properties":{"layer":"land","subtype":"forest","class":"forest","name":""},"geometry":{"type":"Polygon","coordinates":[[[54.5263299,24.4241254],[54.5224342,24.4230137],[54.5210917,24.4226357],[54.5197207,24.4223114],[54.5186178,24.4221282],[54.5170903,24.4220346],[54.5154596,24.4220715],[54.5156758,24.422238],[54.5166984,24.4222025],[54.518561,24.4223071],[54.5196203,24.422489],[54.5210232,24.4228062],[54.5224591,24.4232014],[54.5262849,24.4242915],[54.56,24.433827175484392],[54.56,24.433666038208226],[54.5263299,24.4241254]]]}},{"type":"Feature","properties":{"layer":"land","subtype":"sand","class":"sand","name":""},"geometry":{"type":"Polygon","coordinates":[[[54.5316997,24.4262488],[54.5313297,24.426362],[54.5313082,24.4264357],[54.5311904,24.4268406],[54.5309128,24.4276313],[54.5308862,24.4279368],[54.5309346,24.4281615],[54.5310299,24.4283997],[54.5312242,24.4284936],[54.5314776,24.4286969],[54.531707,24.428943],[54.5319699,24.4291921],[54.5337508,24.4296951],[54.534475,24.4298905],[54.5350008,24.4299686],[54.5355426,24.4300419],[54.5359342,24.4301835],[54.5359178,24.4302619],[54.536347,24.4304768],[54.5376559,24.4309066],[54.5395871,24.4314536],[54.5404615,24.431563],[54.5405476,24.4315218],[54.5406119,24.4314192],[54.5406388,24.4313508],[54.5407297,24.4312505],[54.5408735,24.4311765],[54.5409741,24.4311361],[54.5411063,24.431055],[54.541202,24.4309992],[54.5412769,24.4309574],[54.5413703,24.4308745],[54.5414434,24.4308331],[54.5415338,24.4308188],[54.5416304,24.4308203],[54.541667,24.4308029],[54.5417474,24.4306905],[54.5418063,24.4305669],[54.5418618,24.4304277],[54.5419091,24.4302846],[54.5419583,24.4301831],[54.5420081,24.4301055],[54.542088,24.4301037],[54.542224,24.430118],[54.5423178,24.4301249],[54.542564,24.4301579],[54.542758,24.4301842],[54.5428174,24.4302188],[54.543604,24.4296339],[54.5439995,24.4293893],[54.5369907,24.4274438],[54.5326096,24.4261897],[54.5316997,24.4262488]]]}},{"type":"Feature","properties":{"layer":"land","subtype":"sand","class":"sand","name":""},"geometry":{"type":"Polygon","coordinates":[[[54.5241918,24.4238079],[54.523183,24.4236212],[54.522243,24.423429],[54.5221506,24.4237875],[54.5227887,24.4241611],[54.5233815,24.4245275],[54.5236444,24.4247131],[54.5237973,24.4249011],[54.5239263,24.4250892],[54.5240494,24.4252039],[54.5244305,24.4254042],[54.5244171,24.4254335],[54.5244544,24.4254579],[54.5245027,24.4254359],[54.5245885,24.4254384],[54.5246341,24.4254946],[54.524669,24.4255654],[54.5246824,24.4256509],[54.5246719,24.4257314],[54.5246371,24.4258242],[54.5244437,24.4260489],[54.5243313,24.4260782],[54.5237117,24.4259073],[54.5235776,24.4258389],[54.5235186,24.4258096],[54.5234491,24.4257863],[54.523312,24.4258072],[54.5231753,24.4258413],[54.5230841,24.4258829],[54.5229711,24.4258853],[54.5229094,24.4258487],[54.5228909,24.4257827],[54.5229845,24.4251136],[54.5229607,24.4250501],[54.5229258,24.4250086],[54.5227971,24.4249915],[54.5227271,24.4250232],[54.5227001,24.4250356],[54.5226784,24.4252429],[54.5225929,24.4257731],[54.522496,24.4258193],[54.5224212,24.4258952],[54.5222761,24.4260146],[54.5221208,24.4261248],[54.5220028,24.4262615],[54.5219223,24.4265009],[54.5218308,24.4265861],[54.5216324,24.4265568],[54.5212839,24.426452],[54.5212193,24.4265275],[54.5211659,24.4266181],[54.521016,24.4266962],[54.5208062,24.4267082],[54.5206405,24.4266425],[54.5205648,24.426674],[54.5205434,24.4267961],[54.5205171,24.4269942],[54.5204527,24.4271798],[54.5204093,24.4273676],[54.5203669,24.4276242],[54.5202918,24.427844],[54.5203776,24.4278977],[54.5203293,24.4280882],[54.5206566,24.4281957],[54.5209404,24.4282858],[54.5213054,24.4284204],[54.5215843,24.4285278],[54.5219277,24.4286255],[54.5222495,24.4287134],[54.5226519,24.4288355],[54.5229094,24.428982],[54.5231776,24.4290797],[54.5233922,24.4290895],[54.5234673,24.429153],[54.5236443,24.4291823],[54.5241003,24.4293483],[54.5241807,24.4293679],[54.5242451,24.4292946],[54.5243575,24.4292675],[54.5244007,24.4294216],[54.5244811,24.4294167],[54.5246203,24.4293457],[54.5245667,24.4293017],[54.5244704,24.4293435],[54.524406,24.4292604],[54.5245452,24.4291943],[54.5246686,24.4290819],[54.5247547,24.4289967],[54.5248298,24.4289674],[54.5249154,24.4289527],[54.5249197,24.4289868],[54.5266171,24.4294742],[54.5266377,24.4294801],[54.5266473,24.4294597],[54.5266698,24.4294118],[54.5267071,24.4293505],[54.5267929,24.429204],[54.5268522,24.429109],[54.5269649,24.4291139],[54.5271204,24.4291237],[54.5272277,24.4291725],[54.5273243,24.4292116],[54.5274045,24.4291063],[54.5274584,24.4289088],[54.5275335,24.4286841],[54.52763,24.4285962],[54.5278178,24.4286939],[54.5278875,24.4287964],[54.5278714,24.4289088],[54.5279302,24.4289989],[54.5280646,24.4289723],[54.5280968,24.4288599],[54.5282523,24.4288502],[54.5283918,24.4288941],[54.5285527,24.428982],[54.528601,24.4290455],[54.5287219,24.4290965],[54.5287351,24.4291031],[54.5287757,24.4289843],[54.5295075,24.429189],[54.529513,24.429109],[54.52962,24.4289745],[54.5297007,24.4289234],[54.5298885,24.4289576],[54.5300062,24.4289891],[54.5301567,24.4290309],[54.530264,24.4290748],[54.5303605,24.4291041],[54.5304622,24.4291112],[54.5305376,24.4291627],[54.5305858,24.4292458],[54.5306931,24.4292897],[54.5308916,24.429319],[54.5310472,24.429363],[54.5312296,24.4293093],[54.5314227,24.4293142],[54.5316263,24.4293603],[54.531814,24.4294238],[54.532104,24.4295144],[54.5324902,24.4296365],[54.5326029,24.4297049],[54.5326994,24.4297342],[54.5328925,24.4298026],[54.5330427,24.4298514],[54.5330857,24.4299003],[54.533139,24.4299318],[54.5331873,24.4299757],[54.5333107,24.4299269],[54.5333968,24.4299589],[54.5336436,24.4300321],[54.5339547,24.4301347],[54.5341532,24.4301884],[54.5343356,24.4302519],[54.5343839,24.4303105],[54.5343517,24.4304229],[54.5343678,24.430501],[54.5344429,24.4304815],[54.5345338,24.4303909],[54.5345931,24.4303008],[54.5346896,24.4302714],[54.5348237,24.4303154],[54.5349522,24.4303664],[54.5350437,24.4304277],[54.5350705,24.4304961],[54.535151,24.4304912],[54.535151,24.4305303],[54.5351775,24.4305354],[54.5352633,24.4303791],[54.5355745,24.4302717],[54.5359178,24.4302619],[54.5359342,24.4301835],[54.5355426,24.4300419],[54.5350008,24.4299686],[54.534475,24.4298905],[54.5337508,24.4296951],[54.5319699,24.4291921],[54.531707,24.428943],[54.5314776,24.4286969],[54.5312242,24.4284936],[54.5310299,24.4283997],[54.5309346,24.4281615],[54.5308862,24.4279368],[54.5309128,24.4276313],[54.5311904,24.4268406],[54.5313082,24.4264357],[54.5313297,24.426362],[54.5316997,24.4262488],[54.5326096,24.4261897],[54.5241918,24.4238079]]]}},{"type":"Feature","properties":{"layer":"land","subtype":"sand","class":"sand","name":""},"geometry":{"type":"Polygon","coordinates":[[[54.5445592,24.4257125],[54.5445998,24.4256329],[54.5446557,24.4255712],[54.5447825,24.4255003],[54.5448826,24.4254235],[54.5449291,24.4253821],[54.5449734,24.4253314],[54.545017,24.4252698],[54.5450551,24.4251925],[54.5450853,24.4251093],[54.5451095,24.4250298],[54.5451196,24.4249634],[54.5451209,24.4248961],[54.5451122,24.4248339],[54.545076,24.4247263],[54.5450407,24.4246818],[54.5450141,24.4246322],[54.544992,24.4245464],[54.5447066,24.4244922],[54.544371,24.4245873],[54.5441651,24.4247878],[54.543812,24.4250706],[54.5433302,24.4252966],[54.5431065,24.425337],[54.5429138,24.425361],[54.5445592,24.4257125]]]}},{"type":"Feature","properties":{"layer":"land","subtype":"sand","class":"sand","name":""},"geometry":{"type":"Polygon","coordinates":[[[54.5389246,24.4245115],[54.5429514,24.4250766],[54.5433484,24.4249848],[54.5434807,24.4249562],[54.5390611,24.4237568],[54.5388049,24.4244308],[54.5389246,24.4245115]]]}},{"type":"Feature","properties":{"layer":"land","subtype":"sand","class":"sand","name":""},"geometry":{"type":"Polygon","coordinates":[[[54.4764356,24.4262327],[54.4803054,24.4256193],[54.4818135,24.4253803],[54.4817679,24.4251557],[54.4816761,24.4251545],[54.4817023,24.4253219],[54.4771315,24.4260292],[54.4763617,24.4261855],[54.4763349,24.4262124],[54.4763161,24.4262563],[54.4763215,24.4263076],[54.4763416,24.426363],[54.4764356,24.4262327]]]}},{"type":"Feature","properties":{"layer":"land","subtype":"shrub","class":"scrub","name":""},"geometry":{"type":"Polygon","coordinates":[[[54.4717126,24.4254916],[54.471708,24.4255113],[54.4717029,24.425531],[54.4716971,24.4255507],[54.4716907,24.4255703],[54.4716838,24.4255898],[54.4716762,24.4256091],[54.4716681,24.4256283],[54.4716601,24.4256458],[54.4716516,24.4256632],[54.4716425,24.4256804],[54.471633,24.4256975],[54.471623,24.4257143],[54.4716125,24.425731],[54.4716016,24.4257473],[54.4715903,24.4257634],[54.4715786,24.4257791],[54.4715665,24.4257945],[54.4715523,24.4258117],[54.4715373,24.4258286],[54.4715218,24.4258453],[54.4715161,24.425851],[54.4715328,24.4258765],[54.471563,24.4258197],[54.4715831,24.4258185],[54.4715938,24.4258844],[54.4716126,24.4258612],[54.4716381,24.4258038],[54.4716401,24.4257354],[54.4716495,24.4257177],[54.4716924,24.4256378],[54.4717239,24.4256127],[54.471744,24.4255779],[54.4717501,24.4255364],[54.4717461,24.4254845],[54.4717165,24.4254719],[54.4717126,24.4254916]]]}},{"type":"Feature","properties":{"layer":"land","subtype":"shrub","class":"scrub","name":""},"geometry":{"type":"Polygon","coordinates":[[[54.4718218,24.425548],[54.4718031,24.4255559],[54.4717548,24.4256042],[54.4717085,24.4256689],[54.4716763,24.4257306],[54.4716626,24.4257843],[54.4717216,24.4257733],[54.4717511,24.4258637],[54.471798,24.4258637],[54.4718342,24.4257489],[54.4718383,24.4256561],[54.4718396,24.4255718],[54.4718459,24.4255498],[54.4718218,24.425548]]]}},{"type":"Feature","properties":{"layer":"land","subtype":"forest","class":"forest","name":""},"geometry":{"type":"Polygon","coordinates":[[[54.4680174,24.4251882],[54.4685052,24.425699],[54.4685362,24.4257019],[54.4686043,24.4257152],[54.4686702,24.4257354],[54.4686932,24.4257462],[54.4687032,24.4257382],[54.4683346,24.4253493],[54.4680566,24.4250561],[54.468,24.425100541481477],[54.468,24.42516998191682],[54.4680174,24.4251882]]]}},{"type":"Feature","properties":{"layer":"land","subtype":"shrub","class":"scrub","name":""},"geometry":{"type":"Polygon","coordinates":[[[54.4717082,24.424954],[54.4717497,24.425004],[54.4718208,24.4250553],[54.4718543,24.425109],[54.4718691,24.4251737],[54.471853,24.4252812],[54.4719259,24.4253319],[54.4719455,24.4252446],[54.4719388,24.4251505],[54.4719053,24.4250468],[54.4718584,24.4249674],[54.4718007,24.4249112],[54.47172,24.4248477],[54.4717082,24.424954]]]}},{"type":"Feature","properties":{"layer":"land","subtype":"shrub","class":"scrub","name":""},"geometry":{"type":"Polygon","coordinates":[[[54.4716228,24.4249752],[54.4716354,24.4249965],[54.4716474,24.4250185],[54.4716587,24.4250412],[54.4716693,24.4250643],[54.4716791,24.425088],[54.4716881,24.4251121],[54.4716963,24.4251365],[54.4717035,24.4251612],[54.4717098,24.425186],[54.4717152,24.425211],[54.4717196,24.4252359],[54.4717232,24.4252614],[54.4717253,24.4252807],[54.4717273,24.4253076],[54.4717281,24.4253307],[54.4717283,24.4253491],[54.4717277,24.425374],[54.4717262,24.4253988],[54.4717238,24.4254235],[54.4717206,24.4254479],[54.4717501,24.4254601],[54.4717538,24.4253362],[54.4717967,24.4252617],[54.4718101,24.4251896],[54.4717927,24.425109],[54.4717497,24.4250419],[54.4716854,24.4249906],[54.4716097,24.4249545],[54.4716228,24.4249752]]]}},{"type":"Feature","properties":{"layer":"land","subtype":"forest","class":"forest","name":""},"geometry":{"type":"Polygon","coordinates":[[[54.4703899,24.4250229],[54.4698739,24.4254269],[54.4699951,24.4255554],[54.4705117,24.425152],[54.4703899,24.4250229]]]}},{"type":"Feature","properties":{"layer":"land","subtype":"forest","class":"forest","name":""},"geometry":{"type":"Polygon","coordinates":[[[54.4690181,24.4252096],[54.469058,24.4251711],[54.469058,24.4250798],[54.4690817,24.4250798],[54.4690809,24.4250384],[54.4690589,24.4250425],[54.4690204,24.4250431],[54.4690181,24.4252096]]]}},{"type":"Feature","properties":{"layer":"land","subtype":"forest","class":"forest","name":""},"geometry":{"type":"Polygon","coordinates":[[[54.4684565,24.4250053],[54.4685621,24.4250105],[54.4685462,24.425283],[54.4689174,24.425301],[54.4689073,24.425169],[54.4688118,24.4251644],[54.4688097,24.4252006],[54.4688707,24.4252034],[54.4688672,24.4252659],[54.4686449,24.4252555],[54.4686491,24.4251811],[54.4685698,24.4251774],[54.4685794,24.4250064],[54.4686379,24.4250091],[54.4686459,24.4250107],[54.4686482,24.4249712],[54.4684765,24.4249629],[54.4684871,24.4247815],[54.4684693,24.4247871],[54.4684565,24.4250053]]]}},{"type":"Feature","properties":{"layer":"land","subtype":"forest","class":"forest","name":""},"geometry":{"type":"Polygon","coordinates":[[[54.4688789,24.424842],[54.4687745,24.4248341],[54.4687829,24.4247396],[54.4685527,24.4247226],[54.4685501,24.4247517],[54.4687426,24.4247659],[54.4687278,24.4249328],[54.4687664,24.4249357],[54.4687717,24.4248759],[54.4688701,24.4248805],[54.4688789,24.424842]]]}},{"type":"Feature","properties":{"layer":"land","subtype":"forest","class":"forest","name":""},"geometry":{"type":"Polygon","coordinates":[[[54.471119,24.424452],[54.470603,24.424856],[54.470725,24.4249854],[54.4712415,24.424582],[54.471119,24.424452]]]}},{"type":"Feature","properties":{"layer":"land","subtype":"forest","class":"forest","name":""},"geometry":{"type":"Polygon","coordinates":[[[54.469987,24.424496],[54.4698125,24.4246319],[54.4694104,24.424945],[54.4695339,24.4250757],[54.4701069,24.4246266],[54.469987,24.424496]]]}},{"type":"Feature","properties":{"layer":"land","subtype":"sand","class":"sand","name":""},"geometry":{"type":"Polygon","coordinates":[[[54.4816035,24.4244074],[54.4830666,24.4242026],[54.4829795,24.4241],[54.4828252,24.4241134],[54.4825396,24.4238948],[54.4825316,24.4239348],[54.4823733,24.4242034],[54.4817001,24.4242669],[54.4815606,24.4241717],[54.4816035,24.4244074]]]}},{"type":"Feature","properties":{"layer":"land","subtype":"sand","class":"sand","name":""},"geometry":{"type":"Polygon","coordinates":[[[54.4720166,24.4237498],[54.4719948,24.4237668],[54.4721356,24.423921],[54.4722469,24.4244739],[54.4722832,24.4246478],[54.4722711,24.42472],[54.4721985,24.4248645],[54.4721756,24.4249612],[54.4721823,24.4250616],[54.4721944,24.4251118],[54.4722249,24.4251868],[54.4723187,24.424948],[54.4723056,24.4248809],[54.4722425,24.4248846],[54.4723322,24.4247452],[54.4722933,24.424468],[54.4724544,24.4244258],[54.4722211,24.4239455],[54.4720386,24.4237326],[54.4720166,24.4237498]]]}},{"type":"Feature","properties":{"layer":"land","subtype":"sand","class":"sand","name":""},"geometry":{"type":"Polygon","coordinates":[[[54.4717374,24.420512],[54.4719137,24.4204866],[54.4720264,24.4205379],[54.4720934,24.4205843],[54.4721417,24.4206698],[54.4721551,24.4207748],[54.4721524,24.420831],[54.4721632,24.4208896],[54.4722115,24.4209727],[54.4723241,24.4211094],[54.4742473,24.423156],[54.4743867,24.4232317],[54.474486,24.4232512],[54.474612,24.4233025],[54.4746764,24.423366],[54.4747247,24.4234442],[54.4747032,24.4235956],[54.4746845,24.4236444],[54.4746389,24.4236933],[54.4745745,24.4237324],[54.4744994,24.4237543],[54.4743063,24.4239082],[54.4739898,24.4244259],[54.4734506,24.4252611],[54.4730724,24.4257276],[54.4726487,24.4261818],[54.472072,24.4266874],[54.4696716,24.4285519],[54.4695925,24.4286606],[54.4695187,24.4288242],[54.4695184,24.4288957],[54.469571,24.4289567],[54.46963,24.4289817],[54.4696891,24.4289768],[54.4697331,24.428961],[54.470012,24.4287729],[54.4699638,24.4287216],[54.4722731,24.426873],[54.472367,24.4269438],[54.4733702,24.4262063],[54.4738664,24.4258717],[54.4743572,24.4254565],[54.4746469,24.4251415],[54.4749312,24.4247752],[54.4751834,24.4243408],[54.4752676,24.4237079],[54.4750417,24.4234708],[54.4748261,24.4228154],[54.4741343,24.4221725],[54.4737971,24.4218419],[54.4734381,24.4213948],[54.4731574,24.4206436],[54.4731105,24.4201445],[54.4731829,24.4197245],[54.4734776,24.4192143],[54.4717374,24.420512]]]}},{"type":"Feature","properties":{"layer":"land","subtype":"forest","class":"forest","name":""},"geometry":{"type":"Polygon","coordinates":[[[54.4719024,24.4238391],[54.4711941,24.4243932],[54.4713168,24.4245232],[54.4720321,24.4239645],[54.4719024,24.4238391]]]}},{"type":"Feature","properties":{"layer":"land","subtype":"forest","class":"forest","name":""},"geometry":{"type":"Polygon","coordinates":[[[54.4706689,24.4239579],[54.4702751,24.4242662],[54.4700916,24.4244099],[54.4702163,24.424542],[54.4707937,24.4240901],[54.4706689,24.4239579]]]}},{"type":"Feature","properties":{"layer":"land","subtype":"sand","class":"sand","name":""},"geometry":{"type":"Polygon","coordinates":[[[54.472749,24.4243675],[54.4727682,24.4243182],[54.4727131,24.4243559],[54.472749,24.4243675]]]}},{"type":"Feature","properties":{"layer":"land","subtype":"sand","class":"sand","name":""},"geometry":{"type":"Polygon","coordinates":[[[54.4728602,24.4243479],[54.4729271,24.4241761],[54.4729015,24.4241021],[54.4728365,24.4242067],[54.472815,24.4242604],[54.4727682,24.4243182],[54.4728602,24.4243479]]]}},{"type":"Feature","properties":{"layer":"land","subtype":"sand","class":"sand","name":""},"geometry":{"type":"Polygon","coordinates":[[[54.4727292,24.4242751],[54.47276,24.4242433],[54.4727721,24.4242079],[54.4727721,24.4241225],[54.4727573,24.4240504],[54.4727144,24.4239686],[54.472696,24.4239422],[54.4727227,24.4240371],[54.4727361,24.4241153],[54.472728,24.4242093],[54.4726997,24.4242897],[54.4727292,24.4242751]]]}},{"type":"Feature","properties":{"layer":"land","subtype":"forest","class":"forest","name":""},"geometry":{"type":"Polygon","coordinates":[[[54.4708671,24.4240338],[54.4711714,24.4237948],[54.4710451,24.4236614],[54.4709986,24.4236979],[54.4707408,24.4239004],[54.4708671,24.4240338]]]}},{"type":"Feature","properties":{"layer":"land","subtype":"tree","class":"tree_row","name":""},"geometry":{"type":"LineString","coordinates":[[54.4715984,24.4208976],[54.4712041,24.4210905],[54.4708045,24.4213518],[54.470091,24.421872],[54.4689511,24.4226877],[54.4683234,24.4231688],[54.468,24.423385244071586]]}},{"type":"Feature","properties":{"layer":"land","subtype":"sand","class":"sand","name":""},"geometry":{"type":"MultiPolygon","coordinates":[[[[54.4680021,24.4249681],[54.4680343,24.4248067],[54.4681149,24.4246428],[54.468225,24.4245059],[54.4683862,24.4244105],[54.4685769,24.4243714],[54.4688052,24.4243885],[54.4690093,24.4244448],[54.4691624,24.4245303],[54.4692833,24.4246404],[54.4694095,24.4247871],[54.4694767,24.4247994],[54.4694014,24.4248605],[54.4694104,24.424945],[54.4698125,24.4246319],[54.4694948,24.4242904],[54.4693863,24.4243726],[54.4690684,24.4240248],[54.4691271,24.4239803],[54.4691539,24.4236482],[54.4690322,24.4235213],[54.4692131,24.4233774],[54.4693229,24.4234919],[54.4696797,24.4235114],[54.4697371,24.4234679],[54.4700645,24.4238261],[54.4699439,24.4239175],[54.4702751,24.4242662],[54.4706689,24.4239579],[54.4706155,24.4239141],[54.4705376,24.4239972],[54.4705152,24.4239812],[54.470363,24.4238725],[54.4701777,24.4236915],[54.4700729,24.4235399],[54.4699977,24.4233687],[54.4699736,24.4231706],[54.4699924,24.4229896],[54.4700595,24.4228282],[54.4701669,24.422679],[54.4702905,24.4225739],[54.4704463,24.4224932],[54.4706021,24.4224638],[54.470774,24.4224589],[54.4709781,24.4225543],[54.471107,24.4225886],[54.4712333,24.422591],[54.4713247,24.4225887],[54.4713812,24.4225872],[54.470771,24.4223541],[54.4708437,24.4221964],[54.470865,24.4222047],[54.470872,24.422199],[54.4708921,24.4221826],[54.4705349,24.4218231],[54.4704754,24.4217826],[54.4704033,24.4218378],[54.4698053,24.42233],[54.4698446,24.4223718],[54.4693967,24.4228358],[54.4690104,24.423058],[54.468761,24.4232632],[54.4686483,24.4234708],[54.4686108,24.4238737],[54.468,24.42431285989382],[54.468,24.424970170697673],[54.4680021,24.4249681]]],[[[54.4680021,24.425692],[54.4680692,24.4256064],[54.4681015,24.4255281],[54.4681061,24.4254449],[54.4681068,24.4254328],[54.4680485,24.4252734],[54.4680174,24.4251882],[54.468,24.42516998191682],[54.468,24.425690725930526],[54.4680021,24.425692]]]]}},{"type":"Feature","properties":{"layer":"land","subtype":"sand","class":"sand","name":""},"geometry":{"type":"Polygon","coordinates":[[[54.471131,24.4210161],[54.4714421,24.4208524],[54.4715306,24.420784],[54.4715977,24.420723],[54.471667,24.4205623],[54.468,24.42318179874613],[54.468,24.42325320830038],[54.471131,24.4210161]]]}},{"type":"Feature","properties":{"layer":"land","subtype":"forest","class":"forest","name":""},"geometry":{"type":"Polygon","coordinates":[[[54.4713137,24.4236857],[54.4716168,24.4234506],[54.4714901,24.4233152],[54.471187,24.4235503],[54.4713137,24.4236857]]]}},{"type":"Feature","properties":{"layer":"land","subtype":"forest","class":"forest","name":""},"geometry":{"type":"Polygon","coordinates":[[[54.476564,24.4226873],[54.476347,24.4231093],[54.4760792,24.4235799],[54.475806,24.4240555],[54.474898,24.4252139],[54.4746971,24.4254042],[54.4744989,24.4256675],[54.4748283,24.4254968],[54.4752435,24.4250286],[54.4755301,24.424692],[54.4758113,24.4243287],[54.4761033,24.4238848],[54.4764247,24.4233117],[54.4766658,24.4228581],[54.4768318,24.4224727],[54.477048,24.4218443],[54.4768865,24.4217944],[54.476564,24.4226873]]]}},{"type":"Feature","properties":{"layer":"land","subtype":"forest","class":"forest","name":""},"geometry":{"type":"Polygon","coordinates":[[[54.4811604,24.4233479],[54.4810491,24.4240512],[54.4798193,24.4243492],[54.480286,24.424398],[54.4811872,24.4242027],[54.4813643,24.4239877],[54.4813787,24.4238411],[54.4814453,24.4231631],[54.481169,24.4231411],[54.4811604,24.4233479]]]}},{"type":"Feature","properties":{"layer":"land","subtype":"sand","class":"sand","name":""},"geometry":{"type":"Polygon","coordinates":[[[54.505091,24.4226981],[54.5052003,24.4225998],[54.50528,24.4224802],[54.5053251,24.4223465],[54.505333,24.4222069],[54.5053031,24.4220697],[54.5052373,24.4219433],[54.5051396,24.4218354],[54.5050158,24.4217525],[54.5048736,24.4216997],[54.5047215,24.4216801],[54.5045688,24.421695],[54.5044247,24.4217434],[54.5043029,24.4218185],[54.5042038,24.4219175],[54.5041329,24.4220348],[54.5040942,24.422164],[54.5040898,24.4222978],[54.5041199,24.4224289],[54.5041829,24.4225499],[54.5042753,24.4226541],[54.5043919,24.4227357],[54.5045262,24.4227902],[54.5046708,24.4228145],[54.5048177,24.4228073],[54.5049586,24.422769],[54.505091,24.4226981]]]}},{"type":"Feature","properties":{"layer":"land","subtype":"sand","class":"sand","name":""},"geometry":{"type":"Polygon","coordinates":[[[54.4868646,24.4209269],[54.4868378,24.42143],[54.4869719,24.4220992],[54.4872554,24.4226168],[54.487727,24.4231884],[54.4880502,24.4233984],[54.4881005,24.4234383],[54.4892035,24.4243118],[54.4894449,24.4244095],[54.4896556,24.4244078],[54.4896644,24.4243949],[54.4894722,24.4242938],[54.4892694,24.4242299],[54.4892638,24.424132],[54.4895803,24.4240001],[54.4896661,24.4239757],[54.489903,24.4240369],[54.4907337,24.4238291],[54.4912701,24.4236582],[54.4924155,24.4234967],[54.4921878,24.4228467],[54.4911558,24.4210351],[54.4911089,24.4209826],[54.4910646,24.4209619],[54.4910056,24.4209545],[54.4904021,24.4212354],[54.4901138,24.4213441],[54.4899528,24.4213844],[54.4896725,24.4214405],[54.4894539,24.4214711],[54.4891817,24.4214784],[54.4889832,24.4214711],[54.4875282,24.4213618],[54.4874121,24.4213337],[54.4873088,24.4212891],[54.4872103,24.4212238],[54.4871432,24.4211444],[54.4870916,24.4210382],[54.4870413,24.4208618],[54.48704,24.4207775],[54.4870775,24.4203159],[54.4870171,24.4202951],[54.4868646,24.4209269]]]}},{"type":"Feature","properties":{"layer":"land","subtype":"forest","class":"forest","name":""},"geometry":{"type":"Polygon","coordinates":[[[54.4817832,24.4215414],[54.4815763,24.4231864],[54.481515,24.4236735],[54.4815284,24.4240032],[54.4815606,24.4241717],[54.4817001,24.4242669],[54.4823733,24.4242034],[54.4825316,24.4239348],[54.4825396,24.4238948],[54.4824162,24.4237214],[54.4823626,24.4235285],[54.4823545,24.4233478],[54.4824403,24.4230327],[54.4826898,24.4226835],[54.4828843,24.4225284],[54.4831538,24.4224002],[54.483414,24.4223489],[54.4836272,24.4223685],[54.4837989,24.4224356],[54.4839987,24.4225614],[54.4841717,24.4227201],[54.4842522,24.4228111],[54.484338,24.4229006],[54.4844064,24.4228358],[54.4840041,24.4218052],[54.4838834,24.4217124],[54.4837788,24.4216806],[54.4818583,24.4214926],[54.4817832,24.4215414]]]}},{"type":"Feature","properties":{"layer":"land","subtype":"sand","class":"sand","name":""},"geometry":{"type":"Polygon","coordinates":[[[54.481373,24.4204634],[54.4809667,24.4203535],[54.480205,24.4202863],[54.4797309,24.4202921],[54.4792112,24.4204024],[54.4787633,24.4205856],[54.4785788,24.4206954],[54.478322,24.4209163],[54.4780779,24.4212594],[54.4779543,24.4214397],[54.4775453,24.4220095],[54.477048,24.4218443],[54.4768318,24.4224727],[54.4766658,24.4228581],[54.4764247,24.4233117],[54.4761033,24.4238848],[54.4758113,24.4243287],[54.4755301,24.424692],[54.4752435,24.4250286],[54.4748283,24.4254968],[54.4744989,24.4256675],[54.4746971,24.4254042],[54.4744055,24.4256299],[54.4733889,24.426387],[54.4746013,24.4257935],[54.4746602,24.4257304],[54.4757394,24.4261513],[54.476013,24.4261831],[54.4765395,24.4260505],[54.4814833,24.4252617],[54.4815679,24.4252477],[54.4816027,24.4251989],[54.4830666,24.4242026],[54.4816035,24.4244074],[54.4815606,24.4241717],[54.4815284,24.4240032],[54.481515,24.4236735],[54.4815763,24.4231864],[54.4814453,24.4231631],[54.4813787,24.4238411],[54.4813643,24.4239877],[54.4811872,24.4242027],[54.480286,24.424398],[54.4798193,24.4243492],[54.4810491,24.4240512],[54.4811604,24.4233479],[54.481169,24.4231411],[54.4811341,24.4230605],[54.4809786,24.4230556],[54.4809249,24.4224426],[54.4808471,24.4221544],[54.4806808,24.421854],[54.4803187,24.4215439],[54.4803858,24.4214657],[54.480544,24.42139],[54.4807667,24.4213607],[54.4807962,24.4212874],[54.4809544,24.4204986],[54.4814614,24.4205426],[54.481373,24.4204634]]]}},{"type":"Feature","properties":{"layer":"land","subtype":"rock","class":"stone","name":""},"geometry":{"type":"Polygon","coordinates":[[[54.4705185,24.4239408],[54.4703823,24.4238362],[54.4702087,24.4236708],[54.4701099,24.4235176],[54.4700511,24.4233595],[54.4700271,24.4231674],[54.4700671,24.4229923],[54.4701286,24.4228488],[54.4702247,24.4227223],[54.4703449,24.4226202],[54.4704838,24.4225521],[54.4706281,24.4225253],[54.4707723,24.4225326],[54.4708872,24.4225618],[54.4709887,24.4226104],[54.4710848,24.4226542],[54.4712477,24.4226542],[54.4713412,24.4226639],[54.4714134,24.422698],[54.4714748,24.4227661],[54.4715576,24.4227782],[54.4715556,24.4228212],[54.4715878,24.4228648],[54.4716161,24.4228889],[54.4716559,24.4229201],[54.4716589,24.4229065],[54.4716624,24.4228634],[54.4716276,24.4228059],[54.4716007,24.4227375],[54.4715672,24.422682],[54.4715357,24.4226463],[54.4713812,24.4225872],[54.4713247,24.4225887],[54.4712333,24.422591],[54.471107,24.4225886],[54.4709781,24.4225543],[54.470774,24.4224589],[54.4706021,24.4224638],[54.4704463,24.4224932],[54.4702905,24.4225739],[54.4701669,24.422679],[54.4700595,24.4228282],[54.4699924,24.4229896],[54.4699736,24.4231706],[54.4699977,24.4233687],[54.4700729,24.4235399],[54.4701777,24.4236915],[54.470363,24.4238725],[54.4705152,24.4239812],[54.4705185,24.4239408]]]}},{"type":"Feature","properties":{"layer":"land","subtype":"forest","class":"forest","name":""},"geometry":{"type":"Polygon","coordinates":[[[54.4686108,24.4238737],[54.4686483,24.4234708],[54.468761,24.4232632],[54.4690104,24.423058],[54.4693967,24.4228358],[54.4698446,24.4223718],[54.4698053,24.42233],[54.4697802,24.4223034],[54.468,24.423690317968745],[54.468,24.42431285989382],[54.4686108,24.4238737]]]}},{"type":"Feature","properties":{"layer":"land","subtype":"sand","class":"sand","name":""},"geometry":{"type":"Polygon","coordinates":[[[54.4697802,24.4223034],[54.4698053,24.42233],[54.4704033,24.4218378],[54.4704754,24.4217826],[54.4709808,24.4213951],[54.4683647,24.4233051],[54.468,24.42355125368091],[54.468,24.423690317968745],[54.4697802,24.4223034]]]}},{"type":"Feature","properties":{"layer":"land","subtype":"forest","class":"forest","name":""},"geometry":{"type":"Polygon","coordinates":[[[54.4728063,24.4228596],[54.4732667,24.4224943],[54.4731425,24.4223645],[54.4730996,24.422366],[54.4729858,24.4224564],[54.4730344,24.4225071],[54.472713,24.4227622],[54.4728063,24.4228596]]]}},{"type":"Feature","properties":{"layer":"land","subtype":"sand","class":"sand","name":""},"geometry":{"type":"Polygon","coordinates":[[[54.4720059,24.4226768],[54.4719763,24.422731],[54.4720147,24.4227345],[54.4720572,24.4227384],[54.4721081,24.4227439],[54.4721644,24.422747],[54.4722077,24.4227589],[54.4722336,24.4227689],[54.4722483,24.4227713],[54.4722816,24.4227751],[54.4722937,24.422771],[54.4723169,24.4227711],[54.4723413,24.4227756],[54.4723535,24.4227844],[54.4723663,24.4228012],[54.4723748,24.4228189],[54.4723736,24.4228312],[54.4724347,24.4228697],[54.4724693,24.4228955],[54.4725154,24.422809],[54.4724966,24.4227784],[54.4724108,24.4227711],[54.4718556,24.4225391],[54.4718243,24.4225981],[54.4720059,24.4226768]]]}},{"type":"Feature","properties":{"layer":"land","subtype":"forest","class":"forest","name":""},"geometry":{"type":"Polygon","coordinates":[[[54.4713812,24.4225872],[54.4715357,24.4226463],[54.4715891,24.4226667],[54.4716336,24.4225701],[54.4716618,24.422509],[54.4708437,24.4221964],[54.470771,24.4223541],[54.4713812,24.4225872]]]}},{"type":"Feature","properties":{"layer":"land","subtype":"sand","class":"sand","name":""},"geometry":{"type":"Polygon","coordinates":[[[54.470865,24.4222047],[54.4716618,24.422509],[54.4716336,24.4225701],[54.4716488,24.4225758],[54.4717556,24.4226166],[54.47181,24.4225171],[54.4713754,24.4223376],[54.4713419,24.4223059],[54.4712936,24.4222351],[54.4712601,24.4222204],[54.4712319,24.422229],[54.4711434,24.4222424],[54.4710817,24.4222216],[54.4710308,24.4221874],[54.4709718,24.4221237],[54.470865,24.4222047]]]}},{"type":"Feature","properties":{"layer":"land","subtype":"sand","class":"sand","name":""},"geometry":{"type":"Polygon","coordinates":[[[54.472527,24.4225786],[54.4724837,24.4226565],[54.4724957,24.4226816],[54.4725225,24.4226987],[54.4725521,24.4226962],[54.4726232,24.42264],[54.4725922,24.4226075],[54.4729079,24.4223584],[54.4729512,24.4224039],[54.4729721,24.4223671],[54.4729714,24.4223273],[54.4729485,24.4223032],[54.4729049,24.4223376],[54.4727842,24.4222108],[54.4728276,24.4221765],[54.4727905,24.4221375],[54.4727515,24.4221418],[54.472726,24.4221876],[54.4727751,24.4222197],[54.4725761,24.4226013],[54.472527,24.4225786]]]}},{"type":"Feature","properties":{"layer":"land","subtype":"forest","class":"forest","name":""},"geometry":{"type":"Polygon","coordinates":[[[54.4806808,24.421854],[54.4808471,24.4221544],[54.4809249,24.4224426],[54.4809786,24.4230556],[54.4811341,24.4230605],[54.481169,24.4231411],[54.4814453,24.4231631],[54.4816008,24.421942],[54.4815767,24.4219053],[54.4815338,24.4219175],[54.4815284,24.4220128],[54.4814024,24.4220665],[54.4812682,24.4218467],[54.4814131,24.4217783],[54.4814935,24.4218125],[54.4816089,24.4217466],[54.4816411,24.4215146],[54.4816035,24.4214584],[54.4807667,24.4213607],[54.480544,24.42139],[54.4803858,24.4214657],[54.4803187,24.4215439],[54.4806808,24.421854]]]}},{"type":"Feature","properties":{"layer":"land","subtype":"forest","class":"forest","name":""},"geometry":{"type":"Polygon","coordinates":[[[54.4817941,24.421328],[54.4818183,24.4213671],[54.4818585,24.4213793],[54.4838058,24.4215649],[54.4839158,24.4215917],[54.4840901,24.4217163],[54.4844703,24.4228122],[54.4845273,24.4229765],[54.4846775,24.4229985],[54.4847982,24.423079],[54.4848731,24.4229021],[54.4848869,24.4228242],[54.4848617,24.4228093],[54.4848543,24.4227806],[54.4848523,24.4227116],[54.4848678,24.4226798],[54.4849062,24.4226642],[54.4849435,24.422617],[54.4849408,24.4225907],[54.484906,24.4225614],[54.4848067,24.4225461],[54.4847598,24.4225394],[54.4847169,24.4225138],[54.4845003,24.4219985],[54.4844654,24.4218373],[54.4844654,24.4216761],[54.4845311,24.4214026],[54.4845585,24.4211863],[54.4845263,24.4211448],[54.4839694,24.4214232],[54.4837441,24.4214721],[54.4818129,24.421284],[54.4817941,24.421328]]]}},{"type":"Feature","properties":{"layer":"land","subtype":"tree","class":"tree_row","name":""},"geometry":{"type":"LineString","coordinates":[[54.4720678,24.4209806],[54.4742377,24.423308]]}},{"type":"Feature","properties":{"layer":"land","subtype":"forest","class":"forest","name":""},"geometry":{"type":"Polygon","coordinates":[[[54.4702148,24.4223327],[54.4705634,24.4223474],[54.4706566,24.422272],[54.4703958,24.4220046],[54.4701156,24.4222311],[54.4702148,24.4223327]]]}},{"type":"Feature","properties":{"layer":"land","subtype":"sand","class":"sand","name":""},"geometry":{"type":"Polygon","coordinates":[[[54.4691791,24.4201946],[54.4691869,24.4200953],[54.4692066,24.4198614],[54.4697225,24.4194846],[54.4697441,24.4194302],[54.4696602,24.4191162],[54.4692809,24.4186541],[54.4692152,24.4186039],[54.4691594,24.4185785],[54.4690829,24.4185901],[54.4687354,24.4187556],[54.468365,24.4189386],[54.468,24.41919941460105],[54.468,24.421042452511468],[54.4691791,24.4201946]]]}},{"type":"Feature","properties":{"layer":"land","subtype":"land","class":"land","name":""},"geometry":{"type":"Polygon","coordinates":[[[54.4854542,24.4213713],[54.4855494,24.4213433],[54.4855908,24.421293],[54.4855933,24.4212207],[54.4855709,24.4211783],[54.4854936,24.4211384],[54.4853814,24.421111],[54.4853365,24.4211234],[54.4853016,24.4211658],[54.4853266,24.4212755],[54.4853789,24.4213503],[54.4854542,24.4213713]]]}},{"type":"Feature","properties":{"layer":"land","subtype":"sand","class":"sand","name":""},"geometry":{"type":"Polygon","coordinates":[[[54.5383304,24.4244191],[54.5385321,24.4243388],[54.5386203,24.4242297],[54.5388281,24.4235409],[54.5342324,24.4224906],[54.5338422,24.4239519],[54.5383304,24.4244191]]]}},{"type":"Feature","properties":{"layer":"land","subtype":"sand","class":"sand","name":"جزيرة الرميلة"},"geometry":{"type":"Polygon","coordinates":[[[54.5598303,24.4386505],[54.5596233,24.438795],[54.559474,24.4389182],[54.5593388,24.4390427],[54.5591809,24.4392086],[54.5590283,24.4393942],[54.5589225,24.4395469],[54.5588605,24.4396383],[54.5588008,24.439741],[54.5586738,24.4400606],[54.5586307,24.440194],[54.5586088,24.4402994],[54.5586282,24.4403501],[54.5586716,24.4403974],[54.5587929,24.4404465],[54.5589399,24.4405006],[54.5590816,24.4405165],[54.5592149,24.4404992],[54.5592792,24.4404506],[54.5593227,24.4403994],[54.5593568,24.4403394],[54.5594126,24.4402919],[54.5595087,24.4402687],[54.5596162,24.4402743],[54.5597001,24.4403375],[54.5597424,24.4403319],[54.5598712,24.4402861],[54.5599099,24.4402755],[54.5599588,24.440303],[54.56,24.440318737742306],[54.56,24.43854981090496],[54.5598303,24.4386505]]]}},{"type":"Feature","properties":{"layer":"land","subtype":"land","class":"land","name":""},"geometry":{"type":"Polygon","coordinates":[[[54.5499518,24.4401156],[54.5495662,24.4398239],[54.5494211,24.4400518],[54.5498366,24.4402113],[54.5502772,24.4405486],[54.5508229,24.4407492],[54.5521096,24.4412095],[54.552415,24.4413919],[54.5524501,24.4413189],[54.5523249,24.4412004],[54.5511333,24.4407583],[54.5503623,24.4404985],[54.5499518,24.4401156]]]}},{"type":"Feature","properties":{"layer":"land","subtype":"wetland","class":"wetland","name":""},"geometry":{"type":"Polygon","coordinates":[[[54.5475093,24.4396723],[54.5475801,24.4398173],[54.5479554,24.4400719],[54.5481183,24.4401525],[54.5482209,24.4402814],[54.5482492,24.4404071],[54.548097,24.440478],[54.5479257,24.4404954],[54.5481408,24.4406897],[54.5482386,24.4405618],[54.5483873,24.4404909],[54.5485927,24.4405812],[54.5490918,24.4406779],[54.5489502,24.4403846],[54.5484617,24.439856],[54.5480758,24.4397786],[54.5477784,24.4396981],[54.5475766,24.4395853],[54.5475093,24.4396723]]]}},{"type":"Feature","properties":{"layer":"land","subtype":"wetland","class":"wetland","name":""},"geometry":{"type":"Polygon","coordinates":[[[54.5460846,24.4393],[54.545692,24.4393044],[54.5452259,24.4393313],[54.5445242,24.4394742],[54.5445291,24.4396484],[54.5446027,24.4399433],[54.5448333,24.440189],[54.5450689,24.4403364],[54.5452799,24.4402962],[54.5454859,24.4403409],[54.5450738,24.4405017],[54.5450443,24.4407921],[54.5448431,24.4410958],[54.5452406,24.4408814],[54.5456381,24.4404793],[54.5459472,24.440113],[54.546168,24.4397646],[54.5461975,24.4393715],[54.5460846,24.4393]]]}},{"type":"Feature","properties":{"layer":"land","subtype":"wetland","class":"wetland","name":""},"geometry":{"type":"Polygon","coordinates":[[[54.5471057,24.4394982],[54.5470491,24.4396529],[54.5470385,24.439769],[54.5470562,24.4399301],[54.5471341,24.4400204],[54.547396,24.4400397],[54.5475837,24.4399946],[54.5475235,24.4398592],[54.5474102,24.4396755],[54.5473182,24.4395273],[54.5471518,24.4394563],[54.5471057,24.4394982]]]}},{"type":"Feature","properties":{"layer":"land","subtype":"sand","class":"sand","name":""},"geometry":{"type":"Polygon","coordinates":[[[54.5264662,24.438486],[54.5264896,24.438506],[54.5265304,24.4385224],[54.5265711,24.438524],[54.5266061,24.438514],[54.5266483,24.4384815],[54.5266634,24.4384554],[54.5266698,24.4384259],[54.5266667,24.4383971],[54.5266456,24.4383567],[54.5266278,24.43834],[54.5266029,24.438326],[54.5265659,24.4383172],[54.5265255,24.4383205],[54.5264864,24.4383381],[54.526456,24.43837],[54.5264417,24.4384123],[54.5264463,24.4384516],[54.5264662,24.438486]]]}},{"type":"Feature","properties":{"layer":"land","subtype":"physical","class":"cliff","name":""},"geometry":{"type":"LineString","coordinates":[[54.5141062,24.4385759],[54.5141142,24.4385584],[54.5141283,24.4385444],[54.5141467,24.4385357],[54.5141647,24.4385332],[54.5141852,24.4385365],[54.5142032,24.438546],[54.5142197,24.4385662],[54.5142245,24.4385847],[54.514222,24.4386035],[54.51421,24.4386233],[54.5141939,24.4386353],[54.5141742,24.4386415]]}},{"type":"Feature","properties":{"layer":"land","subtype":"physical","class":"cliff","name":""},"geometry":{"type":"LineString","coordinates":[[54.5140896,24.4386878],[54.5141432,24.4387074],[54.5142103,24.4387],[54.5142612,24.4386536],[54.5142961,24.438595],[54.51428,24.4385193],[54.5142666,24.4384778],[54.5142183,24.4384705],[54.5141593,24.4384607],[54.5141137,24.4384754],[54.5140628,24.4385169],[54.514044,24.4385633],[54.5140467,24.4386194],[54.5140628,24.4386463]]}},{"type":"Feature","properties":{"layer":"land","subtype":"physical","class":"cliff","name":""},"geometry":{"type":"LineString","coordinates":[[54.5142183,24.4384705],[54.5141808,24.4384412],[54.5141325,24.4384241],[54.5140815,24.4384558],[54.514044,24.4385022],[54.5140011,24.4385022],[54.5139796,24.4385364],[54.5139957,24.4385804],[54.5139823,24.4386146],[54.5139984,24.4386536],[54.5140386,24.4387],[54.5140762,24.4387171]]}},{"type":"Feature","properties":{"layer":"land","subtype":"physical","class":"cliff","name":""},"geometry":{"type":"LineString","coordinates":[[54.5141742,24.4386415],[54.514144,24.4386388],[54.514126,24.4386293],[54.5141127,24.4386148],[54.5141057,24.438597],[54.5141062,24.4385759]]}},{"type":"Feature","properties":{"layer":"land","subtype":"physical","class":"cliff","name":""},"geometry":{"type":"LineString","coordinates":[[54.5141888,24.4389879],[54.5142114,24.4389974],[54.5142216,24.4389988],[54.5142462,24.4389961],[54.5142673,24.4389864],[54.5142807,24.4389739],[54.5142919,24.438953],[54.5142934,24.4389457],[54.5142914,24.4389217],[54.514287,24.4389112],[54.5142715,24.4388926],[54.5142603,24.4388853]]}},{"type":"Feature","properties":{"layer":"land","subtype":"physical","class":"cliff","name":""},"geometry":{"type":"LineString","coordinates":[[54.5144354,24.4389748],[54.5144567,24.4389837],[54.5144657,24.438985],[54.514489,24.4389825],[54.5145088,24.4389734],[54.5145212,24.4389619],[54.5145318,24.4389419],[54.5145331,24.4389357],[54.5145311,24.4389128],[54.5145272,24.4389034],[54.5145125,24.4388857]]}},{"type":"Feature","properties":{"layer":"land","subtype":"physical","class":"cliff","name":""},"geometry":{"type":"LineString","coordinates":[[54.5142603,24.4388853],[54.5142325,24.4388776],[54.5142101,24.4388792],[54.5141888,24.4388881],[54.5141724,24.4389029],[54.5141625,24.4389221],[54.5141602,24.4389447],[54.5141618,24.4389529],[54.5141726,24.4389734],[54.5141888,24.4389879]]}},{"type":"Feature","properties":{"layer":"land","subtype":"physical","class":"cliff","name":""},"geometry":{"type":"LineString","coordinates":[[54.5145125,24.4388857],[54.5145024,24.4388791],[54.5144761,24.4388719],[54.5144553,24.4388734],[54.5144355,24.4388817],[54.5144201,24.4388955],[54.5144108,24.4389134],[54.5144087,24.4389348],[54.5144101,24.4389419],[54.5144203,24.4389613],[54.5144354,24.4389748]]}},{"type":"Feature","properties":{"layer":"land","subtype":"physical","class":"cliff","name":""},"geometry":{"type":"LineString","coordinates":[[54.5145811,24.4389382],[54.5145782,24.4389033],[54.5145694,24.4388821],[54.5145461,24.4388543],[54.5145238,24.4388397],[54.5144813,24.4388279],[54.514443,24.4388307],[54.5144079,24.4388454],[54.5143806,24.43887],[54.5143641,24.4389018],[54.5143606,24.4389367],[54.5143643,24.4389553],[54.5143809,24.4389869],[54.5144078,24.4390111]]}},{"type":"Feature","properties":{"layer":"land","subtype":"physical","class":"cliff","name":""},"geometry":{"type":"LineString","coordinates":[[54.5144078,24.4390111],[54.5144428,24.4390257],[54.5144648,24.4390289],[54.514503,24.4390247],[54.5145373,24.4390089],[54.5145607,24.4389872],[54.5145775,24.4389557],[54.5145811,24.4389382]]}},{"type":"Feature","properties":{"layer":"land","subtype":"physical","class":"cliff","name":""},"geometry":{"type":"LineString","coordinates":[[54.5143202,24.4393276],[54.5143685,24.439352],[54.5144275,24.4393178],[54.5144651,24.4393032],[54.5144705,24.4392812],[54.5144329,24.4392421],[54.5144785,24.4392348],[54.5145348,24.4391786],[54.5145509,24.4391957],[54.5145912,24.4392177],[54.5146207,24.4391835],[54.5146716,24.4392153],[54.5147279,24.4391713],[54.5147574,24.4391738],[54.5148084,24.4391542],[54.5147923,24.43912],[54.5147414,24.4391029],[54.514744,24.4390639],[54.5147199,24.4390517],[54.5146582,24.4390395],[54.5146207,24.4390053],[54.5146153,24.4389784],[54.5145811,24.4389382]]}},{"type":"Feature","properties":{"layer":"land","subtype":"physical","class":"cliff","name":""},"geometry":{"type":"LineString","coordinates":[[54.5171301,24.4392139],[54.5171145,24.4392669],[54.5169327,24.4392446],[54.5169059,24.4392226],[54.5166779,24.4391762],[54.5165572,24.4390981],[54.5163802,24.4389955],[54.5161924,24.4389491],[54.5160717,24.4390199],[54.5159779,24.4390565],[54.5159296,24.4390712],[54.515884,24.4390736],[54.5157847,24.4390443],[54.5156909,24.4389808],[54.5155246,24.4389149],[54.5153663,24.4389467],[54.5152483,24.4390102],[54.5153314,24.4390102],[54.5154521,24.4390126],[54.5155433,24.4390468],[54.5156882,24.43912],[54.5158196,24.4392446],[54.5159162,24.4393496],[54.5159564,24.4394082],[54.5158276,24.4393447],[54.5157257,24.4392836],[54.5152295,24.4393325],[54.5152563,24.4393374],[54.5153556,24.4393349],[54.5155058,24.4393081],[54.5156211,24.4393032],[54.5156935,24.4393227],[54.5157552,24.4393618],[54.5158035,24.4393984],[54.5159215,24.439457],[54.5160449,24.4395205],[54.5160932,24.4395767],[54.5160664,24.4396157],[54.5160208,24.4396743],[54.5159591,24.4397574],[54.5159376,24.4397818],[54.5158464,24.4397964]]}},{"type":"Feature","properties":{"layer":"land","subtype":"physical","class":"cliff","name":""},"geometry":{"type":"LineString","coordinates":[[54.5125607,24.4397134],[54.5125124,24.4397061],[54.5124776,24.4396914],[54.5124454,24.4396279],[54.5124159,24.439584],[54.5123891,24.4395376],[54.5124078,24.4395132],[54.5125554,24.4395205],[54.5127887,24.4395498],[54.5128611,24.4395767],[54.5130435,24.4395278],[54.5131401,24.4395376],[54.5131615,24.4395107],[54.5132205,24.4395034],[54.5132635,24.4395352],[54.5132581,24.4395938],[54.5132205,24.4396084]]}},{"type":"Feature","properties":{"layer":"land","subtype":"physical","class":"cliff","name":""},"geometry":{"type":"LineString","coordinates":[[54.5171145,24.4392669],[54.5148592,24.4403105],[54.5125112,24.4403202],[54.5113985,24.4396465],[54.510882,24.439089]]}},{"type":"Feature","properties":{"layer":"land","subtype":"physical","class":"cliff","name":""},"geometry":{"type":"LineString","coordinates":[[54.5142788,24.4396964],[54.5142512,24.4396887],[54.514229,24.4396904],[54.5142079,24.4396992],[54.5141916,24.4397139],[54.5141817,24.4397329],[54.5141795,24.4397554],[54.5141811,24.4397634],[54.5141918,24.4397839],[54.5142078,24.4397982]]}},{"type":"Feature","properties":{"layer":"land","subtype":"physical","class":"cliff","name":""},"geometry":{"type":"LineString","coordinates":[[54.5142078,24.4397982],[54.5142303,24.4398077],[54.5142403,24.4398091],[54.5142648,24.4398064],[54.5142858,24.4397968],[54.5142991,24.4397844],[54.5143102,24.4397635],[54.5143117,24.4397564],[54.5143097,24.4397325],[54.5143054,24.4397221],[54.5142899,24.4397036],[54.5142788,24.4396964]]}},{"type":"Feature","properties":{"layer":"land","subtype":"sand","class":"sand","name":""},"geometry":{"type":"Polygon","coordinates":[[[54.515221,24.443746],[54.5159076,24.4434262],[54.5159978,24.4433062],[54.5175565,24.4390908],[54.518055,24.4377633],[54.5180239,24.437668],[54.5179166,24.4376155],[54.517183,24.4373652],[54.514989,24.4366863],[54.515343,24.4356925],[54.5153028,24.4356534],[54.5152491,24.435629],[54.5151995,24.4356326],[54.5151553,24.4356632],[54.5151016,24.4358146],[54.5146702,24.4356864],[54.5140985,24.4355166],[54.5142594,24.4366009],[54.51471,24.4366961],[54.5153858,24.4372673],[54.5173217,24.439037],[54.5171853,24.4394307],[54.5161969,24.4399233],[54.5157368,24.4411853],[54.5157421,24.4412462],[54.5157225,24.4413062],[54.5156712,24.4413494],[54.5155605,24.4416304],[54.5156689,24.4422224],[54.515126,24.4436602],[54.5151298,24.4437289],[54.515165,24.4437571],[54.515221,24.443746]]]}},{"type":"Feature","properties":{"layer":"land","subtype":"physical","class":"cliff","name":""},"geometry":{"type":"LineString","coordinates":[[54.5130408,24.4399112],[54.5130489,24.4398477],[54.5130703,24.4397549],[54.5131213,24.4396939],[54.5132232,24.4396695],[54.5132956,24.4397012],[54.5132661,24.4397232],[54.5131964,24.4397598],[54.5131481,24.4398013],[54.5131535,24.439877],[54.5131293,24.4399405],[54.5130569,24.43996],[54.5130113,24.4399893],[54.5129872,24.4400528],[54.513065,24.4400528],[54.5130998,24.4400333],[54.5131454,24.4400162],[54.5131642,24.4400626],[54.5132044,24.4400577],[54.513242,24.4400162],[54.5132822,24.4400333],[54.5133117,24.4400577],[54.5133466,24.4400797],[54.5134351,24.4400113],[54.5134807,24.4400113],[54.5135451,24.4400186],[54.5135987,24.4400309],[54.5135585,24.4400528],[54.5135639,24.440131],[54.5135317,24.4401725],[54.5135558,24.4402213],[54.5136899,24.440131],[54.5138026,24.4400016],[54.5139581,24.440026],[54.5140118,24.4400113],[54.5140467,24.4400284],[54.5140923,24.4401188],[54.5141647,24.440109],[54.5141969,24.4401432],[54.5143202,24.4401163],[54.5144034,24.4402018],[54.5144758,24.4402482],[54.5145134,24.4402116],[54.5145912,24.4402653],[54.5146582,24.4402042],[54.5147709,24.4402873],[54.5148942,24.4402067],[54.5148433,24.4401334],[54.5148701,24.4401114],[54.5148621,24.4400577],[54.5148567,24.4400138],[54.5147467,24.4400016],[54.5146072,24.4399893],[54.5146367,24.4399234],[54.5147092,24.4398868],[54.5147494,24.4398428],[54.5146367,24.4397818],[54.5146823,24.4397476],[54.5147279,24.4396817],[54.5148138,24.439645],[54.5148647,24.4396084],[54.5148594,24.4395596],[54.5148755,24.4395327],[54.5149318,24.439457],[54.5149506,24.4393593],[54.5148835,24.4393667],[54.5148621,24.4394155],[54.514803,24.4394009],[54.5147735,24.4394302],[54.5147548,24.4394766],[54.5147682,24.4395278],[54.5147253,24.4395742],[54.5146877,24.4396011],[54.514626,24.4395986],[54.5145429,24.4395938],[54.5144705,24.4395596],[54.5145053,24.4395229],[54.5145697,24.439479],[54.5145429,24.4394546],[54.5145295,24.4394204],[54.5144839,24.4394253],[54.514449,24.4394472],[54.5143793,24.4394472],[54.5143015,24.4394692],[54.5142559,24.439435],[54.5141861,24.4394082],[54.5142103,24.439396],[54.5142586,24.4393838],[54.5142961,24.4393789],[54.5143229,24.4393764],[54.5143202,24.4393276]]}},{"type":"Feature","properties":{"layer":"land","subtype":"sand","class":"sand","name":""},"geometry":{"type":"Polygon","coordinates":[[[54.5242346,24.4409228],[54.5247389,24.4405907],[54.524299,24.440454],[54.5241113,24.4409033],[54.5242346,24.4409228]]]}},{"type":"Feature","properties":{"layer":"land","subtype":"wetland","class":"wetland","name":""},"geometry":{"type":"Polygon","coordinates":[[[54.5107189,24.4399805],[54.5109388,24.440171],[54.5111319,24.4403663],[54.5120388,24.4405688],[54.5116496,24.4401612],[54.5108479,24.4395578],[54.5107299,24.4397263],[54.5106628,24.4397605],[54.5106038,24.4397263],[54.5105204,24.4398413],[54.5107189,24.4399805]]]}},{"type":"Feature","properties":{"layer":"land","subtype":"physical","class":"cliff","name":""},"geometry":{"type":"LineString","coordinates":[[54.5118607,24.4398184],[54.5119331,24.439877],[54.5120672,24.4400016],[54.5120618,24.439921],[54.5120404,24.439838],[54.5120886,24.4397623],[54.5121423,24.4397085],[54.5122013,24.4396597],[54.5122657,24.4396548],[54.5121718,24.4397525],[54.5121825,24.4398526],[54.5121611,24.4399283],[54.5123032,24.4399747],[54.5123622,24.4400186],[54.512322,24.4401139],[54.5124186,24.440153],[54.5124615,24.440192],[54.5125205,24.4402116],[54.5126036,24.4401871],[54.5127672,24.4400943],[54.5128504,24.4400846],[54.5129067,24.4400846],[54.5129684,24.4400602],[54.5129872,24.4400528]]}},{"type":"Feature","properties":{"layer":"land","subtype":"sand","class":"sand","name":""},"geometry":{"type":"Polygon","coordinates":[[[54.4696386,24.4395904],[54.4696235,24.4395628],[54.4695994,24.439541],[54.4695688,24.4395276],[54.4695351,24.4395239],[54.4695019,24.4395303],[54.4694727,24.4395462],[54.4694508,24.4395698],[54.4694385,24.4395986],[54.4694371,24.4396295],[54.4694468,24.4396593],[54.4694668,24.4396846],[54.4694946,24.4397026],[54.4695274,24.4397114],[54.4695616,24.4397099],[54.4695933,24.4396984],[54.4696192,24.4396781],[54.4696363,24.4396514],[54.469643,24.4396211],[54.4696386,24.4395904]]]}},{"type":"Feature","properties":{"layer":"land","subtype":"land","class":"land","name":""},"geometry":{"type":"Polygon","coordinates":[[[54.4701341,24.4356182],[54.4700376,24.4355645],[54.4699866,24.4355059],[54.4698954,24.4351567],[54.469882,24.4351347],[54.4698578,24.4351176],[54.4698203,24.4351225],[54.4698096,24.4351494],[54.4698096,24.4351933],[54.4698874,24.4355621],[54.4699034,24.4355987],[54.4698981,24.4356671],[54.4691775,24.4369583],[54.4689549,24.4370364],[54.4689442,24.4370608],[54.4689576,24.4370877],[54.4689951,24.4370926],[54.4690917,24.4370657],[54.469258,24.4372122],[54.4697381,24.4375566],[54.4698266,24.4376786],[54.4698615,24.4377836],[54.4698266,24.4379668],[54.4695396,24.4389094],[54.469476,24.439003],[54.4693197,24.4390583],[54.4692105,24.4391031],[54.4691327,24.4391617],[54.46907,24.4392588],[54.4690065,24.4393637],[54.4689748,24.4394603],[54.4689643,24.4395606],[54.4689755,24.439662],[54.4690084,24.4397595],[54.4690842,24.4398775],[54.4691646,24.439954],[54.4693224,24.4400405],[54.4693728,24.4400537],[54.4694302,24.4400688],[54.469542,24.4400773],[54.4697131,24.4400507],[54.469835,24.4399983],[54.4699347,24.439948],[54.470101,24.4398259],[54.4701976,24.4396965],[54.4702083,24.4396086],[54.4701359,24.4395573],[54.4700715,24.4394108],[54.4700125,24.4393327],[54.4699132,24.4392472],[54.4698086,24.4391642],[54.4697201,24.4390704],[54.4700358,24.4379985],[54.4701083,24.4379448],[54.4702102,24.4379228],[54.470296,24.4379546],[54.4704811,24.4380596],[54.4708555,24.4382993],[54.4714388,24.4386531],[54.4717143,24.4388284],[54.4723425,24.4392512],[54.4724417,24.439471],[54.4715003,24.4421009],[54.4714467,24.4421375],[54.471385,24.4422645],[54.4703389,24.4422474],[54.4703094,24.4422718],[54.4702987,24.442682],[54.4703443,24.4426967],[54.4712777,24.4427187],[54.4713823,24.4427528],[54.4716559,24.442787],[54.4717364,24.4423597],[54.4717203,24.4422767],[54.471674,24.4422285],[54.4717162,24.4421017],[54.4728414,24.4395027],[54.4728736,24.4394661],[54.4729138,24.439471],[54.4733296,24.4397347],[54.4733993,24.4397347],[54.4734396,24.439703],[54.473453,24.4396419],[54.4734182,24.4395735],[54.4737561,24.4382598],[54.4741369,24.4368826],[54.4741879,24.4367727],[54.4743035,24.4366806],[54.4746251,24.4362526],[54.4746492,24.4362037],[54.47466,24.4361451],[54.47466,24.4360914],[54.4746439,24.4360279],[54.4746144,24.4359937],[54.4722136,24.4343563],[54.4720562,24.4342691],[54.471906,24.4342129],[54.4717585,24.4341128],[54.4717102,24.4340957],[54.4716485,24.4341006],[54.4715922,24.4341226],[54.4715658,24.4341524],[54.4715439,24.4341958],[54.4714929,24.4342544],[54.4714639,24.4342794],[54.471424,24.4343004],[54.4713874,24.4343087],[54.4713445,24.4343087],[54.4713136,24.4343026],[54.4712837,24.4342917],[54.4712707,24.4342709],[54.471256,24.4342489],[54.4712249,24.4342357],[54.4711794,24.4342357],[54.47115,24.4342576],[54.471142,24.4342855],[54.471138,24.4343637],[54.4711286,24.4344467],[54.4711031,24.4344968],[54.471079,24.4345297],[54.4710132,24.4345566],[54.4709713,24.4345495],[54.470923,24.4345105],[54.4708855,24.434508],[54.4708184,24.4345642],[54.4708506,24.434635],[54.470861,24.4347098],[54.4708557,24.4347765],[54.4708369,24.4348253],[54.4708154,24.4348661],[54.4707171,24.4349022],[54.4701341,24.4356182]]]}},{"type":"Feature","properties":{"layer":"land","subtype":"sand","class":"sand","name":""},"geometry":{"type":"Polygon","coordinates":[[[54.4715788,24.4353294],[54.4703704,24.4367371],[54.4706314,24.4369086],[54.4710602,24.4371869],[54.4710857,24.4372211],[54.4710951,24.4372589],[54.4710937,24.4372979],[54.4710803,24.4373381],[54.4706933,24.4378137],[54.4706558,24.4378332],[54.4706036,24.4378466],[54.4705473,24.4378478],[54.4705071,24.4378368],[54.4701656,24.4376259],[54.4701174,24.4376125],[54.4700746,24.4376186],[54.4700304,24.4376381],[54.4700022,24.4376808],[54.4695064,24.439349],[54.469539,24.4394876],[54.4695708,24.4394901],[54.4696143,24.4395077],[54.4696491,24.4395372],[54.4696714,24.4395754],[54.4696788,24.4396182],[54.4696706,24.4396609],[54.4696475,24.4396987],[54.4696121,24.4397277],[54.4695688,24.4397444],[54.469514,24.4397467],[54.4694237,24.4399053],[54.4693728,24.4400537],[54.4694302,24.4400688],[54.469542,24.4400773],[54.4697131,24.4400507],[54.469835,24.4399983],[54.4699347,24.439948],[54.470101,24.4398259],[54.4701976,24.4396965],[54.4702083,24.4396086],[54.4701359,24.4395573],[54.4700715,24.4394108],[54.4700125,24.4393327],[54.4699132,24.4392472],[54.4698086,24.4391642],[54.4697201,24.4390704],[54.4700358,24.4379985],[54.4701083,24.4379448],[54.4702102,24.4379228],[54.470296,24.4379546],[54.4704811,24.4380596],[54.4708555,24.4382993],[54.4714388,24.4386531],[54.4717143,24.4388284],[54.4723425,24.4392512],[54.4724417,24.439471],[54.4715003,24.4421009],[54.4714467,24.4421375],[54.471385,24.4422645],[54.4703389,24.4422474],[54.4703094,24.4422718],[54.4702987,24.442682],[54.4703443,24.4426967],[54.4712777,24.4427187],[54.4713823,24.4427528],[54.4716559,24.442787],[54.4717364,24.4423597],[54.4717203,24.4422767],[54.471674,24.4422285],[54.4717162,24.4421017],[54.4728414,24.4395027],[54.4728736,24.4394661],[54.4729138,24.439471],[54.4733296,24.4397347],[54.4733993,24.4397347],[54.4734396,24.439703],[54.473453,24.4396419],[54.4734182,24.4395735],[54.4737561,24.4382598],[54.4741369,24.4368826],[54.4741879,24.4367727],[54.4743035,24.4366806],[54.4746251,24.4362526],[54.4746492,24.4362037],[54.47466,24.4361451],[54.47466,24.4360914],[54.4746439,24.4360279],[54.4746144,24.4359937],[54.4722136,24.4343563],[54.4720562,24.4342691],[54.471906,24.4342129],[54.4717585,24.4341128],[54.4717102,24.4340957],[54.4716485,24.4341006],[54.4715922,24.4341226],[54.4715658,24.4341524],[54.4715439,24.4341958],[54.4714929,24.4342544],[54.4714639,24.4342794],[54.471424,24.4343004],[54.4713874,24.4343087],[54.4713445,24.4343087],[54.4713136,24.4343026],[54.4712837,24.4342917],[54.4712707,24.4342709],[54.471256,24.4342489],[54.4712249,24.4342357],[54.4711794,24.4342357],[54.47115,24.4342576],[54.471142,24.4342855],[54.471138,24.4343637],[54.4711286,24.4344467],[54.4711031,24.4344968],[54.471079,24.4345297],[54.4710132,24.4345566],[54.4709713,24.4345495],[54.470923,24.4345105],[54.4708855,24.434508],[54.4708398,24.4345008],[54.4710018,24.4347037],[54.4712998,24.4349635],[54.4715103,24.4351406],[54.4715677,24.435198],[54.4717203,24.4352998],[54.4715788,24.4353294]]]}},{"type":"Feature","properties":{"layer":"land","subtype":"tree","class":"tree_row","name":""},"geometry":{"type":"LineString","coordinates":[[54.4727556,24.4379233],[54.4725075,24.4389342],[54.4734181,24.4391467],[54.4736568,24.4382688],[54.4732987,24.4381846]]}},{"type":"Feature","properties":{"layer":"land","subtype":"physical","class":"cliff","name":""},"geometry":{"type":"LineString","coordinates":[[54.5125384,24.4393504],[54.5125344,24.4394048],[54.5125088,24.4394564],[54.5124668,24.4394953],[54.5124061,24.4395202],[54.5123463,24.4395231],[54.512289,24.4395073],[54.5122411,24.4394746],[54.5122107,24.4394338]]}},{"type":"Feature","properties":{"layer":"land","subtype":"physical","class":"cliff","name":""},"geometry":{"type":"LineString","coordinates":[[54.5124764,24.4393514],[54.5124735,24.4393903],[54.5124543,24.4394292],[54.5124232,24.4394579],[54.5123771,24.4394768],[54.5123327,24.4394791],[54.5122898,24.4394672],[54.5122537,24.4394425],[54.5122313,24.4394125]]}},{"type":"Feature","properties":{"layer":"land","subtype":"physical","class":"cliff","name":""},"geometry":{"type":"LineString","coordinates":[[54.5124527,24.4393522],[54.5124504,24.4393827],[54.5124347,24.4394146],[54.5124096,24.4394377],[54.5123714,24.4394534],[54.5123356,24.4394552],[54.5123006,24.4394455],[54.5122708,24.4394252],[54.5122529,24.4394011]]}},{"type":"Feature","properties":{"layer":"land","subtype":"physical","class":"cliff","name":""},"geometry":{"type":"LineString","coordinates":[[54.5123526,24.4393654],[54.5123445,24.4393729],[54.5123287,24.4393794],[54.5123168,24.43938],[54.512304,24.4393765],[54.5122924,24.4393686],[54.5122869,24.4393611]]}},{"type":"Feature","properties":{"layer":"land","subtype":"physical","class":"cliff","name":""},"geometry":{"type":"LineString","coordinates":[[54.5124135,24.4393516],[54.5124121,24.4393709],[54.5124008,24.4393936],[54.5123837,24.4394094],[54.512356,24.4394208],[54.5123313,24.439422],[54.5123066,24.4394152],[54.5122854,24.4394007],[54.5122732,24.4393844]]}},{"type":"Feature","properties":{"layer":"land","subtype":"physical","class":"cliff","name":""},"geometry":{"type":"LineString","coordinates":[[54.5122869,24.4393611],[54.5122834,24.4393495],[54.5122852,24.4393341],[54.5122907,24.4393243],[54.5123012,24.4393143],[54.5123059,24.4393122],[54.5123195,24.4393104],[54.5123344,24.4393121],[54.5123418,24.4393154],[54.5123485,24.4393214],[54.5123591,24.4393467],[54.5123586,24.4393532],[54.5123526,24.4393654]]}},{"type":"Feature","properties":{"layer":"land","subtype":"physical","class":"cliff","name":""},"geometry":{"type":"LineString","coordinates":[[54.5122529,24.4394011],[54.5122434,24.439369],[54.5122477,24.4393314],[54.512264,24.4393023],[54.5122929,24.4392778],[54.5123046,24.4392721],[54.5123431,24.4392642],[54.5123802,24.4392685],[54.5124071,24.4392803],[54.5124318,24.4393023],[54.5124527,24.4393522]]}},{"type":"Feature","properties":{"layer":"land","subtype":"physical","class":"cliff","name":""},"geometry":{"type":"LineString","coordinates":[[54.5122732,24.4393844],[54.5122666,24.4393618],[54.5122697,24.4393346],[54.5122809,24.4393145],[54.5123028,24.4392959],[54.5123073,24.4392937],[54.5123366,24.4392877],[54.5123633,24.4392908],[54.5123811,24.4392986],[54.5123974,24.4393132],[54.5124135,24.4393516]]}},{"type":"Feature","properties":{"layer":"land","subtype":"physical","class":"cliff","name":""},"geometry":{"type":"LineString","coordinates":[[54.5122107,24.4394338],[54.5121952,24.4393812],[54.512202,24.4393214],[54.5122292,24.4392728],[54.512273,24.4392356],[54.5123002,24.4392225],[54.5123587,24.4392105],[54.5124181,24.4392174],[54.5124643,24.4392377],[54.5125071,24.4392759],[54.5125384,24.4393504]]}},{"type":"Feature","properties":{"layer":"land","subtype":"physical","class":"cliff","name":""},"geometry":{"type":"LineString","coordinates":[[54.5122313,24.4394125],[54.5122197,24.4393731],[54.5122249,24.4393277],[54.5122451,24.4392917],[54.5122792,24.4392627],[54.5122964,24.4392544],[54.512342,24.439245],[54.512387,24.4392502],[54.5124207,24.4392651],[54.5124518,24.4392928],[54.5124764,24.4393514]]}},{"type":"Feature","properties":{"layer":"land","subtype":"land","class":"island","name":"جزيرة ساس النخل"},"geometry":{"type":"Point","coordinates":[54.5083235,24.4383983]}},{"type":"Feature","properties":{"layer":"land","subtype":"physical","class":"cliff","name":""},"geometry":{"type":"LineString","coordinates":[[54.510882,24.439089],[54.5105914,24.4385599],[54.5104219,24.4382512],[54.5102076,24.437861]]}},{"type":"Feature","properties":{"layer":"land","subtype":"physical","class":"cliff","name":""},"geometry":{"type":"MultiLineString","coordinates":[[[54.5116702,24.4364559],[54.5117158,24.4365096],[54.5117212,24.4365414],[54.5117856,24.4365658],[54.5118473,24.4366024],[54.5117614,24.4366268],[54.5117829,24.4366855],[54.5118473,24.4367099],[54.5118177,24.4367685],[54.5117561,24.4368393],[54.5117024,24.4368759],[54.5116246,24.4369077],[54.5116032,24.4369712],[54.5116729,24.4370078],[54.5116541,24.4370469],[54.5115871,24.4370615],[54.5115656,24.4371128],[54.5115951,24.4371836],[54.5115415,24.4372373],[54.5114583,24.4372447],[54.5113779,24.4372642],[54.5113242,24.4372935],[54.5112572,24.4372837],[54.5111955,24.4373252],[54.5112062,24.4373765],[54.5111231,24.4374034],[54.5111552,24.4374571],[54.5110748,24.4374058],[54.5109943,24.4374302],[54.5109943,24.4375328],[54.5110345,24.4375987],[54.5111016,24.4376109],[54.5110319,24.4376451],[54.5109621,24.4376036],[54.5109219,24.4375645],[54.5108548,24.4375572],[54.5108361,24.4375206],[54.5107744,24.4375352],[54.5106993,24.4375621],[54.5106081,24.4375841],[54.5105303,24.4375499],[54.510482,24.437523],[54.5104337,24.4375865],[54.5104203,24.4376573],[54.5103425,24.437672],[54.5103211,24.437755],[54.5103345,24.4378209],[54.5103962,24.4378429],[54.5104445,24.4378869],[54.5105061,24.4378844],[54.5105437,24.4378991],[54.5105517,24.4378527],[54.5106295,24.4378991],[54.510659,24.4379601],[54.5107234,24.4379772],[54.5107905,24.4380187],[54.5107315,24.4381457],[54.5106242,24.4381799],[54.5105812,24.4381823],[54.5106295,24.4383118],[54.5106832,24.4383655],[54.5106617,24.4384046],[54.510761,24.438451],[54.5108066,24.4384021],[54.5108602,24.4384851],[54.5108924,24.438429],[54.5109514,24.4384265],[54.5109997,24.4384656],[54.5110935,24.4384119],[54.5111418,24.4384241],[54.5111284,24.4384876],[54.5111955,24.4385291],[54.5112572,24.4385242],[54.5112652,24.4385804],[54.511284,24.4386243],[54.5113537,24.4386146],[54.5113537,24.4386658]],[[54.5113537,24.4386658],[54.5113537,24.4386732],[54.5112813,24.4388172],[54.5113028,24.4388417],[54.5112759,24.4388807],[54.5112303,24.4388783],[54.5112062,24.4389076],[54.5112733,24.4389271],[54.5112652,24.4389931],[54.5112035,24.4389931],[54.5112438,24.4390517],[54.5113269,24.439081],[54.5113591,24.4390614],[54.5113752,24.4390175],[54.5113886,24.4389711],[54.5113832,24.4389247],[54.511394,24.4388636],[54.5114154,24.4387953],[54.5114556,24.4387269],[54.5115039,24.4387098],[54.5115978,24.4387147],[54.5116273,24.4387586],[54.51163,24.4388172],[54.511681,24.4388856],[54.5117158,24.4389686],[54.5117239,24.4390224],[54.511697,24.4390761],[54.5117507,24.4391152],[54.5118043,24.4391127],[54.5118017,24.4392177],[54.5118285,24.4393105],[54.5118177,24.4393471],[54.5118553,24.4394082],[54.5118794,24.4394839],[54.5117882,24.4394741],[54.511697,24.4394888],[54.5117185,24.4395547],[54.5117453,24.4396377],[54.5117373,24.4397281],[54.5118607,24.4398184],[54.5118017,24.439877],[54.5117105,24.4398282],[54.5116219,24.4397549],[54.5116032,24.4397232],[54.5115495,24.4396817],[54.511512,24.4396084],[54.5114932,24.4395352],[54.5114852,24.4394814],[54.5114261,24.4394839],[54.5114047,24.439435],[54.511343,24.439435],[54.5112813,24.4393862],[54.5112491,24.4393252],[54.5112464,24.4392739],[54.5114905,24.4391493],[54.5111928,24.4392739],[54.5111472,24.4392519],[54.5110935,24.4392177],[54.511064,24.4391738],[54.5110453,24.43912],[54.5110748,24.4390541],[54.5110345,24.439037],[54.5109648,24.439037],[54.510879,24.4389857],[54.5108307,24.4389052],[54.5108066,24.4388368],[54.510777,24.4387733],[54.5108495,24.4387147],[54.5108843,24.4386732],[54.5109407,24.4386439],[54.5110211,24.4386365],[54.5111123,24.4386707],[54.5111847,24.4387122],[54.5112277,24.4387245],[54.5112947,24.4387098],[54.5113537,24.4386658]]]}},{"type":"Feature","properties":{"layer":"land","subtype":"physical","class":"cliff","name":""},"geometry":{"type":"LineString","coordinates":[[54.5111016,24.4376109],[54.5111982,24.4375938],[54.5112733,24.4376036],[54.511351,24.4376402],[54.5114181,24.4376866],[54.5114476,24.4377013],[54.5116246,24.4376427],[54.511748,24.4375987],[54.5118017,24.4375621],[54.5117587,24.4375035],[54.5117936,24.437462],[54.5118687,24.4374424],[54.5119358,24.4374913],[54.5119277,24.4375523],[54.5118607,24.4375597],[54.5119384,24.4375865],[54.5119384,24.4376598],[54.5119975,24.437733],[54.5119653,24.4376158],[54.512035,24.4375401],[54.5121664,24.4374986],[54.5123676,24.4374473],[54.5124373,24.4373838],[54.5124883,24.4373497]]}},{"type":"Feature","properties":{"layer":"land","subtype":"physical","class":"cliff","name":""},"geometry":{"type":"LineString","coordinates":[[54.5114101,24.4371079],[54.5113859,24.4371494],[54.5113671,24.4371738]]}},{"type":"Feature","properties":{"layer":"land","subtype":"tree","class":"tree_row","name":""},"geometry":{"type":"LineString","coordinates":[[54.4728749,24.4379563],[54.4728454,24.4380772],[54.4728629,24.4381003],[54.472942,24.4381187]]}},{"type":"Feature","properties":{"layer":"land","subtype":"sand","class":"sand","name":""},"geometry":{"type":"Polygon","coordinates":[[[54.4694237,24.4399053],[54.469514,24.4397467],[54.4694764,24.4397368],[54.4694371,24.4397132],[54.4694082,24.4396794],[54.4693929,24.439639],[54.4693928,24.4395956],[54.4694082,24.4395547],[54.4694374,24.4395205],[54.4694773,24.4394969],[54.4695234,24.4394863],[54.469539,24.4394876],[54.4695064,24.439349],[54.4700022,24.4376808],[54.4700304,24.4376381],[54.4700746,24.4376186],[54.4701174,24.4376125],[54.4701656,24.4376259],[54.4705071,24.4378368],[54.4705473,24.4378478],[54.4706036,24.4378466],[54.4706558,24.4378332],[54.4706933,24.4378137],[54.4710803,24.4373381],[54.4710937,24.4372979],[54.4710951,24.4372589],[54.4710857,24.4372211],[54.4710602,24.4371869],[54.4706314,24.4369086],[54.4705908,24.436959],[54.4707933,24.4370908],[54.4703387,24.4376793],[54.4696856,24.4372532],[54.4694254,24.4370936],[54.4694388,24.4370689],[54.4693608,24.43702],[54.4694282,24.4369309],[54.4694146,24.4369246],[54.4695661,24.4367329],[54.4695524,24.4367238],[54.4695883,24.4366793],[54.4696091,24.436672],[54.4697875,24.4364364],[54.4698683,24.4364091],[54.47018,24.4366125],[54.4703704,24.4367371],[54.4715788,24.4353294],[54.4717203,24.4352998],[54.4715677,24.435198],[54.4715103,24.4351406],[54.4712998,24.4349635],[54.4710195,24.4346937],[54.4708398,24.4345008],[54.4708184,24.4345642],[54.4708506,24.434635],[54.470861,24.4347098],[54.4708557,24.4347765],[54.4708369,24.4348253],[54.4708154,24.4348661],[54.4707171,24.4349022],[54.4701341,24.4356182],[54.4702067,24.4356574],[54.4701543,24.4357223],[54.4699034,24.4355987],[54.4698981,24.4356671],[54.4691775,24.4369583],[54.4692062,24.4370287],[54.4690917,24.4370657],[54.469258,24.4372122],[54.4697381,24.4375566],[54.4698266,24.4376786],[54.4698615,24.4377836],[54.4698266,24.4379668],[54.4695396,24.4389094],[54.469476,24.439003],[54.4693197,24.4390583],[54.4692105,24.4391031],[54.4691327,24.4391617],[54.46907,24.4392588],[54.4690065,24.4393637],[54.4689748,24.4394603],[54.4689643,24.4395606],[54.4689755,24.439662],[54.4690084,24.4397595],[54.4690842,24.4398775],[54.4691646,24.439954],[54.4693224,24.4400405],[54.4693728,24.4400537],[54.4694237,24.4399053]]]}},{"type":"Feature","properties":{"layer":"land","subtype":"tree","class":"tree_row","name":""},"geometry":{"type":"LineString","coordinates":[[54.4696212,24.4366757],[54.4697955,24.436451],[54.4707759,24.437092],[54.470332,24.4376708]]}},{"type":"Feature","properties":{"layer":"land","subtype":"rock","class":"bare_rock","name":""},"geometry":{"type":"Polygon","coordinates":[[[54.4681444,24.4363086],[54.4680829,24.4364572],[54.468,24.436701825141],[54.468,24.437013144605356],[54.468116,24.4369147],[54.4682273,24.436839],[54.4683722,24.436751],[54.4684365,24.4366876],[54.4684446,24.4366637],[54.4684352,24.4366204],[54.4681683,24.4364702],[54.4681817,24.4363646],[54.4681811,24.4362798],[54.4681304,24.4361219],[54.46811,24.4360868],[54.4681073,24.4360618],[54.4680504,24.436044],[54.468,24.436036896142436],[54.468,24.436105154540066],[54.4681444,24.4363086]]]}},{"type":"Feature","properties":{"layer":"land","subtype":"sand","class":"sand","name":""},"geometry":{"type":"Polygon","coordinates":[[[54.4680829,24.4364572],[54.468,24.436371683670057],[54.468,24.436701825141],[54.4680829,24.4364572]]]}},{"type":"Feature","properties":{"layer":"land","subtype":"physical","class":"cliff","name":""},"geometry":{"type":"LineString","coordinates":[[54.5113671,24.4371738],[54.5113028,24.4371714],[54.5112625,24.437125],[54.5112759,24.4370884],[54.5113269,24.4370786],[54.5113484,24.437064],[54.5113403,24.4370127],[54.5113269,24.4369931],[54.5113054,24.4369834],[54.5112733,24.4369883],[54.5112303,24.4369712],[54.5112223,24.4369443],[54.5112572,24.4369077],[54.5112867,24.4368808],[54.5113296,24.4369052],[54.5113564,24.4369516],[54.5113966,24.4369956],[54.5114261,24.4370493],[54.5114101,24.4371079]]}},{"type":"Feature","properties":{"layer":"land","subtype":"physical","class":"cliff","name":""},"geometry":{"type":"LineString","coordinates":[[54.5120109,24.4362874],[54.5116702,24.4364559]]}},{"type":"Feature","properties":{"layer":"land","subtype":"sand","class":"sand","name":""},"geometry":{"type":"Polygon","coordinates":[[[54.5172943,24.4370368],[54.5173037,24.4370966],[54.5173533,24.4371344],[54.5180212,24.4373371],[54.5181057,24.4373444],[54.5181701,24.4373334],[54.5182229,24.4372954],[54.5191163,24.434879],[54.5191129,24.4348427],[54.5191048,24.4348182],[54.5190793,24.4347743],[54.5187158,24.4346711],[54.5186622,24.4348248],[54.5182532,24.4347108],[54.518131,24.4347735],[54.5172943,24.4370368]]]}},{"type":"Feature","properties":{"layer":"land","subtype":"sand","class":"sand","name":""},"geometry":{"type":"Polygon","coordinates":[[[54.5200789,24.4363855],[54.5202559,24.4359264],[54.5202398,24.4358775],[54.5202157,24.4358482],[54.5201808,24.4358214],[54.5196068,24.4357799],[54.5195612,24.4357823],[54.5195291,24.4358067],[54.519395,24.4361779],[54.5200789,24.4363855]]]}},{"type":"Feature","properties":{"layer":"land","subtype":"sand","class":"sand","name":""},"geometry":{"type":"Polygon","coordinates":[[[54.5266993,24.436203],[54.5268388,24.4364569],[54.5268764,24.4364789],[54.5269461,24.436474],[54.5275228,24.4362078],[54.5275335,24.4361712],[54.5275218,24.4361507],[54.5272903,24.4362569],[54.527141,24.4359871],[54.5273887,24.4358709],[54.5273618,24.4358367],[54.5270132,24.4357243],[54.5265304,24.4359319],[54.5265008,24.4359832],[54.5265008,24.4360418],[54.526584,24.436181],[54.5266993,24.436203]]]}},{"type":"Feature","properties":{"layer":"land","subtype":"sand","class":"sand","name":""},"geometry":{"type":"Polygon","coordinates":[[[54.5285456,24.4364286],[54.5285887,24.4364617],[54.5286415,24.4364793],[54.5286978,24.4364795],[54.5287508,24.4364621],[54.5288035,24.4364179],[54.5288269,24.4363713],[54.5288315,24.4363202],[54.5288165,24.4362708],[54.5287989,24.4362444],[54.5287574,24.4362097],[54.5287055,24.43619],[54.5286492,24.4361877],[54.5285762,24.4362137],[54.5285366,24.4362502],[54.5285132,24.4362968],[54.5285087,24.4363479],[54.5285236,24.4363973],[54.5285456,24.4364286]]]}},{"type":"Feature","properties":{"layer":"land","subtype":"physical","class":"cliff","name":""},"geometry":{"type":"LineString","coordinates":[[54.5145461,24.4388543],[54.5145831,24.4388588],[54.5145885,24.4388368],[54.5145509,24.4388099],[54.514516,24.4388124],[54.5144624,24.4387806],[54.5144249,24.4387391],[54.5144383,24.4386707],[54.5144678,24.4386121],[54.5145134,24.4385779],[54.514567,24.4385535],[54.5145965,24.4385242],[54.5146341,24.4384876],[54.5146341,24.4384534],[54.5146153,24.4384265],[54.5145858,24.4384168],[54.5145456,24.438407],[54.5145429,24.4383728],[54.5144973,24.4383679],[54.5144597,24.4383875],[54.5144275,24.4383484],[54.5144302,24.4383118],[54.5144624,24.4382458],[54.5144302,24.4382434],[54.5144007,24.4382654],[54.5143176,24.4382458],[54.5142639,24.4382165],[54.5142505,24.4381799],[54.5142076,24.4381677],[54.5141727,24.4381604],[54.5141593,24.4381311],[54.5141513,24.4381067],[54.5140896,24.4380871],[54.5140788,24.4380432],[54.5140949,24.4380041],[54.5141244,24.4379577],[54.5140949,24.4379259],[54.5140654,24.4378918],[54.5140145,24.4378722],[54.5139421,24.4378966],[54.5139474,24.4379333],[54.5138857,24.4379137],[54.5138455,24.4379162],[54.5138214,24.4379553],[54.513765,24.437965],[54.5137409,24.4379284],[54.5137758,24.4378844],[54.5138079,24.4378429],[54.5137972,24.4378112],[54.5138401,24.4377794],[54.513816,24.4377526],[54.5137784,24.4377404],[54.5137302,24.4377111],[54.513706,24.437672],[54.5136792,24.4376427],[54.5136765,24.4375987],[54.5136899,24.4375426],[54.5136899,24.4375181],[54.5136148,24.4375377],[54.5135773,24.4375987],[54.5135719,24.4376573],[54.5135344,24.4376476],[54.5135102,24.4376109],[54.5135022,24.4375645],[54.5134754,24.4375377],[54.5134432,24.4375499],[54.5134351,24.4375181],[54.5134244,24.437484],[54.5134137,24.4374473],[54.5134539,24.4374107],[54.5134512,24.4373912],[54.5134351,24.4373545],[54.5134673,24.4373252],[54.5135263,24.4373057],[54.5135558,24.4372984],[54.5135478,24.4372642],[54.5135263,24.4372349],[54.5135022,24.4372642],[54.5134646,24.4372837],[54.5134163,24.4373008],[54.5133949,24.4373326],[54.5133707,24.4372959],[54.5133895,24.4372422],[54.5133627,24.4372129],[54.5133278,24.4372666],[54.513293,24.4372886],[54.513242,24.4372569],[54.5132071,24.4372715],[54.5131991,24.4373057],[54.5132125,24.4373374],[54.5131642,24.4373497],[54.5131293,24.4373179],[54.5131025,24.437335],[54.5131267,24.4373643],[54.5130784,24.4373692],[54.5130489,24.437335],[54.5130516,24.4372788],[54.5131079,24.43723],[54.5131133,24.4372007],[54.513124,24.4371714],[54.5130864,24.4371519],[54.5130355,24.4371152],[54.513014,24.437081],[54.5130086,24.4370517],[54.5129926,24.4370151],[54.5129845,24.4370005],[54.5129496,24.436998],[54.5129094,24.4370688],[54.5128879,24.4371323],[54.5128316,24.4371445],[54.5128075,24.4371616],[54.5128316,24.4372447],[54.5128665,24.4372984],[54.5129014,24.4373155],[54.5129362,24.4373326],[54.5129014,24.4373423],[54.5128531,24.4373448],[54.5128209,24.4373179],[54.512786,24.4372666],[54.5127512,24.4372324],[54.5127887,24.4373179],[54.5127914,24.4373619],[54.5127377,24.4373814],[54.5127056,24.4373326],[54.5126761,24.4372788],[54.5126573,24.4372422],[54.5125607,24.4373497],[54.5125044,24.4373668],[54.5124883,24.4373497],[54.5125393,24.4372788],[54.5126063,24.4372495],[54.512609,24.4372178],[54.5126117,24.4371885],[54.5126063,24.4371616],[54.5126814,24.4371226],[54.5127082,24.4370884],[54.5127404,24.4370102],[54.512727,24.4369834],[54.5127699,24.4369565],[54.5128182,24.4369126],[54.512845,24.4368808],[54.5128397,24.4368417],[54.5128075,24.4368051],[54.5127485,24.4368124],[54.512727,24.4367929],[54.512778,24.4367441],[54.512837,24.4367099],[54.5128745,24.4366806],[54.5128504,24.4366391],[54.5127887,24.4366537],[54.5127538,24.4366268],[54.5126761,24.4365951],[54.5126761,24.4365658],[54.5126439,24.4365829],[54.5125902,24.4365487],[54.5125741,24.436495],[54.5125527,24.4364559],[54.5124856,24.436495],[54.5124427,24.4364925],[54.5124373,24.4364535],[54.5123837,24.436412],[54.5122791,24.4364144],[54.5122147,24.4364315],[54.5121503,24.4364388],[54.5121262,24.43639],[54.5121074,24.436346],[54.5120699,24.436324],[54.5120109,24.4362874]]}},{"type":"Feature","properties":{"layer":"land","subtype":"physical","class":"cliff","name":""},"geometry":{"type":"LineString","coordinates":[[54.5149452,24.43765],[54.5148835,24.4376915],[54.5148567,24.4377159]]}},{"type":"Feature","properties":{"layer":"land","subtype":"physical","class":"cliff","name":""},"geometry":{"type":"MultiLineString","coordinates":[[[54.5102076,24.437861],[54.5108898,24.4368402],[54.5120356,24.4362752],[54.5145902,24.4368141]],[[54.5145902,24.4368141],[54.5171301,24.4392139],[54.5168764,24.4390028],[54.5165921,24.4388172],[54.5163051,24.4385877],[54.5160234,24.4383606],[54.5158303,24.4381457],[54.5157525,24.4383289],[54.5156158,24.4383044],[54.5155165,24.4381701],[54.51542,24.4381115],[54.5153609,24.4380944],[54.5152778,24.4381115],[54.5152242,24.4381994],[54.5152644,24.4380163],[54.5152295,24.4379333],[54.515141,24.4378258],[54.5150686,24.4377306],[54.5149452,24.43765],[54.5147709,24.437694],[54.5146823,24.4376525],[54.5146394,24.4375914],[54.5145616,24.4375352],[54.5145321,24.4374278],[54.5145241,24.4373374],[54.5145402,24.4372105],[54.5145831,24.4371519],[54.5146341,24.4371079],[54.5146582,24.4370786],[54.5146528,24.4370469],[54.514626,24.4370273],[54.5145643,24.4370322],[54.5145509,24.4370591],[54.5145643,24.436998],[54.5145992,24.4369614],[54.5146099,24.436915],[54.5145902,24.4368141]]]}},{"type":"Feature","properties":{"layer":"land","subtype":"physical","class":"cliff","name":""},"geometry":{"type":"LineString","coordinates":[[54.5130144,24.4377346],[54.5130428,24.437751],[54.5130552,24.4377635],[54.5130702,24.4377909],[54.5130741,24.4378213],[54.5130715,24.437837],[54.5130579,24.4378651],[54.5130224,24.4378941]]}},{"type":"Feature","properties":{"layer":"land","subtype":"physical","class":"cliff","name":""},"geometry":{"type":"LineString","coordinates":[[54.5130224,24.4378941],[54.5129904,24.4379034],[54.5129568,24.4379021],[54.5129257,24.4378905],[54.5129117,24.4378807],[54.5128914,24.4378563],[54.5128823,24.437832],[54.512882,24.4378014],[54.5128933,24.4377726],[54.5129122,24.437751],[54.5129406,24.4377346],[54.5129816,24.437728],[54.5130144,24.4377346]]}},{"type":"Feature","properties":{"layer":"land","subtype":"physical","class":"cliff","name":""},"geometry":{"type":"LineString","coordinates":[[54.5148728,24.437799],[54.5148996,24.4378234],[54.5148482,24.4378625]]}},{"type":"Feature","properties":{"layer":"land","subtype":"physical","class":"cliff","name":""},"geometry":{"type":"LineString","coordinates":[[54.5148835,24.4376915],[54.514972,24.4377672],[54.5149291,24.4378063],[54.5149586,24.4378332],[54.5148781,24.4378918],[54.5148482,24.4378625],[54.5148276,24.4378424],[54.5147953,24.4378108],[54.5148827,24.4377385]]}},{"type":"Feature","properties":{"layer":"land","subtype":"physical","class":"cliff","name":""},"geometry":{"type":"LineString","coordinates":[[54.5147953,24.4378108],[54.5147682,24.4377843],[54.5148567,24.4377159],[54.5148827,24.4377385],[54.514913,24.4377648],[54.5148728,24.437799],[54.5148276,24.4378424]]}},{"type":"Feature","properties":{"layer":"land","subtype":"sand","class":"sand","name":""},"geometry":{"type":"Polygon","coordinates":[[[54.5105711,24.4385691],[54.5108629,24.4391005],[54.5113805,24.4396865],[54.5124883,24.4403605],[54.5148647,24.4403312],[54.5162915,24.439671],[54.5171339,24.4392812],[54.5171473,24.4392323],[54.5162228,24.4384323],[54.5145992,24.4368148],[54.5141245,24.4366943],[54.512014,24.4362578],[54.5108604,24.4368079],[54.5101645,24.4378596],[54.5105711,24.4385691]]]}},{"type":"Feature","properties":{"layer":"land","subtype":"sand","class":"sand","name":""},"geometry":{"type":"Polygon","coordinates":[[[54.5186549,24.4380576],[54.5185979,24.4380345],[54.5185121,24.4380248],[54.518453,24.4380443],[54.5183994,24.4380761],[54.518363,24.4381016],[54.5183381,24.438169],[54.5183431,24.4382275],[54.5183538,24.4382787],[54.518386,24.43833],[54.5184343,24.4383666],[54.5185194,24.4384015],[54.5186549,24.4380576]]]}},{"type":"Feature","properties":{"layer":"land","subtype":"sand","class":"sand","name":""},"geometry":{"type":"Polygon","coordinates":[[[54.5377637,24.437426],[54.5377501,24.4374023],[54.5374764,24.4375248],[54.5373235,24.4372415],[54.5375972,24.437119],[54.537584,24.4370915],[54.5368947,24.4374114],[54.5370717,24.4377459],[54.5377637,24.437426]]]}},{"type":"Feature","properties":{"layer":"land","subtype":"sand","class":"sand","name":"جزيرة اللسيلي"},"geometry":{"type":"Polygon","coordinates":[[[54.5454269,24.4368207],[54.5455875,24.4363664],[54.5468109,24.4367109],[54.5466043,24.4373189],[54.54724,24.4373653],[54.5474356,24.4369036],[54.5484038,24.4371796],[54.54827,24.4376656],[54.5488306,24.4379611],[54.5489966,24.4374848],[54.5526769,24.4385228],[54.5525106,24.4390038],[54.5531436,24.4390478],[54.5533367,24.4385789],[54.554313,24.4388549],[54.5541706,24.4393333],[54.5547288,24.4396338],[54.554935,24.4390281],[54.5561472,24.4393713],[54.5559999,24.439829],[54.5574351,24.440237],[54.5581403,24.4381563],[54.5573329,24.4379219],[54.557411,24.4375729],[54.55718,24.4375019],[54.5570379,24.4378487],[54.5558765,24.4375215],[54.5559516,24.437287],[54.5531996,24.4364983],[54.5531192,24.4367278],[54.5497264,24.4357609],[54.549804,24.4355386],[54.5470681,24.4347572],[54.546993,24.4349892],[54.5447024,24.4343347],[54.5439997,24.4364153],[54.5454269,24.4368207]]]}},{"type":"Feature","properties":{"layer":"land","subtype":"sand","class":"sand","name":""},"geometry":{"type":"Polygon","coordinates":[[[54.5298577,24.4354229],[54.5298711,24.4353765],[54.5297075,24.4350859],[54.5296646,24.4350688],[54.5289779,24.435374],[54.5291737,24.4357305],[54.5298577,24.4354229]]]}},{"type":"Feature","properties":{"layer":"land","subtype":"sand","class":"sand","name":""},"geometry":{"type":"Polygon","coordinates":[[[54.5305336,24.4356378],[54.5305449,24.4355989],[54.5303877,24.4353087],[54.5303325,24.4352837],[54.5296914,24.4355718],[54.5296753,24.4356109],[54.5298577,24.4359454],[54.5305336,24.4356378]]]}},{"type":"Feature","properties":{"layer":"land","subtype":"sand","class":"sand","name":""},"geometry":{"type":"Polygon","coordinates":[[[54.5152451,24.4354116],[54.5152639,24.4354654],[54.5153068,24.4354971],[54.5153645,24.435513],[54.5154164,24.4354962],[54.5154704,24.4353762],[54.5155104,24.4352655],[54.5154919,24.4352187],[54.5154382,24.4351858],[54.5153819,24.4351931],[54.5153457,24.4352065],[54.5153108,24.435248],[54.5152451,24.4354116]]]}},{"type":"Feature","properties":{"layer":"land","subtype":"sand","class":"sand","name":""},"geometry":{"type":"Polygon","coordinates":[[[54.5203235,24.4355452],[54.5203664,24.4355306],[54.52042,24.4354792],[54.5204308,24.4353987],[54.5204254,24.435323],[54.5203932,24.4352619],[54.5203396,24.4352058],[54.5202672,24.4351594],[54.5197656,24.4350006],[54.519661,24.4350031],[54.5195778,24.4350324],[54.5195161,24.4350763],[54.5194652,24.4351374],[54.519382,24.4353669],[54.5193793,24.4354255],[54.5194142,24.4354695],[54.5194732,24.4355012],[54.5203235,24.4355452]]]}},{"type":"Feature","properties":{"layer":"land","subtype":"sand","class":"sand","name":""},"geometry":{"type":"Polygon","coordinates":[[[54.5157319,24.4346058],[54.5157051,24.4345789],[54.5156246,24.4345496],[54.5155603,24.4345863],[54.5154342,24.434933],[54.5154583,24.4349916],[54.5155093,24.4350258],[54.5155583,24.4350289],[54.5156052,24.4350154],[54.5157368,24.4346492],[54.5157319,24.4346058]]]}},{"type":"Feature","properties":{"layer":"land","subtype":"sand","class":"sand","name":""},"geometry":{"type":"Polygon","coordinates":[[[54.5273632,24.4350859],[54.527449,24.4351152],[54.5280807,24.434833],[54.52808,24.4347922],[54.5278081,24.4349136],[54.5276424,24.4346056],[54.5279143,24.4344843],[54.5278607,24.4344692],[54.5272787,24.4347353],[54.5272197,24.434811],[54.5273632,24.4350859]]]}},{"type":"Feature","properties":{"layer":"land","subtype":"sand","class":"sand","name":""},"geometry":{"type":"Polygon","coordinates":[[[54.5159026,24.4342022],[54.5158795,24.4341699],[54.5158084,24.4341479],[54.5157507,24.4341394],[54.5157051,24.4341711],[54.5156448,24.4343103],[54.515634,24.4343604],[54.5156515,24.4344019],[54.5157507,24.4344373],[54.5158242,24.4344136],[54.5159026,24.4342022]]]}},{"type":"Feature","properties":{"layer":"land","subtype":"sand","class":"sand","name":""},"geometry":{"type":"Polygon","coordinates":[[[54.515909,24.4337401],[54.5158714,24.4337584],[54.5158245,24.433828],[54.5157883,24.4339245],[54.5158084,24.4339733],[54.5158567,24.4339941],[54.5159318,24.4340124],[54.5159799,24.4339936],[54.5160322,24.4338524],[54.516035,24.4337987],[54.5160149,24.4337731],[54.515909,24.4337401]]]}},{"type":"Feature","properties":{"layer":"land","subtype":"sand","class":"sand","name":""},"geometry":{"type":"Polygon","coordinates":[[[54.5184115,24.4340295],[54.5184503,24.4341019],[54.5188808,24.4342395],[54.5188192,24.434408],[54.5191491,24.4345081],[54.5192148,24.4345045],[54.5192668,24.4344712],[54.5198304,24.4329822],[54.5198387,24.4329384],[54.5198126,24.432857],[54.5197647,24.4327976],[54.5196897,24.4327699],[54.5196241,24.4327742],[54.5194313,24.4328607],[54.5192548,24.4329411],[54.5190361,24.4330334],[54.5187556,24.4332247],[54.5186924,24.4333036],[54.518608,24.4334364],[54.5184115,24.4340295]]]}},{"type":"Feature","properties":{"layer":"land","subtype":"sand","class":"sand","name":""},"geometry":{"type":"Polygon","coordinates":[[[54.5594334,24.4339466],[54.5581268,24.433551],[54.5570003,24.4332091],[54.5562412,24.4329454],[54.5554528,24.4326377],[54.5526794,24.4318366],[54.5497249,24.4310051],[54.5439995,24.4293893],[54.543604,24.4296339],[54.5428174,24.4302188],[54.5428194,24.4303264],[54.5427944,24.4304323],[54.5427673,24.4305765],[54.5427255,24.4307989],[54.5426609,24.4309232],[54.5425745,24.430976],[54.5424529,24.4309611],[54.5423382,24.430927],[54.5422302,24.4308846],[54.5420966,24.4308786],[54.5419984,24.4308947],[54.541894,24.4308966],[54.5417809,24.4308565],[54.541667,24.4308029],[54.5416304,24.4308203],[54.5415338,24.4308188],[54.5414434,24.4308331],[54.5413703,24.4308745],[54.5412769,24.4309574],[54.541202,24.4309992],[54.5411063,24.431055],[54.5409741,24.4311361],[54.540924,24.4311718],[54.5408106,24.4312204],[54.5407207,24.4312935],[54.5406924,24.4313411],[54.5406549,24.4314339],[54.5405958,24.4315267],[54.5405744,24.4315608],[54.5404725,24.4316585],[54.5404293,24.4317633],[54.5404671,24.4318783],[54.5404886,24.4319662],[54.5404671,24.4320541],[54.540263,24.4321052],[54.5401023,24.4322202],[54.5400806,24.4323689],[54.5400058,24.4325572],[54.5399468,24.4327819],[54.5399089,24.4329355],[54.5399307,24.4330505],[54.5399897,24.433153],[54.5400269,24.4333018],[54.5400216,24.4334825],[54.5399736,24.4336756],[54.5399626,24.4338439],[54.5399733,24.4339464],[54.5399521,24.4341689],[54.5399521,24.4342861],[54.5399089,24.4344544],[54.5398177,24.4347572],[54.5397373,24.4349623],[54.539759,24.4350676],[54.5398767,24.4351088],[54.5399518,24.4351528],[54.5399518,24.4352309],[54.5398985,24.4353606],[54.5398502,24.4355657],[54.5398338,24.4356168],[54.539832,24.4356407],[54.539956,24.4355928],[54.5401065,24.4356293],[54.5403338,24.435686],[54.5406053,24.435772],[54.540826,24.4358489],[54.5409589,24.4358539],[54.5410559,24.4358929],[54.541099,24.4359092],[54.5411183,24.4359012],[54.5411441,24.4358644],[54.5411642,24.4358258],[54.541193,24.4357765],[54.541219,24.4357011],[54.5412491,24.4356516],[54.5412766,24.4356146],[54.5413066,24.4355916],[54.541356,24.4355787],[54.5413983,24.4355793],[54.5414724,24.4356014],[54.5416705,24.4356651],[54.541831,24.4357224],[54.542011,24.4357677],[54.5421893,24.4358169],[54.5422733,24.4358494],[54.5423219,24.4358923],[54.5423526,24.4359496],[54.5423589,24.4360189],[54.5423597,24.4360749],[54.5423422,24.4361363],[54.5423249,24.4362122],[54.5423075,24.4362792],[54.5422827,24.4363402],[54.5434847,24.4366814],[54.5444315,24.4338733],[54.5452311,24.4341053],[54.5462503,24.4343934],[54.5463332,24.4341662],[54.5486783,24.4348301],[54.548717,24.4347559],[54.5487451,24.4347377],[54.5487831,24.4346787],[54.5488169,24.4346415],[54.5488429,24.434631],[54.5488496,24.4346045],[54.5488713,24.4345836],[54.5489069,24.4345469],[54.5489354,24.4345248],[54.5489555,24.4345188],[54.5489857,24.4345278],[54.5490697,24.4345519],[54.5491493,24.434583],[54.5492472,24.4345988],[54.549333,24.434629],[54.5495163,24.4346853],[54.5497348,24.4347534],[54.549902,24.4347984],[54.5500091,24.4348298],[54.5500443,24.434855],[54.5500644,24.4348806],[54.5500802,24.4349176],[54.5500878,24.4349823],[54.5500955,24.4350516],[54.5500972,24.4351133],[54.5500885,24.4351675],[54.5500671,24.4352029],[54.5500481,24.435226],[54.5503782,24.4354337],[54.5508312,24.4356509],[54.5512017,24.4357927],[54.5517756,24.4359612],[54.5521589,24.4360465],[54.5525535,24.4360955],[54.553213,24.4361247],[54.5569067,24.4371797],[54.5568316,24.4374068],[54.55718,24.4375019],[54.557411,24.4375729],[54.5583092,24.4378291],[54.5584916,24.4379048],[54.558677,24.43801],[54.5588459,24.4381198],[54.5589744,24.4382174],[54.5591407,24.438381],[54.5592966,24.4385618],[54.5596318,24.4383274],[54.5598285,24.4381978],[54.56,24.43811750785619],[54.56,24.434113711880165],[54.5594334,24.4339466]]]}},{"type":"Feature","properties":{"layer":"land","subtype":"sand","class":"sand","name":"جزيرة الرزين"},"geometry":{"type":"Polygon","coordinates":[[[54.5299579,24.430005],[54.5298667,24.4299806],[54.5297916,24.4299464],[54.5297165,24.4299366],[54.5296307,24.4299464],[54.5295556,24.4299269],[54.5295127,24.4299025],[54.5294762,24.4298344],[54.5294776,24.4298018],[54.5290418,24.4296779],[54.5285076,24.4312107],[54.5286951,24.4312643],[54.5285796,24.4316085],[54.5297984,24.4319512],[54.5298518,24.4317755],[54.5310286,24.4321018],[54.530839,24.4326516],[54.5320953,24.4330055],[54.5323978,24.4321443],[54.5330093,24.4323248],[54.5328678,24.4327599],[54.5343612,24.4331729],[54.5345027,24.4327619],[54.5351345,24.4329306],[54.534834,24.4338005],[54.5360835,24.4341486],[54.5362672,24.4336016],[54.5374414,24.4339238],[54.537384,24.4341192],[54.5385979,24.4344654],[54.5387088,24.4341139],[54.5389046,24.4341663],[54.5394222,24.4326384],[54.5379508,24.4322123],[54.5381114,24.4317831],[54.538562,24.431909],[54.53862,24.4317537],[54.5397378,24.4320441],[54.5397785,24.4320198],[54.5401825,24.4317779],[54.5404615,24.431563],[54.5395871,24.4314536],[54.5376559,24.4309066],[54.536347,24.4304768],[54.5359178,24.4302619],[54.5355745,24.4302717],[54.5352633,24.4303791],[54.5351775,24.4305354],[54.5350488,24.4305647],[54.5348277,24.4306823],[54.5375349,24.4314583],[54.5374754,24.4316069],[54.5379689,24.4317496],[54.5378024,24.4321709],[54.5368653,24.4319017],[54.5369142,24.4317483],[54.5353289,24.4312994],[54.5353128,24.4313458],[54.5350272,24.4312648],[54.5349711,24.4314042],[54.5344328,24.4312489],[54.5343889,24.4313042],[54.5342817,24.4313286],[54.5341851,24.4313628],[54.5340993,24.4313188],[54.5340295,24.4312358],[54.5339652,24.4311723],[54.5339618,24.4311131],[54.5334602,24.4309684],[54.5335003,24.4308267],[54.5332184,24.4307435],[54.5332317,24.4306975],[54.5316483,24.4302539],[54.5315921,24.430403],[54.5300576,24.4299667],[54.5300189,24.4299965],[54.5299579,24.430005]]]}},{"type":"Feature","properties":{"layer":"land","subtype":"sand","class":"sand","name":""},"geometry":{"type":"Polygon","coordinates":[[[54.5190161,24.4319189],[54.5190592,24.4319147],[54.5190927,24.4319001],[54.5192497,24.4315178],[54.5192403,24.4314812],[54.5192081,24.431436],[54.5173031,24.430853],[54.5172668,24.4308438],[54.5172259,24.4308622],[54.5171991,24.4308939],[54.5170777,24.4312291],[54.5170704,24.4312694],[54.5170791,24.4313079],[54.5171179,24.4313336],[54.5190161,24.4319189]]]}},{"type":"Feature","properties":{"layer":"land","subtype":"sand","class":"beach","name":""},"geometry":{"type":"Polygon","coordinates":[[[54.5250867,24.4324049],[54.5248432,24.4323318],[54.524756,24.4322861],[54.5247145,24.4322483],[54.5246064,24.4322483],[54.524524,24.4322677],[54.5244025,24.4322436],[54.5241454,24.4321583],[54.5236843,24.4320143],[54.5232393,24.4318215],[54.5230384,24.431741],[54.5228791,24.4316534],[54.5228376,24.4315828],[54.5228137,24.4315028],[54.5227896,24.4314272],[54.5227702,24.4313544],[54.5226628,24.4312867],[54.5224367,24.4312205],[54.5220611,24.4311057],[54.5217761,24.4310273],[54.5216235,24.4310149],[54.5214814,24.4310738],[54.5213609,24.4311673],[54.5211968,24.4312372],[54.5209683,24.4312313],[54.524415,24.4323086],[54.5253306,24.4324829],[54.5250867,24.4324049]]]}},{"type":"Feature","properties":{"layer":"land","subtype":"sand","class":"sand","name":""},"geometry":{"type":"Polygon","coordinates":[[[54.5159331,24.4335362],[54.5159438,24.4335802],[54.5159948,24.433607],[54.5160779,24.4336192],[54.516127,24.4335967],[54.5169724,24.4312887],[54.5171683,24.4307505],[54.5171354,24.4307206],[54.517067,24.4307004],[54.5157775,24.4303078],[54.5156139,24.4302737],[54.5154382,24.4302468],[54.5151848,24.4302419],[54.5150158,24.4308329],[54.5146242,24.4310966],[54.5146966,24.4317706],[54.5152545,24.4323421],[54.5149769,24.4330893],[54.5155483,24.4332625],[54.5159841,24.4333946],[54.5159331,24.4335362]]]}},{"type":"Feature","properties":{"layer":"land","subtype":"sand","class":"sand","name":""},"geometry":{"type":"Polygon","coordinates":[[[54.5201967,24.432136],[54.5203097,24.4321372],[54.5204007,24.4321639],[54.5204826,24.4322198],[54.5205415,24.4323017],[54.520569,24.4323891],[54.5205646,24.4324858],[54.5205316,24.4325711],[54.5204665,24.4326419],[54.5204087,24.4326805],[54.5203667,24.4326918],[54.5197103,24.4344707],[54.5197083,24.4345206],[54.519719,24.4345768],[54.5197459,24.4346305],[54.5197915,24.434694],[54.5198612,24.4347379],[54.5203655,24.4349089],[54.5204379,24.4349138],[54.5205291,24.4348942],[54.5206015,24.43486],[54.5206835,24.4347791],[54.5212859,24.4331694],[54.5209828,24.4330644],[54.5214852,24.4317413],[54.521325,24.4316898],[54.5207106,24.4315267],[54.5205492,24.4315215],[54.5204044,24.4315704],[54.5202113,24.4316656],[54.5200637,24.4317096],[54.5199207,24.4316855],[54.5194173,24.4315289],[54.5193234,24.4315655],[54.5191571,24.4319623],[54.5189727,24.4324735],[54.5190143,24.4325415],[54.519068,24.4325732],[54.5191189,24.4325903],[54.5191752,24.4325879],[54.5192503,24.4325537],[54.5196339,24.4323705],[54.5199853,24.4322191],[54.5200855,24.4321728],[54.5201967,24.432136]]]}},{"type":"Feature","properties":{"layer":"land","subtype":"tree","class":"tree_row","name":""},"geometry":{"type":"LineString","coordinates":[[54.468,24.431412041641867],[54.469119,24.4305558]]}},{"type":"Feature","properties":{"layer":"land","subtype":"tree","class":"tree_row","name":""},"geometry":{"type":"LineString","coordinates":[[54.468,24.43037240036319],[54.4684453,24.4300236]]}},{"type":"Feature","properties":{"layer":"land","subtype":"sand","class":"sand","name":""},"geometry":{"type":"Polygon","coordinates":[[[54.4680778,24.4303862],[54.4686683,24.4298548],[54.4691544,24.4294676],[54.4694144,24.4292457],[54.4694564,24.4291816],[54.4694605,24.4290978],[54.469409,24.4289843],[54.469321,24.4289178],[54.4692695,24.4288857],[54.4691666,24.4288832],[54.4690299,24.428941],[54.4683673,24.4292493],[54.4683428,24.4292752],[54.4683225,24.4293159],[54.4683104,24.4293674],[54.4683197,24.429426],[54.468368,24.4295175],[54.4684525,24.4296921],[54.4684619,24.4297434],[54.4684324,24.4298081],[54.468,24.43013849117447],[54.468,24.43045062677065],[54.4680778,24.4303862]]]}},{"type":"Feature","properties":{"layer":"land","subtype":"sand","class":"sand","name":""},"geometry":{"type":"Polygon","coordinates":[[[54.4697122,24.4331515],[54.4697061,24.4333008],[54.4698358,24.4334308],[54.4698648,24.433386],[54.4699882,24.4332932],[54.4707925,24.4327184],[54.4708378,24.4326589],[54.4708834,24.4325832],[54.4709337,24.4325081],[54.470988,24.4324471],[54.4711094,24.432325],[54.4713373,24.4321345],[54.4718309,24.4317499],[54.471961,24.4318891],[54.4731431,24.4310435],[54.4731244,24.4310191],[54.4731002,24.4309959],[54.4730855,24.430977],[54.4728805,24.4309136],[54.4726458,24.4307341],[54.4724312,24.4307109],[54.4702278,24.4320198],[54.4698804,24.4323263],[54.4699287,24.4326938],[54.4697466,24.4331373],[54.4697122,24.4331515]]]}},{"type":"Feature","properties":{"layer":"land","subtype":"sand","class":"sand","name":""},"geometry":{"type":"Polygon","coordinates":[[[54.4680428,24.4322332],[54.4681984,24.4321074],[54.4682979,24.4322095],[54.4684046,24.4321233],[54.4682856,24.4320012],[54.4682266,24.4319853],[54.4681622,24.4320012],[54.468,24.432137559664604],[54.468,24.432237625084746],[54.4680428,24.4322332]]]}},{"type":"Feature","properties":{"layer":"land","subtype":"forest","class":"forest","name":""},"geometry":{"type":"Polygon","coordinates":[[[54.4680289,24.4320455],[54.4681411,24.431956],[54.4682296,24.4319414],[54.4682953,24.4319658],[54.4688714,24.4325588],[54.4689085,24.4325289],[54.4689291,24.4325501],[54.4689413,24.4325403],[54.4691095,24.4327135],[54.469061,24.4327526],[54.469088,24.4327804],[54.4691261,24.4327497],[54.4693002,24.4329289],[54.4692551,24.4329652],[54.4692775,24.4329883],[54.4693326,24.4329439],[54.4693866,24.4329995],[54.4693641,24.4330176],[54.4693995,24.4330541],[54.4694074,24.4330477],[54.4695224,24.433166],[54.4695573,24.4331099],[54.4681558,24.4316593],[54.4680955,24.4316752],[54.468,24.431752034902917],[54.468,24.432015489529302],[54.4680289,24.4320455]]]}},{"type":"Feature","properties":{"layer":"land","subtype":"tree","class":"tree_row","name":""},"geometry":{"type":"LineString","coordinates":[[54.4698529,24.4332984],[54.4697122,24.4331515],[54.4696882,24.4331265],[54.4682436,24.4316195]]}},{"type":"Feature","properties":{"layer":"land","subtype":"tree","class":"tree_row","name":""},"geometry":{"type":"LineString","coordinates":[[54.468,24.434042748296896],[54.4683399,24.4337741]]}},{"type":"Feature","properties":{"layer":"land","subtype":"tree","class":"tree_row","name":""},"geometry":{"type":"LineString","coordinates":[[54.4684384,24.4336329],[54.4689971,24.4342052]]}},{"type":"Feature","properties":{"layer":"land","subtype":"sand","class":"sand","name":""},"geometry":{"type":"Polygon","coordinates":[[[54.4699685,24.4299775],[54.4697225,24.430087],[54.4685852,24.4308709],[54.468,24.431302108261796],[54.468,24.43152186630811],[54.4699685,24.4299775]]]}},{"type":"Feature","properties":{"layer":"land","subtype":"tree","class":"tree_row","name":""},"geometry":{"type":"LineString","coordinates":[[54.4711071,24.4346591],[54.4740958,24.4367232]]}},{"type":"Feature","properties":{"layer":"land","subtype":"wetland","class":"wetland","name":""},"geometry":{"type":"Polygon","coordinates":[[[54.5115638,24.4408181],[54.5119232,24.4412282],[54.5120331,24.4413771],[54.5120895,24.4415237],[54.5121056,24.4416921],[54.5120895,24.4418069],[54.5120895,24.4418924],[54.5121485,24.4419705],[54.5124572,24.4420754],[54.5126393,24.4419485],[54.512591,24.4418973],[54.5125243,24.4418703],[54.5124357,24.4418654],[54.5123818,24.4418509],[54.5123526,24.4417897],[54.5123631,24.4417312],[54.5124518,24.4416774],[54.5125028,24.4415895],[54.5124972,24.4414797],[54.512532,24.4414431],[54.5124411,24.4412061],[54.5123014,24.4409278],[54.5121675,24.4407177],[54.5121217,24.4407253],[54.512071,24.4407299],[54.5120066,24.4407055],[54.5119824,24.4406494],[54.5119956,24.4406008],[54.5111534,24.4404225],[54.5115638,24.4408181]]]}},{"type":"Feature","properties":{"layer":"land","subtype":"sand","class":"beach","name":""},"geometry":{"type":"Polygon","coordinates":[[[54.5408285,24.4407659],[54.5408366,24.4405925],[54.5408151,24.4404484],[54.5407682,24.4403129],[54.5406649,24.4401017],[54.5403994,24.439562],[54.5401311,24.4392324],[54.5401016,24.4392739],[54.5399789,24.4392921],[54.5396893,24.4390674],[54.5394586,24.4389746],[54.5403082,24.4397891],[54.5405871,24.4403312],[54.5398737,24.4424996],[54.5393158,24.4434763],[54.538613,24.4435105],[54.538672,24.4428756],[54.5389993,24.4419917],[54.5385218,24.4401407],[54.5361937,24.4416449],[54.535375,24.4424434],[54.5354404,24.4425615],[54.5355155,24.4426103],[54.5356069,24.4425886],[54.5357518,24.4424225],[54.5359449,24.4423005],[54.5363224,24.4419648],[54.5362366,24.4418696],[54.5362131,24.4418121],[54.5363204,24.4416753],[54.5365401,24.4417215],[54.5370659,24.4416007],[54.5370279,24.4415909],[54.5369781,24.4415733],[54.5369351,24.4415424],[54.5370213,24.4413195],[54.5371901,24.4412502],[54.5373634,24.4411434],[54.5374757,24.4410484],[54.537592,24.4409599],[54.5377226,24.4408979],[54.5378867,24.4408738],[54.5379131,24.4408378],[54.5380361,24.4408005],[54.5381778,24.4407469],[54.5382769,24.4407006],[54.5383823,24.4406587],[54.5384683,24.4406385],[54.5385706,24.4406644],[54.5386154,24.4407587],[54.5388732,24.441849],[54.5388842,24.4419978],[54.5387737,24.4422284],[54.5387147,24.442475],[54.5385569,24.4428091],[54.5384721,24.4428191],[54.5384085,24.4428793],[54.5383853,24.4429613],[54.5384094,24.4430733],[54.5383827,24.4432097],[54.538428,24.4433457],[54.5384315,24.4434983],[54.5383018,24.443251],[54.538299,24.4431556],[54.5383138,24.4430981],[54.5382644,24.4431853],[54.5382564,24.4433503],[54.538325,24.4434822],[54.5384611,24.4436377],[54.5385764,24.443767],[54.5386779,24.4438814],[54.5387281,24.4439225],[54.5388362,24.4439037],[54.5390176,24.4438454],[54.5391803,24.4437775],[54.5393702,24.4436631],[54.5395951,24.4435168],[54.5397354,24.4434084],[54.5397723,24.4433221],[54.5398293,24.4432034],[54.539918,24.4431227],[54.5398795,24.4430175],[54.5398302,24.4429177],[54.5398846,24.4427367],[54.5399492,24.4425702],[54.5401373,24.4421421],[54.5403821,24.4417967],[54.5404819,24.4416946],[54.540488,24.4418482],[54.5404225,24.4421567],[54.5405445,24.4417394],[54.5408285,24.4407659]]]}},{"type":"Feature","properties":{"layer":"land","subtype":"wetland","class":"wetland","name":""},"geometry":{"type":"Polygon","coordinates":[[[54.552415,24.4413919],[54.5521096,24.4412095],[54.5508229,24.4407492],[54.5502772,24.4405486],[54.5498366,24.4402113],[54.5494211,24.4400518],[54.5495662,24.4398239],[54.5494305,24.4397915],[54.5492603,24.4398052],[54.549055,24.4399716],[54.5490375,24.4401562],[54.5492302,24.4404502],[54.5496157,24.4409516],[54.5500789,24.4418882],[54.5502591,24.4422027],[54.5504694,24.4424557],[54.5506223,24.4425859],[54.5506383,24.4424954],[54.5507252,24.4424593],[54.550744,24.4425656],[54.5510602,24.442344],[54.5513255,24.4423076],[54.5514357,24.4424192],[54.5514882,24.4426243],[54.5514432,24.4427634],[54.5514432,24.442891],[54.5514907,24.4429685],[54.5517135,24.4429844],[54.5518412,24.4429411],[54.5519464,24.4428226],[54.552074,24.4426631],[54.5522442,24.4425605],[54.5525321,24.4425446],[54.5526673,24.4426175],[54.5527579,24.4428011],[54.5531284,24.4425049],[54.5532486,24.4423681],[54.5531234,24.4421129],[54.5531484,24.4419762],[54.5527875,24.4415783],[54.5526723,24.4412228],[54.5524501,24.4413189],[54.552415,24.4413919]]]}},{"type":"Feature","properties":{"layer":"land","subtype":"wetland","class":"wetland","name":""},"geometry":{"type":"Polygon","coordinates":[[[54.5403629,24.4423939],[54.540474,24.4418472],[54.5404693,24.4417265],[54.5403932,24.4418044],[54.5401497,24.4421479],[54.5399622,24.4425746],[54.5398979,24.4427405],[54.5398449,24.4429167],[54.5398925,24.4430129],[54.5399339,24.4431261],[54.5398409,24.4432107],[54.5397851,24.4433269],[54.539747,24.4434159],[54.5396036,24.4435268],[54.5393781,24.4436735],[54.5391871,24.4437886],[54.5390229,24.4438572],[54.5388398,24.443916],[54.538724,24.4439361],[54.5386678,24.4438901],[54.5385656,24.443775],[54.5384503,24.4436456],[54.5383131,24.4434889],[54.5382424,24.4433529],[54.5382506,24.4431819],[54.5383529,24.4430017],[54.538313,24.4431569],[54.5383156,24.4432479],[54.5384163,24.4434399],[54.5384142,24.4433477],[54.5383684,24.4432104],[54.5383952,24.4430734],[54.5383711,24.4429609],[54.5383959,24.442873],[54.5384655,24.4428071],[54.5385473,24.4427975],[54.5387014,24.4424711],[54.5387604,24.4422245],[54.5388701,24.4419956],[54.5388594,24.4418507],[54.5386021,24.4407626],[54.5385605,24.440675],[54.5384681,24.4406516],[54.5383869,24.4406707],[54.5382829,24.440712],[54.5381836,24.4407584],[54.538041,24.4408123],[54.537922,24.4408484],[54.5378949,24.4408854],[54.537727,24.44091],[54.5375997,24.4409705],[54.5374849,24.4410579],[54.5373721,24.4411533],[54.5371969,24.4412613],[54.5370324,24.4413289],[54.5369515,24.4415381],[54.5369851,24.4415622],[54.5370323,24.4415789],[54.5370697,24.4415886],[54.5370714,24.4417388],[54.5371036,24.4419293],[54.5371677,24.4420829],[54.5373769,24.4419754],[54.5376076,24.4418241],[54.5377849,24.4416802],[54.537978,24.4416119],[54.5382191,24.4415848],[54.5383911,24.4416607],[54.5384662,24.4417926],[54.5383803,24.4420319],[54.5382248,24.4422809],[54.5380692,24.4425593],[54.5378171,24.4430037],[54.5378761,24.4434823],[54.5381014,24.4438925],[54.5385198,24.4441611],[54.5387666,24.4441855],[54.5392008,24.4441291],[54.539523,24.4439804],[54.5398982,24.4438312],[54.5401074,24.443631],[54.5403705,24.4432039],[54.5404186,24.4428301],[54.5404564,24.4424421],[54.540558,24.4417426],[54.5403629,24.4423939]]]}},{"type":"Feature","properties":{"layer":"land","subtype":"wetland","class":"wetland","name":""},"geometry":{"type":"Polygon","coordinates":[[[54.5525702,24.4427885],[54.5525727,24.4426654],[54.5524225,24.4425925],[54.5522448,24.4426404],[54.5520395,24.4427953],[54.5519644,24.4429572],[54.5518318,24.4430438],[54.5515506,24.443093],[54.5519919,24.4432888],[54.5523323,24.4429926],[54.5525977,24.4428604],[54.5526754,24.4428478],[54.5525702,24.4427885]]]}},{"type":"Feature","properties":{"layer":"land","subtype":"sand","class":"sand","name":""},"geometry":{"type":"Polygon","coordinates":[[[54.5157655,24.4438779],[54.5157344,24.4438797],[54.5149876,24.4442515],[54.5149662,24.4442808],[54.5149608,24.4443077],[54.5149715,24.4443345],[54.5153041,24.4449596],[54.515339,24.444984],[54.5153803,24.4449762],[54.5157759,24.4439063],[54.5157655,24.4438779]]]}},{"type":"Feature","properties":{"layer":"land","subtype":"sand","class":"sand","name":""},"geometry":{"type":"Polygon","coordinates":[[[54.5254086,24.4442332],[54.5254285,24.4442683],[54.5254605,24.4442951],[54.5255006,24.4443103],[54.525544,24.4443121],[54.5255785,24.4443033],[54.5256145,24.4442812],[54.5256401,24.4442493],[54.5256522,24.4442113],[54.5256487,24.4441701],[54.5256305,24.4441342],[54.5255999,24.4441062],[54.5255606,24.4440893],[54.5255194,24.4440856],[54.5254773,24.4440951],[54.5254412,24.4441171],[54.5254156,24.4441491],[54.5254035,24.444187],[54.5254086,24.4442332]]]}},{"type":"Feature","properties":{"layer":"land","subtype":"sand","class":"sand","name":""},"geometry":{"type":"Polygon","coordinates":[[[54.5256896,24.4444783],[54.5257102,24.4445143],[54.525743,24.4445418],[54.5257842,24.4445574],[54.5258287,24.4445593],[54.5258642,24.4445502],[54.5259011,24.4445276],[54.5259274,24.4444948],[54.5259398,24.4444558],[54.5259363,24.4444135],[54.5259176,24.4443767],[54.5258862,24.4443479],[54.5258458,24.4443306],[54.5258035,24.4443268],[54.5257602,24.4443365],[54.5257232,24.4443591],[54.5256969,24.4443919],[54.5256845,24.4444309],[54.5256896,24.4444783]]]}},{"type":"Feature","properties":{"layer":"land","subtype":"wetland","class":"wetland","name":""},"geometry":{"type":"Polygon","coordinates":[[[54.5466314,24.4393192],[54.546306,24.4393694],[54.5462909,24.4397112],[54.5462208,24.4400394],[54.5456601,24.4407231],[54.544859,24.4414068],[54.5449441,24.4416529],[54.5451694,24.4418717],[54.5452295,24.4426283],[54.5454498,24.4428289],[54.5454849,24.4432847],[54.5453196,24.4437268],[54.5451294,24.4437906],[54.5448891,24.4440276],[54.5449041,24.4445791],[54.5444785,24.4443421],[54.5445937,24.4447159],[54.5448991,24.4449802],[54.5452746,24.4449483],[54.5452145,24.4453631],[54.5449341,24.44524],[54.5447138,24.445117],[54.5441381,24.4446293],[54.5445837,24.4455317],[54.5442782,24.4461015],[54.5428814,24.4473412],[54.5432118,24.4476374],[54.5446938,24.4463294],[54.5447989,24.4456229],[54.5449041,24.4454223],[54.5451444,24.4456274],[54.5455199,24.4458143],[54.5459821,24.4457603],[54.5465983,24.4440479],[54.5464461,24.4439137],[54.5459054,24.4433348],[54.5456751,24.4428152],[54.545555,24.4417076],[54.545585,24.4414569],[54.5456801,24.4418945],[54.5457502,24.442519],[54.5459054,24.4421953],[54.5460256,24.4418763],[54.5461307,24.4415436],[54.5464461,24.4404998],[54.5466364,24.4401898],[54.5468517,24.4393967],[54.5466314,24.4393192]]]}},{"type":"Feature","properties":{"layer":"land","subtype":"wetland","class":"wetland","name":""},"geometry":{"type":"Polygon","coordinates":[[[54.546759,24.4429637],[54.547113,24.4428703],[54.5475803,24.4430314],[54.5477574,24.4432731],[54.5478352,24.443444],[54.5478317,24.4436341],[54.5477043,24.4438082],[54.54746,24.4439371],[54.5473715,24.4443722],[54.5475025,24.4445913],[54.5480016,24.4446074],[54.5483096,24.4445881],[54.548515,24.4446783],[54.5486778,24.4447944],[54.5490212,24.4447879],[54.5495664,24.4447202],[54.5497824,24.4451811],[54.5501258,24.4462414],[54.5502851,24.4462704],[54.5505931,24.4462382],[54.5508657,24.4463349],[54.55111,24.4464864],[54.5513224,24.4462414],[54.5515844,24.4458773],[54.5520517,24.4456065],[54.5518711,24.4454357],[54.5516375,24.445468],[54.5514109,24.4455936],[54.5512268,24.4455195],[54.5510887,24.4453423],[54.5507064,24.4448234],[54.5486638,24.4430738],[54.5494214,24.4431254],[54.5498746,24.4431189],[54.5502428,24.442863],[54.5500643,24.442865],[54.5495737,24.4421129],[54.5491975,24.4417807],[54.5476755,24.4404589],[54.5469946,24.4411882],[54.5469545,24.4419083],[54.5469393,24.4419891],[54.546759,24.4429637]]]}},{"type":"Feature","properties":{"layer":"land","subtype":"wetland","class":"wetland","name":""},"geometry":{"type":"Polygon","coordinates":[[[54.5507064,24.4448234],[54.5507384,24.4448593],[54.5510854,24.4453621],[54.5512907,24.4450333],[54.5515739,24.4446981],[54.5514535,24.4444016],[54.5508446,24.4445241],[54.5505897,24.4441954],[54.5504481,24.443641],[54.5504056,24.4430673],[54.5502215,24.4429964],[54.5498746,24.4431189],[54.5494214,24.4431254],[54.5486638,24.4430738],[54.5507064,24.4448234]]]}},{"type":"Feature","properties":{"layer":"land","subtype":"wetland","class":"wetland","name":""},"geometry":{"type":"Polygon","coordinates":[[[54.5506676,24.4438344],[54.5509154,24.4443887],[54.551673,24.444234],[54.5519704,24.4444081],[54.5519421,24.444595],[54.5513332,24.4451493],[54.5512765,24.445375],[54.5515102,24.4453621],[54.5518217,24.4453363],[54.5519987,24.4453685],[54.5523528,24.4450546],[54.5521687,24.444642],[54.552619,24.4443869],[54.5522254,24.4441135],[54.5518714,24.443456],[54.5509509,24.4429017],[54.5506178,24.4428835],[54.5506676,24.4438344]]]}},{"type":"Feature","properties":{"layer":"land","subtype":"wetland","class":"wetland","name":""},"geometry":{"type":"Polygon","coordinates":[[[54.559978,24.443489],[54.5593822,24.4436667],[54.5588264,24.4443869],[54.5587494,24.4446993],[54.5594434,24.4450561],[54.5596525,24.4450204],[54.56,24.444716315258574],[54.56,24.443490951750974],[54.559978,24.443489]]]}},{"type":"Feature","properties":{"layer":"land","subtype":"sand","class":"sand","name":""},"geometry":{"type":"Polygon","coordinates":[[[54.5127024,24.4491518],[54.5126829,24.4491284],[54.5121772,24.4489732],[54.5125992,24.447795],[54.5126419,24.4477187],[54.512275,24.447607],[54.5125084,24.4469721],[54.5128773,24.4470842],[54.5129236,24.4469594],[54.5125625,24.4468487],[54.5127931,24.4462114],[54.513161,24.4463197],[54.5131684,24.446293],[54.5125389,24.446093],[54.5125267,24.4461305],[54.5115515,24.4487679],[54.5109272,24.4504499],[54.5144383,24.4515339],[54.517986,24.4419502],[54.517225,24.4416624],[54.5172841,24.441533],[54.5174249,24.4414246],[54.5177802,24.4404387],[54.5179838,24.440495],[54.5180124,24.4403923],[54.517753,24.4402615],[54.5176779,24.4402835],[54.5176001,24.4404984],[54.5175491,24.4404813],[54.5176672,24.4401712],[54.5178656,24.4402322],[54.5179407,24.4401981],[54.5183166,24.4392057],[54.5182153,24.4391739],[54.5184118,24.4386749],[54.5183458,24.4386548],[54.5182626,24.4386523],[54.5181875,24.4386768],[54.5181284,24.4387419],[54.5143426,24.4489629],[54.5143802,24.4490217],[54.5143988,24.4491023],[54.514385,24.449174],[54.5143496,24.449259],[54.5142861,24.4493315],[54.5142107,24.4493783],[54.5140769,24.4494087],[54.513956,24.4493911],[54.5138942,24.4493619],[54.5138275,24.4493793],[54.5127031,24.4500313],[54.5125562,24.4500796],[54.5124033,24.4500918],[54.5122451,24.4501236],[54.5121217,24.4502066],[54.512068,24.4503116],[54.5119742,24.4505533],[54.5111829,24.4503018],[54.5111614,24.4502457],[54.5111829,24.4501773],[54.5116067,24.449059],[54.5116416,24.4490444],[54.5117247,24.4490566],[54.5124435,24.4492666],[54.5122746,24.449728],[54.5122719,24.4497818],[54.5122872,24.4497977],[54.5123094,24.4498208],[54.5123711,24.4498452],[54.5124435,24.4498379],[54.5124811,24.4497793],[54.5127084,24.4491801],[54.5127024,24.4491518]]]}},{"type":"Feature","properties":{"layer":"land","subtype":"sand","class":"sand","name":""},"geometry":{"type":"Polygon","coordinates":[[[54.5151378,24.4454455],[54.5148213,24.4448424],[54.5147784,24.4448155],[54.5147435,24.4448131],[54.5146914,24.4448355],[54.5145263,24.4452819],[54.5133434,24.4449132],[54.5135216,24.4444439],[54.5132206,24.4443578],[54.5129913,24.445003],[54.5127533,24.4449273],[54.5125915,24.4448662],[54.5124651,24.445201],[54.512503,24.4452532],[54.5126166,24.4449498],[54.5135672,24.4452245],[54.5136532,24.445245],[54.5137296,24.4450939],[54.5148159,24.4453991],[54.5145003,24.4462589],[54.5145156,24.446305],[54.5145477,24.446327],[54.5146014,24.4463221],[54.5149454,24.4461522],[54.51516,24.4455719],[54.5151378,24.4454455]]]}},{"type":"Feature","properties":{"layer":"land","subtype":"land","class":"land","name":""},"geometry":{"type":"Polygon","coordinates":[[[54.5056835,24.4554503],[54.5057058,24.4552902],[54.5057729,24.4552462],[54.5058024,24.4552902],[54.505864,24.4553146],[54.505856,24.4552462],[54.5059016,24.4552462],[54.5059713,24.4552145],[54.5060196,24.4552267],[54.5060464,24.4551876],[54.5060169,24.455107],[54.5060867,24.4551339],[54.5061296,24.4551363],[54.5061349,24.4551949],[54.5061618,24.4552047],[54.506202,24.455151],[54.5062583,24.4551583],[54.5063308,24.4550997],[54.5063871,24.4551339],[54.50643,24.4550753],[54.506497,24.4550899],[54.5065177,24.4550475],[54.5065158,24.454985],[54.5066017,24.4549361],[54.5067653,24.4548922],[54.5068484,24.4548482],[54.5068887,24.4548458],[54.5069208,24.4547847],[54.5069691,24.4547701],[54.5070362,24.4547017],[54.5071166,24.4546871],[54.5071542,24.4546553],[54.5071676,24.4545967],[54.5072052,24.4546309],[54.5072561,24.4546456],[54.5073044,24.4546041],[54.5073607,24.4545894],[54.507417,24.4545455],[54.5074841,24.4545381],[54.5075297,24.4544771],[54.507578,24.4544844],[54.5076424,24.454399],[54.507704,24.4544112],[54.5077818,24.454355],[54.5079133,24.4543233],[54.507932,24.4542696],[54.5080071,24.4542452],[54.5080098,24.4542159],[54.5080661,24.4541817],[54.5081412,24.4541109],[54.5081278,24.4540547],[54.5083585,24.4540645],[54.508439,24.4540547],[54.5085302,24.4540547],[54.5085865,24.4539888],[54.5087689,24.4539253],[54.5088413,24.4538691],[54.5088628,24.4537959],[54.5090156,24.4537739],[54.5090425,24.4537104],[54.5091149,24.4537056],[54.5091712,24.4537275],[54.5092302,24.4537886],[54.5092731,24.4537495],[54.5093348,24.4537544],[54.5095092,24.4536934],[54.5095709,24.4536909],[54.5096326,24.453708],[54.5097291,24.4537056],[54.5097854,24.4537202],[54.5098954,24.4536714],[54.5099651,24.4537031],[54.5100054,24.4536641],[54.5100483,24.4537007],[54.5100966,24.4536518],[54.5101127,24.4536616],[54.5101958,24.4536836],[54.5103272,24.4536763],[54.5104131,24.4536714],[54.5104855,24.4536714],[54.5105357,24.4536558],[54.5105284,24.4535371],[54.5105847,24.4535835],[54.5106411,24.4535469],[54.5107296,24.4535029],[54.5107591,24.4535249],[54.5108315,24.4535224],[54.5109146,24.4535395],[54.5110032,24.4535737],[54.511148,24.4536055],[54.5112231,24.4536079],[54.5113304,24.453647],[54.5113894,24.4536225],[54.5115369,24.4536323],[54.5116013,24.4536323],[54.5116442,24.4535908],[54.511781,24.4536079],[54.5119017,24.4535981],[54.5119983,24.4536128],[54.5120814,24.4535688],[54.5121833,24.4535664],[54.5122531,24.4535298],[54.512355,24.4535566],[54.5124086,24.4534809],[54.5124864,24.4535053],[54.5126178,24.4535102],[54.5126339,24.4534541],[54.5127412,24.4534712],[54.5128297,24.4534736],[54.5128512,24.4534199],[54.5129129,24.4534101],[54.5129317,24.4533735],[54.5130068,24.4534004],[54.5130247,24.4533457],[54.5129773,24.4532636],[54.513106,24.4532929],[54.5132321,24.4533076],[54.5132938,24.4533003],[54.5131355,24.4531708],[54.5132616,24.4532124],[54.5133555,24.4532563],[54.5134467,24.4531635],[54.513503,24.4531879],[54.5135727,24.453205],[54.5136229,24.4531894],[54.5136129,24.4531171],[54.5136666,24.4531269],[54.5137497,24.453122],[54.513739,24.4530268],[54.5138248,24.4530585],[54.5138704,24.4530366],[54.513908,24.4530707],[54.5139965,24.4530781],[54.5140609,24.4530439],[54.5141092,24.4530659],[54.5141467,24.4530244],[54.5142138,24.4530537],[54.5143532,24.453061],[54.5144766,24.4531171],[54.5145571,24.4530732],[54.514651,24.4531],[54.5147314,24.453166],[54.5147958,24.4531586],[54.5148977,24.4532075],[54.5149594,24.4531611],[54.5151472,24.453227],[54.5152652,24.4532636],[54.5153878,24.4532578],[54.515351,24.4531977],[54.5154288,24.4531611],[54.5154932,24.4530976],[54.5155683,24.4531025],[54.5156434,24.4531611],[54.5157346,24.4532124],[54.5158392,24.4532417],[54.5158848,24.45331],[54.5159706,24.4534101],[54.5160243,24.4533759],[54.5161101,24.4533882],[54.5161262,24.4533198],[54.5161986,24.4533393],[54.5162549,24.4532636],[54.5162791,24.4532124],[54.516389,24.4532368],[54.5164856,24.4532612],[54.5165446,24.4533149],[54.5165956,24.4532734],[54.5166519,24.453271],[54.5166975,24.453354],[54.5167664,24.4533042],[54.5168075,24.4532001],[54.5168584,24.4532343],[54.5169228,24.4532026],[54.517014,24.4531953],[54.5170489,24.4532417],[54.5171105,24.4531757],[54.5172205,24.4531635],[54.5172554,24.4532172],[54.5173278,24.4531977],[54.5173707,24.4532563],[54.5174485,24.4533027],[54.5174861,24.4532465],[54.5176014,24.4532124],[54.5176926,24.4531928],[54.5177704,24.4532246],[54.5177328,24.45279],[54.5177918,24.4526215],[54.5179233,24.4525775],[54.5179876,24.4526947],[54.5180547,24.4528363],[54.5181217,24.4529853],[54.5181593,24.4531513],[54.5182478,24.4533198],[54.5183363,24.4534931],[54.518457,24.4536763],[54.5185589,24.4538081],[54.5186206,24.4538936],[54.5186045,24.4539693],[54.5185643,24.4539839],[54.5184811,24.4539912],[54.5186935,24.4542018],[54.5187949,24.4544136],[54.5188674,24.4543428],[54.5189256,24.4542613],[54.5189076,24.4541231],[54.5188612,24.4539341],[54.5187682,24.4537788],[54.518677,24.4535493],[54.5186635,24.4533833],[54.5185715,24.4532749],[54.5185589,24.4531269],[54.5185018,24.4529306],[54.5184624,24.4528241],[54.5183757,24.4526474],[54.5183175,24.4524848],[54.5184133,24.4525131],[54.518339,24.4524408],[54.5184973,24.4524555],[54.5185536,24.4524213],[54.5185777,24.4523822],[54.5186654,24.4524008],[54.5186019,24.4523187],[54.5186788,24.4523275],[54.5186475,24.4522601],[54.5187333,24.4522601],[54.5187869,24.4521942],[54.5188693,24.4522079],[54.5188406,24.45216],[54.5189291,24.4520868],[54.5190203,24.4520941],[54.5189479,24.4519989],[54.5190678,24.4519906],[54.5190391,24.4519036],[54.5191061,24.4518011],[54.519218,24.4518245],[54.5191509,24.4516756],[54.5191142,24.4515691],[54.5192099,24.4515853],[54.5191195,24.4514739],[54.519251,24.4514886],[54.519428,24.4515862],[54.5194924,24.4517278],[54.5195433,24.4518499],[54.5195353,24.4519696],[54.5195809,24.452099],[54.519597,24.4522674],[54.5196104,24.4523529],[54.5196721,24.4524481],[54.5197981,24.4529926],[54.5198544,24.4533149],[54.5198035,24.4534809],[54.5197445,24.453647],[54.5198429,24.4536875],[54.5198947,24.4535151],[54.5199188,24.4534297],[54.519833,24.4534321],[54.5198732,24.4533442],[54.5200012,24.4533139],[54.5197517,24.4522616],[54.5197785,24.4520052],[54.5197069,24.4518206],[54.5196069,24.4514021],[54.5195782,24.4512639],[54.5196613,24.4511956],[54.5197123,24.4511736],[54.519774,24.4511565],[54.519833,24.4511834],[54.5199027,24.4511394],[54.5199644,24.4511541],[54.5200476,24.4512468],[54.5201522,24.4511589],[54.5202353,24.451259],[54.5202997,24.4511809],[54.5203828,24.4512346],[54.5203507,24.4515838],[54.5203319,24.4520355],[54.5203265,24.4525141],[54.5203212,24.4525727],[54.5203265,24.4526508],[54.5203024,24.4528193],[54.5202568,24.4528461],[54.5202621,24.4528974],[54.5203024,24.4528974],[54.5203051,24.4530024],[54.5202621,24.4530048],[54.5202621,24.4530488],[54.5202916,24.4530585],[54.5202353,24.4532001],[54.5202165,24.4534638],[54.5202434,24.4536958],[54.520297,24.4545601],[54.5203874,24.4545567],[54.520407,24.4539497],[54.5204392,24.4530634],[54.5204947,24.452225],[54.520551,24.4516976],[54.5205457,24.4514974],[54.5206028,24.4513469],[54.5206672,24.4513079],[54.5209112,24.4513567],[54.5210311,24.4514046],[54.5210212,24.4513054],[54.5210668,24.4512468],[54.5211285,24.4512078],[54.5212036,24.4512029],[54.5213592,24.4512566],[54.5214691,24.4513299],[54.5215952,24.4513933],[54.5215952,24.4513372],[54.5214952,24.4512214],[54.5214504,24.4511394],[54.5215201,24.4511296],[54.5216086,24.4511711],[54.5216328,24.451242],[54.5217052,24.4512224],[54.5217669,24.4511785],[54.5217856,24.4512395],[54.5218607,24.4512224],[54.52196,24.45122],[54.5219922,24.451303],[54.5220217,24.4513714],[54.5220834,24.4512957],[54.5221558,24.4513201],[54.522273,24.4513435],[54.5222336,24.4512297],[54.5224052,24.4512346],[54.5224428,24.4513372],[54.5224401,24.4514519],[54.5224562,24.4515862],[54.5225554,24.4515789],[54.5226225,24.4514983],[54.5226439,24.4515447],[54.5226359,24.4516131],[54.522652,24.4516985],[54.5227056,24.4517156],[54.522762,24.4516326],[54.5228237,24.4515301],[54.5229309,24.451513],[54.5230141,24.4515276],[54.5230677,24.4515179],[54.5230919,24.4514202],[54.5231294,24.4514617],[54.523175,24.4514348],[54.5232287,24.4514031],[54.5234057,24.4513909],[54.5234835,24.4514568],[54.5235524,24.4514827],[54.5235103,24.4513787],[54.5234263,24.451302],[54.5234942,24.4512664],[54.5235586,24.4512957],[54.5235961,24.4513445],[54.5236203,24.4514104],[54.5236122,24.4514739],[54.5236686,24.4515081],[54.5237509,24.4514705],[54.5237732,24.4513909],[54.5237973,24.4514104],[54.5238429,24.4513982],[54.5238716,24.4514436],[54.5238804,24.4513933],[54.5239287,24.4514031],[54.5241505,24.4515633],[54.5248774,24.4522079],[54.5248882,24.4523177],[54.5249525,24.4524447],[54.525041,24.4525473],[54.5252181,24.4526547],[54.5253254,24.4527304],[54.525446,24.452811],[54.5255212,24.4528964],[54.5255721,24.4529135],[54.525615,24.4529013],[54.5261354,24.4524252],[54.52613,24.452391],[54.5260844,24.4523348],[54.5259369,24.4521835],[54.5258618,24.4521053],[54.5258081,24.4520418],[54.5257545,24.4519881],[54.5257116,24.4518783],[54.5257223,24.451783],[54.5257384,24.4516878],[54.5257786,24.4516243],[54.525902,24.4515657],[54.5260281,24.4514632],[54.5261059,24.4513924],[54.5261702,24.4512703],[54.5262507,24.4512117],[54.5263848,24.4510847],[54.5264143,24.4509773],[54.5265136,24.4509236],[54.5266772,24.4508381],[54.526873,24.4505866],[54.5268596,24.450528],[54.5269776,24.4504059],[54.5271627,24.4502252],[54.5272941,24.4500787],[54.5273316,24.4500275],[54.5273102,24.4499762],[54.5272646,24.4499762],[54.527219,24.4499884],[54.526594,24.4494244],[54.5268193,24.4495025],[54.5269615,24.4494488],[54.5270312,24.4492925],[54.5271493,24.4492974],[54.5273021,24.4494415],[54.5273853,24.4494464],[54.5275167,24.4494537],[54.5275543,24.4493975],[54.5275355,24.449334],[54.5274899,24.4492388],[54.5274577,24.4491289],[54.5274523,24.4490337],[54.5275462,24.4489482],[54.5276025,24.448897],[54.5275838,24.4487554],[54.5276589,24.448643],[54.5277769,24.4486748],[54.5278332,24.4486186],[54.5279861,24.4486211],[54.5280076,24.44856],[54.5279807,24.4484941],[54.5279539,24.4484257],[54.527903,24.4483085],[54.5278064,24.4482304],[54.5279271,24.4481059],[54.5280076,24.4480082],[54.528021,24.4479301],[54.5281497,24.4478788],[54.5281899,24.4478104],[54.5282999,24.4477347],[54.528316,24.4476541],[54.5284367,24.4475955],[54.5285011,24.4475345],[54.5285789,24.447515],[54.5286996,24.4474026],[54.5287908,24.4473196],[54.5289812,24.4472879],[54.5290912,24.4472659],[54.5291475,24.4472024],[54.5293782,24.4470535],[54.5294828,24.4470022],[54.5296839,24.4469753],[54.5299414,24.4470071],[54.5301158,24.4469509],[54.5301453,24.4468728],[54.5302526,24.4468923],[54.5303679,24.4469607],[54.5304537,24.4469119],[54.5306442,24.4467483],[54.5308105,24.446592],[54.5309499,24.4464992],[54.5311001,24.446443],[54.5312799,24.4463283],[54.5314676,24.4461207],[54.5316151,24.4459742],[54.5317171,24.4459132],[54.5318512,24.4459376],[54.5319826,24.4460743],[54.5321462,24.4462721],[54.5322937,24.4465847],[54.5324225,24.4468874],[54.5325566,24.4470828],[54.5330152,24.4477713],[54.533203,24.4480009],[54.5335866,24.4487627],[54.5338172,24.4490606],[54.5339245,24.44919],[54.5339272,24.4493609],[54.534072,24.4494512],[54.534174,24.4496856],[54.5343832,24.4499664],[54.5343671,24.4501349],[54.5344878,24.4501935],[54.5345414,24.4502375],[54.5346031,24.4505475],[54.5347775,24.450633],[54.5348096,24.4507453],[54.5348204,24.4508845],[54.5349625,24.4509407],[54.5351315,24.4510163],[54.5352227,24.4510774],[54.535338,24.4512923],[54.5352978,24.4513948],[54.5353193,24.4514974],[54.5355017,24.4516316],[54.5355741,24.4516072],[54.5358825,24.4513777],[54.5358986,24.451346],[54.5358584,24.4513167],[54.5357833,24.4512971],[54.535684,24.4512483],[54.5355687,24.4511946],[54.5354614,24.4510456],[54.5353836,24.4509309],[54.5354158,24.4508528],[54.53533,24.4507526],[54.5351074,24.4504694],[54.5350296,24.4503351],[54.5347694,24.4498126],[54.5346058,24.4496856],[54.5344717,24.4495758],[54.5344019,24.4494488],[54.5344449,24.4494048],[54.5343966,24.4492999],[54.5344288,24.44919],[54.5345173,24.4490068],[54.5350028,24.4484135],[54.5350376,24.4483525],[54.5350189,24.4482963],[54.5349813,24.4482768],[54.5349169,24.4482865],[54.5348391,24.4483256],[54.5348016,24.448394],[54.5347426,24.4485234],[54.5344985,24.4488433],[54.5342786,24.4490728],[54.534174,24.449063],[54.5340479,24.4488896],[54.5339755,24.4487041],[54.5339057,24.4485258],[54.5338226,24.4483647],[54.5337394,24.4482109],[54.5333827,24.4476761],[54.5332191,24.4473953],[54.5331198,24.447178],[54.5329965,24.4468948],[54.5329348,24.4467263],[54.5328597,24.446548],[54.5327095,24.446321],[54.5326344,24.4461867],[54.5325324,24.4459327],[54.5324386,24.4456592],[54.5323957,24.4455127],[54.5323903,24.4454273],[54.5324547,24.4453711],[54.532519,24.4452515],[54.5326424,24.4451587],[54.5330045,24.4449072],[54.5331413,24.4447118],[54.5333452,24.4444603],[54.533549,24.4442748],[54.5336831,24.4441844],[54.5338682,24.4440037],[54.5341659,24.4437351],[54.5343993,24.4435349],[54.5346782,24.4432932],[54.5348204,24.4431564],[54.5351369,24.4429733],[54.535271,24.4429318],[54.5354265,24.4429293],[54.5357618,24.4430465],[54.5359952,24.4431808],[54.5360864,24.4433005],[54.5361481,24.443364],[54.5362258,24.4433811],[54.5362849,24.4433688],[54.5362983,24.4433322],[54.5362285,24.4432883],[54.5362419,24.4432272],[54.5362875,24.4432004],[54.5363412,24.4432126],[54.5363787,24.4432712],[54.5364216,24.4432736],[54.5364377,24.4432321],[54.5364163,24.4431882],[54.5363787,24.4431442],[54.5363197,24.4431149],[54.5362634,24.4431125],[54.5361668,24.4430905],[54.5357404,24.4427511],[54.5357082,24.4426534],[54.5357484,24.4425484],[54.5358021,24.4424556],[54.535845,24.4424214],[54.5359201,24.4424141],[54.5360327,24.4422871],[54.5360596,24.4422139],[54.5361293,24.4421577],[54.5362366,24.4420429],[54.5363224,24.4419648],[54.5362366,24.4418696],[54.53625,24.4417865],[54.5363331,24.4416962],[54.5364512,24.4417182],[54.5365558,24.4417328],[54.5368267,24.4416522],[54.5370547,24.4416181],[54.5370681,24.4415936],[54.5370305,24.4415839],[54.5369822,24.4415668],[54.5369447,24.4415399],[54.5370278,24.441325],[54.5371941,24.4412567],[54.5373685,24.4411492],[54.5374811,24.441054],[54.5375965,24.4409661],[54.5377252,24.440905],[54.5378915,24.4408806],[54.5379183,24.440844],[54.538039,24.4408074],[54.5381812,24.4407536],[54.5382804,24.4407073],[54.538385,24.4406657],[54.5384682,24.4406462],[54.5385647,24.4406706],[54.5386076,24.440761],[54.5388651,24.44185],[54.5388759,24.4419965],[54.5387659,24.4422261],[54.5387069,24.4424727],[54.5385513,24.4428023],[54.5384682,24.4428121],[54.5384011,24.4428756],[54.538377,24.4429611],[54.5384011,24.4430734],[54.5383743,24.4432101],[54.5384199,24.4433469],[54.5384226,24.4434641],[54.5383099,24.4432492],[54.5383072,24.4431564],[54.5383367,24.4430416],[54.5382563,24.4431833],[54.5382482,24.4433518],[54.538318,24.4434861],[54.5384548,24.4436423],[54.5385701,24.4437717],[54.538672,24.4438865],[54.5387257,24.4439305],[54.5388383,24.4439109],[54.5390207,24.4438523],[54.5391843,24.443784],[54.5393748,24.4436692],[54.5396001,24.4435227],[54.5397422,24.4434128],[54.5397798,24.4433249],[54.5398361,24.4432077],[54.5399273,24.4431247],[54.5398871,24.4430148],[54.5398388,24.4429171],[54.5398924,24.4427389],[54.5399568,24.4425728],[54.5401446,24.4421455],[54.5403886,24.4418012],[54.5404745,24.4417133],[54.5404798,24.4418476],[54.5403699,24.4423653],[54.5405524,24.4417413],[54.5408285,24.4407659],[54.5408366,24.4405925],[54.5408151,24.4404484],[54.5407682,24.4403129],[54.5407534,24.4402702],[54.5406649,24.4401017],[54.5403994,24.439562],[54.5401311,24.4392324],[54.5401016,24.4392739],[54.5399595,24.4390736],[54.5397851,24.4388368],[54.5397503,24.4386756],[54.5397986,24.4385486],[54.5397905,24.4384583],[54.5397047,24.4382751],[54.5395732,24.4380749],[54.5391736,24.4373765],[54.5389456,24.4370151],[54.5387659,24.4368271],[54.5384199,24.4366317],[54.5378915,24.4362532],[54.5375991,24.4360481],[54.537296,24.4358918],[54.536883,24.4357404],[54.536199,24.4355548],[54.5358155,24.4354401],[54.5354802,24.4354059],[54.5351798,24.4353131],[54.5347319,24.4351592],[54.5342491,24.43502],[54.5338601,24.4349224],[54.5334211,24.4347744],[54.5331502,24.4346791],[54.5329409,24.4345912],[54.5327961,24.4345424],[54.5325064,24.434496],[54.5321953,24.4344008],[54.5318278,24.4342664],[54.5315489,24.434181],[54.5315086,24.4341614],[54.531455,24.4341126],[54.5313826,24.4341077],[54.5313209,24.4341492],[54.5310929,24.4341004],[54.5304867,24.4339264],[54.5301138,24.4338341],[54.5295291,24.4337022],[54.5288264,24.4335167],[54.5282175,24.4333237],[54.5279198,24.4332505],[54.527732,24.4332187],[54.5275791,24.4331455],[54.5270936,24.4329892],[54.5265813,24.4328793],[54.5259859,24.4326937],[54.5256799,24.432566],[54.5253288,24.4324886],[54.5250847,24.4324104],[54.5248406,24.4323372],[54.5247521,24.4322908],[54.5247118,24.4322541],[54.5246072,24.4322541],[54.5245241,24.4322737],[54.5244007,24.4322493],[54.5241432,24.4321638],[54.5236819,24.4320197],[54.5232366,24.4318268],[54.5230355,24.4317462],[54.5228743,24.4316575],[54.5228316,24.431585],[54.5228075,24.4315044],[54.5227833,24.4314287],[54.5227646,24.4313579],[54.52266,24.431292],[54.5224347,24.431226],[54.5220591,24.4311113],[54.5217748,24.4310331],[54.5216246,24.4310209],[54.5214849,24.4310788],[54.5213645,24.4311723],[54.5211982,24.4312431],[54.5210104,24.4312383],[54.5208012,24.4311845],[54.520659,24.4311748],[54.5205812,24.431165],[54.5205249,24.431143],[54.5205061,24.4311088],[54.5203372,24.4310551],[54.5202969,24.4310942],[54.5192536,24.4307938],[54.5191838,24.4307987],[54.518591,24.4306229],[54.5185052,24.430618],[54.5181726,24.4305105],[54.5180492,24.4304397],[54.517891,24.4302689],[54.5177998,24.4301907],[54.5177622,24.4301443],[54.5177676,24.430115],[54.5177032,24.4300247],[54.517655,24.4300344],[54.5175718,24.4299075],[54.5175718,24.4298586],[54.5174726,24.4297316],[54.5170139,24.4291138],[54.5168557,24.4288916],[54.5166008,24.4286132],[54.5165526,24.4285399],[54.5164909,24.4284886],[54.5164185,24.4283982],[54.5163836,24.4283323],[54.5160993,24.4279489],[54.5159866,24.4278317],[54.5158606,24.4277999],[54.5156808,24.4278073],[54.5153295,24.4277438],[54.5148011,24.4275484],[54.5144712,24.4273677],[54.5141493,24.4270331],[54.5139079,24.4267254],[54.5137041,24.42653],[54.5134653,24.4263249],[54.5132749,24.4261442],[54.513114,24.425961],[54.5129665,24.4258047],[54.5128511,24.4256948],[54.5129045,24.4256402],[54.5129048,24.425602],[54.5128618,24.4255752],[54.5128189,24.4255483],[54.5128109,24.4255141],[54.5128404,24.4254897],[54.5128565,24.425436],[54.5128163,24.4254018],[54.5127492,24.4253749],[54.5126526,24.4253407],[54.5125346,24.4253187],[54.5124863,24.4253554],[54.5124378,24.4253985],[54.5123442,24.4253847],[54.5122986,24.4253334],[54.5122986,24.4252943],[54.5122691,24.4252943],[54.512084,24.4253016],[54.5120572,24.4252992],[54.5120357,24.4253212],[54.5119848,24.4253261],[54.5119472,24.4252455],[54.5119204,24.4252601],[54.5119577,24.4253325],[54.5118828,24.4253505],[54.5118346,24.4254408],[54.5118343,24.4255206],[54.511797,24.4255507],[54.5118262,24.4256158],[54.5118212,24.425646],[54.5119016,24.4256948],[54.5119174,24.4258845],[54.5118638,24.4258429],[54.5117648,24.4258511],[54.5117836,24.4258145],[54.5116575,24.4256997],[54.5117541,24.4255825],[54.5117806,24.425606],[54.5117836,24.4255825],[54.5117434,24.4255556],[54.5116468,24.4255459],[54.5115634,24.4255108],[54.51151,24.4254872],[54.5114,24.4254628],[54.5112418,24.4254433],[54.511105,24.4254506],[54.5110031,24.4254848],[54.5110216,24.4255645],[54.5109816,24.4255947],[54.5109307,24.4255996],[54.5109358,24.425672],[54.5109009,24.4257575],[54.5110377,24.425821],[54.5110943,24.4257974],[54.5111318,24.4257656],[54.5112177,24.4258047],[54.5112042,24.4258902],[54.511282,24.4259439],[54.5113732,24.4259903],[54.5113649,24.4260627],[54.5113035,24.4261784],[54.5108904,24.4264201],[54.5105468,24.4265414],[54.5103913,24.4263631],[54.5106222,24.4260025],[54.510531,24.4259293],[54.5103593,24.4258487],[54.5103781,24.4257754],[54.5104344,24.4256973],[54.510472,24.4256411],[54.5104881,24.4255752],[54.5105337,24.4255727],[54.5105817,24.4255719],[54.5106675,24.4256012],[54.5107188,24.4255971],[54.5107402,24.4256411],[54.5107292,24.4256818],[54.5108043,24.4256989],[54.5108287,24.425668],[54.510818,24.4255996],[54.5107724,24.4255336],[54.510689,24.4254986],[54.5105739,24.4254897],[54.5104693,24.4255117],[54.5103701,24.4255068],[54.5103057,24.4254994],[54.5102572,24.4254717],[54.5101635,24.4254872],[54.5100777,24.4254921],[54.509957,24.4254921],[54.5098578,24.4255019],[54.509831,24.425519],[54.5098414,24.4255377],[54.5098926,24.4255385],[54.5100053,24.4255361],[54.5100989,24.4255719],[54.5101448,24.4256484],[54.5101394,24.4257266],[54.5101043,24.4258039],[54.5100214,24.4258511],[54.5099299,24.4258869],[54.5098819,24.4259732],[54.5098495,24.4260676],[54.5097934,24.4261515],[54.5097103,24.4262126],[54.5096781,24.4262467],[54.5096027,24.4262874],[54.5094313,24.4262712],[54.5093777,24.4262297],[54.5092732,24.4261832],[54.5091552,24.4261539],[54.5090452,24.4261539],[54.5089755,24.4261784],[54.5088843,24.4262223],[54.5086643,24.4261906],[54.5085168,24.4261368],[54.508329,24.4261051],[54.5081628,24.4261124],[54.5080877,24.4261027],[54.5080819,24.4261531],[54.5079857,24.4261466],[54.5080206,24.4261271],[54.5080313,24.4260978],[54.5080072,24.4260758],[54.5079401,24.4260611],[54.507932,24.426061669440458],[54.5078704,24.426066],[54.5077765,24.4260514],[54.5077256,24.4260367],[54.5077041,24.4259342],[54.5076934,24.425856],[54.5077309,24.4258023],[54.507806,24.4257705],[54.5078302,24.4257241],[54.5078194,24.4256631],[54.5077685,24.4256264],[54.5077202,24.4256191],[54.5076263,24.4256557],[54.5075646,24.4257119],[54.5075163,24.4257925],[54.5075133,24.4259895],[54.5074895,24.4260831],[54.5074332,24.4261149],[54.5073661,24.4260978],[54.5073098,24.4261075],[54.5072293,24.4261173],[54.5071194,24.4261417],[54.5070926,24.4261784],[54.5070738,24.4262712],[54.5070734,24.4263729],[54.5070765,24.4264983],[54.5069826,24.4264739],[54.5069795,24.4266049],[54.5069741,24.4266952],[54.506958,24.4267954],[54.5068914,24.4268011],[54.5069048,24.4267205],[54.5069102,24.4266448],[54.5068619,24.4266302],[54.5068454,24.4267416],[54.5068507,24.4268051],[54.5068163,24.42685],[54.50676,24.4268768],[54.5067734,24.4267767],[54.5067573,24.4267156],[54.5067251,24.4266741],[54.5066983,24.4266619],[54.5066446,24.4267596],[54.5066071,24.4267962],[54.50654,24.4268011],[54.5064917,24.4267669],[54.5064971,24.426679],[54.5064917,24.4265715],[54.5064756,24.4263762],[54.5064783,24.4262003],[54.5064837,24.4261051],[54.5064488,24.4260123],[54.5064247,24.4259],[54.5064569,24.4258462],[54.5065159,24.4258145],[54.5066017,24.4258023],[54.5066764,24.4258112],[54.5066983,24.4257754],[54.5067626,24.4257534],[54.5068588,24.425777],[54.5069182,24.4257974],[54.5069826,24.4257925],[54.5070255,24.4257632],[54.5071006,24.4257437],[54.5071623,24.4257461],[54.5071328,24.4256851],[54.5070711,24.4257021],[54.5069933,24.4257266],[54.5069182,24.4256851],[54.5068136,24.425668],[54.5066741,24.4256875],[54.5065856,24.4257363],[54.50654,24.4257925],[54.5064515,24.4258169],[54.5064113,24.4257608],[54.5063523,24.4257534],[54.5062879,24.4257754],[54.5062691,24.4258194],[54.5062825,24.4258951],[54.5063411,24.4260139],[54.5063147,24.4260807],[54.5062745,24.4261368],[54.5063093,24.4262492],[54.5063362,24.4264226],[54.5063415,24.426635],[54.5063358,24.4267636],[54.5062503,24.4267401],[54.5061484,24.4267205],[54.5060948,24.4260025],[54.5061404,24.4259512],[54.5061779,24.4259171],[54.5062289,24.4259122],[54.5062396,24.4258926],[54.5062262,24.4258584],[54.5060572,24.4258804],[54.5059312,24.4258731],[54.5058507,24.4258951],[54.5058453,24.4259439],[54.5058744,24.4260017],[54.5059097,24.4260611],[54.5059151,24.4267913],[54.5058561,24.4267059],[54.5058426,24.4265593],[54.5058051,24.4264836],[54.505738,24.4264763],[54.5056173,24.4264812],[54.5055288,24.426447],[54.5054779,24.4263786],[54.5054081,24.4263347],[54.5053598,24.4262907],[54.5053518,24.426215],[54.5052901,24.4261613],[54.5051989,24.4261442],[54.5051104,24.4261417],[54.5050433,24.426171],[54.5049817,24.4261832],[54.5049521,24.4261198],[54.5048878,24.426066],[54.5048261,24.4260318],[54.504818,24.4259928],[54.5048449,24.4259903],[54.5048449,24.4259561],[54.5047617,24.425961],[54.5047537,24.4259976],[54.5047832,24.4259976],[54.5047559,24.4260432],[54.5047268,24.4260782],[54.5047291,24.4261213],[54.5047452,24.4261726],[54.5046464,24.4261955],[54.5045391,24.4261613],[54.5044908,24.4260831],[54.5045069,24.4260245],[54.5045498,24.4260196],[54.5045927,24.4260172],[54.5046035,24.4259976],[54.5045605,24.4259586],[54.5044908,24.4259073],[54.5043389,24.4258483],[54.5042573,24.4258163],[54.5041484,24.4258002],[54.5041394,24.4257754],[54.5041099,24.4257559],[54.5040777,24.4257437],[54.5040348,24.4257461],[54.503785,24.4257623],[54.5037317,24.425773],[54.5036996,24.4257998],[54.5036754,24.4258291],[54.5036084,24.4258438],[54.5035306,24.4258853],[54.5034072,24.4258951],[54.5032945,24.4259219],[54.5031792,24.4259293],[54.5030666,24.425939],[54.5029351,24.4259464],[54.5028358,24.4259428],[54.5025838,24.4259317],[54.5025006,24.4259024],[54.5024765,24.4258878],[54.5024255,24.4259219],[54.5023906,24.4258878],[54.5022458,24.4258878],[54.5020874,24.4258638],[54.5019615,24.4258853],[54.5018166,24.4258878],[54.5016262,24.4258658],[54.5014623,24.425827],[54.5013473,24.4257803],[54.5012212,24.4257754],[54.5008591,24.4257803],[54.5007384,24.425773],[54.5005399,24.4257485],[54.5003575,24.425751],[54.5000008,24.4257827],[54.4996146,24.4258145],[54.4995019,24.4258658],[54.4993919,24.4258878],[54.4992176,24.4258975],[54.4992122,24.4258731],[54.4991157,24.4258633],[54.4990593,24.425834],[54.4990513,24.4258072],[54.4990084,24.4257901],[54.4989172,24.4257949],[54.4988582,24.4257779],[54.4987032,24.4257175],[54.4986436,24.4257412],[54.498598,24.4257608],[54.4984719,24.4257852],[54.4982734,24.4258316],[54.4981259,24.4258487],[54.4979865,24.425878],[54.4979489,24.4258511],[54.4978818,24.4258169],[54.4978094,24.4258438],[54.4976431,24.4259024],[54.4975251,24.4259122],[54.4974393,24.4259048],[54.4972837,24.4259537],[54.4970906,24.4260563],[54.4970262,24.4261368],[54.4970423,24.4262101],[54.4970714,24.4262679],[54.49705,24.4264657],[54.4970553,24.4266635],[54.4970504,24.426762],[54.4970128,24.4268011],[54.4969753,24.4268182],[54.497007,24.4268857],[54.4970419,24.4271104],[54.4970768,24.4272447],[54.4971147,24.4272407],[54.4971572,24.4273326],[54.4971845,24.4273091],[54.4972002,24.4273668],[54.4971868,24.4274083],[54.4970772,24.4274361],[54.4970875,24.4276452],[54.4968948,24.4276607],[54.4969346,24.4281703],[54.497104,24.428154],[54.4971228,24.4284373],[54.4971572,24.4284462],[54.4971469,24.4285594],[54.4972323,24.4285732],[54.4972163,24.4287222],[54.4971814,24.4288199],[54.4971147,24.4288354],[54.4970956,24.4289053],[54.4970343,24.4289599],[54.4969779,24.4289526],[54.4969243,24.4289673],[54.4969162,24.4290649],[54.4968733,24.4291309],[54.4968063,24.4291504],[54.4967365,24.4291431],[54.4966936,24.4291162],[54.496648,24.4291846],[54.4966802,24.4292774],[54.496661,24.4293571],[54.4966239,24.4294239],[54.4966132,24.4295216],[54.4966637,24.4296453],[54.4966346,24.4298684],[54.496463,24.4298757],[54.4964764,24.4300027],[54.4954437,24.4300637],[54.4954514,24.4301728],[54.4964898,24.4301126],[54.4966208,24.4301093],[54.4966208,24.4301606],[54.4967795,24.4301468],[54.4968247,24.4302167],[54.4968595,24.4302827],[54.4968841,24.430425],[54.496868,24.430491],[54.4968599,24.4306473],[54.4969212,24.4306734],[54.4968998,24.430732],[54.4968707,24.4307572],[54.4969297,24.4307816],[54.4969722,24.4308297],[54.4970101,24.4310087],[54.4970128,24.4312309],[54.4970155,24.4316021],[54.4969588,24.4319042],[54.4968653,24.4320856],[54.4967821,24.4321882],[54.496648,24.4322322],[54.4965917,24.4322297],[54.4965488,24.4322199],[54.496522,24.4322151],[54.4965005,24.4321735],[54.4964281,24.4321711],[54.4963959,24.4321394],[54.4963879,24.4320734],[54.4963852,24.4320319],[54.4963664,24.4320026],[54.4962967,24.4319831],[54.4955698,24.4320246],[54.4955671,24.4320734],[54.4955081,24.4321809],[54.4954035,24.4323103],[54.4953793,24.4324251],[54.4952774,24.4324104],[54.4951111,24.4324397],[54.49491,24.4324324],[54.4947893,24.4324153],[54.4946873,24.4323665],[54.4945881,24.4322956],[54.494564,24.432259],[54.4945666,24.4322322],[54.4945425,24.4322126],[54.4945076,24.4322346],[54.4944754,24.4322688],[54.4944084,24.4322712],[54.4943521,24.4322541],[54.4942609,24.4322712],[54.4941992,24.432303],[54.4941214,24.4322541],[54.4940141,24.4322395],[54.4939149,24.4322566],[54.4938451,24.432259],[54.4937888,24.4322273],[54.4937298,24.4321491],[54.4936654,24.4320685],[54.4936413,24.4320197],[54.4936037,24.4320026],[54.4926676,24.4320759],[54.4926381,24.4320563],[54.4925845,24.4320539],[54.4925577,24.432071],[54.4925224,24.4321264],[54.4925308,24.4321931],[54.4925143,24.432312],[54.4922975,24.4324544],[54.4921366,24.4324739],[54.4916162,24.4325105],[54.4914955,24.4324764],[54.4914043,24.4324666],[54.4913721,24.4324935],[54.4907499,24.4322151],[54.4895719,24.4322966],[54.4893739,24.4323103],[54.4893471,24.4323372],[54.4893015,24.4323396],[54.48928,24.4323152],[54.4892559,24.432342],[54.4891915,24.4323469],[54.4891673,24.4323176],[54.4891352,24.4323543],[54.4890735,24.4323567],[54.489052,24.432325],[54.4890279,24.4323567],[54.4889662,24.4323616],[54.488942,24.4323323],[54.4889125,24.432364],[54.4888508,24.4323714],[54.4888187,24.4323445],[54.4886604,24.4323665],[54.4883493,24.4325643],[54.4865549,24.4326766],[54.486182,24.4325154],[54.4861358,24.4325192],[54.4852191,24.4325936],[54.4851655,24.4325667],[54.4850904,24.4325618],[54.4849241,24.432574],[54.4846183,24.4326131],[54.4842535,24.4327816],[54.4840095,24.4328378],[54.4834167,24.4328891],[54.4832209,24.4329013],[54.4830573,24.4328817],[54.4829656,24.4328697],[54.4827944,24.4328964],[54.4826549,24.4329599],[54.4825021,24.432977],[54.4822526,24.4329941],[54.4820354,24.4329867],[54.4819039,24.4330283],[54.4817457,24.433038],[54.4815713,24.4330722],[54.481456,24.4331088],[54.4813836,24.4331821],[54.4813031,24.4333066],[54.4806218,24.4333359],[54.480359,24.4333433],[54.480198,24.4334116],[54.4800899,24.4334812],[54.4800506,24.4335065],[54.4798896,24.4336852],[54.4798409,24.4338285],[54.4798409,24.4339604],[54.4798038,24.4341027],[54.4797018,24.4342102],[54.4795436,24.4344007],[54.4792512,24.4346693],[54.4791064,24.434745],[54.4789669,24.4348866],[54.4785082,24.4354263],[54.4783956,24.4355704],[54.4782239,24.4357266],[54.4780496,24.4359025],[54.4779101,24.4359708],[54.4777626,24.4361271],[54.4776794,24.4362004],[54.4776097,24.4363249],[54.4775158,24.4364495],[54.4774511,24.4365977],[54.4773469,24.4367254],[54.4772691,24.4368035],[54.4772557,24.4369183],[54.477274,24.4370275],[54.4772606,24.4370983],[54.4772422,24.4371845],[54.4772047,24.4372748],[54.4771453,24.4374328],[54.4770679,24.4376167],[54.477038,24.4377527],[54.4769951,24.437887],[54.4769522,24.4380189],[54.4769284,24.4382028],[54.4768936,24.4383029],[54.4768506,24.4383371],[54.476805,24.4383835],[54.4767993,24.4384535],[54.4767541,24.4386374],[54.4767407,24.4387229],[54.4766736,24.4387937],[54.4766253,24.4388718],[54.4766249,24.439003],[54.4766437,24.4391617],[54.47662,24.4392454],[54.4765556,24.4393334],[54.4765127,24.439431],[54.4764778,24.4396435],[54.4764349,24.4397729],[54.4763866,24.4398803],[54.4763303,24.4399927],[54.4763487,24.4400896],[54.4763889,24.4402019],[54.4764,24.4403272],[54.4764108,24.4404542],[54.4763755,24.440661],[54.4763594,24.4408002],[54.4763835,24.4409076],[54.476451,24.4410304],[54.4764935,24.4411323],[54.4765883,24.4413501],[54.4767269,24.4418819],[54.4767943,24.4420609],[54.4768587,24.4422196],[54.4769418,24.4423735],[54.4770008,24.4424956],[54.4769901,24.4426274],[54.4769848,24.4426933],[54.4761797,24.4426731],[54.4759919,24.4424557],[54.4759494,24.4424223],[54.4759088,24.4424118],[54.4751045,24.4423759],[54.4750643,24.4423881],[54.4750428,24.4424028],[54.4750321,24.4424369],[54.4750241,24.4427886],[54.4750482,24.4428252],[54.4750831,24.4428447],[54.4767004,24.4428814],[54.4769204,24.4429937],[54.4769874,24.4430498],[54.4770357,24.4431158],[54.4771081,24.443189],[54.477202,24.4432696],[54.4772449,24.4433648],[54.4773254,24.443421],[54.477371,24.4434772],[54.4773764,24.4435113],[54.4773683,24.4435675],[54.4773844,24.4436188],[54.4774005,24.4436627],[54.477422,24.4437165],[54.4774595,24.4437482],[54.4775338,24.4437571],[54.47780412886271,24.44391],[54.4783142,24.4441985],[54.4783151,24.4442341],[54.4782937,24.4443098],[54.4782695,24.4443928],[54.4781917,24.4444539],[54.478122,24.44451],[54.4781462,24.4445735],[54.4781086,24.4446468],[54.478071,24.4447493],[54.4780308,24.4447689],[54.4779611,24.4447567],[54.4779235,24.4447835],[54.4779048,24.444847],[54.4779289,24.4448836],[54.4779933,24.4449373],[54.4781059,24.4450497],[54.4782239,24.445223],[54.4783849,24.4455136],[54.4785485,24.445792],[54.4787255,24.446085],[54.4788891,24.4462925],[54.4790152,24.4465318],[54.4790661,24.4466612],[54.4791037,24.4467662],[54.4792298,24.4468712],[54.4794282,24.4470055],[54.4796267,24.4472155],[54.4797957,24.4474499],[54.4800049,24.4480115],[54.4801256,24.4483289],[54.4801337,24.4483851],[54.4801122,24.4484119],[54.4801203,24.4484461],[54.4801712,24.4485047],[54.4802275,24.4486244],[54.4803617,24.4490321],[54.4803751,24.4492006],[54.4804421,24.4493911],[54.4805199,24.4495302],[54.4806245,24.4497524],[54.4806835,24.4499063],[54.480678,24.44996],[54.4815417,24.4519633],[54.4813867,24.4525449],[54.4820288,24.4536133],[54.4820824,24.4539591],[54.4819821,24.4542853],[54.4822296,24.4546589],[54.4826837,24.4550199],[54.483004,24.4553098],[54.4835104,24.4559281],[54.48356490817248,24.456],[54.48446162750116,24.456],[54.4845055,24.4559201],[54.4846912,24.4557815],[54.4849025,24.4557151],[54.4849025,24.4555783],[54.484527,24.4556272],[54.4845767,24.4552443],[54.4844072,24.4547306],[54.4837624,24.4541529],[54.4834327,24.4533418],[54.4839798,24.4533321],[54.4850667,24.4555275],[54.4850667,24.4557326],[54.4859003,24.4556369],[54.4865977,24.4556369],[54.4869195,24.4556858],[54.487456,24.4556858],[54.4878637,24.4557346],[54.4881534,24.4557151],[54.4882392,24.4555393],[54.4881641,24.4553537],[54.4880997,24.4550998],[54.4880353,24.4547677],[54.4880353,24.4544357],[54.4878851,24.4538204],[54.4878315,24.4535665],[54.4877778,24.4533418],[54.487692,24.452834],[54.4876598,24.4526582],[54.4876169,24.4522382],[54.4875633,24.4519257],[54.4875021,24.4516014],[54.4874989,24.4513495],[54.4874485,24.4511033],[54.4874452,24.4509783],[54.4873701,24.4508123],[54.4875847,24.450783],[54.4875096,24.4506756],[54.4874667,24.4505681],[54.4873412,24.4505076],[54.4874452,24.4503044],[54.4874774,24.4501286],[54.4873197,24.4500388],[54.4871588,24.4499802],[54.4871663,24.449738],[54.4873701,24.4496208],[54.4873701,24.4493571],[54.4872521,24.4492106],[54.4870408,24.4490523],[54.4868873,24.4490836],[54.4867264,24.4489762],[54.486662,24.4488297],[54.4830572,24.4488687],[54.4829928,24.4486441],[54.4827889,24.4485269],[54.4827031,24.4483901],[54.4825314,24.4483022],[54.4822739,24.4480483],[54.4822739,24.4477846],[54.4821667,24.447599],[54.482127,24.447392],[54.4819843,24.4472279],[54.4817944,24.4471185],[54.4816517,24.4469446],[54.4815905,24.4467767],[54.4815229,24.446593],[54.481362,24.4464661],[54.4813513,24.4463586],[54.4812654,24.4461145],[54.4811581,24.4459582],[54.4810434,24.4456437],[54.4809221,24.4454112],[54.4809221,24.4452647],[54.4809007,24.4451573],[54.4811152,24.4450205],[54.4812976,24.4449131],[54.4814725,24.4448428],[54.4816195,24.4448838],[54.481716,24.4448057],[54.4818448,24.4446396],[54.4819628,24.4445224],[54.4820625,24.4444133],[54.482084,24.4443251],[54.481995,24.4442001],[54.4818587,24.4440907],[54.4818555,24.4439755],[54.481872107086616,24.44391],[54.4819199,24.4437215],[54.4820486,24.4435164],[54.4822632,24.4433211],[54.4824778,24.4432039],[54.4826816,24.4430573],[54.4827889,24.4429499],[54.4829535,24.4430078],[54.4830538,24.4430403],[54.4830353,24.4429441],[54.4830399,24.4427541],[54.4830511,24.4426467],[54.4831578,24.4424816],[54.483232,24.4423814],[54.4833146,24.4423639],[54.4833337,24.4423837],[54.4833768,24.4424711],[54.4835205,24.4426345],[54.4835968,24.4429577],[54.483704,24.442968],[54.4837842,24.4431526],[54.4838909,24.443231],[54.4839041,24.4434598],[54.4842726,24.4434498],[54.4842641,24.4432452],[54.484313,24.443219],[54.4843366,24.4431549],[54.4843237,24.4430774],[54.4841354,24.4426323],[54.4841756,24.4426055],[54.4841569,24.4425103],[54.4841359,24.442462],[54.4841944,24.442437],[54.4842266,24.4424736],[54.4843232,24.4425347],[54.4843666,24.4425206],[54.4845511,24.4428082],[54.4845887,24.4427886],[54.4845463,24.4425475],[54.4845646,24.4425054],[54.4846021,24.4425029],[54.4846826,24.4423222],[54.4847469,24.4423198],[54.4849111,24.4425206],[54.4849079,24.4425835],[54.4849079,24.4426519],[54.4849755,24.4427184],[54.4849857,24.4427813],[54.4850366,24.4428106],[54.4850983,24.442813],[54.4852056,24.4427764],[54.4852888,24.442752],[54.4853826,24.4427959],[54.4854422,24.4428307],[54.4855173,24.4428503],[54.4856026,24.4428546],[54.4856857,24.4428546],[54.4857313,24.442813],[54.4858279,24.4428472],[54.485933,24.4428112],[54.4859378,24.4427471],[54.486021,24.4427447],[54.4860585,24.4427471],[54.4861154,24.4427819],[54.4862517,24.4427813],[54.4863032,24.4428234],[54.4863938,24.4428448],[54.4865226,24.4428448],[54.4865762,24.4428423],[54.4866004,24.4428253],[54.4865682,24.4427666],[54.4865848,24.442716],[54.4866304,24.4426671],[54.4866647,24.442647],[54.4866992,24.442603],[54.4869142,24.4421513],[54.4871031,24.4421295],[54.4875186,24.4427395],[54.4875745,24.442694],[54.4876174,24.4427282],[54.4876357,24.4427959],[54.4876652,24.4428472],[54.4877027,24.4428643],[54.4877483,24.4428668],[54.4877993,24.4428668],[54.4878959,24.4428692],[54.4879366,24.4428503],[54.4879978,24.4428399],[54.488038,24.442835],[54.4880782,24.4428912],[54.488089,24.4431842],[54.4881271,24.4432361],[54.4882767,24.4432355],[54.4883733,24.4432355],[54.488502,24.4432306],[54.4885637,24.4432233],[54.4885664,24.4429229],[54.4885428,24.4428747],[54.488296,24.4428845],[54.4882424,24.4428625],[54.4882231,24.4427886],[54.4882451,24.4427746],[54.4883658,24.442799],[54.4884913,24.4427935],[54.488561,24.442813],[54.4886152,24.4428893],[54.4886576,24.442918],[54.4887837,24.4428936],[54.4888325,24.4428674],[54.48895,24.4428448],[54.4889961,24.4428552],[54.4890256,24.4428014],[54.4891007,24.442777],[54.4891726,24.4427178],[54.4892396,24.442708],[54.4893308,24.4427203],[54.4893925,24.4427007],[54.4894682,24.4427282],[54.4895401,24.4427447],[54.4896559,24.4428039],[54.489819,24.4427715],[54.4899858,24.4428283],[54.4900422,24.4428942],[54.4902111,24.4429431],[54.4903447,24.44294],[54.4904418,24.4429675],[54.4905732,24.4430407],[54.490688,24.4430401],[54.4907851,24.4430725],[54.4908275,24.4430987],[54.4908812,24.4431085],[54.4909595,24.4430407],[54.4910346,24.4429211],[54.4911446,24.442672],[54.4913184,24.4426494],[54.4914364,24.4428326],[54.4915463,24.4428057],[54.4916241,24.4426275],[54.4917126,24.4426153],[54.4918789,24.4428546],[54.4918789,24.4429229],[54.491895,24.4430206],[54.491895,24.4431891],[54.4919379,24.4432428],[54.4919251,24.4433142],[54.4919219,24.4433673],[54.491946,24.4434455],[54.4919138,24.4435578],[54.4918897,24.4436481],[54.4918789,24.4438362],[54.49190443323217,24.44391],[54.4919245,24.443968],[54.4919648,24.4440584],[54.4919862,24.4441414],[54.4920291,24.4442757],[54.492064,24.4443758],[54.4921284,24.4445125],[54.4922249,24.444554],[54.4923081,24.444598],[54.4923515,24.4446499],[54.4924127,24.4447006],[54.4924985,24.4447518],[54.4925817,24.4449228],[54.4925897,24.4450424],[54.4925527,24.4451895],[54.4925736,24.4452866],[54.4926144,24.4453482],[54.4926246,24.445416],[54.4926246,24.4454624],[54.4926782,24.4455747],[54.4928471,24.4455414],[54.4929738,24.4455021],[54.4931991,24.4453775],[54.4932848,24.4454189],[54.4933171,24.4453751],[54.4933917,24.4453427],[54.4934325,24.4453604],[54.493499,24.4453867],[54.4936063,24.4453525],[54.4936846,24.4452799],[54.4937248,24.4451871],[54.4937833,24.4449496],[54.493845,24.4449472],[54.4937806,24.4452524],[54.4937672,24.4453501],[54.4937458,24.4454404],[54.4937511,24.4454917],[54.4938133,24.4454361],[54.4938879,24.4453525],[54.4939421,24.4453116],[54.4940065,24.4452457],[54.494081,24.445206],[54.4941427,24.4451181],[54.4941856,24.4451962],[54.4941615,24.4453281],[54.4940843,24.4454386],[54.4939931,24.4456608],[54.4939174,24.445731],[54.4938799,24.4458335],[54.4938423,24.4459019],[54.4938021,24.4460142],[54.4937806,24.4460972],[54.4937323,24.4462486],[54.4936792,24.4463396],[54.4935795,24.4462853],[54.4934373,24.4462535],[54.4933359,24.4462102],[54.4932737,24.4462218],[54.4931262,24.4462022],[54.4928746,24.4461687],[54.4927641,24.4461143],[54.4926788,24.4460661],[54.4926434,24.4459825],[54.4925795,24.4459001],[54.4925795,24.4458512],[54.4926219,24.4457652],[54.4926761,24.4457291],[54.492756,24.4456992],[54.4928633,24.4456846],[54.4929577,24.4456364],[54.493043,24.4456309],[54.4931181,24.4456138],[54.492947,24.44559],[54.4928612,24.44559],[54.4927694,24.4456089],[54.4927056,24.4456535],[54.492601,24.4457072],[54.4925307,24.445792],[54.4925093,24.4458726],[54.492528,24.4459556],[54.4925549,24.4460191],[54.4926031,24.446085],[54.4925495,24.4461778],[54.4925817,24.4462389],[54.4928209,24.4462688],[54.4930167,24.4462981],[54.4931932,24.4463243],[54.4933944,24.4463829],[54.4935473,24.4464122],[54.4936224,24.4464513],[54.4936331,24.4465294],[54.4936197,24.4466149],[54.493698,24.4466326],[54.4937543,24.4465374],[54.493786,24.4464073],[54.4938343,24.4462706],[54.4938772,24.4461217],[54.4939228,24.446024],[54.4940006,24.4458457],[54.4940521,24.4457682],[54.4941701,24.445463],[54.4942371,24.445358],[54.4943257,24.445275],[54.4943653,24.445206],[54.4943975,24.4450961],[54.494419,24.4450204],[54.49447,24.4449374],[54.4944732,24.4447476],[54.4945027,24.4446133],[54.4945241,24.4445376],[54.4945241,24.444457],[54.4945826,24.444261],[54.4946497,24.4440877],[54.4947387,24.443976],[54.4947682,24.44391],[54.4947677,24.4438264],[54.4947736,24.4437464],[54.4947843,24.4437049],[54.4948186,24.4435431],[54.4948648,24.4434534],[54.4949688,24.4432868],[54.4949983,24.4431256],[54.4950311,24.4430603],[54.4950493,24.4429937],[54.49506,24.4428887],[54.4950794,24.4427038],[54.495162,24.4425933],[54.4951491,24.442506],[54.4952076,24.4423711],[54.4952135,24.4423277],[54.495251,24.442274],[54.4953583,24.4421885],[54.4954731,24.4421464],[54.4955858,24.4421269],[54.4958191,24.4421122],[54.4960981,24.4421074],[54.4964092,24.4421171],[54.4967713,24.4421269],[54.4971978,24.4421196],[54.4973855,24.4421464],[54.497635,24.4421464],[54.4978817,24.442144],[54.4979944,24.4421611],[54.4985421,24.4421592],[54.4986542,24.4421611],[54.4989627,24.4421806],[54.4991504,24.4421806],[54.4995849,24.4421928],[54.4997834,24.4421782],[54.5000141,24.4422148],[54.5001696,24.4422246],[54.5003118,24.4422197],[54.5004164,24.4422441],[54.5004486,24.4422832],[54.5005484,24.4423473],[54.5006364,24.4423369],[54.5008059,24.4422276],[54.5010011,24.4422294],[54.5011653,24.4422447],[54.5013123,24.4422636],[54.5014142,24.4422587],[54.5014657,24.4422984],[54.5016856,24.442357],[54.5018755,24.4423955],[54.5020177,24.4424346],[54.5021154,24.4424796],[54.5021795,24.4424984],[54.5022323,24.4425211],[54.5022905,24.4425223],[54.5022966,24.4425689],[54.5024179,24.4426159],[54.5025354,24.4426348],[54.5027177,24.4426934],[54.502994,24.4427276],[54.5031123,24.4427545],[54.5032773,24.4428525],[54.5033895,24.4429133],[54.5034887,24.4430023],[54.5035358,24.4431389],[54.5035285,24.4432389],[54.5034616,24.4434123],[54.5032942,24.4438741],[54.503282464796904,24.44391],[54.503159,24.4442877],[54.5029377,24.4449399],[54.5028486,24.445205],[54.5025742,24.4460214],[54.5024351,24.4459843],[54.5023793,24.4458536],[54.5024405,24.4457232],[54.5024162,24.4457039],[54.5023539,24.4458468],[54.5024011,24.44597],[54.5023627,24.4459747],[54.50236,24.4460213],[54.5024286,24.4460064],[54.5025663,24.4460435],[54.5024256,24.4464281],[54.5022596,24.446902],[54.5019934,24.4468173],[54.5020518,24.4466393],[54.5020144,24.4466227],[54.5020462,24.4465513],[54.501923,24.4465118],[54.5017453,24.4470098],[54.5018868,24.4470575],[54.5019204,24.4469638],[54.5021872,24.4470526],[54.5018442,24.4479952],[54.5018944,24.4480523],[54.5018807,24.4480869],[54.5017999,24.4480993],[54.5013958,24.4492186],[54.5011943,24.4491567],[54.5012613,24.4489809],[54.5012119,24.4489635],[54.5012441,24.4488878],[54.5011187,24.4488441],[54.5009466,24.449335],[54.5011009,24.4493844],[54.5011358,24.4492965],[54.501368,24.4493702],[54.5010692,24.4502416],[54.5011233,24.4503933],[54.5010232,24.4506894],[54.5007432,24.4515179],[54.5007626,24.4516423],[54.5007201,24.4517827],[54.500624,24.4518706],[54.5004575,24.4522485],[54.5002796,24.4527009],[54.5002156,24.4529814],[54.5001823,24.4531773],[54.5001097,24.4532189],[54.5000921,24.4532821],[54.5001243,24.4533428],[54.5000785,24.4535076],[54.4999847,24.4537933],[54.4998747,24.4541473],[54.4998023,24.4543719],[54.4996867,24.4546945],[54.4996196,24.4548214],[54.4995043,24.4549801],[54.4994345,24.4550461],[54.499357,24.4551166],[54.4992605,24.4551532],[54.4991797,24.4551999],[54.4991478,24.4552656],[54.4990754,24.4552827],[54.499011,24.455312],[54.4989738,24.4553456],[54.4989544,24.4553293],[54.4988447,24.4554243],[54.4986436,24.4555976],[54.498469,24.4557566],[54.4983566,24.4558491],[54.4983485,24.4559297],[54.49835536060241,24.456],[54.505639342795305,24.456],[54.5056835,24.4554503]]]}},{"type":"Feature","properties":{"layer":"land","subtype":"land","class":"island","name":"ساس النخل"},"geometry":{"type":"Polygon","coordinates":[[[54.4845055,24.4559201],[54.4846912,24.4557815],[54.4849025,24.4557151],[54.4849025,24.4555783],[54.484527,24.4556272],[54.4845767,24.4552443],[54.4844072,24.4547306],[54.4837624,24.4541529],[54.4834327,24.4533418],[54.4839798,24.4533321],[54.4850667,24.4555275],[54.4850667,24.4557326],[54.4859003,24.4556369],[54.4862222,24.4556369],[54.4865977,24.4556369],[54.4869195,24.4556858],[54.487456,24.4556858],[54.4878637,24.4557346],[54.4881534,24.4557151],[54.4882392,24.4555393],[54.4881641,24.4553537],[54.4880997,24.4550998],[54.4880353,24.4547677],[54.4880353,24.4544357],[54.4878851,24.4538204],[54.4878315,24.4535665],[54.4877778,24.4533418],[54.487692,24.452834],[54.4876598,24.4526582],[54.4876169,24.4522382],[54.4875633,24.4519257],[54.4875021,24.4516014],[54.4874989,24.4513495],[54.4874485,24.4511033],[54.4874452,24.4509783],[54.4873701,24.4508123],[54.4875847,24.450783],[54.4875096,24.4506756],[54.4874667,24.4505681],[54.4873412,24.4505076],[54.4874452,24.4503044],[54.4874774,24.4501286],[54.4873197,24.4500388],[54.4871588,24.4499802],[54.4871663,24.449738],[54.4873701,24.4496208],[54.4873701,24.4493571],[54.4872521,24.4492106],[54.4870408,24.4490523],[54.4868873,24.4490836],[54.4867264,24.4489762],[54.486662,24.4488297],[54.4830572,24.4488687],[54.4829928,24.4486441],[54.4827889,24.4485269],[54.4827031,24.4483901],[54.4825314,24.4483022],[54.4822739,24.4480483],[54.4822739,24.4477846],[54.4821667,24.447599],[54.482127,24.447392],[54.4819843,24.4472279],[54.4817944,24.4471185],[54.4816517,24.4469446],[54.4815905,24.4467767],[54.4815229,24.446593],[54.481362,24.4464661],[54.4813513,24.4463586],[54.4812654,24.4461145],[54.4811581,24.4459582],[54.4810434,24.4456437],[54.4809221,24.4454112],[54.4809221,24.4452647],[54.4809007,24.4451573],[54.4811152,24.4450205],[54.4812976,24.4449131],[54.4814725,24.4448428],[54.4816195,24.4448838],[54.481716,24.4448057],[54.4818448,24.4446396],[54.4819628,24.4445224],[54.4820625,24.4444133],[54.482084,24.4443251],[54.481995,24.4442001],[54.4818587,24.4440907],[54.4818555,24.4439755],[54.4819199,24.4437215],[54.4820486,24.4435164],[54.4822632,24.4433211],[54.4824778,24.4432039],[54.4826816,24.4430573],[54.4827889,24.4429499],[54.4829535,24.4430078],[54.4830538,24.4430403],[54.4830353,24.4429441],[54.4830399,24.4427541],[54.4830511,24.4426467],[54.4831578,24.4424816],[54.483232,24.4423814],[54.4833146,24.4423639],[54.4833337,24.4423837],[54.4833768,24.4424711],[54.4835205,24.4426345],[54.4835968,24.4429577],[54.483704,24.442968],[54.4837842,24.4431526],[54.4838909,24.443231],[54.4839041,24.4434598],[54.4842726,24.4434498],[54.4842641,24.4432452],[54.484313,24.443219],[54.4843366,24.4431549],[54.4843237,24.4430774],[54.4841354,24.4426323],[54.4841756,24.4426055],[54.4841569,24.4425103],[54.4841359,24.442462],[54.4841944,24.442437],[54.4842266,24.4424736],[54.4843232,24.4425347],[54.4843666,24.4425206],[54.4845511,24.4428082],[54.4845887,24.4427886],[54.4845463,24.4425475],[54.4845646,24.4425054],[54.4846021,24.4425029],[54.4846826,24.4423222],[54.4847469,24.4423198],[54.4849111,24.4425206],[54.4849079,24.4425835],[54.4849079,24.4426519],[54.4849755,24.4427184],[54.4849857,24.4427813],[54.4850366,24.4428106],[54.4850983,24.442813],[54.4852056,24.4427764],[54.4852888,24.442752],[54.4853826,24.4427959],[54.4854422,24.4428307],[54.4855173,24.4428503],[54.4856026,24.4428546],[54.4856857,24.4428546],[54.4857313,24.442813],[54.4858279,24.4428472],[54.485933,24.4428112],[54.4859378,24.4427471],[54.486021,24.4427447],[54.4860585,24.4427471],[54.4861154,24.4427819],[54.4862517,24.4427813],[54.4863032,24.4428234],[54.4863938,24.4428448],[54.4865226,24.4428448],[54.4865762,24.4428423],[54.4866004,24.4428253],[54.4865682,24.4427666],[54.4865848,24.442716],[54.4866304,24.4426671],[54.4866647,24.442647],[54.4866992,24.442603],[54.4869142,24.4421513],[54.4871031,24.4421295],[54.4875186,24.4427395],[54.4875745,24.442694],[54.4876174,24.4427282],[54.4876357,24.4427959],[54.4876652,24.4428472],[54.4877027,24.4428643],[54.4877483,24.4428668],[54.4877993,24.4428668],[54.4878959,24.4428692],[54.4879366,24.4428503],[54.4879978,24.4428399],[54.488038,24.442835],[54.4880782,24.4428912],[54.488089,24.4431842],[54.4881271,24.4432361],[54.4882767,24.4432355],[54.4883733,24.4432355],[54.488502,24.4432306],[54.4885637,24.4432233],[54.4885664,24.4429229],[54.4885428,24.4428747],[54.488296,24.4428845],[54.4882424,24.4428625],[54.4882231,24.4427886],[54.4882451,24.4427746],[54.4883658,24.442799],[54.4884913,24.4427935],[54.488561,24.442813],[54.4886152,24.4428893],[54.4886576,24.442918],[54.4887837,24.4428936],[54.4888325,24.4428674],[54.48895,24.4428448],[54.4889961,24.4428552],[54.4890256,24.4428014],[54.4891007,24.442777],[54.4891726,24.4427178],[54.4892396,24.442708],[54.4893308,24.4427203],[54.4893925,24.4427007],[54.4894682,24.4427282],[54.4895401,24.4427447],[54.4896559,24.4428039],[54.489819,24.4427715],[54.4899858,24.4428283],[54.4900422,24.4428942],[54.4902111,24.4429431],[54.4903447,24.44294],[54.4904418,24.4429675],[54.4905732,24.4430407],[54.490688,24.4430401],[54.4907851,24.4430725],[54.4908275,24.4430987],[54.4908812,24.4431085],[54.4909595,24.4430407],[54.4910346,24.4429211],[54.4911446,24.442672],[54.4913184,24.4426494],[54.4914364,24.4428326],[54.4915463,24.4428057],[54.4916241,24.4426275],[54.4917126,24.4426153],[54.4918789,24.4428546],[54.4918789,24.4429229],[54.491895,24.4430206],[54.491895,24.4430938],[54.491895,24.4431891],[54.4919379,24.4432428],[54.4919251,24.4433142],[54.4919219,24.4433673],[54.491946,24.4434455],[54.4919138,24.4435578],[54.4918897,24.4436481],[54.4918789,24.4438362],[54.4919245,24.443968],[54.4919648,24.4440584],[54.4919862,24.4441414],[54.4920291,24.4442757],[54.492064,24.4443758],[54.4921284,24.4445125],[54.4922249,24.444554],[54.4923081,24.444598],[54.4923515,24.4446499],[54.4924127,24.4447006],[54.4924985,24.4447518],[54.4925817,24.4449228],[54.4925897,24.4450424],[54.4925527,24.4451895],[54.4925736,24.4452866],[54.4926144,24.4453482],[54.4926246,24.445416],[54.4926246,24.4454624],[54.4926782,24.4455747],[54.4928471,24.4455414],[54.4929738,24.4455021],[54.4931991,24.4453775],[54.4932848,24.4454189],[54.4933171,24.4453751],[54.4933917,24.4453427],[54.4934325,24.4453604],[54.493499,24.4453867],[54.4936063,24.4453525],[54.4936846,24.4452799],[54.4937248,24.4451871],[54.4937833,24.4449496],[54.493845,24.4449472],[54.4937806,24.4452524],[54.4937672,24.4453501],[54.4937458,24.4454404],[54.4937511,24.4454917],[54.4938133,24.4454361],[54.4938879,24.4453525],[54.4939421,24.4453116],[54.4940065,24.4452457],[54.494081,24.445206],[54.4941427,24.4451181],[54.4941856,24.4451962],[54.4941615,24.4453281],[54.4940843,24.4454386],[54.4939931,24.4456608],[54.4939174,24.445731],[54.4938799,24.4458335],[54.4938423,24.4459019],[54.4938021,24.4460142],[54.4937806,24.4460972],[54.4937323,24.4462486],[54.4936792,24.4463396],[54.4935795,24.4462853],[54.4934373,24.4462535],[54.4933359,24.4462102],[54.4932737,24.4462218],[54.4931262,24.4462022],[54.4928746,24.4461687],[54.4927641,24.4461143],[54.4926788,24.4460661],[54.4926434,24.4459825],[54.4925795,24.4459001],[54.4925795,24.4458512],[54.4926219,24.4457652],[54.4926761,24.4457291],[54.492756,24.4456992],[54.4928633,24.4456846],[54.4929577,24.4456364],[54.493043,24.4456309],[54.4931181,24.4456138],[54.492947,24.44559],[54.4928612,24.44559],[54.4927694,24.4456089],[54.4927056,24.4456535],[54.492601,24.4457072],[54.4925307,24.445792],[54.4925093,24.4458726],[54.492528,24.4459556],[54.4925549,24.4460191],[54.4926031,24.446085],[54.4925495,24.4461778],[54.4925817,24.4462389],[54.4928209,24.4462688],[54.4930167,24.4462981],[54.4931932,24.4463243],[54.4933944,24.4463829],[54.4935473,24.4464122],[54.4936224,24.4464513],[54.4936331,24.4465294],[54.4936197,24.4466149],[54.493698,24.4466326],[54.4937543,24.4465374],[54.493786,24.4464073],[54.4938343,24.4462706],[54.4938772,24.4461217],[54.4939228,24.446024],[54.4940006,24.4458457],[54.4940521,24.4457682],[54.4941701,24.445463],[54.4942371,24.445358],[54.4943257,24.445275],[54.4943653,24.445206],[54.4943975,24.4450961],[54.494419,24.4450204],[54.49447,24.4449374],[54.4944732,24.4447476],[54.4945027,24.4446133],[54.4945241,24.4445376],[54.4945241,24.444457],[54.4945826,24.444261],[54.4946497,24.4440877],[54.4947387,24.443976],[54.4947682,24.44391],[54.4947677,24.4438264],[54.4947736,24.4437464],[54.4947843,24.4437049],[54.4948186,24.4435431],[54.4948648,24.4434534],[54.4949688,24.4432868],[54.4949983,24.4431256],[54.4950311,24.4430603],[54.4950493,24.4429937],[54.49506,24.4428887],[54.4950794,24.4427038],[54.495162,24.4425933],[54.4951491,24.442506],[54.4952076,24.4423711],[54.4952135,24.4423277],[54.495251,24.442274],[54.4953583,24.4421885],[54.4954731,24.4421464],[54.4955858,24.4421269],[54.4958191,24.4421122],[54.4960981,24.4421074],[54.4964092,24.4421171],[54.4967713,24.4421269],[54.4971978,24.4421196],[54.4973855,24.4421464],[54.497635,24.4421464],[54.4978817,24.442144],[54.4979944,24.4421611],[54.4985421,24.4421592],[54.4986542,24.4421611],[54.4989627,24.4421806],[54.4991504,24.4421806],[54.4995849,24.4421928],[54.4997834,24.4421782],[54.5000141,24.4422148],[54.5001696,24.4422246],[54.5003118,24.4422197],[54.5004164,24.4422441],[54.5004486,24.4422832],[54.5005484,24.4423473],[54.5006364,24.4423369],[54.5008059,24.4422276],[54.5010011,24.4422294],[54.5011653,24.4422447],[54.5013123,24.4422636],[54.5014142,24.4422587],[54.5014657,24.4422984],[54.5016856,24.442357],[54.5018755,24.4423955],[54.5020177,24.4424346],[54.5021154,24.4424796],[54.5021795,24.4424984],[54.5022323,24.4425211],[54.5022905,24.4425223],[54.5022966,24.4425689],[54.5024179,24.4426159],[54.5025354,24.4426348],[54.5027177,24.4426934],[54.502994,24.4427276],[54.5031123,24.4427545],[54.5032773,24.4428525],[54.5033895,24.4429133],[54.5034887,24.4430023],[54.5035358,24.4431389],[54.5035285,24.4432389],[54.5034616,24.4434123],[54.5032942,24.4438741],[54.503159,24.4442877],[54.5029377,24.4449399],[54.5028486,24.445205],[54.5025742,24.4460214],[54.5024351,24.4459843],[54.5023793,24.4458536],[54.5024405,24.4457232],[54.5024162,24.4457039],[54.5023539,24.4458468],[54.5024011,24.44597],[54.5023627,24.4459747],[54.50236,24.4460213],[54.5024286,24.4460064],[54.5025663,24.4460435],[54.5024256,24.4464281],[54.5022596,24.446902],[54.5019934,24.4468173],[54.5020518,24.4466393],[54.5020144,24.4466227],[54.5020462,24.4465513],[54.501923,24.4465118],[54.5017453,24.4470098],[54.5018868,24.4470575],[54.5019204,24.4469638],[54.5021872,24.4470526],[54.5018442,24.4479952],[54.5018944,24.4480523],[54.5018807,24.4480869],[54.5017999,24.4480993],[54.5013958,24.4492186],[54.5011943,24.4491567],[54.5012613,24.4489809],[54.5012119,24.4489635],[54.5012441,24.4488878],[54.5011187,24.4488441],[54.5009466,24.449335],[54.5011009,24.4493844],[54.5011358,24.4492965],[54.501368,24.4493702],[54.5010692,24.4502416],[54.5011233,24.4503933],[54.5010232,24.4506894],[54.5007432,24.4515179],[54.5007626,24.4516423],[54.5007201,24.4517827],[54.500624,24.4518706],[54.5004575,24.4522485],[54.5002796,24.4527009],[54.5002156,24.4529814],[54.5001823,24.4531773],[54.5001097,24.4532189],[54.5000921,24.4532821],[54.5001243,24.4533428],[54.5000785,24.4535076],[54.4999847,24.4537933],[54.4998747,24.4541473],[54.4998023,24.4543719],[54.4996867,24.4546945],[54.4996196,24.4548214],[54.4995043,24.4549801],[54.4994345,24.4550461],[54.499357,24.4551166],[54.4992605,24.4551532],[54.4991797,24.4551999],[54.4991478,24.4552656],[54.4990754,24.4552827],[54.499011,24.455312],[54.4989738,24.4553456],[54.4989544,24.4553293],[54.4988447,24.4554243],[54.4986436,24.4555976],[54.498469,24.4557566],[54.4983566,24.4558491],[54.4983485,24.4559297],[54.49835536060241,24.456],[54.505639342795305,24.456],[54.5056835,24.4554503],[54.5057058,24.4552902],[54.5057729,24.4552462],[54.5058024,24.4552902],[54.505864,24.4553146],[54.505856,24.4552462],[54.5059016,24.4552462],[54.5059713,24.4552145],[54.5060196,24.4552267],[54.5060464,24.4551876],[54.5060169,24.455107],[54.5060867,24.4551339],[54.5061296,24.4551363],[54.5061349,24.4551949],[54.5061618,24.4552047],[54.506202,24.455151],[54.5062583,24.4551583],[54.5063308,24.4550997],[54.5063871,24.4551339],[54.50643,24.4550753],[54.506497,24.4550899],[54.5065177,24.4550475],[54.5065158,24.454985],[54.5066017,24.4549361],[54.5067653,24.4548922],[54.5068484,24.4548482],[54.5068887,24.4548458],[54.5069208,24.4547847],[54.5069691,24.4547701],[54.5070362,24.4547017],[54.5071166,24.4546871],[54.5071542,24.4546553],[54.5071676,24.4545967],[54.5072052,24.4546309],[54.5072561,24.4546456],[54.5073044,24.4546041],[54.5073607,24.4545894],[54.507417,24.4545455],[54.5074841,24.4545381],[54.5075297,24.4544771],[54.507578,24.4544844],[54.5076424,24.454399],[54.507704,24.4544112],[54.5077818,24.454355],[54.5079133,24.4543233],[54.507932,24.4542696],[54.5080071,24.4542452],[54.5080098,24.4542159],[54.5080661,24.4541817],[54.5081412,24.4541109],[54.5081278,24.4540547],[54.5083585,24.4540645],[54.508439,24.4540547],[54.5085302,24.4540547],[54.5085865,24.4539888],[54.5087689,24.4539253],[54.5088413,24.4538691],[54.5088628,24.4537959],[54.5090156,24.4537739],[54.5090425,24.4537104],[54.5091149,24.4537056],[54.5091712,24.4537275],[54.5092302,24.4537886],[54.5092731,24.4537495],[54.5093348,24.4537544],[54.5095092,24.4536934],[54.5095709,24.4536909],[54.5096326,24.453708],[54.5097291,24.4537056],[54.5097854,24.4537202],[54.5098954,24.4536714],[54.5099651,24.4537031],[54.5100054,24.4536641],[54.5100483,24.4537007],[54.5100966,24.4536518],[54.5101127,24.4536616],[54.5101958,24.4536836],[54.5103272,24.4536763],[54.5104131,24.4536714],[54.5104855,24.4536714],[54.5105357,24.4536558],[54.5105284,24.4535371],[54.5105847,24.4535835],[54.5106411,24.4535469],[54.5107296,24.4535029],[54.5107591,24.4535249],[54.5108315,24.4535224],[54.5109146,24.4535395],[54.5110032,24.4535737],[54.511148,24.4536055],[54.5112231,24.4536079],[54.5113304,24.453647],[54.5113894,24.4536225],[54.5115369,24.4536323],[54.5116013,24.4536323],[54.5116442,24.4535908],[54.511781,24.4536079],[54.5119017,24.4535981],[54.5119983,24.4536128],[54.5120814,24.4535688],[54.5121833,24.4535664],[54.5122531,24.4535298],[54.512355,24.4535566],[54.5124086,24.4534809],[54.5124864,24.4535053],[54.5126178,24.4535102],[54.5126339,24.4534541],[54.5127412,24.4534712],[54.5128297,24.4534736],[54.5128512,24.4534199],[54.5129129,24.4534101],[54.5129317,24.4533735],[54.5130068,24.4534004],[54.5130247,24.4533457],[54.5129773,24.4532636],[54.513106,24.4532929],[54.5132321,24.4533076],[54.5132938,24.4533003],[54.5131355,24.4531708],[54.5132616,24.4532124],[54.5133555,24.4532563],[54.5134467,24.4531635],[54.513503,24.4531879],[54.5135727,24.453205],[54.5136229,24.4531894],[54.5136129,24.4531171],[54.5136666,24.4531269],[54.5137497,24.453122],[54.513739,24.4530268],[54.5138248,24.4530585],[54.5138704,24.4530366],[54.513908,24.4530707],[54.5139965,24.4530781],[54.5140609,24.4530439],[54.5141092,24.4530659],[54.5141467,24.4530244],[54.5142138,24.4530537],[54.5143532,24.453061],[54.5144766,24.4531171],[54.5145571,24.4530732],[54.514651,24.4531],[54.5147314,24.453166],[54.5147958,24.4531586],[54.5148977,24.4532075],[54.5149594,24.4531611],[54.5151472,24.453227],[54.5152652,24.4532636],[54.5153878,24.4532578],[54.515351,24.4531977],[54.5154288,24.4531611],[54.5154932,24.4530976],[54.5155683,24.4531025],[54.5156434,24.4531611],[54.5157346,24.4532124],[54.5158392,24.4532417],[54.5158848,24.45331],[54.5159706,24.4534101],[54.5160243,24.4533759],[54.5161101,24.4533882],[54.5161262,24.4533198],[54.5161986,24.4533393],[54.5162549,24.4532636],[54.5162791,24.4532124],[54.516389,24.4532368],[54.5164856,24.4532612],[54.5165446,24.4533149],[54.5165956,24.4532734],[54.5166519,24.453271],[54.5166975,24.453354],[54.5167664,24.4533042],[54.5168075,24.4532001],[54.5168584,24.4532343],[54.5169228,24.4532026],[54.517014,24.4531953],[54.5170489,24.4532417],[54.5171105,24.4531757],[54.5172205,24.4531635],[54.5172554,24.4532172],[54.5173278,24.4531977],[54.5173707,24.4532563],[54.5174485,24.4533027],[54.5174861,24.4532465],[54.5176014,24.4532124],[54.5176926,24.4531928],[54.5177704,24.4532246],[54.5177328,24.45279],[54.5177918,24.4526215],[54.5179233,24.4525775],[54.5179876,24.4526947],[54.5180547,24.4528363],[54.5181217,24.4529853],[54.5181593,24.4531513],[54.5182478,24.4533198],[54.5183363,24.4534931],[54.518457,24.4536763],[54.5185589,24.4538081],[54.5186206,24.4538936],[54.5186045,24.4539693],[54.5185643,24.4539839],[54.5184811,24.4539912],[54.5186935,24.4542018],[54.5187949,24.4544136],[54.5188674,24.4543428],[54.5189256,24.4542613],[54.5189076,24.4541231],[54.5188612,24.4539341],[54.5187682,24.4537788],[54.518677,24.4535493],[54.5186635,24.4533833],[54.5185715,24.4532749],[54.5185589,24.4531269],[54.5185018,24.4529306],[54.5184624,24.4528241],[54.5183757,24.4526474],[54.5183175,24.4524848],[54.5184133,24.4525131],[54.518339,24.4524408],[54.5184973,24.4524555],[54.5185536,24.4524213],[54.5185777,24.4523822],[54.5186654,24.4524008],[54.5186019,24.4523187],[54.5186788,24.4523275],[54.5186475,24.4522601],[54.5187333,24.4522601],[54.5187869,24.4521942],[54.5188693,24.4522079],[54.5188406,24.45216],[54.5189291,24.4520868],[54.5190203,24.4520941],[54.5189479,24.4519989],[54.5190678,24.4519906],[54.5190391,24.4519036],[54.5191061,24.4518011],[54.519218,24.4518245],[54.5191509,24.4516756],[54.5191142,24.4515691],[54.5192099,24.4515853],[54.5191195,24.4514739],[54.519251,24.4514886],[54.519428,24.4515862],[54.5194924,24.4517278],[54.5195433,24.4518499],[54.5195353,24.4519696],[54.5195809,24.452099],[54.519597,24.4522674],[54.5196104,24.4523529],[54.5196721,24.4524481],[54.5197981,24.4529926],[54.5198544,24.4533149],[54.5198035,24.4534809],[54.5197445,24.453647],[54.5198429,24.4536875],[54.5198947,24.4535151],[54.5199188,24.4534297],[54.519833,24.4534321],[54.5198732,24.4533442],[54.5200012,24.4533139],[54.5197517,24.4522616],[54.5197785,24.4520052],[54.5197069,24.4518206],[54.5196069,24.4514021],[54.5195782,24.4512639],[54.5196613,24.4511956],[54.5197123,24.4511736],[54.519774,24.4511565],[54.519833,24.4511834],[54.5199027,24.4511394],[54.5199644,24.4511541],[54.5200476,24.4512468],[54.5201522,24.4511589],[54.5202353,24.451259],[54.5202997,24.4511809],[54.5203828,24.4512346],[54.5203507,24.4515838],[54.5203319,24.4520355],[54.5203265,24.4525141],[54.5203212,24.4525727],[54.5203265,24.4526508],[54.5203024,24.4528193],[54.5202568,24.4528461],[54.5202621,24.4528974],[54.5203024,24.4528974],[54.5203051,24.4530024],[54.5202621,24.4530048],[54.5202621,24.4530488],[54.5202916,24.4530585],[54.5202353,24.4532001],[54.5202165,24.4534638],[54.5202434,24.4536958],[54.520297,24.4545601],[54.5203874,24.4545567],[54.520407,24.4539497],[54.5204392,24.4530634],[54.5204947,24.452225],[54.520551,24.4516976],[54.5205457,24.4514974],[54.5206028,24.4513469],[54.5206672,24.4513079],[54.5209112,24.4513567],[54.5210311,24.4514046],[54.5210212,24.4513054],[54.5210668,24.4512468],[54.5211285,24.4512078],[54.5212036,24.4512029],[54.5213592,24.4512566],[54.5214691,24.4513299],[54.5215952,24.4513933],[54.5215952,24.4513372],[54.5214952,24.4512214],[54.5214504,24.4511394],[54.5215201,24.4511296],[54.5216086,24.4511711],[54.5216328,24.451242],[54.5217052,24.4512224],[54.5217669,24.4511785],[54.5217856,24.4512395],[54.5218607,24.4512224],[54.52196,24.45122],[54.5219922,24.451303],[54.5220217,24.4513714],[54.5220834,24.4512957],[54.5221558,24.4513201],[54.522273,24.4513435],[54.5222336,24.4512297],[54.5224052,24.4512346],[54.5224428,24.4513372],[54.5224401,24.4514519],[54.5224562,24.4515862],[54.5225554,24.4515789],[54.5226225,24.4514983],[54.5226439,24.4515447],[54.5226359,24.4516131],[54.522652,24.4516985],[54.5227056,24.4517156],[54.522762,24.4516326],[54.5228237,24.4515301],[54.5229309,24.451513],[54.5230141,24.4515276],[54.5230677,24.4515179],[54.5230919,24.4514202],[54.5231294,24.4514617],[54.523175,24.4514348],[54.5232287,24.4514031],[54.5234057,24.4513909],[54.5234835,24.4514568],[54.5235524,24.4514827],[54.5235103,24.4513787],[54.5234263,24.451302],[54.5234942,24.4512664],[54.5235586,24.4512957],[54.5235961,24.4513445],[54.5236203,24.4514104],[54.5236122,24.4514739],[54.5236686,24.4515081],[54.5237509,24.4514705],[54.5237732,24.4513909],[54.5237973,24.4514104],[54.5238429,24.4513982],[54.5238716,24.4514436],[54.5238804,24.4513933],[54.5239287,24.4514031],[54.5241505,24.4515633],[54.5248774,24.4522079],[54.5248882,24.4523177],[54.5249525,24.4524447],[54.525041,24.4525473],[54.5252181,24.4526547],[54.5253254,24.4527304],[54.525446,24.452811],[54.5255212,24.4528964],[54.5255721,24.4529135],[54.525615,24.4529013],[54.5261354,24.4524252],[54.52613,24.452391],[54.5260844,24.4523348],[54.5259369,24.4521835],[54.5258618,24.4521053],[54.5258081,24.4520418],[54.5257545,24.4519881],[54.5257116,24.4518783],[54.5257223,24.451783],[54.5257384,24.4516878],[54.5257786,24.4516243],[54.525902,24.4515657],[54.5260281,24.4514632],[54.5261059,24.4513924],[54.5261702,24.4512703],[54.5262507,24.4512117],[54.5263848,24.4510847],[54.5264143,24.4509773],[54.5265136,24.4509236],[54.5266772,24.4508381],[54.526873,24.4505866],[54.5268596,24.450528],[54.5269776,24.4504059],[54.5271627,24.4502252],[54.5272941,24.4500787],[54.5273316,24.4500275],[54.5273102,24.4499762],[54.5272646,24.4499762],[54.527219,24.4499884],[54.526594,24.4494244],[54.5268193,24.4495025],[54.5269615,24.4494488],[54.5270312,24.4492925],[54.5271493,24.4492974],[54.5273021,24.4494415],[54.5273853,24.4494464],[54.5275167,24.4494537],[54.5275543,24.4493975],[54.5275355,24.449334],[54.5274899,24.4492388],[54.5274577,24.4491289],[54.5274523,24.4490337],[54.5275462,24.4489482],[54.5276025,24.448897],[54.5275838,24.4487554],[54.5276589,24.448643],[54.5277769,24.4486748],[54.5278332,24.4486186],[54.5279861,24.4486211],[54.5280076,24.44856],[54.5279807,24.4484941],[54.5279539,24.4484257],[54.527903,24.4483085],[54.5278064,24.4482304],[54.5279271,24.4481059],[54.5280076,24.4480082],[54.528021,24.4479301],[54.5281497,24.4478788],[54.5281899,24.4478104],[54.5282999,24.4477347],[54.528316,24.4476541],[54.5284367,24.4475955],[54.5285011,24.4475345],[54.5285789,24.447515],[54.5286996,24.4474026],[54.5287908,24.4473196],[54.5289812,24.4472879],[54.5290912,24.4472659],[54.5291475,24.4472024],[54.5293782,24.4470535],[54.5294828,24.4470022],[54.5296839,24.4469753],[54.5299414,24.4470071],[54.5301158,24.4469509],[54.5301453,24.4468728],[54.5302526,24.4468923],[54.5303679,24.4469607],[54.5304537,24.4469119],[54.5306442,24.4467483],[54.5308105,24.446592],[54.5309499,24.4464992],[54.5311001,24.446443],[54.5312799,24.4463283],[54.5314676,24.4461207],[54.5316151,24.4459742],[54.5317171,24.4459132],[54.5318512,24.4459376],[54.5319826,24.4460743],[54.5321462,24.4462721],[54.5322937,24.4465847],[54.5324225,24.4468874],[54.5325566,24.4470828],[54.5330152,24.4477713],[54.533203,24.4480009],[54.5335866,24.4487627],[54.5338172,24.4490606],[54.5339245,24.44919],[54.5339272,24.4493609],[54.534072,24.4494512],[54.534174,24.4496856],[54.5343832,24.4499664],[54.5343671,24.4501349],[54.5344878,24.4501935],[54.5345414,24.4502375],[54.5346031,24.4505475],[54.5347775,24.450633],[54.5348096,24.4507453],[54.5348204,24.4508845],[54.5349625,24.4509407],[54.5351315,24.4510163],[54.5352227,24.4510774],[54.535338,24.4512923],[54.5352978,24.4513948],[54.5353193,24.4514974],[54.5355017,24.4516316],[54.5355741,24.4516072],[54.5358825,24.4513777],[54.5358986,24.451346],[54.5358584,24.4513167],[54.5357833,24.4512971],[54.535684,24.4512483],[54.5355687,24.4511946],[54.5354614,24.4510456],[54.5353836,24.4509309],[54.5354158,24.4508528],[54.53533,24.4507526],[54.5351074,24.4504694],[54.5350296,24.4503351],[54.5347694,24.4498126],[54.5346058,24.4496856],[54.5344717,24.4495758],[54.5344019,24.4494488],[54.5344449,24.4494048],[54.5343966,24.4492999],[54.5344288,24.44919],[54.5345173,24.4490068],[54.5350028,24.4484135],[54.5350376,24.4483525],[54.5350189,24.4482963],[54.5349813,24.4482768],[54.5349169,24.4482865],[54.5348391,24.4483256],[54.5348016,24.448394],[54.5347426,24.4485234],[54.5344985,24.4488433],[54.5342786,24.4490728],[54.534174,24.449063],[54.5340479,24.4488896],[54.5339755,24.4487041],[54.5339057,24.4485258],[54.5338226,24.4483647],[54.5337394,24.4482109],[54.5333827,24.4476761],[54.5332191,24.4473953],[54.5331198,24.447178],[54.5329965,24.4468948],[54.5329348,24.4467263],[54.5328597,24.446548],[54.5327095,24.446321],[54.5326344,24.4461867],[54.5325324,24.4459327],[54.5324386,24.4456592],[54.5323957,24.4455127],[54.5323903,24.4454273],[54.5324547,24.4453711],[54.532519,24.4452515],[54.5326424,24.4451587],[54.5330045,24.4449072],[54.5331413,24.4447118],[54.5333452,24.4444603],[54.533549,24.4442748],[54.5336831,24.4441844],[54.5338682,24.4440037],[54.5341659,24.4437351],[54.5343993,24.4435349],[54.5346782,24.4432932],[54.5348204,24.4431564],[54.5351369,24.4429733],[54.535271,24.4429318],[54.5354265,24.4429293],[54.5357618,24.4430465],[54.5359952,24.4431808],[54.5360864,24.4433005],[54.5361481,24.443364],[54.5362258,24.4433811],[54.5362849,24.4433688],[54.5362983,24.4433322],[54.5362285,24.4432883],[54.5362419,24.4432272],[54.5362875,24.4432004],[54.5363412,24.4432126],[54.5363787,24.4432712],[54.5364216,24.4432736],[54.5364377,24.4432321],[54.5364163,24.4431882],[54.5363787,24.4431442],[54.5363197,24.4431149],[54.5362634,24.4431125],[54.5361668,24.4430905],[54.5357404,24.4427511],[54.5357082,24.4426534],[54.5357484,24.4425484],[54.5358021,24.4424556],[54.535845,24.4424214],[54.5359201,24.4424141],[54.5360327,24.4422871],[54.5360596,24.4422139],[54.5361293,24.4421577],[54.5362366,24.4420429],[54.5363224,24.4419648],[54.5362366,24.4418696],[54.53625,24.4417865],[54.5363331,24.4416962],[54.5364512,24.4417182],[54.5365558,24.4417328],[54.5368267,24.4416522],[54.5370547,24.4416181],[54.5370681,24.4415936],[54.5370305,24.4415839],[54.5369822,24.4415668],[54.5369447,24.4415399],[54.5370278,24.441325],[54.5371941,24.4412567],[54.5373685,24.4411492],[54.5374811,24.441054],[54.5375965,24.4409661],[54.5377252,24.440905],[54.5378915,24.4408806],[54.5379183,24.440844],[54.538039,24.4408074],[54.5381812,24.4407536],[54.5382804,24.4407073],[54.538385,24.4406657],[54.5384682,24.4406462],[54.5385647,24.4406706],[54.5386076,24.440761],[54.5388651,24.44185],[54.5388759,24.4419965],[54.5387659,24.4422261],[54.5387069,24.4424727],[54.5385513,24.4428023],[54.5384682,24.4428121],[54.5384011,24.4428756],[54.538377,24.4429611],[54.5384011,24.4430734],[54.5383743,24.4432101],[54.5384199,24.4433469],[54.5384226,24.4434641],[54.5383099,24.4432492],[54.5383072,24.4431564],[54.5383367,24.4430416],[54.5382563,24.4431833],[54.5382482,24.4433518],[54.538318,24.4434861],[54.5384548,24.4436423],[54.5385701,24.4437717],[54.538672,24.4438865],[54.5387257,24.4439305],[54.5388383,24.4439109],[54.5390207,24.4438523],[54.5391843,24.443784],[54.5393748,24.4436692],[54.5396001,24.4435227],[54.5397422,24.4434128],[54.5397798,24.4433249],[54.5398361,24.4432077],[54.5399273,24.4431247],[54.5398871,24.4430148],[54.5398388,24.4429171],[54.5398924,24.4427389],[54.5399568,24.4425728],[54.5401446,24.4421455],[54.5403886,24.4418012],[54.5404745,24.4417133],[54.5404798,24.4418476],[54.5403699,24.4423653],[54.5405524,24.4417413],[54.5408285,24.4407659],[54.5408366,24.4405925],[54.5408151,24.4404484],[54.5407682,24.4403129],[54.5407534,24.4402702],[54.5406649,24.4401017],[54.5403994,24.439562],[54.5401311,24.4392324],[54.5401016,24.4392739],[54.5399595,24.4390736],[54.5397851,24.4388368],[54.5397503,24.4386756],[54.5397986,24.4385486],[54.5397905,24.4384583],[54.5397047,24.4382751],[54.5395732,24.4380749],[54.5391736,24.4373765],[54.5389456,24.4370151],[54.5387659,24.4368271],[54.5384199,24.4366317],[54.5378915,24.4362532],[54.5375991,24.4360481],[54.537296,24.4358918],[54.536883,24.4357404],[54.536199,24.4355548],[54.5358155,24.4354401],[54.5354802,24.4354059],[54.5351798,24.4353131],[54.5347319,24.4351592],[54.5342491,24.43502],[54.5338601,24.4349224],[54.5334211,24.4347744],[54.5331502,24.4346791],[54.5329409,24.4345912],[54.5327961,24.4345424],[54.5325064,24.434496],[54.5321953,24.4344008],[54.5318278,24.4342664],[54.5315489,24.434181],[54.5315086,24.4341614],[54.531455,24.4341126],[54.5313826,24.4341077],[54.5313209,24.4341492],[54.5310929,24.4341004],[54.5304867,24.4339264],[54.5301138,24.4338341],[54.5295291,24.4337022],[54.5288264,24.4335167],[54.5282175,24.4333237],[54.5279198,24.4332505],[54.527732,24.4332187],[54.5275791,24.4331455],[54.5270936,24.4329892],[54.5265813,24.4328793],[54.5259859,24.4326937],[54.5256799,24.432566],[54.5253288,24.4324886],[54.5250847,24.4324104],[54.5248406,24.4323372],[54.5247521,24.4322908],[54.5247118,24.4322541],[54.5246072,24.4322541],[54.5245241,24.4322737],[54.5244007,24.4322493],[54.5241432,24.4321638],[54.5236819,24.4320197],[54.5232366,24.4318268],[54.5230355,24.4317462],[54.5228743,24.4316575],[54.5228316,24.431585],[54.5228075,24.4315044],[54.5227833,24.4314287],[54.5227646,24.4313579],[54.52266,24.431292],[54.5224347,24.431226],[54.5220591,24.4311113],[54.5217748,24.4310331],[54.5216246,24.4310209],[54.5214849,24.4310788],[54.5213645,24.4311723],[54.5211982,24.4312431],[54.5210104,24.4312383],[54.5208012,24.4311845],[54.520659,24.4311748],[54.5205812,24.431165],[54.5205249,24.431143],[54.5205061,24.4311088],[54.5203372,24.4310551],[54.5202969,24.4310942],[54.5192536,24.4307938],[54.5191838,24.4307987],[54.518591,24.4306229],[54.5185052,24.430618],[54.5181726,24.4305105],[54.5180492,24.4304397],[54.517891,24.4302689],[54.5177998,24.4301907],[54.5177622,24.4301443],[54.5177676,24.430115],[54.5177032,24.4300247],[54.517655,24.4300344],[54.5175718,24.4299075],[54.5175718,24.4298586],[54.5174726,24.4297316],[54.5170139,24.4291138],[54.5168557,24.4288916],[54.5166008,24.4286132],[54.5165526,24.4285399],[54.5164909,24.4284886],[54.5164185,24.4283982],[54.5163836,24.4283323],[54.5160993,24.4279489],[54.5159866,24.4278317],[54.5158606,24.4277999],[54.5156808,24.4278073],[54.5153295,24.4277438],[54.5148011,24.4275484],[54.5144712,24.4273677],[54.5141493,24.4270331],[54.5139079,24.4267254],[54.5137041,24.42653],[54.5134653,24.4263249],[54.5132749,24.4261442],[54.513114,24.425961],[54.5129665,24.4258047],[54.5128511,24.4256948],[54.5129045,24.4256402],[54.5129048,24.425602],[54.5128618,24.4255752],[54.5128189,24.4255483],[54.5128109,24.4255141],[54.5128404,24.4254897],[54.5128565,24.425436],[54.5128163,24.4254018],[54.5127492,24.4253749],[54.5126526,24.4253407],[54.5125346,24.4253187],[54.5124863,24.4253554],[54.5124378,24.4253985],[54.5123442,24.4253847],[54.5122986,24.4253334],[54.5122986,24.4252943],[54.5122691,24.4252943],[54.512084,24.4253016],[54.5120572,24.4252992],[54.5120357,24.4253212],[54.5119848,24.4253261],[54.5119472,24.4252455],[54.5119204,24.4252601],[54.5119577,24.4253325],[54.5118828,24.4253505],[54.5118346,24.4254408],[54.5118343,24.4255206],[54.511797,24.4255507],[54.5118262,24.4256158],[54.5118212,24.425646],[54.5119016,24.4256948],[54.5119174,24.4258845],[54.5118638,24.4258429],[54.5117648,24.4258511],[54.5117836,24.4258145],[54.5116575,24.4256997],[54.5117541,24.4255825],[54.5117806,24.425606],[54.5117836,24.4255825],[54.5117434,24.4255556],[54.5116468,24.4255459],[54.5115634,24.4255108],[54.51151,24.4254872],[54.5114,24.4254628],[54.5112418,24.4254433],[54.511105,24.4254506],[54.5110031,24.4254848],[54.5110216,24.4255645],[54.5109816,24.4255947],[54.5109307,24.4255996],[54.5109358,24.425672],[54.5109009,24.4257575],[54.5110377,24.425821],[54.5110943,24.4257974],[54.5111318,24.4257656],[54.5112177,24.4258047],[54.5112042,24.4258902],[54.511282,24.4259439],[54.5113732,24.4259903],[54.5113649,24.4260627],[54.5113035,24.4261784],[54.5108904,24.4264201],[54.5105468,24.4265414],[54.5103913,24.4263631],[54.5106222,24.4260025],[54.510531,24.4259293],[54.5103593,24.4258487],[54.5103781,24.4257754],[54.5104344,24.4256973],[54.510472,24.4256411],[54.5104881,24.4255752],[54.5105337,24.4255727],[54.5105817,24.4255719],[54.5106675,24.4256012],[54.5107188,24.4255971],[54.5107402,24.4256411],[54.5107292,24.4256818],[54.5108043,24.4256989],[54.5108287,24.425668],[54.510818,24.4255996],[54.5107724,24.4255336],[54.510689,24.4254986],[54.5105739,24.4254897],[54.5104693,24.4255117],[54.5103701,24.4255068],[54.5103057,24.4254994],[54.5102572,24.4254717],[54.5101635,24.4254872],[54.5100777,24.4254921],[54.509957,24.4254921],[54.5098578,24.4255019],[54.509831,24.425519],[54.5098414,24.4255377],[54.5098926,24.4255385],[54.5100053,24.4255361],[54.5100989,24.4255719],[54.5101448,24.4256484],[54.5101394,24.4257266],[54.5101043,24.4258039],[54.5100214,24.4258511],[54.5099299,24.4258869],[54.5098819,24.4259732],[54.5098495,24.4260676],[54.5097934,24.4261515],[54.5097103,24.4262126],[54.5096781,24.4262467],[54.5096027,24.4262874],[54.5094313,24.4262712],[54.5093777,24.4262297],[54.5092732,24.4261832],[54.5091552,24.4261539],[54.5090452,24.4261539],[54.5089755,24.4261784],[54.5088843,24.4262223],[54.5086643,24.4261906],[54.5085168,24.4261368],[54.508329,24.4261051],[54.5081628,24.4261124],[54.5080877,24.4261027],[54.5080819,24.4261531],[54.5079857,24.4261466],[54.5080206,24.4261271],[54.5080313,24.4260978],[54.5080072,24.4260758],[54.5079401,24.4260611],[54.5078704,24.426066],[54.5077765,24.4260514],[54.5077256,24.4260367],[54.5077041,24.4259342],[54.5076934,24.425856],[54.5077309,24.4258023],[54.507806,24.4257705],[54.5078302,24.4257241],[54.5078194,24.4256631],[54.5077685,24.4256264],[54.5077202,24.4256191],[54.5076263,24.4256557],[54.5075646,24.4257119],[54.5075163,24.4257925],[54.5075133,24.4259895],[54.5074895,24.4260831],[54.5074332,24.4261149],[54.5073661,24.4260978],[54.5073098,24.4261075],[54.5072293,24.4261173],[54.5071194,24.4261417],[54.5070926,24.4261784],[54.5070738,24.4262712],[54.5070734,24.4263729],[54.5070765,24.4264983],[54.5069826,24.4264739],[54.5069795,24.4266049],[54.5069741,24.4266952],[54.506958,24.4267954],[54.5068914,24.4268011],[54.5069048,24.4267205],[54.5069102,24.4266448],[54.5068619,24.4266302],[54.5068454,24.4267416],[54.5068507,24.4268051],[54.5068163,24.42685],[54.50676,24.4268768],[54.5067734,24.4267767],[54.5067573,24.4267156],[54.5067251,24.4266741],[54.5066983,24.4266619],[54.5066446,24.4267596],[54.5066071,24.4267962],[54.50654,24.4268011],[54.5064917,24.4267669],[54.5064971,24.426679],[54.5064917,24.4265715],[54.5064756,24.4263762],[54.5064783,24.4262003],[54.5064837,24.4261051],[54.5064488,24.4260123],[54.5064247,24.4259],[54.5064569,24.4258462],[54.5065159,24.4258145],[54.5066017,24.4258023],[54.5066764,24.4258112],[54.5066983,24.4257754],[54.5067626,24.4257534],[54.5068588,24.425777],[54.5069182,24.4257974],[54.5069826,24.4257925],[54.5070255,24.4257632],[54.5071006,24.4257437],[54.5071623,24.4257461],[54.5071328,24.4256851],[54.5070711,24.4257021],[54.5069933,24.4257266],[54.5069182,24.4256851],[54.5068136,24.425668],[54.5066741,24.4256875],[54.5065856,24.4257363],[54.50654,24.4257925],[54.5064515,24.4258169],[54.5064113,24.4257608],[54.5063523,24.4257534],[54.5062879,24.4257754],[54.5062691,24.4258194],[54.5062825,24.4258951],[54.5063411,24.4260139],[54.5063147,24.4260807],[54.5062745,24.4261368],[54.5063093,24.4262492],[54.5063362,24.4264226],[54.5063415,24.426635],[54.5063358,24.4267636],[54.5062503,24.4267401],[54.5061484,24.4267205],[54.5060948,24.4260025],[54.5061404,24.4259512],[54.5061779,24.4259171],[54.5062289,24.4259122],[54.5062396,24.4258926],[54.5062262,24.4258584],[54.5060572,24.4258804],[54.5059312,24.4258731],[54.5058507,24.4258951],[54.5058453,24.4259439],[54.5058744,24.4260017],[54.5059097,24.4260611],[54.5059151,24.4267913],[54.5058561,24.4267059],[54.5058426,24.4265593],[54.5058051,24.4264836],[54.505738,24.4264763],[54.5056173,24.4264812],[54.5055288,24.426447],[54.5054779,24.4263786],[54.5054081,24.4263347],[54.5053598,24.4262907],[54.5053518,24.426215],[54.5052901,24.4261613],[54.5051989,24.4261442],[54.5051104,24.4261417],[54.5050433,24.426171],[54.5049817,24.4261832],[54.5049521,24.4261198],[54.5048878,24.426066],[54.5048261,24.4260318],[54.504818,24.4259928],[54.5048449,24.4259903],[54.5048449,24.4259561],[54.5047617,24.425961],[54.5047537,24.4259976],[54.5047832,24.4259976],[54.5047559,24.4260432],[54.5047268,24.4260782],[54.5047291,24.4261213],[54.5047452,24.4261726],[54.5046464,24.4261955],[54.5045391,24.4261613],[54.5044908,24.4260831],[54.5045069,24.4260245],[54.5045498,24.4260196],[54.5045927,24.4260172],[54.5046035,24.4259976],[54.5045605,24.4259586],[54.5044908,24.4259073],[54.5043389,24.4258483],[54.5042573,24.4258163],[54.5041484,24.4258002],[54.5041394,24.4257754],[54.5041099,24.4257559],[54.5040777,24.4257437],[54.5040348,24.4257461],[54.503785,24.4257623],[54.5037317,24.425773],[54.5036996,24.4257998],[54.5036754,24.4258291],[54.5036084,24.4258438],[54.5035306,24.4258853],[54.5034072,24.4258951],[54.5032945,24.4259219],[54.5031792,24.4259293],[54.5030666,24.425939],[54.5029351,24.4259464],[54.5028358,24.4259428],[54.5025838,24.4259317],[54.5025006,24.4259024],[54.5024765,24.4258878],[54.5024255,24.4259219],[54.5023906,24.4258878],[54.5022458,24.4258878],[54.5020874,24.4258638],[54.5019615,24.4258853],[54.5018166,24.4258878],[54.5016262,24.4258658],[54.5014623,24.425827],[54.5013473,24.4257803],[54.5012212,24.4257754],[54.5008591,24.4257803],[54.5007384,24.425773],[54.5005399,24.4257485],[54.5003575,24.425751],[54.5000008,24.4257827],[54.4996146,24.4258145],[54.4995019,24.4258658],[54.4993919,24.4258878],[54.4992176,24.4258975],[54.4992122,24.4258731],[54.4991157,24.4258633],[54.4990593,24.425834],[54.4990513,24.4258072],[54.4990084,24.4257901],[54.4989172,24.4257949],[54.4988582,24.4257779],[54.4987032,24.4257175],[54.4986436,24.4257412],[54.498598,24.4257608],[54.4984719,24.4257852],[54.4982734,24.4258316],[54.4981259,24.4258487],[54.4979865,24.425878],[54.4979489,24.4258511],[54.4978818,24.4258169],[54.4978094,24.4258438],[54.4976431,24.4259024],[54.4975251,24.4259122],[54.4974393,24.4259048],[54.4972837,24.4259537],[54.4970906,24.4260563],[54.4970262,24.4261368],[54.4970423,24.4262101],[54.4970714,24.4262679],[54.49705,24.4264657],[54.4970553,24.4266635],[54.4970504,24.426762],[54.4970128,24.4268011],[54.4969753,24.4268182],[54.497007,24.4268857],[54.4970419,24.4271104],[54.4970768,24.4272447],[54.4971147,24.4272407],[54.4971572,24.4273326],[54.4971845,24.4273091],[54.4972002,24.4273668],[54.4971868,24.4274083],[54.4970772,24.4274361],[54.4970875,24.4276452],[54.4968948,24.4276607],[54.4969346,24.4281703],[54.497104,24.428154],[54.4971228,24.4284373],[54.4971572,24.4284462],[54.4971469,24.4285594],[54.4972323,24.4285732],[54.4972163,24.4287222],[54.4971814,24.4288199],[54.4971147,24.4288354],[54.4970956,24.4289053],[54.4970343,24.4289599],[54.4969779,24.4289526],[54.4969243,24.4289673],[54.4969162,24.4290649],[54.4968733,24.4291309],[54.4968063,24.4291504],[54.4967365,24.4291431],[54.4966936,24.4291162],[54.496648,24.4291846],[54.4966802,24.4292774],[54.496661,24.4293571],[54.4966239,24.4294239],[54.4966132,24.4295216],[54.4966637,24.4296453],[54.4966346,24.4298684],[54.496463,24.4298757],[54.4964764,24.4300027],[54.4954437,24.4300637],[54.4954514,24.4301728],[54.4964898,24.4301126],[54.4966208,24.4301093],[54.4966208,24.4301606],[54.4967795,24.4301468],[54.4968247,24.4302167],[54.4968595,24.4302827],[54.4968841,24.430425],[54.496868,24.430491],[54.4968599,24.4306473],[54.4969212,24.4306734],[54.4968998,24.430732],[54.4968707,24.4307572],[54.4969297,24.4307816],[54.4969722,24.4308297],[54.4970101,24.4310087],[54.4970128,24.4312309],[54.4970155,24.4316021],[54.4969588,24.4319042],[54.4968653,24.4320856],[54.4967821,24.4321882],[54.496648,24.4322322],[54.4965917,24.4322297],[54.4965488,24.4322199],[54.496522,24.4322151],[54.4965005,24.4321735],[54.4964281,24.4321711],[54.4963959,24.4321394],[54.4963879,24.4320734],[54.4963852,24.4320319],[54.4963664,24.4320026],[54.4962967,24.4319831],[54.4955698,24.4320246],[54.4955671,24.4320734],[54.4955081,24.4321809],[54.4954035,24.4323103],[54.4953793,24.4324251],[54.4952774,24.4324104],[54.4951111,24.4324397],[54.49491,24.4324324],[54.4947893,24.4324153],[54.4946873,24.4323665],[54.4945881,24.4322956],[54.494564,24.432259],[54.4945666,24.4322322],[54.4945425,24.4322126],[54.4945076,24.4322346],[54.4944754,24.4322688],[54.4944084,24.4322712],[54.4943521,24.4322541],[54.4942609,24.4322712],[54.4941992,24.432303],[54.4941214,24.4322541],[54.4940141,24.4322395],[54.4939149,24.4322566],[54.4938451,24.432259],[54.4937888,24.4322273],[54.4937298,24.4321491],[54.4936654,24.4320685],[54.4936413,24.4320197],[54.4936037,24.4320026],[54.4926676,24.4320759],[54.4926381,24.4320563],[54.4925845,24.4320539],[54.4925577,24.432071],[54.4925224,24.4321264],[54.4925308,24.4321931],[54.4925143,24.432312],[54.4922975,24.4324544],[54.4921366,24.4324739],[54.4916162,24.4325105],[54.4914955,24.4324764],[54.4914043,24.4324666],[54.4913721,24.4324935],[54.4907499,24.4322151],[54.4895719,24.4322966],[54.4893739,24.4323103],[54.4893471,24.4323372],[54.4893015,24.4323396],[54.48928,24.4323152],[54.4892559,24.432342],[54.4891915,24.4323469],[54.4891673,24.4323176],[54.4891352,24.4323543],[54.4890735,24.4323567],[54.489052,24.432325],[54.4890279,24.4323567],[54.4889662,24.4323616],[54.488942,24.4323323],[54.4889125,24.432364],[54.4888508,24.4323714],[54.4888187,24.4323445],[54.4886604,24.4323665],[54.4883493,24.4325643],[54.4865549,24.4326766],[54.486182,24.4325154],[54.4861358,24.4325192],[54.4852191,24.4325936],[54.4851655,24.4325667],[54.4850904,24.4325618],[54.4849241,24.432574],[54.4846183,24.4326131],[54.4842535,24.4327816],[54.4840095,24.4328378],[54.4834167,24.4328891],[54.4832209,24.4329013],[54.4830573,24.4328817],[54.4829656,24.4328697],[54.4827944,24.4328964],[54.4826549,24.4329599],[54.4825021,24.432977],[54.4822526,24.4329941],[54.4820354,24.4329867],[54.4819039,24.4330283],[54.4817457,24.433038],[54.4815713,24.4330722],[54.481456,24.4331088],[54.4813836,24.4331821],[54.4813031,24.4333066],[54.4806218,24.4333359],[54.480359,24.4333433],[54.480198,24.4334116],[54.4800899,24.4334812],[54.4800506,24.4335065],[54.4798896,24.4336852],[54.4798409,24.4338285],[54.4798409,24.4339604],[54.4798038,24.4341027],[54.4797018,24.4342102],[54.4795436,24.4344007],[54.4792512,24.4346693],[54.4791064,24.434745],[54.4789669,24.4348866],[54.4785082,24.4354263],[54.4783956,24.4355704],[54.4782239,24.4357266],[54.4780496,24.4359025],[54.4779101,24.4359708],[54.4777626,24.4361271],[54.4776794,24.4362004],[54.4776097,24.4363249],[54.4775158,24.4364495],[54.4774511,24.4365977],[54.4773469,24.4367254],[54.4772691,24.4368035],[54.4772557,24.4369183],[54.477274,24.4370275],[54.4772606,24.4370983],[54.4772422,24.4371845],[54.4772047,24.4372748],[54.4771453,24.4374328],[54.4770679,24.4376167],[54.477038,24.4377527],[54.4769951,24.437887],[54.4769522,24.4380189],[54.4769284,24.4382028],[54.4768936,24.4383029],[54.4768506,24.4383371],[54.476805,24.4383835],[54.4767993,24.4384535],[54.4767541,24.4386374],[54.4767407,24.4387229],[54.4766736,24.4387937],[54.4766253,24.4388718],[54.4766249,24.439003],[54.4766437,24.4391617],[54.47662,24.4392454],[54.4765556,24.4393334],[54.4765127,24.439431],[54.4764778,24.4396435],[54.4764349,24.4397729],[54.4763866,24.4398803],[54.4763303,24.4399927],[54.4763487,24.4400896],[54.4763889,24.4402019],[54.4764,24.4403272],[54.4764108,24.4404542],[54.4763755,24.440661],[54.4763594,24.4408002],[54.4763835,24.4409076],[54.476451,24.4410304],[54.4764935,24.4411323],[54.4765883,24.4413501],[54.4767269,24.4418819],[54.4767943,24.4420609],[54.4768587,24.4422196],[54.4769418,24.4423735],[54.4770008,24.4424956],[54.4769901,24.4426274],[54.4769848,24.4426933],[54.4761797,24.4426731],[54.4759919,24.4424557],[54.4759494,24.4424223],[54.4759088,24.4424118],[54.4751045,24.4423759],[54.4750643,24.4423881],[54.4750428,24.4424028],[54.4750321,24.4424369],[54.4750241,24.4427886],[54.4750482,24.4428252],[54.4750831,24.4428447],[54.4767004,24.4428814],[54.4769204,24.4429937],[54.4769874,24.4430498],[54.4770357,24.4431158],[54.4771081,24.443189],[54.477202,24.4432696],[54.4772449,24.4433648],[54.4773254,24.443421],[54.477371,24.4434772],[54.4773764,24.4435113],[54.4773683,24.4435675],[54.4773844,24.4436188],[54.4774005,24.4436627],[54.477422,24.4437165],[54.4774595,24.4437482],[54.4775338,24.4437571],[54.4783142,24.4441985],[54.4783151,24.4442341],[54.4782937,24.4443098],[54.4782695,24.4443928],[54.4781917,24.4444539],[54.478122,24.44451],[54.4781462,24.4445735],[54.4781086,24.4446468],[54.478071,24.4447493],[54.4780308,24.4447689],[54.4779611,24.4447567],[54.4779235,24.4447835],[54.4779048,24.444847],[54.4779289,24.4448836],[54.4779933,24.4449373],[54.4781059,24.4450497],[54.4782239,24.445223],[54.4783849,24.4455136],[54.4785485,24.445792],[54.4787255,24.446085],[54.4788891,24.4462925],[54.4790152,24.4465318],[54.4790661,24.4466612],[54.4791037,24.4467662],[54.4792298,24.4468712],[54.4794282,24.4470055],[54.4796267,24.4472155],[54.4797957,24.4474499],[54.4800049,24.4480115],[54.4801256,24.4483289],[54.4801337,24.4483851],[54.4801122,24.4484119],[54.4801203,24.4484461],[54.4801712,24.4485047],[54.4802275,24.4486244],[54.4803617,24.4490321],[54.4803751,24.4492006],[54.4804421,24.4493911],[54.4805199,24.4495302],[54.4806245,24.4497524],[54.4806835,24.4499063],[54.480678,24.44996],[54.4815417,24.4519633],[54.4813867,24.4525449],[54.4820288,24.4536133],[54.4820824,24.4539591],[54.4819821,24.4542853],[54.4822296,24.4546589],[54.4826837,24.4550199],[54.483004,24.4553098],[54.4835104,24.4559281],[54.48356490817248,24.456],[54.48446162750116,24.456],[54.4845055,24.4559201]]]}},{"type":"Feature","properties":{"layer":"land","subtype":"sand","class":"sand","name":""},"geometry":{"type":"Polygon","coordinates":[[[54.5147437,24.4467047],[54.5147006,24.4466762],[54.5146711,24.446664],[54.5146309,24.4466688],[54.5144029,24.4467738],[54.5143922,24.4468007],[54.5145102,24.4470156],[54.5145397,24.4470375],[54.5145773,24.4470473],[54.5146178,24.447045],[54.5147437,24.4467047]]]}},{"type":"Feature","properties":{"layer":"land","subtype":"wetland","class":"wetland","name":""},"geometry":{"type":"Polygon","coordinates":[[[54.5504953,24.4468281],[54.5507486,24.4466196],[54.5509291,24.4465312],[54.5507313,24.4463764],[54.5504502,24.446329],[54.5501761,24.4463701],[54.5500235,24.4463069],[54.5497355,24.4452961],[54.5494648,24.4448097],[54.5490311,24.4448602],[54.5487292,24.4448602],[54.5485696,24.4448254],[54.5485245,24.4449234],[54.5483233,24.4450118],[54.5480735,24.4450939],[54.5476952,24.4449897],[54.5475079,24.4448886],[54.5473413,24.4449739],[54.5470395,24.4452614],[54.5470944,24.4455822],[54.5487569,24.4451627],[54.5502884,24.4471444],[54.5504953,24.4468281]]]}},{"type":"Feature","properties":{"layer":"land","subtype":"wetland","class":"wetland","name":""},"geometry":{"type":"Polygon","coordinates":[[[54.5583462,24.4445371],[54.5572798,24.4449519],[54.5570144,24.4450977],[54.5575651,24.4466383],[54.5580658,24.4477413],[54.5584113,24.4474313],[54.558957,24.4452482],[54.5583462,24.4445371]]]}},{"type":"Feature","properties":{"layer":"land","subtype":"wetland","class":"wetland","name":""},"geometry":{"type":"Polygon","coordinates":[[[54.5512147,24.4464971],[54.5511014,24.4465873],[54.5508925,24.4466486],[54.5506659,24.4468162],[54.5504818,24.447016],[54.5504464,24.4472061],[54.5506022,24.4472932],[54.5507544,24.4470385],[54.5509102,24.4469322],[54.5511084,24.4468355],[54.5513244,24.4468162],[54.5513209,24.4463972],[54.5512147,24.4464971]]]}},{"type":"Feature","properties":{"layer":"land","subtype":"wetland","class":"wetland","name":""},"geometry":{"type":"Polygon","coordinates":[[[54.5590438,24.4426935],[54.5587677,24.4422552],[54.5580597,24.4421262],[54.5576419,24.4424163],[54.556856,24.4422487],[54.5549726,24.4417008],[54.554923,24.441862],[54.5550575,24.4420295],[54.5547247,24.4422552],[54.5537972,24.4426032],[54.5535989,24.4429255],[54.5538963,24.4431576],[54.5540309,24.4434348],[54.5538822,24.4439633],[54.5534573,24.4445177],[54.5530679,24.4446724],[54.5529971,24.4448851],[54.5530113,24.4452267],[54.5529971,24.4454007],[54.552551,24.4455232],[54.5518005,24.4460131],[54.5514819,24.4464063],[54.5515952,24.4467672],[54.551319,24.447038],[54.5510146,24.447212],[54.5510712,24.4477083],[54.5508305,24.4480693],[54.5503986,24.4484882],[54.5503915,24.4489523],[54.5506181,24.4498611],[54.5506676,24.450828],[54.5507455,24.4514403],[54.5513686,24.4516852],[54.5516306,24.4517883],[54.5522253,24.4518141],[54.5525085,24.4523749],[54.552721,24.4526778],[54.5531104,24.4523813],[54.5535706,24.4518335],[54.5541745,24.4510229],[54.5544203,24.4503897],[54.554433,24.4503444],[54.5547106,24.4493584],[54.5550434,24.4487847],[54.5555532,24.4483593],[54.556075,24.4480017],[54.5564453,24.4475794],[54.5567922,24.4469864],[54.5568347,24.4468317],[54.5566648,24.4463805],[54.5567285,24.4461807],[54.5571179,24.4459095],[54.5567569,24.4449901],[54.5585502,24.444276],[54.5590438,24.4426935]]]}},{"type":"Feature","properties":{"layer":"land","subtype":"sand","class":"sand","name":""},"geometry":{"type":"Polygon","coordinates":[[[54.5137887,24.4490326],[54.5138287,24.4489466],[54.5138833,24.4488809],[54.5139528,24.4488433],[54.5144126,24.4475931],[54.51425,24.4472695],[54.5142152,24.4472426],[54.5141776,24.4472378],[54.5141308,24.4472577],[54.5133528,24.4493303],[54.5129907,24.449225],[54.5129636,24.4492333],[54.5129411,24.4492629],[54.5128311,24.4495791],[54.5128258,24.4496243],[54.5128553,24.4496499],[54.5129183,24.4496475],[54.5135285,24.4492763],[54.5136653,24.4491994],[54.5137757,24.4491007],[54.5137887,24.4490326]]]}},{"type":"Feature","properties":{"layer":"land","subtype":"wetland","class":"wetland","name":""},"geometry":{"type":"Polygon","coordinates":[[[54.5461604,24.4458376],[54.5457851,24.4465918],[54.546125,24.4471397],[54.5461179,24.4474168],[54.5450629,24.4487962],[54.5446502,24.4487998],[54.5441992,24.4488725],[54.5435123,24.4492474],[54.5432415,24.4493621],[54.5431413,24.4494893],[54.543229,24.4497308],[54.5432007,24.4500209],[54.5436255,24.4501176],[54.5438309,24.4502336],[54.5439512,24.4508781],[54.5440221,24.4514002],[54.5436609,24.4517483],[54.5434556,24.4519739],[54.5432194,24.4524996],[54.5450418,24.452053],[54.5458829,24.4515972],[54.5471046,24.4511323],[54.5475502,24.4506902],[54.5486066,24.4495235],[54.5490522,24.4488489],[54.5496379,24.4482245],[54.5500535,24.4477004],[54.5502237,24.4473722],[54.5498682,24.4468481],[54.5491273,24.4460185],[54.5487367,24.4455855],[54.5482911,24.4454853],[54.5476753,24.4456676],[54.5468192,24.4458955],[54.5464365,24.4461213],[54.5461604,24.4458376]]]}},{"type":"Feature","properties":{"layer":"land","subtype":"wetland","class":"wetland","name":""},"geometry":{"type":"Polygon","coordinates":[[[54.5571478,24.4459856],[54.5567795,24.4462662],[54.5567495,24.4463938],[54.5568496,24.4466536],[54.5569147,24.4469316],[54.5565242,24.4475651],[54.5562778,24.4478552],[54.5561026,24.4480296],[54.5558115,24.4482705],[54.5556664,24.4483833],[54.5557106,24.4485412],[54.5555814,24.4484139],[54.5550752,24.4488458],[54.5547424,24.4494001],[54.5544857,24.4503557],[54.5543702,24.4506648],[54.5542263,24.4510123],[54.5541537,24.4511707],[54.5539722,24.4514088],[54.5531912,24.4523602],[54.5530851,24.4525188],[54.5528372,24.4527102],[54.5527146,24.4527626],[54.5525569,24.4527011],[54.5524893,24.4525438],[54.5523441,24.4522453],[54.5521739,24.4519514],[54.5519335,24.4518579],[54.5515605,24.4518511],[54.5513528,24.4518078],[54.5510974,24.4516369],[54.5509572,24.4515776],[54.5507219,24.4518443],[54.550948,24.4521436],[54.5512908,24.4518869],[54.5516571,24.4525744],[54.5522679,24.4535885],[54.5529618,24.4547229],[54.5536132,24.4544393],[54.5548877,24.4526346],[54.5553266,24.4508685],[54.5579464,24.4480196],[54.5571478,24.4459856]]]}},{"type":"Feature","properties":{"layer":"land","subtype":"wetland","class":"wetland","name":""},"geometry":{"type":"Polygon","coordinates":[[[54.5486529,24.4531635],[54.5493488,24.452881],[54.5496542,24.4527055],[54.5503176,24.4520059],[54.5505529,24.4515729],[54.5505955,24.4513063],[54.5505053,24.4504586],[54.5504428,24.4500849],[54.5504277,24.4496109],[54.5502325,24.448672],[54.5503526,24.4482937],[54.5509184,24.4476191],[54.5508032,24.4474232],[54.5506931,24.4475508],[54.5503176,24.4480293],[54.5501974,24.4480185],[54.5495319,24.4485084],[54.549107,24.4492561],[54.549546,24.4498362],[54.54951,24.4507614],[54.549156,24.4516573],[54.547747,24.4527659],[54.5480278,24.453408],[54.5486529,24.4531635]]]}},{"type":"Feature","properties":{"layer":"land","subtype":"wetland","class":"wetland","name":""},"geometry":{"type":"Polygon","coordinates":[[[54.5261938,24.4527336],[54.5262904,24.4528947],[54.5263869,24.4530998],[54.5264889,24.4532366],[54.5265894,24.4533709],[54.5267504,24.453532],[54.5270991,24.4536639],[54.5284616,24.4534343],[54.5288908,24.4532683],[54.5294809,24.4532],[54.5325654,24.4524235],[54.5327317,24.452238],[54.5325064,24.4519547],[54.5321738,24.4517496],[54.531868,24.451481],[54.5315086,24.4511636],[54.5312686,24.450751],[54.5316856,24.4508609],[54.531868,24.4510708],[54.5326258,24.4515128],[54.5329047,24.4516397],[54.5331555,24.4515689],[54.5331662,24.451188],[54.5326298,24.451022],[54.5323146,24.4506289],[54.5325976,24.4508071],[54.5328444,24.4509585],[54.533354,24.4509829],[54.5334559,24.4510513],[54.53359,24.4512515],[54.5339119,24.451691],[54.5342713,24.4520036],[54.5346414,24.4519157],[54.5349164,24.4516544],[54.5348185,24.4514762],[54.5347112,24.4513541],[54.5348627,24.4512344],[54.5347809,24.4510074],[54.5346267,24.4507119],[54.5344228,24.4503115],[54.5342673,24.4501406],[54.5341264,24.4499086],[54.5339172,24.4496596],[54.5339065,24.4493959],[54.5338099,24.4491615],[54.5335525,24.4487513],[54.5332574,24.4482141],[54.5329423,24.4477672],[54.5326405,24.4473058],[54.5323186,24.4467637],[54.5320611,24.4465244],[54.5320987,24.4466904],[54.5321684,24.4469541],[54.5322865,24.4471837],[54.5324595,24.4473668],[54.5325761,24.4475353],[54.5328564,24.4479284],[54.5329798,24.4481677],[54.5331568,24.4485437],[54.5334197,24.4489686],[54.5336933,24.4494227],[54.5337469,24.4497987],[54.5337831,24.4500893],[54.5336396,24.4500869],[54.5334827,24.4498891],[54.5333003,24.4495765],[54.533075,24.4493128],[54.5329999,24.449098],[54.5328135,24.4488416],[54.53232,24.4483386],[54.5318144,24.4479601],[54.5316977,24.4477331],[54.531408,24.4475817],[54.5309614,24.4474718],[54.530307,24.4474425],[54.530602,24.4475548],[54.5308609,24.4477233],[54.531113,24.4478454],[54.531396,24.4479846],[54.5311935,24.4479723],[54.5307147,24.4479211],[54.5308448,24.4480212],[54.5309467,24.4482263],[54.5311237,24.4483777],[54.5313061,24.4484949],[54.5314174,24.4485852],[54.5311546,24.4486536],[54.531396,24.4487366],[54.5312739,24.4488904],[54.5309883,24.4490491],[54.5311814,24.4492054],[54.5313101,24.449347],[54.5310862,24.4494032],[54.5309775,24.4495326],[54.5307683,24.4495424],[54.5307898,24.4497133],[54.5305497,24.4497304],[54.5305377,24.4498305],[54.5303137,24.4498476],[54.530425,24.4499916],[54.5301621,24.45006],[54.5298939,24.4502456],[54.5298403,24.4504995],[54.5295291,24.4504995],[54.5295291,24.4506558],[54.5292824,24.4506313],[54.5292234,24.4508755],[54.528821,24.450895],[54.5290463,24.4511783],[54.5284415,24.4511026],[54.5282631,24.4510757],[54.5279198,24.4510513],[54.5278554,24.4512076],[54.5276409,24.4511294],[54.5275068,24.451315],[54.5273458,24.4513101],[54.5271581,24.4514224],[54.5267182,24.4515494],[54.5265733,24.4516813],[54.5264231,24.4516861],[54.5263266,24.4517252],[54.5262032,24.451735],[54.5262354,24.4519205],[54.5259994,24.4519694],[54.5259566,24.4521676],[54.5261049,24.4523197],[54.5261552,24.4523816],[54.5261634,24.4524336],[54.5260731,24.4525162],[54.5261938,24.4527336]]]}},{"type":"Feature","properties":{"layer":"land","subtype":"wetland","class":"wetland","name":""},"geometry":{"type":"Polygon","coordinates":[[[54.5181405,24.4558466],[54.5183403,24.4556928],[54.5183336,24.4553193],[54.5184463,24.4550897],[54.5186555,24.4547089],[54.5185428,24.4544549],[54.5185643,24.454284],[54.5186837,24.45421],[54.5184531,24.4539814],[54.5185611,24.453972],[54.5185928,24.4539605],[54.5186065,24.4538961],[54.5185479,24.4538149],[54.5184458,24.4536829],[54.5183245,24.4534988],[54.5182357,24.453325],[54.5181465,24.4531552],[54.5181089,24.4529889],[54.5180424,24.452841],[54.5179755,24.4526998],[54.5179167,24.4525927],[54.5178025,24.4526309],[54.5177463,24.4527914],[54.5177855,24.4532441],[54.5176913,24.4532056],[54.517605,24.4532241],[54.5174949,24.4532567],[54.5174527,24.4533198],[54.5173611,24.4532651],[54.5173221,24.4532119],[54.5172492,24.4532315],[54.5172135,24.4531765],[54.5171173,24.4531872],[54.5170478,24.4532617],[54.5170074,24.453208],[54.5169267,24.4532145],[54.5168573,24.4532487],[54.516814,24.4532196],[54.5167777,24.4533116],[54.5166929,24.4533728],[54.5166438,24.4532835],[54.516601,24.4532853],[54.5165441,24.4533316],[54.5164786,24.4532721],[54.5163856,24.4532486],[54.5162869,24.4532266],[54.5162667,24.4532695],[54.5162042,24.4533535],[54.5161362,24.4533352],[54.5161205,24.453402],[54.5160275,24.4533887],[54.5159679,24.4534267],[54.5158738,24.4533169],[54.5158304,24.453252],[54.515729,24.4532236],[54.5156355,24.4531709],[54.515563,24.4531143],[54.5154987,24.4531101],[54.515437,24.4531709],[54.5153694,24.4532027],[54.5154099,24.4532689],[54.5152633,24.4532759],[54.5151426,24.4532384],[54.5149619,24.453175],[54.5148993,24.453222],[54.5147933,24.4531711],[54.514727,24.4531788],[54.5146442,24.4531108],[54.5145588,24.4530864],[54.5144772,24.453131],[54.5143497,24.453073],[54.5142104,24.4530657],[54.5141504,24.4530395],[54.5141127,24.4530811],[54.5140614,24.4530577],[54.5139995,24.4530906],[54.513902,24.4530824],[54.5138679,24.4530515],[54.5138255,24.4530719],[54.5137545,24.4530457],[54.5137644,24.4531333],[54.5136657,24.4531391],[54.5136285,24.4531323],[54.5136375,24.4531977],[54.5135732,24.4532177],[54.5134984,24.4531994],[54.51345,24.4531784],[54.5133586,24.4532714],[54.5132563,24.4532236],[54.5131955,24.4532035],[54.5133243,24.4533089],[54.5132321,24.4533199],[54.5131035,24.4533049],[54.513003,24.453282],[54.5130391,24.4533444],[54.5130154,24.4534166],[54.5129385,24.453389],[54.5129221,24.453421],[54.5128611,24.4534307],[54.5128389,24.453486],[54.5127398,24.4534833],[54.5126437,24.453468],[54.512628,24.4535227],[54.5124839,24.4535174],[54.5124142,24.4534955],[54.5123608,24.4535708],[54.5122548,24.4535429],[54.512187,24.4535785],[54.5120852,24.4535809],[54.5120009,24.4536255],[54.5119012,24.4536103],[54.5117807,24.4536201],[54.5116492,24.4536037],[54.5116071,24.4536445],[54.5115364,24.4536445],[54.5113918,24.4536349],[54.5113307,24.4536602],[54.5112203,24.45362],[54.5111462,24.4536176],[54.510999,24.4535853],[54.5109105,24.4535511],[54.5108303,24.4535346],[54.5107546,24.4535372],[54.5107281,24.4535175],[54.5106482,24.4535572],[54.5105837,24.4535991],[54.5105436,24.453566],[54.5105496,24.4536643],[54.5104877,24.4536836],[54.5104135,24.4536836],[54.510328,24.4536884],[54.5101943,24.4536959],[54.510107,24.4536727],[54.5100988,24.4536678],[54.5100491,24.4537181],[54.510006,24.4536813],[54.509968,24.453718],[54.5098953,24.453685],[54.5097867,24.4537332],[54.5097274,24.4537178],[54.5096308,24.4537202],[54.5095692,24.4537031],[54.509512,24.4537055],[54.5093367,24.4537668],[54.5092781,24.4537621],[54.5092296,24.4538064],[54.5091632,24.4537376],[54.5091126,24.4537179],[54.5090519,24.453722],[54.5090253,24.4537848],[54.5088735,24.4538067],[54.5088531,24.4538759],[54.5087758,24.4539359],[54.5085948,24.4539989],[54.5085367,24.4540669],[54.5084399,24.4540669],[54.5083591,24.4540767],[54.5081445,24.4540676],[54.5081558,24.4541147],[54.5080747,24.4541911],[54.5080226,24.4542228],[54.5080197,24.454254],[54.5079427,24.454279],[54.5079238,24.4543333],[54.5077879,24.4543661],[54.5077073,24.4544243],[54.5076483,24.4544126],[54.5075842,24.4544977],[54.5075359,24.4544904],[54.5074917,24.4545495],[54.5074226,24.4545571],[54.5073672,24.4546004],[54.5073112,24.454615],[54.5072596,24.4546594],[54.5071981,24.4546416],[54.5071756,24.4546212],[54.5071664,24.4546616],[54.5071229,24.4546983],[54.5070432,24.4547128],[54.5069767,24.4547806],[54.5069304,24.4547946],[54.5068974,24.4548575],[54.5068524,24.4548601],[54.5067706,24.4549034],[54.5066072,24.4549473],[54.5065294,24.4549916],[54.5065311,24.4550499],[54.5065047,24.4551041],[54.5064359,24.4550891],[54.5063908,24.4551508],[54.506332,24.455115],[54.5062625,24.4551711],[54.5062084,24.4551641],[54.5061668,24.4552196],[54.5061223,24.4552034],[54.5061172,24.4551478],[54.5060836,24.4551459],[54.5060389,24.4551287],[54.5060611,24.4551892],[54.5060256,24.4552408],[54.5059727,24.4552275],[54.5059048,24.4552584],[54.5058709,24.4552584],[54.5058797,24.4553341],[54.5057932,24.4552998],[54.505769,24.4552637],[54.5057183,24.455297],[54.5056968,24.4554515],[54.50565273513807,24.456],[54.50902073659018,24.456],[54.5090693,24.4559345],[54.5096969,24.4558173],[54.5099115,24.4557246],[54.5100134,24.4557783],[54.5102226,24.4556513],[54.5103782,24.4555829],[54.5105927,24.4555536],[54.5107215,24.4556367],[54.5109897,24.4557246],[54.5112204,24.4555292],[54.5114135,24.4554755],[54.511667,24.455561],[54.5118373,24.4555097],[54.5122343,24.4556269],[54.5124971,24.4555292],[54.5126849,24.4555878],[54.5129799,24.455705],[54.5133232,24.4559052],[54.5140903,24.4557685],[54.51420213886399,24.456],[54.51757728748949,24.456],[54.5181405,24.4558466]]]}},{"type":"Feature","properties":{"layer":"land","subtype":"shrub","class":"scrub","name":""},"geometry":{"type":"Polygon","coordinates":[[[54.5181421,24.4558493],[54.5183436,24.4556942],[54.5183369,24.4553199],[54.5180775,24.4551996],[54.5179058,24.4548334],[54.5178629,24.454389],[54.5178307,24.4541546],[54.5176805,24.4547211],[54.5176268,24.4548578],[54.5174444,24.4548041],[54.5174284,24.454555],[54.5172299,24.4546429],[54.5169938,24.4547504],[54.5170314,24.4545502],[54.5168222,24.4546625],[54.5165325,24.4547699],[54.5164467,24.4545843],[54.5163608,24.4547406],[54.5162857,24.454555],[54.5163394,24.4543499],[54.5163769,24.454179],[54.5162643,24.4542181],[54.5161141,24.4544378],[54.5159961,24.4545746],[54.5157922,24.4546625],[54.5156366,24.4543988],[54.5155669,24.454223],[54.5154113,24.454096],[54.5151217,24.4541253],[54.5148803,24.4539153],[54.5147193,24.4538323],[54.5146174,24.4537688],[54.5145584,24.4540228],[54.5146603,24.4542913],[54.5146174,24.4546478],[54.5143653,24.4542034],[54.5142151,24.4538958],[54.5141239,24.4538421],[54.5141239,24.4541107],[54.514022,24.4542376],[54.5139147,24.4543353],[54.5135338,24.4543206],[54.5133246,24.4541839],[54.512992,24.4541302],[54.5129544,24.4542718],[54.5129115,24.4544867],[54.5127077,24.4544525],[54.5126594,24.4547211],[54.5125092,24.4547943],[54.5123429,24.4546429],[54.5122892,24.4549066],[54.5119781,24.4547943],[54.5118762,24.4545697],[54.511785,24.4543744],[54.5116992,24.4547308],[54.5115382,24.4548676],[54.5114309,24.4546283],[54.5112325,24.4545111],[54.5111198,24.4546625],[54.5110232,24.4544525],[54.5109267,24.4543255],[54.5104761,24.454262],[54.5103151,24.4544183],[54.510696,24.4546576],[54.5108891,24.4549359],[54.5108569,24.4551166],[54.5104224,24.4547845],[54.5102669,24.4546283],[54.5100416,24.4546039],[54.5099986,24.4542962],[54.5098055,24.4545306],[54.5100147,24.4549945],[54.5097948,24.4549457],[54.5095963,24.4545892],[54.5096178,24.4543353],[54.509371,24.4541742],[54.5094515,24.4547357],[54.5093174,24.4547797],[54.5090491,24.454516],[54.5088024,24.4544134],[54.5085556,24.4545257],[54.5083035,24.4546283],[54.5080138,24.4547552],[54.5080728,24.4549457],[54.5079763,24.4550873],[54.5076383,24.4551313],[54.5074666,24.4550678],[54.5074559,24.4552729],[54.5075203,24.4555317],[54.5072091,24.4557026],[54.5071501,24.4557563],[54.5069677,24.4555805],[54.5067478,24.4555854],[54.5065493,24.4556879],[54.5064098,24.4559126],[54.50642154355644,24.456],[54.50902465960396,24.456],[54.5090712,24.4559372],[54.5096979,24.4558202],[54.5099113,24.4557279],[54.5100135,24.4557818],[54.5102242,24.4556539],[54.5103792,24.4555858],[54.5105919,24.4555568],[54.51072,24.4556393],[54.5109905,24.455728],[54.5112221,24.4555319],[54.5114134,24.4554787],[54.5116669,24.4555642],[54.5118373,24.4555129],[54.5122344,24.4556301],[54.5124972,24.4555324],[54.5126837,24.4555906],[54.5129784,24.4557077],[54.5133226,24.4559084],[54.5140852,24.4557725],[54.51419952855725,24.456],[54.51758878673584,24.456],[54.5181421,24.4558493]]]}},{"type":"Feature","properties":{"layer":"land","subtype":"land","class":"island","name":"جزيرة السمالية"},"geometry":{"type":"MultiPolygon","coordinates":[[[[54.5478576,24.4555738],[54.5476381,24.4553611],[54.5476381,24.4549937],[54.5480275,24.4546005],[54.548247,24.4541558],[54.5482187,24.4538207],[54.5480619,24.4534817],[54.5480278,24.453408],[54.5479921,24.4533308],[54.547747,24.4527659],[54.549156,24.4516573],[54.54951,24.4507614],[54.549546,24.4498362],[54.549107,24.4492561],[54.5495319,24.4485084],[54.5501974,24.4480185],[54.5504098,24.4474642],[54.5505793,24.4473687],[54.550349,24.4472228],[54.5502884,24.4471444],[54.5487569,24.4451627],[54.5470944,24.4455822],[54.5469145,24.4456276],[54.5463737,24.4458281],[54.5462736,24.4456276],[54.5467643,24.4443514],[54.5472349,24.444005],[54.5471247,24.4439047],[54.5468043,24.4440232],[54.5467142,24.4431846],[54.5469393,24.4419891],[54.5469545,24.4419083],[54.5469946,24.4411882],[54.5476755,24.4404589],[54.5491975,24.4417807],[54.5495737,24.4421129],[54.5500643,24.442865],[54.5502428,24.442863],[54.5506178,24.4428835],[54.5509509,24.4429017],[54.5518714,24.443456],[54.5522254,24.4441135],[54.552619,24.4443869],[54.5521687,24.444642],[54.5523528,24.4450546],[54.5529051,24.4444487],[54.5530609,24.4442811],[54.5526219,24.4441264],[54.5523245,24.4436236],[54.5523953,24.4431853],[54.5535424,24.4425407],[54.5533092,24.4420857],[54.5533666,24.441165],[54.5535768,24.440928],[54.5539674,24.4412288],[54.5547012,24.4414785],[54.554979,24.4410741],[54.5534625,24.4406756],[54.5531342,24.4410262],[54.5531685,24.4412332],[54.5529482,24.4414155],[54.5530333,24.4416389],[54.5532285,24.4413016],[54.5532536,24.4418987],[54.5531484,24.4419762],[54.5531234,24.4421129],[54.5532486,24.4423681],[54.5531284,24.4425049],[54.5527579,24.4428011],[54.5526754,24.4428478],[54.5525977,24.4428604],[54.5523323,24.4429926],[54.5519919,24.4432888],[54.5515506,24.443093],[54.5513861,24.4430199],[54.5512859,24.4428148],[54.5507753,24.4427419],[54.550744,24.4425656],[54.5507252,24.4424593],[54.5506383,24.4424954],[54.5506223,24.4425859],[54.55059,24.4427692],[54.5502045,24.4427328],[54.5497637,24.4421199],[54.5497088,24.4418987],[54.5489328,24.4413107],[54.5483414,24.4408709],[54.5481408,24.4406897],[54.5479257,24.4404954],[54.5478443,24.4404219],[54.5477148,24.4403067],[54.5467315,24.4411123],[54.5466035,24.4423406],[54.5465345,24.443214],[54.5466548,24.4438908],[54.5465983,24.4440479],[54.5459821,24.4457603],[54.5451679,24.4472357],[54.5442061,24.4483703],[54.5430225,24.449337],[54.5427747,24.4492983],[54.5421162,24.4475838],[54.5419534,24.4473518],[54.5420943,24.4472797],[54.5423474,24.4439652],[54.5425826,24.4416667],[54.544027,24.4402228],[54.543997,24.4399612],[54.5437055,24.4399725],[54.5422299,24.4418833],[54.542139,24.4437339],[54.5420049,24.4457296],[54.5419156,24.4459277],[54.5419892,24.4462404],[54.5419696,24.4472232],[54.5418714,24.4473349],[54.5417439,24.4472679],[54.5417046,24.4474197],[54.5419593,24.447661],[54.5422885,24.4483444],[54.5425762,24.4493907],[54.541041,24.4510859],[54.5384498,24.452598],[54.5369495,24.4525321],[54.5376774,24.4519374],[54.5374491,24.4519825],[54.5360943,24.4529619],[54.5363408,24.4534932],[54.5342841,24.4545318],[54.5340792,24.4544235],[54.5338882,24.4541724],[54.533716,24.4539557],[54.5334666,24.4536421],[54.5300195,24.4544196],[54.5255527,24.4553089],[54.5251687,24.4554504],[54.52522404712745,24.456],[54.549245907903405,24.456],[54.5478576,24.4555738]]],[[[54.5596525,24.4450204],[54.5594434,24.4450561],[54.5587494,24.4446993],[54.558559,24.4444608],[54.5585502,24.444276],[54.5567569,24.4449901],[54.5571179,24.4459095],[54.5571478,24.4459856],[54.5579464,24.4480196],[54.5553266,24.4508685],[54.5548877,24.4526346],[54.5536132,24.4544393],[54.5529618,24.4547229],[54.5522679,24.4535885],[54.5516571,24.4525744],[54.5512908,24.4518869],[54.550948,24.4521436],[54.551302,24.4523886],[54.5528049,24.4547761],[54.5528349,24.455115],[54.55230321748072,24.456],[54.56,24.456],[54.56,24.444716315258574],[54.5596525,24.4450204]]]]}},{"type":"Feature","properties":{"layer":"land","subtype":"land","class":"land","name":""},"geometry":{"type":"MultiPolygon","coordinates":[[[[54.5478576,24.4555738],[54.5476381,24.4553611],[54.5476381,24.4549937],[54.5480275,24.4546005],[54.548247,24.4541558],[54.5482187,24.4538207],[54.5480619,24.4534817],[54.5480278,24.453408],[54.5479921,24.4533308],[54.547747,24.4527659],[54.549156,24.4516573],[54.54951,24.4507614],[54.549546,24.4498362],[54.549107,24.4492561],[54.5495319,24.4485084],[54.5501974,24.4480185],[54.5504098,24.4474642],[54.5505793,24.4473687],[54.550349,24.4472228],[54.5502884,24.4471444],[54.5487569,24.4451627],[54.5470944,24.4455822],[54.5469145,24.4456276],[54.5463737,24.4458281],[54.5462736,24.4456276],[54.5467643,24.4443514],[54.5472349,24.444005],[54.5471247,24.4439047],[54.5468043,24.4440232],[54.5467142,24.4431846],[54.5469393,24.4419891],[54.5469545,24.4419083],[54.5469946,24.4411882],[54.5476755,24.4404589],[54.5491975,24.4417807],[54.5495737,24.4421129],[54.5500643,24.442865],[54.5502428,24.442863],[54.5506178,24.4428835],[54.5509509,24.4429017],[54.5518714,24.443456],[54.5522254,24.4441135],[54.552619,24.4443869],[54.5521687,24.444642],[54.5523528,24.4450546],[54.5529051,24.4444487],[54.5530609,24.4442811],[54.5526219,24.4441264],[54.5523245,24.4436236],[54.5523953,24.4431853],[54.5535424,24.4425407],[54.5533092,24.4420857],[54.5533666,24.441165],[54.5535768,24.440928],[54.5539674,24.4412288],[54.5547012,24.4414785],[54.554979,24.4410741],[54.5534625,24.4406756],[54.5531342,24.4410262],[54.5531685,24.4412332],[54.5529482,24.4414155],[54.5530333,24.4416389],[54.5532285,24.4413016],[54.5532536,24.4418987],[54.5531484,24.4419762],[54.5531234,24.4421129],[54.5532486,24.4423681],[54.5531284,24.4425049],[54.5527579,24.4428011],[54.5526754,24.4428478],[54.5525977,24.4428604],[54.5523323,24.4429926],[54.5519919,24.4432888],[54.5515506,24.443093],[54.5513861,24.4430199],[54.5512859,24.4428148],[54.5507753,24.4427419],[54.550744,24.4425656],[54.5507252,24.4424593],[54.5506383,24.4424954],[54.5506223,24.4425859],[54.55059,24.4427692],[54.5502045,24.4427328],[54.5497637,24.4421199],[54.5497088,24.4418987],[54.5489328,24.4413107],[54.5483414,24.4408709],[54.5481408,24.4406897],[54.5479257,24.4404954],[54.5478443,24.4404219],[54.5477148,24.4403067],[54.5467315,24.4411123],[54.5466035,24.4423406],[54.5465345,24.443214],[54.5466548,24.4438908],[54.5465983,24.4440479],[54.5459821,24.4457603],[54.5451679,24.4472357],[54.5442061,24.4483703],[54.5430225,24.449337],[54.5427747,24.4492983],[54.5421162,24.4475838],[54.5419534,24.4473518],[54.5420943,24.4472797],[54.5423474,24.4439652],[54.5425826,24.4416667],[54.544027,24.4402228],[54.543997,24.4399612],[54.5437055,24.4399725],[54.5422299,24.4418833],[54.542139,24.4437339],[54.5420049,24.4457296],[54.5419156,24.4459277],[54.5419892,24.4462404],[54.5419696,24.4472232],[54.5418714,24.4473349],[54.5417439,24.4472679],[54.5417046,24.4474197],[54.5419593,24.447661],[54.5422885,24.4483444],[54.5425762,24.4493907],[54.541041,24.4510859],[54.5384498,24.452598],[54.5369495,24.4525321],[54.5376774,24.4519374],[54.5374491,24.4519825],[54.5360943,24.4529619],[54.5363408,24.4534932],[54.5342841,24.4545318],[54.5340792,24.4544235],[54.5338882,24.4541724],[54.533716,24.4539557],[54.5334666,24.4536421],[54.5300195,24.4544196],[54.5255527,24.4553089],[54.5251687,24.4554504],[54.52522404712745,24.456],[54.549245907903405,24.456],[54.5478576,24.4555738]]],[[[54.5596525,24.4450204],[54.5594434,24.4450561],[54.5587494,24.4446993],[54.558559,24.4444608],[54.5585502,24.444276],[54.5567569,24.4449901],[54.5571179,24.4459095],[54.5571478,24.4459856],[54.5579464,24.4480196],[54.5553266,24.4508685],[54.5548877,24.4526346],[54.5536132,24.4544393],[54.5529618,24.4547229],[54.5522679,24.4535885],[54.5516571,24.4525744],[54.5512908,24.4518869],[54.550948,24.4521436],[54.551302,24.4523886],[54.5528049,24.4547761],[54.5528349,24.455115],[54.55230321748072,24.456],[54.56,24.456],[54.56,24.444716315258574],[54.5596525,24.4450204]]]]}},{"type":"Feature","properties":{"layer":"land","subtype":"wetland","class":"wetland","name":""},"geometry":{"type":"Polygon","coordinates":[[[54.5508362,24.4556303],[54.5500078,24.4549116],[54.5500362,24.4545636],[54.5501353,24.4541543],[54.5501034,24.4539255],[54.5499583,24.4537644],[54.5495476,24.4534679],[54.5491971,24.4532552],[54.5490449,24.4530908],[54.5480619,24.4534817],[54.5482187,24.4538207],[54.548247,24.4541558],[54.5480275,24.4546005],[54.5476381,24.4549937],[54.5476381,24.4553611],[54.5478576,24.4555738],[54.549245907903405,24.456],[54.5505074592614,24.456],[54.5508362,24.4556303]]]}},{"type":"Feature","properties":{"layer":"land","subtype":"wetland","class":"wetland","name":""},"geometry":{"type":"Polygon","coordinates":[[[54.5528349,24.455115],[54.5528049,24.4547761],[54.5512931,24.4523874],[54.5510807,24.452265],[54.5512081,24.4526066],[54.5517498,24.4535637],[54.5522171,24.4541986],[54.5525605,24.45474],[54.5525145,24.4548141],[54.5509283,24.4556367],[54.55060768431592,24.456],[54.55230321748072,24.456],[54.5528349,24.455115]]]}},{"type":"Feature","properties":{"layer":"land","subtype":"forest","class":"forest","name":""},"geometry":{"type":"Polygon","coordinates":[[[54.5591761,24.455552],[54.55985145877118,24.456],[54.56,24.456],[54.56,24.450169888841106],[54.5577154,24.4545099],[54.5573048,24.4547833],[54.5569043,24.4547013],[54.5583863,24.4524043],[54.56,24.449510976035686],[54.56,24.447254769400764],[54.5598182,24.4477372],[54.558156,24.4493962],[54.5566439,24.4508182],[54.5560832,24.4520306],[54.5558228,24.4534434],[54.5551119,24.4540906],[54.5541206,24.4558224],[54.553885075508994,24.456],[54.55882044637932,24.456],[54.5591761,24.455552]]]}},{"type":"Feature","properties":{"layer":"land","subtype":"wetland","class":"wetland","name":""},"geometry":{"type":"Polygon","coordinates":[[[54.5512434,24.4554047],[54.5525143,24.4547344],[54.5522842,24.4543702],[54.5519196,24.4539126],[54.5516894,24.4535484],[54.5513885,24.4530393],[54.5511478,24.4526267],[54.5511336,24.4524914],[54.5510841,24.4523625],[54.5506238,24.4519274],[54.5505105,24.4518307],[54.5503229,24.452182],[54.5500432,24.4524656],[54.5497565,24.452746],[54.5493883,24.4529619],[54.5492077,24.4530844],[54.5494733,24.4533486],[54.5501494,24.4538449],[54.550199,24.4541704],[54.5500893,24.4546151],[54.5500556,24.4549052],[54.5504893,24.4552774],[54.5509354,24.4555884],[54.5512434,24.4554047]]]}},{"type":"Feature","properties":{"layer":"land","subtype":"shrub","class":"scrub","name":""},"geometry":{"type":"Polygon","coordinates":[[[54.5204768,24.4546048],[54.520519,24.4546966],[54.5205937,24.4547731],[54.5206877,24.4547042],[54.5210017,24.4545958],[54.5213821,24.4544982],[54.5216577,24.4543844],[54.5218098,24.4542936],[54.521892,24.4541838],[54.5220009,24.4541648],[54.5221256,24.4542191],[54.5224246,24.4542191],[54.5226976,24.4541015],[54.5229239,24.4539381],[54.5231431,24.4538284],[54.5233661,24.4538333],[54.5236659,24.4538041],[54.5239742,24.4537868],[54.5242628,24.4538984],[54.5238717,24.4538924],[54.5236904,24.4539409],[54.5234089,24.4539754],[54.5231759,24.4539633],[54.5229929,24.4540252],[54.5228164,24.4541387],[54.5226668,24.4542443],[54.5224515,24.4543466],[54.5221557,24.4543368],[54.5218979,24.4544307],[54.5216299,24.4545624],[54.5212917,24.4546992],[54.5210715,24.454797],[54.5208492,24.4548789],[54.5207404,24.4549968],[54.5207245,24.4550314],[54.520904,24.4549937],[54.5214203,24.4548057],[54.5218185,24.4547175],[54.5227879,24.4545345],[54.5231746,24.4544367],[54.5237274,24.4543634],[54.5241399,24.4542756],[54.524803,24.4541409],[54.5252801,24.4541556],[54.5260654,24.4539575],[54.5262018,24.453714],[54.526333,24.4534607],[54.5263278,24.4532616],[54.5262271,24.4530542],[54.5261035,24.4528096],[54.5260196,24.4525652],[54.5256371,24.4529345],[54.525571,24.4529533],[54.5254961,24.4529281],[54.5254171,24.4528384],[54.5253005,24.4527605],[54.5251939,24.4526853],[54.5250126,24.4525753],[54.524917,24.4524645],[54.5248476,24.4523275],[54.5248376,24.4522251],[54.524622,24.452133],[54.5244397,24.4520744],[54.5241339,24.4521183],[54.5235599,24.4522404],[54.5231897,24.4523429],[54.522766,24.4526018],[54.5224602,24.4527434],[54.5221115,24.4526457],[54.5214785,24.452255],[54.5209689,24.4519083],[54.5208133,24.4518448],[54.5206738,24.4518253],[54.5205924,24.451699],[54.5205359,24.452228],[54.5204805,24.4530652],[54.5204483,24.4539509],[54.5204283,24.4545729],[54.5204768,24.4546048]]]}},{"type":"Feature","properties":{"layer":"land","subtype":"physical","class":"cliff","name":""},"geometry":{"type":"LineString","coordinates":[[54.5160754,24.4517153],[54.5166387,24.4512905],[54.5168908,24.4512807],[54.5170088,24.4513344],[54.5172073,24.4512221],[54.5174755,24.4511684],[54.5176525,24.4514882],[54.5178886,24.4519814],[54.5180066,24.4523184],[54.5180066,24.4526212]]}},{"type":"Feature","properties":{"layer":"land","subtype":"wetland","class":"wetland","name":""},"geometry":{"type":"Polygon","coordinates":[[[54.5186622,24.454262],[54.518807,24.4545453],[54.5188982,24.4547015],[54.5190216,24.4547504],[54.5192737,24.4548187],[54.519503,24.4549433],[54.5196331,24.4551117],[54.5197713,24.4551728],[54.5200194,24.4551703],[54.5202179,24.4551313],[54.5203466,24.4550873],[54.5202125,24.4547064],[54.5202839,24.4545608],[54.5202303,24.4536968],[54.5202033,24.453464],[54.5202223,24.4531976],[54.5202748,24.4530657],[54.520249,24.4530572],[54.520249,24.4529936],[54.5202917,24.4529912],[54.5202896,24.4529094],[54.5202501,24.4529094],[54.520243,24.45284],[54.5202902,24.4528123],[54.5203133,24.4526504],[54.520308,24.4525726],[54.5203134,24.4525135],[54.5203188,24.4520352],[54.5203376,24.4515831],[54.5203691,24.4512404],[54.5203025,24.4511974],[54.5202353,24.4512789],[54.5201505,24.4511766],[54.5200463,24.4512642],[54.5199569,24.4511647],[54.5199052,24.4511524],[54.5198341,24.4511973],[54.5197728,24.4511693],[54.5197171,24.4511848],[54.5196687,24.4512057],[54.5195925,24.4512683],[54.5196198,24.4513997],[54.5197196,24.4518173],[54.5197918,24.4520037],[54.519765,24.4522609],[54.5200167,24.4533226],[54.5198828,24.4533543],[54.519853,24.4534196],[54.5199359,24.4534173],[54.5199074,24.4535182],[54.5198515,24.4537042],[54.5197284,24.4536535],[54.5197909,24.4534775],[54.519841,24.4533142],[54.5197852,24.4529948],[54.5196597,24.4524525],[54.5195978,24.4523569],[54.5195839,24.4522688],[54.5195679,24.4521014],[54.519522,24.4519711],[54.51953,24.4518517],[54.5194802,24.4517322],[54.5194175,24.4515944],[54.5192466,24.4515002],[54.5191482,24.4514892],[54.5192403,24.4516026],[54.5191333,24.4515845],[54.5191633,24.4516715],[54.5192398,24.4518413],[54.5191125,24.4518147],[54.5190533,24.4519052],[54.5190851,24.4520014],[54.5189717,24.4520092],[54.519047,24.4521082],[54.5189337,24.4520992],[54.5188571,24.4521625],[54.518894,24.4522242],[54.5187926,24.4522073],[54.5187399,24.4522721],[54.5186673,24.4522721],[54.5186998,24.4523419],[54.5186297,24.4523339],[54.518696,24.4524196],[54.5185843,24.4523959],[54.5185635,24.4524297],[54.5185007,24.4524678],[54.5183725,24.4524559],[54.5184577,24.4525388],[54.518338,24.4525034],[54.518388,24.4526431],[54.5184746,24.4528197],[54.5185144,24.4529272],[54.5185719,24.4531249],[54.5185843,24.4532704],[54.5186763,24.4533788],[54.51869,24.4535468],[54.5187802,24.4537739],[54.5188736,24.4539299],[54.5189206,24.4541211],[54.5189392,24.4542642],[54.5188778,24.4543502],[54.5187909,24.4544351],[54.5186815,24.4542066],[54.5186622,24.454262]]]}},{"type":"Feature","properties":{"layer":"land","subtype":"wetland","class":"wetland","name":""},"geometry":{"type":"Polygon","coordinates":[[[54.5256291,24.4529224],[54.5255714,24.4529389],[54.5255052,24.4529166],[54.5254276,24.4528285],[54.5253095,24.4527496],[54.5252027,24.4526742],[54.5250229,24.4525652],[54.5249298,24.4524573],[54.5248623,24.452324],[54.524852,24.4522189],[54.5241331,24.4515814],[54.523917,24.4514253],[54.523902,24.4514223],[54.5238859,24.4515144],[54.5238304,24.4514266],[54.5237907,24.4514372],[54.5237881,24.451435],[54.5237735,24.451487],[54.5236667,24.4515358],[54.5235841,24.4514857],[54.5235934,24.4514129],[54.5235723,24.4513554],[54.5235408,24.4513145],[54.5234951,24.4512936],[54.5234692,24.4513072],[54.5235331,24.4513655],[54.523598,24.4515258],[54.523469,24.4514773],[54.5233962,24.4514156],[54.5232374,24.4514266],[54.5231893,24.4514549],[54.523124,24.4514935],[54.5231058,24.4514734],[54.5230897,24.4515384],[54.5230142,24.4515521],[54.5229307,24.4515374],[54.5228407,24.4515518],[54.5227848,24.4516447],[54.5227169,24.4517446],[54.5226286,24.4517165],[54.5226093,24.4516139],[54.522617,24.4515483],[54.5226159,24.451546],[54.5225693,24.451602],[54.5224328,24.451612],[54.5224137,24.4514529],[54.5224163,24.4513408],[54.522386,24.4512581],[54.5222699,24.4512548],[54.5223119,24.4513758],[54.5221484,24.4513432],[54.5220928,24.4513245],[54.5220145,24.4514205],[54.5219675,24.4513114],[54.5219415,24.4512445],[54.5218643,24.4512463],[54.5217671,24.4512685],[54.5217521,24.4512195],[54.5217175,24.4512441],[54.5216153,24.4512718],[54.5215867,24.4511878],[54.5215156,24.4511545],[54.5214901,24.4511581],[54.5215176,24.4512085],[54.5216216,24.4513289],[54.5216216,24.451434],[54.5214549,24.4513502],[54.5213465,24.4512779],[54.5211997,24.4512272],[54.5211376,24.4512313],[54.5210856,24.4512641],[54.5210483,24.4513121],[54.5210614,24.4514429],[54.520903,24.4513796],[54.5206725,24.4513335],[54.5206248,24.4513624],[54.5205722,24.4515011],[54.5205774,24.4516985],[54.520521,24.4522269],[54.5204656,24.4530645],[54.5204334,24.4539504],[54.520413,24.4545798],[54.5204646,24.4546136],[54.5205062,24.454704],[54.520592,24.4547919],[54.5206953,24.4547162],[54.5210064,24.4546088],[54.5213873,24.4545111],[54.5216649,24.4543963],[54.5218205,24.4543036],[54.5219009,24.4541961],[54.5219988,24.454179],[54.5221222,24.4542327],[54.522428,24.4542327],[54.5227056,24.4541131],[54.5229322,24.4539495],[54.5231468,24.4538421],[54.5233668,24.453847],[54.5236672,24.4538177],[54.5239716,24.4538006],[54.5241862,24.4538836],[54.5238697,24.4538787],[54.5236873,24.4539275],[54.5234083,24.4539617],[54.5231736,24.4539495],[54.5229859,24.454013],[54.5228075,24.4541278],[54.5226587,24.4542327],[54.5224481,24.4543329],[54.5221531,24.4543231],[54.5218916,24.4544183],[54.5216233,24.4545502],[54.5212854,24.4546869],[54.5210654,24.4547845],[54.5208401,24.4548676],[54.5207275,24.4549896],[54.5206993,24.4550507],[54.5209085,24.4550067],[54.5214248,24.4548187],[54.5218218,24.4547308],[54.5227914,24.4545477],[54.5231777,24.4544501],[54.5237302,24.4543768],[54.5241433,24.4542889],[54.5248044,24.4541546],[54.5252819,24.4541693],[54.5260758,24.4539691],[54.5262153,24.45372],[54.526348,24.4534636],[54.5263427,24.4532585],[54.5262408,24.4530486],[54.5261174,24.4528044],[54.5260196,24.4525652],[54.5256291,24.4529224]]]}},{"type":"Feature","properties":{"layer":"water","subtype":"water","class":"water","name":""},"geometry":{"type":"Polygon","coordinates":[[[54.4729318,24.3995784],[54.4729647,24.3995813],[54.4729968,24.3995741],[54.4730245,24.3995576],[54.4730446,24.3995337],[54.473055,24.3995051],[54.4730544,24.399475],[54.4730429,24.3994468],[54.4730199,24.3994261],[54.4729026,24.3995647],[54.4729318,24.3995784]]]}},{"type":"Feature","properties":{"layer":"water","subtype":"water","class":"water","name":""},"geometry":{"type":"Polygon","coordinates":[[[54.4729604,24.3993907],[54.4729281,24.3993846],[54.4728971,24.399388],[54.4728689,24.3994001],[54.4728463,24.3994196],[54.4728314,24.3994446],[54.4728259,24.3994725],[54.4728302,24.3995006],[54.472845,24.3995275],[54.4728585,24.3995364],[54.4729793,24.3994008],[54.4729604,24.3993907]]]}},{"type":"Feature","properties":{"layer":"water","subtype":"pond","class":"pond","name":""},"geometry":{"type":"Polygon","coordinates":[[[54.4732195,24.4092625],[54.4732812,24.4093561],[54.4732097,24.4093951],[54.4732162,24.4094064],[54.4732283,24.409421],[54.4732524,24.4094286],[54.4732826,24.4094235],[54.4733081,24.4094136],[54.4733308,24.4093991],[54.4733497,24.4093807],[54.4733685,24.4093539],[54.4734032,24.4093315],[54.4734234,24.4093319],[54.4734441,24.4093323],[54.4734838,24.4093417],[54.4735132,24.4093549],[54.473521,24.4093628],[54.4735394,24.4093871],[54.4735451,24.4094028],[54.4735504,24.4094238],[54.473564,24.4094468],[54.473606,24.4094753],[54.4736317,24.409487],[54.4736606,24.4094929],[54.473697,24.4094901],[54.4737393,24.4094829],[54.4737703,24.4094629],[54.4737815,24.4094264],[54.4737946,24.4094032],[54.4738038,24.4093779],[54.473805,24.4093524],[54.4738034,24.4093254],[54.4737957,24.4093046],[54.4737873,24.409286],[54.4737831,24.4092651],[54.4737872,24.4092469],[54.4737922,24.4092245],[54.4738027,24.4092028],[54.4738126,24.4091836],[54.4738212,24.4091615],[54.4738268,24.409142],[54.4738268,24.4091243],[54.4738187,24.4091041],[54.4738082,24.4090849],[54.4737884,24.4090639],[54.4737637,24.4090498],[54.4737363,24.4090431],[54.4737046,24.4090424],[54.4736825,24.4090654],[54.4736559,24.4090618],[54.473637,24.4090677],[54.4736171,24.4090689],[54.4735975,24.4090653],[54.4735797,24.4090573],[54.4735352,24.4090296],[54.4734791,24.4089948],[54.4734622,24.4089814],[54.4734523,24.4089631],[54.4734507,24.4089427],[54.4734576,24.4089234],[54.4734831,24.4088495],[54.4734871,24.4088289],[54.4734836,24.4088082],[54.4734731,24.4087897],[54.4734578,24.408776],[54.4734388,24.4087671],[54.4734178,24.4087639],[54.4733966,24.4087664],[54.473355,24.4087823],[54.4733346,24.4087891],[54.473313,24.4087916],[54.4732913,24.4087897],[54.4732701,24.4087832],[54.4732511,24.4087726],[54.4732294,24.4087691],[54.4732073,24.4087703],[54.4731862,24.4087763],[54.4731673,24.4087866],[54.4731482,24.4088046],[54.4731358,24.4088269],[54.4731391,24.4088886],[54.4731438,24.4089086],[54.473141,24.4089289],[54.4731311,24.4089472],[54.4731168,24.4089604],[54.4730976,24.4089723],[54.4730224,24.4090235],[54.4730096,24.409042],[54.4730028,24.4090629],[54.4730023,24.4090848],[54.4730084,24.409106],[54.4730204,24.4091248],[54.4730377,24.4091401],[54.4730587,24.4091505],[54.4730821,24.4091554],[54.4731029,24.4091578],[54.4731215,24.4091665],[54.4731358,24.4091804],[54.4731427,24.4091939],[54.4731454,24.4092085],[54.4731438,24.4092232],[54.4731231,24.4093152],[54.4732195,24.4092625]]]}},{"type":"Feature","properties":{"layer":"water","subtype":"reservoir","class":"basin","name":""},"geometry":{"type":"Polygon","coordinates":[[[54.4734263,24.404345],[54.4734399,24.4043438],[54.4734524,24.4043391],[54.473463,24.4043313],[54.4734683,24.4043252],[54.4734723,24.4043182],[54.473507,24.4041713],[54.4735101,24.4041582],[54.4735082,24.4041429],[54.4735007,24.4041291],[54.4734905,24.4041197],[54.4734777,24.4041134],[54.4734663,24.4041111],[54.4734546,24.4041112],[54.4734432,24.4041139],[54.4734316,24.4041198],[54.4734222,24.4041284],[54.4734149,24.4041407],[54.4733811,24.4042965],[54.4733814,24.4043093],[54.473385,24.4043196],[54.4733912,24.4043289],[54.473401,24.4043372],[54.473413,24.4043427],[54.4734263,24.404345]]]}},{"type":"Feature","properties":{"layer":"water","subtype":"river","class":"river","name":"خور المقطع"},"geometry":{"type":"LineString","coordinates":[[54.4866311,24.4272482],[54.4861144,24.4232175],[54.4858569,24.4220258],[54.4858998,24.4211075],[54.4863075,24.4195444],[54.4866723,24.4179814],[54.4873375,24.4157745],[54.4881314,24.4138792],[54.4887752,24.4118081],[54.4890756,24.4101081],[54.4889039,24.408545],[54.4885391,24.4070795],[54.4873375,24.4046174],[54.4860071,24.4026243],[54.4839472,24.400807],[54.4819302,24.3994195],[54.4786482,24.3977585],[54.468,24.39237477725584]]}},{"type":"Feature","properties":{"layer":"water","subtype":"human_made","class":"swimming_pool","name":""},"geometry":{"type":"Polygon","coordinates":[[[54.4747904,24.398808],[54.474767,24.3988105],[54.4747459,24.3988198],[54.4747292,24.3988348],[54.4747188,24.3988539],[54.4747157,24.3988751],[54.4747203,24.398896],[54.4747321,24.3989145],[54.4747498,24.3989284],[54.4747715,24.3989364],[54.4747949,24.3989376],[54.4748176,24.3989318],[54.474837,24.3989195],[54.4748509,24.3989022],[54.4748579,24.3988817],[54.4748571,24.3988602],[54.4748487,24.3988401],[54.4748336,24.3988236],[54.4748135,24.3988125],[54.4747904,24.398808]]]}},{"type":"Feature","properties":{"layer":"water","subtype":"human_made","class":"swimming_pool","name":""},"geometry":{"type":"Polygon","coordinates":[[[54.4746975,24.3986534],[54.4746358,24.3987034],[54.4745944,24.3987684],[54.4745846,24.3988288],[54.4746198,24.3988333],[54.4746476,24.39885],[54.4746583,24.3988938],[54.4746509,24.3989189],[54.4746334,24.3989373],[54.4746079,24.3989533],[54.4746201,24.3989852],[54.4746759,24.3990406],[54.4747478,24.3990774],[54.4748288,24.399092],[54.474918,24.3990809],[54.4749978,24.3990429],[54.4750587,24.3989825],[54.4750274,24.3989404],[54.474983,24.3989614],[54.474959,24.3989688],[54.4749365,24.3989652],[54.4749061,24.398944],[54.4749025,24.3989149],[54.4749106,24.3988841],[54.4749368,24.3988653],[54.4749891,24.3988539],[54.4749987,24.3988308],[54.4750117,24.3988065],[54.475044,24.3987867],[54.4750705,24.3987887],[54.4750843,24.3987798],[54.4750719,24.3987465],[54.475018,24.3986808],[54.4749429,24.3986356],[54.4748553,24.3986163],[54.4747731,24.3986233],[54.4746975,24.3986534]],[[54.4748688,24.3988753],[54.4748638,24.3988977],[54.4748515,24.3989175],[54.474833,24.3989329],[54.4748102,24.3989424],[54.4747853,24.3989449],[54.4747583,24.3989395],[54.4747349,24.3989259],[54.4747181,24.3989059],[54.4747097,24.3988818],[54.4747109,24.3988566],[54.4747214,24.3988333],[54.4747401,24.3988146],[54.4747646,24.3988029],[54.4747921,24.3987995],[54.4748166,24.3988039],[54.4748385,24.3988151],[54.4748555,24.3988319],[54.474861,24.3988429],[54.4748659,24.3988526],[54.4748688,24.3988753]]]}},{"type":"Feature","properties":{"layer":"water","subtype":"human_made","class":"swimming_pool","name":""},"geometry":{"type":"Polygon","coordinates":[[[54.4927085,24.3903004],[54.4926721,24.3901931],[54.4925432,24.3902284],[54.4924314,24.3902608],[54.4924678,24.390368],[54.4927085,24.3903004]]]}},{"type":"Feature","properties":{"layer":"water","subtype":"human_made","class":"swimming_pool","name":""},"geometry":{"type":"Polygon","coordinates":[[[54.4974205,24.3907358],[54.4974651,24.3907277],[54.4975067,24.3908468],[54.4975751,24.3908333],[54.4976018,24.3907927],[54.4976078,24.3907439],[54.497587,24.3907088],[54.4975454,24.3907006],[54.4975216,24.3906194],[54.4973968,24.3906519],[54.4974205,24.3907358]]]}},{"type":"Feature","properties":{"layer":"water","subtype":"physical","class":"bay","name":"خور أبو ظبي"},"geometry":{"type":"Point","coordinates":[54.4835655,24.4015188]}},{"type":"Feature","properties":{"layer":"water","subtype":"human_made","class":"swimming_pool","name":""},"geometry":{"type":"Polygon","coordinates":[[[54.4901006,24.4067686],[54.490088,24.4066409],[54.4897729,24.4066667],[54.4897855,24.4067944],[54.4901006,24.4067686]]]}},{"type":"Feature","properties":{"layer":"water","subtype":"human_made","class":"swimming_pool","name":""},"geometry":{"type":"Polygon","coordinates":[[[54.4907772,24.4073335],[54.4908141,24.4073307],[54.490802,24.4072147],[54.4907182,24.4072908],[54.4906766,24.407441],[54.4907101,24.4075472],[54.4907745,24.4075082],[54.4907879,24.4074251],[54.4907772,24.4073335]]]}},{"type":"Feature","properties":{"layer":"water","subtype":"canal","class":"ditch","name":""},"geometry":{"type":"LineString","coordinates":[[54.4909281,24.4069225],[54.4910149,24.4069826],[54.4910619,24.4070677],[54.4911103,24.4076742],[54.4909167,24.4079113],[54.4908107,24.4079931],[54.4907562,24.4081294],[54.4907654,24.4082312],[54.4908494,24.4083825],[54.4908557,24.408498],[54.4908682,24.4085269]]}},{"type":"Feature","properties":{"layer":"water","subtype":"human_made","class":"swimming_pool","name":""},"geometry":{"type":"Polygon","coordinates":[[[54.4911377,24.4079546],[54.4911297,24.4078712],[54.4912433,24.4078622],[54.4912401,24.4078288],[54.4911648,24.4077634],[54.4911245,24.4077707],[54.4910977,24.4077903],[54.4910816,24.4078281],[54.4911017,24.4078843],[54.4909808,24.407967],[54.4911377,24.4079546]]]}},{"type":"Feature","properties":{"layer":"water","subtype":"human_made","class":"swimming_pool","name":""},"geometry":{"type":"Polygon","coordinates":[[[54.4907953,24.4080755],[54.490989,24.4080642],[54.4909808,24.407967],[54.4907953,24.4080755]]]}},{"type":"Feature","properties":{"layer":"water","subtype":"human_made","class":"swimming_pool","name":""},"geometry":{"type":"Polygon","coordinates":[[[54.4908127,24.4081927],[54.4909988,24.4081793],[54.4909923,24.4081035],[54.4908006,24.4081121],[54.4908127,24.4081927]]]}},{"type":"Feature","properties":{"layer":"water","subtype":"human_made","class":"swimming_pool","name":""},"geometry":{"type":"Polygon","coordinates":[[[54.4910091,24.4083015],[54.4910022,24.4082196],[54.490814,24.4082318],[54.4908161,24.4082507],[54.4909113,24.4083386],[54.4910454,24.4083618],[54.4910091,24.4083015]]]}},{"type":"Feature","properties":{"layer":"water","subtype":"canal","class":"ditch","name":""},"geometry":{"type":"LineString","coordinates":[[54.4908682,24.4085269],[54.4909069,24.4085827],[54.4909052,24.4086434]]}},{"type":"Feature","properties":{"layer":"water","subtype":"canal","class":"ditch","name":""},"geometry":{"type":"LineString","coordinates":[[54.4909052,24.4086434],[54.4909022,24.4087477],[54.4908741,24.4088779],[54.4909402,24.4090279],[54.4908436,24.4091671],[54.4908748,24.4093443],[54.4909107,24.4094419],[54.4909764,24.40947],[54.4911105,24.4094749],[54.4911923,24.4095005]]}},{"type":"Feature","properties":{"layer":"water","subtype":"canal","class":"ditch","name":""},"geometry":{"type":"LineString","coordinates":[[54.4911923,24.4095005],[54.4913248,24.4096129]]}},{"type":"Feature","properties":{"layer":"water","subtype":"canal","class":"ditch","name":""},"geometry":{"type":"LineString","coordinates":[[54.4913248,24.4096129],[54.4914083,24.4096837],[54.4914203,24.409768],[54.491403,24.4097924]]}},{"type":"Feature","properties":{"layer":"water","subtype":"canal","class":"ditch","name":""},"geometry":{"type":"LineString","coordinates":[[54.491403,24.4097924],[54.4913197,24.4099096]]}},{"type":"Feature","properties":{"layer":"water","subtype":"canal","class":"ditch","name":""},"geometry":{"type":"LineString","coordinates":[[54.4913197,24.4099096],[54.4911132,24.4101099],[54.4910824,24.4101673],[54.4910676,24.4102748],[54.4910757,24.4103737],[54.4911213,24.4104604],[54.4912275,24.4105813]]}},{"type":"Feature","properties":{"layer":"water","subtype":"human_made","class":"swimming_pool","name":""},"geometry":{"type":"Polygon","coordinates":[[[54.491022,24.4103699],[54.4910235,24.4103523],[54.4910349,24.410218],[54.4909665,24.4101356],[54.4908766,24.4101313],[54.490875,24.4101582],[54.4908733,24.410188],[54.4909128,24.4101899],[54.4909383,24.4102351],[54.4909274,24.4103633],[54.491022,24.4103699]]]}},{"type":"Feature","properties":{"layer":"water","subtype":"canal","class":"ditch","name":""},"geometry":{"type":"LineString","coordinates":[[54.4912275,24.4105813],[54.4913337,24.4107023]]}},{"type":"Feature","properties":{"layer":"water","subtype":"pond","class":"pond","name":""},"geometry":{"type":"Polygon","coordinates":[[[54.4843891,24.4117376],[54.4843838,24.4117213],[54.4843727,24.4117076],[54.4843582,24.4116985],[54.4843413,24.4116941],[54.4843237,24.4116948],[54.4843072,24.4117006],[54.4842937,24.4117108],[54.4842844,24.4117244],[54.4842803,24.41174],[54.4842819,24.411756],[54.484289,24.4117707],[54.4843008,24.4117826],[54.4843162,24.4117904],[54.4843335,24.4117933],[54.484352,24.4117909],[54.4843684,24.4117829],[54.484381,24.4117703],[54.4843882,24.4117546],[54.4843891,24.4117376]]]}},{"type":"Feature","properties":{"layer":"water","subtype":"human_made","class":"swimming_pool","name":""},"geometry":{"type":"Polygon","coordinates":[[[54.4865197,24.4120474],[54.4865317,24.4120156],[54.4865478,24.4119729],[54.4865585,24.4119289],[54.4865653,24.4118788],[54.4865666,24.4118276],[54.4865639,24.4117799],[54.4860234,24.4117457],[54.4859872,24.4119436],[54.4864995,24.4120803],[54.4865197,24.4120474]]]}},{"type":"Feature","properties":{"layer":"water","subtype":"pond","class":"pond","name":""},"geometry":{"type":"Polygon","coordinates":[[[54.4858033,24.4118162],[54.4858077,24.4117997],[54.485806,24.4117827],[54.4857982,24.4117672],[54.4857853,24.4117549],[54.4857686,24.4117471],[54.4857501,24.4117447],[54.4857318,24.411748],[54.4857156,24.4117566],[54.4857034,24.4117695],[54.4856965,24.4117853],[54.4856957,24.4118023],[54.4857008,24.4118181],[54.4857111,24.4118316],[54.4857256,24.4118415],[54.4857427,24.4118466],[54.4857608,24.4118466],[54.4857785,24.411841],[54.4857932,24.4118305],[54.4858033,24.4118162]]]}},{"type":"Feature","properties":{"layer":"water","subtype":"canal","class":"ditch","name":""},"geometry":{"type":"LineString","coordinates":[[54.4913337,24.4107023],[54.4913787,24.4107535],[54.491372,24.4109013],[54.4913486,24.4109206]]}},{"type":"Feature","properties":{"layer":"water","subtype":"canal","class":"ditch","name":""},"geometry":{"type":"LineString","coordinates":[[54.4913486,24.4109206],[54.4912151,24.4110307]]}},{"type":"Feature","properties":{"layer":"water","subtype":"human_made","class":"swimming_pool","name":""},"geometry":{"type":"Polygon","coordinates":[[[54.4910584,24.4114304],[54.4910872,24.4112973],[54.4910416,24.4111855],[54.4909565,24.4111745],[54.4909524,24.4114151],[54.4910584,24.4114304]]]}},{"type":"Feature","properties":{"layer":"water","subtype":"canal","class":"ditch","name":""},"geometry":{"type":"LineString","coordinates":[[54.4912151,24.4110307],[54.4911132,24.4114899],[54.4911186,24.4115424],[54.4911521,24.4115717],[54.4912218,24.4116157],[54.4913443,24.4117597]]}},{"type":"Feature","properties":{"layer":"water","subtype":"canal","class":"ditch","name":""},"geometry":{"type":"LineString","coordinates":[[54.4913443,24.4117597],[54.4914423,24.4118749]]}},{"type":"Feature","properties":{"layer":"water","subtype":"canal","class":"ditch","name":""},"geometry":{"type":"LineString","coordinates":[[54.4912586,24.4121995],[54.4911803,24.4122476]]}},{"type":"Feature","properties":{"layer":"water","subtype":"canal","class":"ditch","name":""},"geometry":{"type":"LineString","coordinates":[[54.4913793,24.4121253],[54.4912586,24.4121995]]}},{"type":"Feature","properties":{"layer":"water","subtype":"pond","class":"pond","name":""},"geometry":{"type":"Polygon","coordinates":[[[54.4900555,24.4144391],[54.4901096,24.4143322],[54.4902912,24.4144085],[54.4903482,24.414296],[54.4901536,24.4142144],[54.4900338,24.4144506],[54.4901204,24.4144871],[54.490129,24.4144699],[54.4900555,24.4144391]]]}},{"type":"Feature","properties":{"layer":"water","subtype":"physical","class":"bay","name":"خور أبو ظبي"},"geometry":{"type":"Point","coordinates":[54.4888227,24.4132428]}},{"type":"Feature","properties":{"layer":"water","subtype":"human_made","class":"swimming_pool","name":""},"geometry":{"type":"Polygon","coordinates":[[[54.4894896,24.4154972],[54.4895136,24.4154492],[54.4894253,24.4154126],[54.4894515,24.4153603],[54.4897181,24.4154708],[54.4897358,24.4154355],[54.4895686,24.4153661],[54.4897457,24.415012],[54.489593,24.4149487],[54.4893481,24.4154385],[54.4894896,24.4154972]]]}},{"type":"Feature","properties":{"layer":"water","subtype":"pond","class":"pond","name":""},"geometry":{"type":"Polygon","coordinates":[[[54.4901314,24.4147373],[54.4899553,24.4146624],[54.4900063,24.414563],[54.4900738,24.4145877],[54.4900841,24.4145677],[54.4900001,24.4145345],[54.489935,24.4146662],[54.4901256,24.4147485],[54.4901314,24.4147373]]]}},{"type":"Feature","properties":{"layer":"water","subtype":"pond","class":"pond","name":""},"geometry":{"type":"Polygon","coordinates":[[[54.489866,24.4146508],[54.4900437,24.4143051],[54.489972,24.4142745],[54.4897943,24.4146202],[54.489866,24.4146508]]]}},{"type":"Feature","properties":{"layer":"water","subtype":"pond","class":"pond","name":""},"geometry":{"type":"Polygon","coordinates":[[[54.4910232,24.4149855],[54.4910798,24.4148729],[54.490956,24.4148213],[54.4908994,24.4149339],[54.4910232,24.4149855]]]}},{"type":"Feature","properties":{"layer":"water","subtype":"physical","class":"bay","name":"Abu Dhabi Creek"},"geometry":{"type":"Point","coordinates":[54.4860753,24.4218576]}},{"type":"Feature","properties":{"layer":"water","subtype":"pond","class":"pond","name":""},"geometry":{"type":"Polygon","coordinates":[[[54.4920733,24.4153507],[54.4920731,24.4153402],[54.492069,24.4153305],[54.4920614,24.4153226],[54.4920514,24.4153176],[54.49204,24.4153159],[54.4920288,24.4153179],[54.4920189,24.4153233],[54.4920117,24.4153314],[54.4920079,24.4153413],[54.4920081,24.4153517],[54.4920112,24.41536],[54.4920169,24.4153672],[54.4920246,24.4153725],[54.4920336,24.4153756],[54.4920433,24.4153762],[54.4920527,24.4153742],[54.4920625,24.4153687],[54.4920697,24.4153606],[54.4920733,24.4153507]]]}},{"type":"Feature","properties":{"layer":"water","subtype":"canal","class":"ditch","name":""},"geometry":{"type":"LineString","coordinates":[[54.4914423,24.4118749],[54.4914659,24.4119027],[54.4914136,24.4121042],[54.4913793,24.4121253]]}},{"type":"Feature","properties":{"layer":"water","subtype":"canal","class":"drain","name":""},"geometry":{"type":"LineString","coordinates":[[54.5085318,24.4177261],[54.5086863,24.4175146],[54.5089398,24.4171636]]}},{"type":"Feature","properties":{"layer":"water","subtype":"canal","class":"drain","name":""},"geometry":{"type":"LineString","coordinates":[[54.5077993,24.4188705],[54.5073735,24.4194557]]}},{"type":"Feature","properties":{"layer":"water","subtype":"canal","class":"drain","name":""},"geometry":{"type":"LineString","coordinates":[[54.5072991,24.4194322],[54.5077222,24.4188478]]}},{"type":"Feature","properties":{"layer":"water","subtype":"canal","class":"drain","name":""},"geometry":{"type":"LineString","coordinates":[[54.5080684,24.4185113],[54.5079012,24.4187278]]}},{"type":"Feature","properties":{"layer":"water","subtype":"canal","class":"drain","name":""},"geometry":{"type":"LineString","coordinates":[[54.5077222,24.4188478],[54.5079829,24.4184771],[54.5085318,24.4177261]]}},{"type":"Feature","properties":{"layer":"water","subtype":"canal","class":"drain","name":""},"geometry":{"type":"LineString","coordinates":[[54.5079012,24.4187278],[54.5077993,24.4188705]]}},{"type":"Feature","properties":{"layer":"water","subtype":"canal","class":"drain","name":""},"geometry":{"type":"LineString","coordinates":[[54.506565,24.4204169],[54.5072991,24.4194322]]}},{"type":"Feature","properties":{"layer":"water","subtype":"human_made","class":"swimming_pool","name":""},"geometry":{"type":"Polygon","coordinates":[[[54.4694388,24.4370689],[54.4694582,24.4370433],[54.4695076,24.4370743],[54.4695589,24.4370064],[54.4695201,24.436982],[54.4695684,24.4369181],[54.4695143,24.4368842],[54.4694627,24.4369524],[54.4694282,24.4369309],[54.4693608,24.43702],[54.4694388,24.4370689]]]}},{"type":"Feature","properties":{"layer":"water","subtype":"human_made","class":"swimming_pool","name":""},"geometry":{"type":"Polygon","coordinates":[[[54.4680209,24.4357097],[54.4680198,24.4357136],[54.4680198,24.4357208],[54.4680224,24.4357275],[54.4680272,24.435733],[54.4680337,24.4357368],[54.4680412,24.4357384],[54.4680489,24.4357378],[54.468056,24.4357349],[54.4680616,24.4357301],[54.4680653,24.4357239],[54.4680665,24.4357169],[54.4680651,24.43571],[54.4680614,24.4357038],[54.4680557,24.4356991],[54.4680486,24.4356963],[54.4680427,24.4356959],[54.4680444,24.4356339],[54.4680924,24.435635],[54.4680932,24.4356044],[54.4680612,24.4356037],[54.4680615,24.4355923],[54.468,24.435590964253393],[54.468,24.435709256498676],[54.4680209,24.4357097]]]}},{"type":"Feature","properties":{"layer":"water","subtype":"human_made","class":"swimming_pool","name":""},"geometry":{"type":"Polygon","coordinates":[[[54.4686613,24.4330602],[54.4687002,24.4330748],[54.4687163,24.4330846],[54.4687511,24.4330809],[54.4687726,24.4330638],[54.468794,24.433059],[54.4688007,24.4330455],[54.4687994,24.4330272],[54.4688061,24.4330113],[54.4688222,24.4330065],[54.4688316,24.4330113],[54.4688463,24.4330236],[54.4688624,24.4330187],[54.4688799,24.4330089],[54.4688906,24.432982],[54.4689027,24.4329662],[54.4689201,24.4329466],[54.4689201,24.432921],[54.468896,24.4329198],[54.4688584,24.4329112],[54.4688437,24.4329271],[54.4688316,24.4329515],[54.4688088,24.4329649],[54.4687847,24.4329625],[54.4687659,24.4329564],[54.4687525,24.4329405],[54.4687364,24.4329491],[54.4687323,24.4329662],[54.4687203,24.432982],[54.4687055,24.432993],[54.4686747,24.4330016],[54.4686586,24.4329967],[54.4686398,24.4329991],[54.4686331,24.4330175],[54.4686613,24.4330602]]]}},{"type":"Feature","properties":{"layer":"water","subtype":"human_made","class":"swimming_pool","name":""},"geometry":{"type":"Polygon","coordinates":[[[54.4685776,24.4346886],[54.4686996,24.4345901],[54.468629,24.4345177],[54.468507,24.4346162],[54.4685776,24.4346886]]]}},{"type":"Feature","properties":{"layer":"water","subtype":"human_made","class":"swimming_pool","name":""},"geometry":{"type":"Polygon","coordinates":[[[54.4689246,24.4344279],[54.4689955,24.4343694],[54.4689796,24.4343534],[54.4690121,24.4343266],[54.4689493,24.4342635],[54.4689198,24.4342878],[54.4689474,24.4343155],[54.468906,24.4343497],[54.4689205,24.4343642],[54.4688879,24.4343911],[54.4689246,24.4344279]]]}},{"type":"Feature","properties":{"layer":"water","subtype":"human_made","class":"swimming_pool","name":""},"geometry":{"type":"Polygon","coordinates":[[[54.4691103,24.4333081],[54.469182,24.4332505],[54.4690743,24.4331393],[54.4690026,24.4331969],[54.4691103,24.4333081]]]}},{"type":"Feature","properties":{"layer":"water","subtype":"human_made","class":"swimming_pool","name":""},"geometry":{"type":"Polygon","coordinates":[[[54.4710923,24.4311324],[54.4710875,24.4311],[54.4710711,24.431071],[54.4710452,24.4310486],[54.4710125,24.4310352],[54.4709768,24.4310325],[54.4709421,24.4310407],[54.4709124,24.4310589],[54.470891,24.431085],[54.4708803,24.4311162],[54.4708816,24.4311488],[54.4708947,24.4311791],[54.4709158,24.4312021],[54.4709436,24.4312181],[54.4709755,24.4312256],[54.4710083,24.4312238],[54.471039,24.4312131],[54.4710666,24.4311923],[54.4710851,24.4311643],[54.4710923,24.4311324]]]}},{"type":"Feature","properties":{"layer":"water","subtype":"water","class":"water","name":""},"geometry":{"type":"Polygon","coordinates":[[[54.4685611,24.4284571],[54.4685401,24.4283741],[54.4684689,24.4283889],[54.4684898,24.428472],[54.4685611,24.4284571]]]}},{"type":"Feature","properties":{"layer":"water","subtype":"water","class":"water","name":""},"geometry":{"type":"Polygon","coordinates":[[[54.468127,24.4289282],[54.4681214,24.4289562],[54.4681261,24.4289843],[54.4681407,24.4290095],[54.4681635,24.4290289],[54.4681921,24.4290405],[54.4682232,24.4290429],[54.4682535,24.4290359],[54.4682793,24.4290206],[54.4682983,24.4289984],[54.4683084,24.4289719],[54.4683085,24.4289438],[54.4683158,24.4289073],[54.4684164,24.4287809],[54.4684419,24.4287614],[54.4684587,24.4287559],[54.4684805,24.428769],[54.468518,24.4287837],[54.4685482,24.4287846],[54.4685713,24.4287806],[54.4686015,24.4287641],[54.4686206,24.428744],[54.4686333,24.4287214],[54.468639,24.428675],[54.4686273,24.4286536],[54.4686002,24.4286289],[54.4685872,24.4286177],[54.4685583,24.4286057],[54.4685266,24.4286033],[54.4684986,24.4286072],[54.468456,24.4286567],[54.4683762,24.4287449],[54.4683406,24.4287235],[54.4682969,24.4287746],[54.4682188,24.4287794],[54.4682031,24.4287538],[54.4681788,24.4287344],[54.4681488,24.4287235],[54.4681166,24.4287223],[54.4680879,24.42873],[54.4680633,24.4287454],[54.4680451,24.428767],[54.4680352,24.4287926],[54.4680344,24.4288198],[54.4680429,24.4288458],[54.4680598,24.4288682],[54.4680857,24.4288858],[54.4681166,24.4288945],[54.4681231,24.4289102],[54.468127,24.4289282]]]}},{"type":"Feature","properties":{"layer":"water","subtype":"pond","class":"pond","name":""},"geometry":{"type":"Polygon","coordinates":[[[54.4818156,24.4118088],[54.4817881,24.411822],[54.4817667,24.4118426],[54.4817533,24.4118694],[54.4817505,24.4118987],[54.4817586,24.4119272],[54.4817765,24.4119516],[54.4818024,24.4119692],[54.4818332,24.411978],[54.4818655,24.411977],[54.4818945,24.4119668],[54.4819184,24.4119487],[54.4819347,24.4119246],[54.4819417,24.4118969],[54.4819386,24.4118688],[54.4819257,24.411843],[54.4819044,24.4118223],[54.481877,24.4118089],[54.4818463,24.4118043],[54.4818156,24.4118088]]]}},{"type":"Feature","properties":{"layer":"water","subtype":"pond","class":"pond","name":""},"geometry":{"type":"Polygon","coordinates":[[[54.4763586,24.4125237],[54.4764706,24.4120524],[54.47623,24.4120057],[54.4762187,24.4120521],[54.4761601,24.4120402],[54.4760656,24.4124281],[54.4761211,24.4124394],[54.4761127,24.4124741],[54.4763586,24.4125237]]]}},{"type":"Feature","properties":{"layer":"water","subtype":"pond","class":"pond","name":""},"geometry":{"type":"Polygon","coordinates":[[[54.4760305,24.4118152],[54.4760334,24.4118032],[54.4760903,24.4118145],[54.4761111,24.4117277],[54.4757163,24.4116492],[54.4756926,24.4117479],[54.4760305,24.4118152]]]}},{"type":"Feature","properties":{"layer":"water","subtype":"pond","class":"pond","name":""},"geometry":{"type":"Polygon","coordinates":[[[54.4752935,24.4116671],[54.4756426,24.4117367],[54.4756649,24.4116414],[54.4753155,24.4115734],[54.4752935,24.4116671]]]}},{"type":"Feature","properties":{"layer":"water","subtype":"pond","class":"pond","name":""},"geometry":{"type":"Polygon","coordinates":[[[54.4748871,24.4115858],[54.4752382,24.4116561],[54.4752607,24.4115632],[54.4749095,24.4114928],[54.4748871,24.4115858]]]}},{"type":"Feature","properties":{"layer":"water","subtype":"pond","class":"pond","name":""},"geometry":{"type":"Polygon","coordinates":[[[54.4744961,24.4115066],[54.474832,24.4115744],[54.4748553,24.4114768],[54.4745206,24.411408],[54.4744961,24.4115066]]]}},{"type":"Feature","properties":{"layer":"water","subtype":"pond","class":"pond","name":""},"geometry":{"type":"Polygon","coordinates":[[[54.4744875,24.4132552],[54.4748362,24.4133266],[54.4748715,24.4131807],[54.4745225,24.4131107],[54.4744875,24.4132552]]]}},{"type":"Feature","properties":{"layer":"water","subtype":"pond","class":"pond","name":""},"geometry":{"type":"Polygon","coordinates":[[[54.4748931,24.4133382],[54.4752393,24.413409],[54.4752779,24.4132626],[54.474928,24.4131922],[54.4748931,24.4133382]]]}},{"type":"Feature","properties":{"layer":"water","subtype":"pond","class":"pond","name":""},"geometry":{"type":"Polygon","coordinates":[[[54.4760206,24.4128519],[54.4759651,24.4128406],[54.4758671,24.4132417],[54.4759259,24.4132536],[54.4759171,24.4132897],[54.4761599,24.4133389],[54.4762741,24.4128707],[54.4760281,24.4128209],[54.4760206,24.4128519]]]}},{"type":"Feature","properties":{"layer":"water","subtype":"pond","class":"pond","name":""},"geometry":{"type":"Polygon","coordinates":[[[54.4752958,24.4134206],[54.475701,24.4135034],[54.4757203,24.4134256],[54.475646,24.4134106],[54.4756631,24.4133402],[54.4753281,24.4132728],[54.4752958,24.4134206]]]}},{"type":"Feature","properties":{"layer":"water","subtype":"pond","class":"pond","name":""},"geometry":{"type":"Polygon","coordinates":[[[54.4741021,24.4131764],[54.4744275,24.413243],[54.4744615,24.4130983],[54.4741359,24.4130326],[54.4741021,24.4131764]]]}},{"type":"Feature","properties":{"layer":"water","subtype":"pond","class":"pond","name":""},"geometry":{"type":"Polygon","coordinates":[[[54.4734019,24.412268],[54.4734196,24.4122905],[54.4734454,24.4123052],[54.4734753,24.41231],[54.473505,24.4123043],[54.4735302,24.4122888],[54.473547,24.4122657],[54.473565,24.4122389],[54.4735796,24.4122104],[54.4735906,24.4121806],[54.4733886,24.412146],[54.4733893,24.4121777],[54.4733913,24.4122095],[54.4733947,24.4122411],[54.4734019,24.412268]]]}},{"type":"Feature","properties":{"layer":"water","subtype":"pond","class":"pond","name":""},"geometry":{"type":"Polygon","coordinates":[[[54.4734344,24.4120017],[54.4734165,24.4120368],[54.4734068,24.4120745],[54.4736052,24.4121124],[54.4736119,24.4120742],[54.473611,24.4120355],[54.4736025,24.4119976],[54.4735918,24.4119733],[54.4735713,24.411951],[54.4735425,24.4119385],[54.4735105,24.4119378],[54.4734811,24.4119491],[54.4734597,24.4119707],[54.4734344,24.4120017]]]}},{"type":"Feature","properties":{"layer":"water","subtype":"human_made","class":"swimming_pool","name":""},"geometry":{"type":"Polygon","coordinates":[[[54.4707685,24.4113521],[54.4707474,24.411354],[54.4707282,24.4113622],[54.4707146,24.411374],[54.4707055,24.411389],[54.4707017,24.4114058],[54.4707035,24.4114228],[54.4707108,24.4114386],[54.4707256,24.4114527],[54.4707449,24.4114629],[54.4707634,24.4114722],[54.4707843,24.4114755],[54.4708209,24.4114784],[54.470848,24.4114762],[54.4708705,24.4114698],[54.4708896,24.411461],[54.4709057,24.4114509],[54.4709134,24.4114465],[54.4709213,24.4114389],[54.4709265,24.4114296],[54.4709286,24.4114182],[54.4709268,24.4114068],[54.4709221,24.4113976],[54.4709147,24.41139],[54.4709076,24.4113855],[54.4708995,24.4113825],[54.470841,24.4113905],[54.4708141,24.4113831],[54.470789,24.4113567],[54.4707685,24.4113521]]]}},{"type":"Feature","properties":{"layer":"water","subtype":"water","class":"water","name":""},"geometry":{"type":"Polygon","coordinates":[[[54.4706448,24.4230641],[54.4706619,24.4230641],[54.4706808,24.4230467],[54.4706977,24.4230225],[54.4707033,24.4229965],[54.4706985,24.4229733],[54.470688,24.4229638],[54.4706652,24.4229656],[54.4706435,24.4229786],[54.4706256,24.4230072],[54.4706238,24.4230331],[54.4706325,24.4230547],[54.4706448,24.4230641]]]}},{"type":"Feature","properties":{"layer":"water","subtype":"water","class":"water","name":""},"geometry":{"type":"Polygon","coordinates":[[[54.4705535,24.4232052],[54.4705656,24.4231942],[54.4705656,24.4231697],[54.4705589,24.4231417],[54.4705428,24.4231197],[54.4705213,24.4231062],[54.4705066,24.4231062],[54.4704918,24.4231221],[54.4704865,24.4231453],[54.4704959,24.4231771],[54.4705146,24.4231966],[54.4705374,24.4232064],[54.4705535,24.4232052]]]}},{"type":"Feature","properties":{"layer":"water","subtype":"water","class":"water","name":""},"geometry":{"type":"Polygon","coordinates":[[[54.4704399,24.4234872],[54.4704359,24.4235202],[54.4704372,24.4235605],[54.4704627,24.4236045],[54.4705039,24.4236356],[54.4704994,24.4236187],[54.4704991,24.4236013],[54.4705031,24.4235841],[54.4705112,24.4235682],[54.4705246,24.4235528],[54.4705407,24.4235415],[54.4705307,24.4235239],[54.4705133,24.4234982],[54.4704918,24.4234811],[54.470464,24.423475],[54.4704399,24.4234872]]]}},{"type":"Feature","properties":{"layer":"water","subtype":"water","class":"water","name":""},"geometry":{"type":"Polygon","coordinates":[[[54.4706018,24.423464],[54.4705696,24.4234469],[54.4705562,24.4234237],[54.4705576,24.4234054],[54.470575,24.4233871],[54.4705991,24.4233749],[54.4706246,24.42337],[54.4706541,24.4233663],[54.4706984,24.4233676],[54.4706662,24.4233554],[54.4706273,24.423348],[54.4706018,24.4233492],[54.4705696,24.4233541],[54.4705428,24.4233639],[54.4705254,24.4233749],[54.470516,24.4233969],[54.470516,24.4234225],[54.4705281,24.4234445],[54.4705562,24.4234665],[54.4705897,24.4234762],[54.470642,24.4234738],[54.4706018,24.423464]]]}},{"type":"Feature","properties":{"layer":"water","subtype":"water","class":"water","name":""},"geometry":{"type":"Polygon","coordinates":[[[54.4704449,24.4233444],[54.4704838,24.4233419],[54.47052,24.4233309],[54.4705522,24.4233114],[54.470575,24.4232906],[54.4705763,24.4232687],[54.4705522,24.4232577],[54.470516,24.4232552],[54.4704798,24.4232638],[54.4704462,24.4232784],[54.4704261,24.4232919],[54.4704141,24.4233138],[54.4704181,24.4233346],[54.4704449,24.4233444]]]}},{"type":"Feature","properties":{"layer":"water","subtype":"water","class":"water","name":""},"geometry":{"type":"Polygon","coordinates":[[[54.4707011,24.4233151],[54.4706957,24.4232931],[54.4707011,24.423276],[54.4707131,24.4232625],[54.4706729,24.4232479],[54.4706394,24.4232296],[54.4706206,24.42321],[54.4706045,24.4231832],[54.4706037,24.4231635],[54.4705938,24.4231734],[54.4706005,24.4232137],[54.4706125,24.4232406],[54.47063,24.4232674],[54.4706541,24.4232943],[54.470685,24.4233175],[54.4707118,24.4233297],[54.4707011,24.4233151]]]}},{"type":"Feature","properties":{"layer":"water","subtype":"water","class":"water","name":""},"geometry":{"type":"Polygon","coordinates":[[[54.4711678,24.4232503],[54.4711986,24.4232772],[54.4712592,24.4233088],[54.4712329,24.4232803],[54.4712207,24.4232542],[54.4712013,24.4232259],[54.4711919,24.4231942],[54.4711453,24.4232088],[54.471148,24.4232259],[54.4711678,24.4232503]]]}},{"type":"Feature","properties":{"layer":"water","subtype":"water","class":"water","name":""},"geometry":{"type":"Polygon","coordinates":[[[54.4708647,24.4230928],[54.4708969,24.4231099],[54.4709355,24.4231206],[54.4709333,24.4230992],[54.4709347,24.4230763],[54.4709388,24.4230649],[54.4709451,24.4230544],[54.470955,24.4230436],[54.4709672,24.4230349],[54.4709858,24.4230274],[54.4710059,24.4230249],[54.4710203,24.4230263],[54.4710342,24.4230302],[54.4710539,24.4230416],[54.4710685,24.4230576],[54.4710769,24.423077],[54.4710903,24.4231148],[54.471144,24.4230794],[54.4711936,24.4230635],[54.4712378,24.4230647],[54.4712647,24.4230855],[54.4712647,24.4231099],[54.471325,24.423127],[54.4712311,24.4230281],[54.4711584,24.4230269],[54.4711316,24.4230379],[54.4711128,24.4230452],[54.4710967,24.423033],[54.4710699,24.4230061],[54.4710323,24.422989],[54.470984,24.422978],[54.4709223,24.4229756],[54.4708713,24.4229976],[54.4708888,24.4230122],[54.4708942,24.423033],[54.4708848,24.4230464],[54.470866,24.4230574],[54.4708338,24.4230659],[54.4708647,24.4230928]]]}},{"type":"Feature","properties":{"layer":"water","subtype":"human_made","class":"swimming_pool","name":""},"geometry":{"type":"Polygon","coordinates":[[[54.471329,24.4228194],[54.4713343,24.4228297],[54.4713984,24.4228826],[54.4714411,24.4229201],[54.4714701,24.4229576],[54.4715211,24.4230395],[54.4715345,24.4230578],[54.4715506,24.4230688],[54.4716119,24.4230975],[54.4716337,24.4231143],[54.4716471,24.4231317],[54.4716535,24.4231491],[54.4716555,24.4231637],[54.4716626,24.4232159],[54.4716713,24.4232379],[54.4716914,24.4232663],[54.4717152,24.4232843],[54.4717457,24.4232971],[54.4717756,24.4233026],[54.4718061,24.4233075],[54.4718222,24.4233096],[54.4718309,24.423309],[54.4718369,24.4233057],[54.4718376,24.4232977],[54.4718406,24.423287],[54.471848,24.4232782],[54.4718604,24.4232739],[54.4718714,24.4232736],[54.4718842,24.423277],[54.4718939,24.4232837],[54.4718989,24.423295],[54.4719036,24.4233005],[54.47191,24.4233038],[54.4719506,24.423306],[54.4719583,24.4233026],[54.4719623,24.4232977],[54.471962,24.4232898],[54.4719543,24.4232794],[54.4718885,24.4232144],[54.4718771,24.423201],[54.4718755,24.4231924],[54.4718771,24.4231845],[54.4718862,24.4231674],[54.4718879,24.4231567],[54.4718855,24.42315],[54.4718718,24.423139],[54.4718557,24.4231341],[54.4718383,24.423135],[54.4718111,24.4231439],[54.4717762,24.4231506],[54.4717514,24.4231515],[54.4717296,24.4231481],[54.4717098,24.4231365],[54.4716951,24.4231243],[54.471686,24.4231091],[54.471684,24.4230907],[54.4716857,24.4230767],[54.4716948,24.4230599],[54.4717132,24.4230447],[54.4717249,24.4230318],[54.4717296,24.423023],[54.4717343,24.4230147],[54.4717367,24.4230007],[54.4717387,24.4229888],[54.4717336,24.4229714],[54.4717189,24.4229525],[54.4716559,24.4229201],[54.4716161,24.4228889],[54.4715878,24.4228648],[54.4715556,24.4228212],[54.4715127,24.4228316],[54.4714936,24.4228294],[54.4714557,24.4228175],[54.4714198,24.4227949],[54.4714004,24.4227894],[54.4713625,24.4227891],[54.4713407,24.4228001],[54.47133,24.4228111],[54.471329,24.4228194]]]}},{"type":"Feature","properties":{"layer":"water","subtype":"human_made","class":"swimming_pool","name":""},"geometry":{"type":"Polygon","coordinates":[[[54.4719965,24.4232403],[54.4720146,24.4232657],[54.4720223,24.4232776],[54.4720284,24.4232818],[54.4720354,24.4232825],[54.4720408,24.4232788],[54.4720436,24.4232713],[54.4720562,24.4232345],[54.4720693,24.423215],[54.4720924,24.4231942],[54.4720991,24.4231836],[54.4720967,24.4231738],[54.4720886,24.4231608],[54.4720441,24.423171],[54.4719979,24.4231827],[54.4720092,24.4231964],[54.472009,24.4232007],[54.4720061,24.4232061],[54.4719864,24.4232266],[54.4719965,24.4232403]]]}},{"type":"Feature","properties":{"layer":"water","subtype":"human_made","class":"swimming_pool","name":""},"geometry":{"type":"Polygon","coordinates":[[[54.4733044,24.4234764],[54.4734592,24.4234481],[54.4734793,24.4234177],[54.4734845,24.4233877],[54.47348,24.4233823],[54.4734559,24.4233533],[54.4733203,24.4233715],[54.473299,24.4233903],[54.4732777,24.4234043],[54.4732583,24.4234255],[54.4732641,24.4234594],[54.4733044,24.4234764]]]}},{"type":"Feature","properties":{"layer":"water","subtype":"human_made","class":"swimming_pool","name":""},"geometry":{"type":"Polygon","coordinates":[[[54.4730568,24.422918],[54.4729806,24.4228388],[54.4727861,24.422994],[54.4728623,24.4230732],[54.4730568,24.422918]]]}},{"type":"Feature","properties":{"layer":"water","subtype":"canal","class":"drain","name":""},"geometry":{"type":"LineString","coordinates":[[54.4716614,24.4237218],[54.4715006,24.4238419],[54.4714268,24.4238883],[54.4713544,24.4239335],[54.4712954,24.423975],[54.4712337,24.4240312],[54.4711626,24.4241032],[54.4710969,24.4241765],[54.4710272,24.4242559],[54.4709628,24.4243169],[54.4708971,24.424367],[54.4708139,24.4244171],[54.470716,24.4244744],[54.4706316,24.4245282],[54.4705276,24.424604]]}},{"type":"Feature","properties":{"layer":"water","subtype":"canal","class":"drain","name":""},"geometry":{"type":"LineString","coordinates":[[54.4692155,24.4256361],[54.4693091,24.4255768],[54.4694111,24.4254864],[54.4695318,24.4253668],[54.4696035,24.4252874],[54.4696652,24.4252373],[54.4698302,24.4251323],[54.4699589,24.4250456],[54.4700675,24.4249638],[54.4701454,24.4249084]]}},{"type":"Feature","properties":{"layer":"water","subtype":"river","class":"river","name":"خور البغال"},"geometry":{"type":"LineString","coordinates":[[54.468,24.438686540993984],[54.4688358,24.4360768],[54.470016,24.4344163],[54.476625,24.4301379],[54.4814412,24.4288885],[54.4866311,24.4272482]]}},{"type":"Feature","properties":{"layer":"water","subtype":"canal","class":"canal","name":""},"geometry":{"type":"LineString","coordinates":[[54.468,24.452265510963045],[54.4691527,24.4516569]]}},{"type":"Feature","properties":{"layer":"water","subtype":"canal","class":"canal","name":""},"geometry":{"type":"LineString","coordinates":[[54.4699681,24.4511637],[54.4754875,24.4482514]]}},{"type":"Feature","properties":{"layer":"water","subtype":"canal","class":"canal","name":""},"geometry":{"type":"LineString","coordinates":[[54.479799868097004,24.456],[54.4797223,24.4558376],[54.4754875,24.4482514],[54.474053,24.4456816],[54.4744497,24.4386998],[54.4761356,24.4345015],[54.4787967,24.4312812],[54.4814412,24.4288885]]}},{"type":"Feature","properties":{"layer":"water","subtype":"canal","class":"canal","name":""},"geometry":{"type":"LineString","coordinates":[[54.495160600856565,24.456],[54.4971596,24.4506168],[54.4993413,24.4445531]]}},{"type":"Feature","properties":{"layer":"water","subtype":"canal","class":"ditch","name":""},"geometry":{"type":"LineString","coordinates":[[54.5192081,24.4484925],[54.5192456,24.4486879],[54.519369,24.4488881],[54.5194709,24.4490688],[54.5194977,24.4492104],[54.519487,24.4498745]]}},{"type":"Feature","properties":{"layer":"water","subtype":"canal","class":"ditch","name":""},"geometry":{"type":"LineString","coordinates":[[54.5174593,24.448976],[54.5173117,24.449225],[54.5172903,24.4493374],[54.5173171,24.4494375],[54.5176953,24.4500723],[54.5177892,24.4501529]]}},{"type":"Feature","properties":{"layer":"water","subtype":"canal","class":"canal","name":""},"geometry":{"type":"LineString","coordinates":[[54.5428921,24.437201],[54.5414842,24.4417892],[54.540861,24.445981],[54.5397705,24.4486126],[54.5377798,24.4509762],[54.5352353,24.4527253],[54.5275496,24.4543325],[54.52038716789595,24.456]]}},{"type":"Feature","properties":{"layer":"water","subtype":"river","class":"river","name":"خور الراحة"},"geometry":{"type":"LineString","coordinates":[[54.4866311,24.4272482],[54.49592,24.4254122],[54.498862,24.4251564],[54.5059526,24.4250209],[54.5140019,24.4248855],[54.5164812,24.4260894],[54.5187621,24.4293399],[54.5274394,24.4320637],[54.5397034,24.436232],[54.5426454,24.4371348],[54.5428921,24.437201],[54.5598679,24.4417544],[54.56,24.441800118221934]]}},{"type":"Feature","properties":{"layer":"water","subtype":"physical","class":"bay","name":"خليج الراحة"},"geometry":{"type":"Point","coordinates":[54.5507273,24.439073]}},{"type":"Feature","properties":{"layer":"water","subtype":"river","class":"river","name":""},"geometry":{"type":"Polygon","coordinates":[[[54.5417809,24.4308565],[54.541894,24.4308966],[54.5419984,24.4308947],[54.5420966,24.4308786],[54.5422302,24.4308846],[54.5423382,24.430927],[54.5424529,24.4309611],[54.5425745,24.430976],[54.5426609,24.4309232],[54.5427255,24.4307989],[54.5427673,24.4305765],[54.5427944,24.4304323],[54.5428194,24.4303264],[54.5428174,24.4302188],[54.542758,24.4301842],[54.542564,24.4301579],[54.5423178,24.4301249],[54.542224,24.430118],[54.542088,24.4301037],[54.5420081,24.4301055],[54.5419583,24.4301831],[54.5419091,24.4302846],[54.5418618,24.4304277],[54.5418063,24.4305669],[54.5417474,24.4306905],[54.541667,24.4308029],[54.5415722,24.4308136],[54.5415254,24.4308091],[54.5414434,24.4308331],[54.5413519,24.4308722],[54.541202,24.4309992],[54.5411063,24.431055],[54.5409741,24.4311361],[54.5408735,24.4311765],[54.5407297,24.4312505],[54.5406388,24.4313508],[54.5406119,24.4314192],[54.5406549,24.4314339],[54.5406924,24.4313411],[54.5407207,24.4312935],[54.5408106,24.4312204],[54.540924,24.4311718],[54.5412769,24.4309574],[54.5413703,24.4308745],[54.5415338,24.4308188],[54.5416304,24.4308203],[54.5416668,24.4308325],[54.5417809,24.4308565]]]}},{"type":"Feature","properties":{"layer":"water","subtype":"river","class":"river","name":""},"geometry":{"type":"Polygon","coordinates":[[[54.5340295,24.4312358],[54.5340993,24.4313188],[54.5341851,24.4313628],[54.5342817,24.4313286],[54.5343889,24.4313042],[54.5344328,24.4312489],[54.5344513,24.4312256],[54.5339602,24.4310839],[54.5339618,24.4311131],[54.5339652,24.4311723],[54.5340295,24.4312358]]]}},{"type":"Feature","properties":{"layer":"water","subtype":"river","class":"river","name":""},"geometry":{"type":"Polygon","coordinates":[[[54.5398985,24.4353606],[54.5399518,24.4352309],[54.5399518,24.4351528],[54.5398767,24.4351088],[54.539759,24.4350676],[54.5397373,24.4349623],[54.5398177,24.4347572],[54.5399089,24.4344544],[54.5399521,24.4342861],[54.5399521,24.4341689],[54.5399733,24.4339464],[54.5399626,24.4338439],[54.5399736,24.4336756],[54.5400216,24.4334825],[54.5400269,24.4333018],[54.5399897,24.433153],[54.5399307,24.4330505],[54.5399089,24.4329355],[54.5399468,24.4327819],[54.5400058,24.4325572],[54.5400806,24.4323689],[54.5401023,24.4322202],[54.540263,24.4321052],[54.5404671,24.4320541],[54.5404886,24.4319662],[54.5404671,24.4318783],[54.5404293,24.4317633],[54.5404725,24.4316585],[54.5405744,24.4315608],[54.5405958,24.4315267],[54.5405476,24.4315218],[54.5403974,24.4316634],[54.5402525,24.4317709],[54.540054,24.4318832],[54.5398821,24.4319489],[54.5397785,24.4320198],[54.5397378,24.4320441],[54.5397483,24.4320932],[54.5400916,24.4321909],[54.5398285,24.4330038],[54.539008,24.435385],[54.5398338,24.4356168],[54.5398502,24.4355657],[54.5398985,24.4353606]]]}},{"type":"Feature","properties":{"layer":"water","subtype":"river","class":"river","name":""},"geometry":{"type":"Polygon","coordinates":[[[54.5216324,24.4265568],[54.5218308,24.4265861],[54.5219223,24.4265009],[54.5220028,24.4262615],[54.5221208,24.4261248],[54.5222761,24.4260146],[54.5224212,24.4258952],[54.522496,24.4258193],[54.5225929,24.4257731],[54.5226784,24.4252429],[54.5227001,24.4250356],[54.5211496,24.4239827],[54.5207156,24.4251919],[54.5212944,24.4253699],[54.5209189,24.42642],[54.5203454,24.4262615],[54.5196159,24.4283178],[54.5202376,24.4285007],[54.5202113,24.4284106],[54.520302,24.4283932],[54.5204307,24.4284079],[54.5205439,24.4284741],[54.52056,24.4285473],[54.5204951,24.4285788],[54.520935,24.4287058],[54.5209141,24.4286499],[54.5211069,24.4286499],[54.5212088,24.4287232],[54.5213802,24.4287742],[54.5214607,24.4288524],[54.5246364,24.4297608],[54.5249154,24.4289527],[54.5248298,24.4289674],[54.5247547,24.4289967],[54.5246686,24.4290819],[54.5245452,24.4291943],[54.524406,24.4292604],[54.5244704,24.4293435],[54.5245667,24.4293017],[54.5246203,24.4293457],[54.5244811,24.4294167],[54.5244007,24.4294216],[54.5243575,24.4292675],[54.5242451,24.4292946],[54.5241807,24.4293679],[54.5241003,24.4293483],[54.5236443,24.4291823],[54.5234673,24.429153],[54.5233922,24.4290895],[54.5231776,24.4290797],[54.5229094,24.428982],[54.5226519,24.4288355],[54.5222495,24.4287134],[54.5219277,24.4286255],[54.5215843,24.4285278],[54.5213054,24.4284204],[54.5209404,24.4282858],[54.5206566,24.4281957],[54.5203293,24.4280882],[54.5203776,24.4278977],[54.5202918,24.427844],[54.5203669,24.4276242],[54.5204093,24.4273676],[54.5204527,24.4271798],[54.5205171,24.4269942],[54.5205434,24.4267961],[54.5205648,24.426674],[54.5206405,24.4266425],[54.5208062,24.4267082],[54.521016,24.4266962],[54.5211659,24.4266181],[54.5212193,24.4265275],[54.5212839,24.426452],[54.5216324,24.4265568]]]}},{"type":"Feature","properties":{"layer":"water","subtype":"river","class":"river","name":""},"geometry":{"type":"Polygon","coordinates":[[[54.5268522,24.429109],[54.5267929,24.429204],[54.5267071,24.4293505],[54.5266698,24.4294118],[54.5266473,24.4294597],[54.5269179,24.429553],[54.5266422,24.4303519],[54.5281459,24.4307896],[54.5287219,24.4290965],[54.528601,24.4290455],[54.5285527,24.428982],[54.5283918,24.4288941],[54.5282523,24.4288502],[54.5280968,24.4288599],[54.5280646,24.4289723],[54.5279302,24.4289989],[54.5278714,24.4289088],[54.5278875,24.4287964],[54.5278178,24.4286939],[54.52763,24.4285962],[54.5275335,24.4286841],[54.5274584,24.4289088],[54.5274045,24.4291063],[54.5273243,24.4292116],[54.5272277,24.4291725],[54.5271204,24.4291237],[54.5269649,24.4291139],[54.5268522,24.429109]]]}},{"type":"Feature","properties":{"layer":"water","subtype":"river","class":"river","name":""},"geometry":{"type":"Polygon","coordinates":[[[54.5294788,24.4297735],[54.5294776,24.4298018],[54.5294762,24.4298344],[54.5295127,24.4299025],[54.5295556,24.4299269],[54.5296307,24.4299464],[54.5297165,24.4299366],[54.5297916,24.4299464],[54.5298667,24.4299806],[54.5299579,24.430005],[54.5300189,24.4299965],[54.5300576,24.4299667],[54.5300848,24.4299458],[54.5294788,24.4297735]]]}},{"type":"Feature","properties":{"layer":"water","subtype":"river","class":"river","name":""},"geometry":{"type":"Polygon","coordinates":[[[54.532104,24.4295144],[54.531814,24.4294238],[54.5316263,24.4293603],[54.5314227,24.4293142],[54.5312296,24.4293093],[54.5310472,24.429363],[54.5308916,24.429319],[54.5306931,24.4292897],[54.5305858,24.4292458],[54.5305376,24.4291627],[54.5304622,24.4291112],[54.5303605,24.4291041],[54.530264,24.4290748],[54.5301567,24.4290309],[54.5300062,24.4289891],[54.5298885,24.4289576],[54.5297007,24.4289234],[54.52962,24.4289745],[54.529513,24.429109],[54.5295075,24.429189],[54.5302077,24.4293848],[54.5301725,24.4295264],[54.5312669,24.429839],[54.5313366,24.4296924],[54.5340566,24.4304619],[54.5341261,24.430552],[54.5341907,24.4306671],[54.5342444,24.4305645],[54.5343087,24.4305498],[54.5343463,24.4305987],[54.534298,24.4306768],[54.5343195,24.4307257],[54.5347376,24.4308255],[54.5348076,24.4306817],[54.5349951,24.4305813],[54.535151,24.4305303],[54.535151,24.4304912],[54.5350705,24.4304961],[54.5350437,24.4304277],[54.5349522,24.4303664],[54.5348237,24.4303154],[54.5346896,24.4302714],[54.5345931,24.4303008],[54.5345338,24.4303909],[54.5344429,24.4304815],[54.5343678,24.430501],[54.5343517,24.4304229],[54.5343839,24.4303105],[54.5343356,24.4302519],[54.5341532,24.4301884],[54.5339547,24.4301347],[54.5336436,24.4300321],[54.5333968,24.4299589],[54.5333107,24.4299269],[54.5331873,24.4299757],[54.533139,24.4299318],[54.5330857,24.4299003],[54.5330427,24.4298514],[54.5328925,24.4298026],[54.5326994,24.4297342],[54.5326029,24.4297049],[54.5324902,24.4296365],[54.532104,24.4295144]]]}},{"type":"Feature","properties":{"layer":"water","subtype":"human_made","class":"swimming_pool","name":""},"geometry":{"type":"Polygon","coordinates":[[[54.5280731,24.4201767],[54.5281136,24.4201631],[54.5281562,24.4201515],[54.5282009,24.4201593],[54.5282179,24.4201845],[54.5282498,24.4201903],[54.5283009,24.4201787],[54.5283116,24.4201302],[54.528303,24.4200914],[54.5283328,24.4200352],[54.5283414,24.4199616],[54.5283179,24.4199073],[54.5282775,24.4198879],[54.5282264,24.4198956],[54.5282051,24.4199441],[54.5281923,24.4200061],[54.5281455,24.4200624],[54.5280902,24.4200779],[54.5280476,24.4201089],[54.5280412,24.4201554],[54.5280731,24.4201767]]]}},{"type":"Feature","properties":{"layer":"water","subtype":"water","class":"water","name":""},"geometry":{"type":"Polygon","coordinates":[[[54.5279792,24.420434],[54.5280636,24.4205315],[54.5282582,24.4203919],[54.5281738,24.4202944],[54.5279792,24.420434]]]}},{"type":"Feature","properties":{"layer":"water","subtype":"human_made","class":"swimming_pool","name":""},"geometry":{"type":"Polygon","coordinates":[[[54.526329,24.4210417],[54.5263856,24.421064],[54.5263937,24.421098],[54.5264315,24.4210727],[54.5264238,24.4210343],[54.5265103,24.420921],[54.5265401,24.4209123],[54.5265534,24.4208796],[54.5265241,24.4208826],[54.5264687,24.4208507],[54.5264511,24.4208882],[54.526381,24.4208932],[54.5263352,24.4209415],[54.5263594,24.42099],[54.526329,24.4210417]]]}},{"type":"Feature","properties":{"layer":"water","subtype":"water","class":"water","name":""},"geometry":{"type":"Polygon","coordinates":[[[54.525004,24.4183322],[54.5251226,24.4182969],[54.52529,24.4182614],[54.5254077,24.4182716],[54.5255176,24.4182888],[54.5256175,24.4182985],[54.5256864,24.4182871],[54.5257437,24.4182722],[54.5257752,24.4182516],[54.5257835,24.4182222],[54.5257808,24.4181846],[54.525759,24.4181364],[54.5257121,24.4180723],[54.5256202,24.4179821],[54.5255352,24.4178998],[54.5254636,24.4178172],[54.5254075,24.4177416],[54.5253728,24.4176552],[54.5253614,24.4175687],[54.5253666,24.4172945],[54.525364,24.4171207],[54.5253465,24.4169126],[54.525311,24.4166731],[54.5252929,24.4164548],[54.5252871,24.4163806],[54.5252445,24.4163169],[54.5251908,24.4162712],[54.5251254,24.4162326],[54.5250392,24.4162117],[54.5249179,24.4161932],[54.5248431,24.4162082],[54.524777,24.4162534],[54.5247097,24.4163159],[54.5246752,24.4163767],[54.524663,24.4164245],[54.5246625,24.4164987],[54.5246759,24.4165438],[54.5247125,24.4165853],[54.5247547,24.4166208],[54.5248121,24.4167071],[54.5248239,24.416785],[54.524824,24.4168628],[54.5248013,24.4169427],[54.524767,24.4170331],[54.5246923,24.4171581],[54.5246254,24.417299],[54.5246086,24.4173837],[54.5246172,24.4174194],[54.5246544,24.4174584],[54.5247651,24.417508],[54.5248756,24.417581],[54.5249285,24.4176719],[54.5249369,24.4177294],[54.5249393,24.4177994],[54.5249224,24.4178695],[54.5248554,24.4179651],[54.5247914,24.4180468],[54.5247533,24.4181163],[54.5247375,24.418145],[54.5247204,24.4181904],[54.5247093,24.4182564],[54.5247298,24.4182897],[54.5247641,24.4183231],[54.5248506,24.4183464],[54.525004,24.4183322]]]}},{"type":"Feature","properties":{"layer":"water","subtype":"water","class":"water","name":""},"geometry":{"type":"Polygon","coordinates":[[[54.5216014,24.4135909],[54.5215536,24.41359],[54.5214019,24.4136522],[54.5211411,24.4138184],[54.5210596,24.4138826],[54.5209982,24.4139453],[54.5209708,24.4139989],[54.5209473,24.4140516],[54.520939,24.4140917],[54.5209415,24.4141348],[54.5209677,24.4142009],[54.5210103,24.4142436],[54.5210715,24.4142756],[54.5211935,24.4142936],[54.5213048,24.414316],[54.5213481,24.4143117],[54.5213913,24.4142968],[54.521462,24.4142574],[54.5215472,24.4142098],[54.5216089,24.4141592],[54.5216965,24.4141305],[54.521763,24.4141161],[54.5218637,24.4141166],[54.5219073,24.4141245],[54.5219594,24.4141147],[54.5219728,24.4140895],[54.5219565,24.4140461],[54.5219267,24.4140164],[54.5218543,24.413957],[54.5217846,24.4138918],[54.5217313,24.4137963],[54.5216818,24.4136573],[54.5216526,24.4136103],[54.5216014,24.4135909]]]}},{"type":"Feature","properties":{"layer":"water","subtype":"water","class":"water","name":""},"geometry":{"type":"Polygon","coordinates":[[[54.5247537,24.4116937],[54.5245113,24.4124796],[54.5243897,24.412602],[54.5242099,24.412705],[54.5241051,24.4127946],[54.5240876,24.4128122],[54.524078,24.4128335],[54.5240627,24.4129032],[54.5240671,24.4129784],[54.5240861,24.4130249],[54.5241189,24.4130607],[54.5243655,24.4131813],[54.5246144,24.413293],[54.5246776,24.4133364],[54.5247363,24.4133888],[54.5248033,24.4134888],[54.5248673,24.413593],[54.524907,24.4136901],[54.5249602,24.4137674],[54.5249939,24.4138595],[54.5249871,24.4139584],[54.524967,24.4140823],[54.5249287,24.4142145],[54.5248746,24.4143689],[54.5248692,24.4145106],[54.524873,24.4145682],[54.5248975,24.4146235],[54.5249153,24.4146617],[54.5249461,24.4146975],[54.5249968,24.4147217],[54.5250402,24.4147331],[54.5251055,24.4147253],[54.525253,24.4146813],[54.525572,24.4145055],[54.5257493,24.4143176],[54.5258204,24.4141832],[54.5259574,24.4139242],[54.5262389,24.4135777],[54.5265306,24.4133026],[54.5268744,24.4130749],[54.5272755,24.4130749],[54.5275255,24.4130133],[54.5277182,24.4128662],[54.5277338,24.4126718],[54.5276922,24.4125532],[54.5275984,24.4124631],[54.5274213,24.4124631],[54.5272286,24.4125295],[54.5270723,24.4126196],[54.5267546,24.4127382],[54.5265566,24.4127619],[54.5262429,24.4126616],[54.5260672,24.4126178],[54.5259335,24.4125526],[54.5258378,24.4124931],[54.5257649,24.4124216],[54.5257159,24.4123421],[54.5256853,24.4122319],[54.5256583,24.4121143],[54.5256269,24.412006],[54.5255743,24.4119121],[54.5255231,24.4118655],[54.5254763,24.4118406],[54.5254181,24.4118166],[54.5253299,24.4117727],[54.5252201,24.4117349],[54.5251253,24.411673],[54.5250598,24.4116265],[54.5249737,24.4115893],[54.524926,24.4115712],[54.5248727,24.4115881],[54.5248245,24.4116151],[54.5247857,24.4116389],[54.5247537,24.4116937]],[[54.5252318,24.4125886],[54.5252384,24.412633],[54.525215,24.4127692],[54.5252123,24.412817],[54.5252203,24.4128471],[54.5252372,24.4128637],[54.5252576,24.4128757],[54.5253177,24.4128827],[54.5254155,24.4128757],[54.5256499,24.4128378],[54.5257455,24.4128246],[54.5258053,24.412825],[54.5258591,24.4128489],[54.5259225,24.4128931],[54.5259773,24.4129421],[54.5260158,24.4130054],[54.526044,24.4130694],[54.5260525,24.4131277],[54.5260457,24.4131733],[54.5260285,24.4132189],[54.525994,24.4132702],[54.5259322,24.4133116],[54.5258557,24.4133412],[54.5257155,24.413388],[54.5255744,24.4134035],[54.52538,24.4134001],[54.5252433,24.4133797],[54.5251238,24.413346],[54.5250158,24.4133075],[54.5249438,24.4132773],[54.5249095,24.4132456],[54.5248534,24.4131793],[54.5248333,24.4131083],[54.5248313,24.412963],[54.5248592,24.4128434],[54.5249415,24.4126899],[54.5249894,24.4126343],[54.5250527,24.4125803],[54.525111,24.4125583],[54.5251599,24.4125536],[54.5252028,24.4125606],[54.5252318,24.4125886]]]}},{"type":"Feature","properties":{"layer":"water","subtype":"water","class":"water","name":""},"geometry":{"type":"Polygon","coordinates":[[[54.5263994,24.4170502],[54.5263596,24.4170802],[54.5262974,24.4171496],[54.5262814,24.4172163],[54.5262935,24.4172926],[54.5263106,24.4174611],[54.5263118,24.4175527],[54.5263131,24.417654],[54.5263151,24.4178101],[54.5263477,24.4179085],[54.5263889,24.4180444],[54.5264495,24.4181499],[54.5265556,24.418284],[54.5267001,24.4184994],[54.5267317,24.4186117],[54.5267702,24.4187368],[54.5268297,24.4190142],[54.5268612,24.4190584],[54.5268997,24.4190734],[54.5269555,24.4190684],[54.5270217,24.4190584],[54.5270414,24.4190069],[54.527063,24.418956],[54.5271406,24.4187727],[54.5272539,24.4185194],[54.5272666,24.4184435],[54.5272565,24.4183591],[54.5271903,24.4182492],[54.5270928,24.4181683],[54.5270431,24.4181271],[54.5268562,24.4179947],[54.5267568,24.4178895],[54.5267252,24.4178254],[54.5267024,24.4177516],[54.5266988,24.4176472],[54.5267161,24.4175245],[54.5267336,24.4173816],[54.5267317,24.417302],[54.526717,24.4172274],[54.5266849,24.4171767],[54.5266415,24.4171295],[54.5266074,24.4170799],[54.5265531,24.4170517],[54.5264673,24.4170394],[54.5263994,24.4170502]]]}},{"type":"Feature","properties":{"layer":"water","subtype":"water","class":"water","name":""},"geometry":{"type":"Polygon","coordinates":[[[54.5321151,24.4161017],[54.5319798,24.4159538],[54.5318986,24.4155717],[54.5319053,24.4153499],[54.531973,24.4151958],[54.5327242,24.4148384],[54.5328663,24.4148754],[54.5328731,24.4149925],[54.5327175,24.4154053],[54.5327581,24.4154854],[54.5329543,24.415584],[54.5332183,24.4155964],[54.5333333,24.4154546],[54.5332318,24.414672],[54.5330085,24.4145673],[54.5324129,24.4146104],[54.5322708,24.4145549],[54.5322843,24.414407],[54.532352,24.4140681],[54.5323182,24.4139202],[54.5322234,24.4138278],[54.5319933,24.4137785],[54.5318512,24.4137292],[54.5317362,24.4135997],[54.5315873,24.4135566],[54.5312354,24.413951],[54.5311812,24.4141605],[54.5312083,24.4144255],[54.5314858,24.4149801],[54.531479,24.4153437],[54.5314993,24.4154978],[54.5317091,24.415695],[54.5318377,24.4159599],[54.5318174,24.4161325],[54.5318038,24.4164714],[54.5317971,24.4168843],[54.5318309,24.4171862],[54.5320008,24.4173266],[54.5321292,24.4173419],[54.5322911,24.4172848],[54.5326227,24.4170938],[54.5330964,24.4168473],[54.5330355,24.4167241],[54.5328934,24.4165762],[54.5322302,24.4161941],[54.5321151,24.4161017]]]}},{"type":"Feature","properties":{"layer":"water","subtype":"water","class":"water","name":""},"geometry":{"type":"Polygon","coordinates":[[[54.5342899,24.413523],[54.5339946,24.4134684],[54.5335338,24.4134341],[54.5334141,24.4135437],[54.5333145,24.413713],[54.5333145,24.4139427],[54.5334179,24.4140798],[54.5335734,24.4141301],[54.533819,24.414257],[54.5340712,24.4145834],[54.534204,24.4149098],[54.5343929,24.4149604],[54.5345953,24.4149461],[54.5347749,24.4148796],[54.5348944,24.4147768],[54.5348678,24.4144565],[54.5347019,24.4143174],[54.5345293,24.4141784],[54.5345094,24.4140394],[54.5345094,24.4137976],[54.5344496,24.4136404],[54.5342899,24.413523]]]}},{"type":"Feature","properties":{"layer":"water","subtype":"human_made","class":"swimming_pool","name":""},"geometry":{"type":"Polygon","coordinates":[[[54.5348013,24.4211565],[54.534831,24.4211531],[54.5348478,24.421165],[54.5348627,24.4211921],[54.534885,24.4211802],[54.5348887,24.4211548],[54.5348682,24.4211311],[54.5348571,24.4211023],[54.534818,24.4211142],[54.5348124,24.4210752],[54.5347678,24.4210617],[54.5347287,24.4210837],[54.5347231,24.4211142],[54.5347548,24.4211481],[54.5347641,24.421187],[54.5347938,24.4211836],[54.5348013,24.4211565]]]}},{"type":"Feature","properties":{"layer":"water","subtype":"water","class":"water","name":"Beginner's wakeboarding lake"},"geometry":{"type":"Polygon","coordinates":[[[54.545829,24.4054212],[54.5459345,24.4052012],[54.5459126,24.4050807],[54.5458861,24.4049331],[54.5458378,24.4048651],[54.5457458,24.4048018],[54.5456774,24.404689],[54.5456907,24.4046317],[54.5457016,24.404569],[54.5456906,24.4044729],[54.5456286,24.4044219],[54.5448447,24.4041628],[54.5448075,24.4042171],[54.5447481,24.4043229],[54.5448217,24.4043517],[54.5448637,24.4044104],[54.5448456,24.4044327],[54.5447041,24.4044609],[54.5446141,24.4044869],[54.5444783,24.4044562],[54.5442845,24.404611],[54.5442647,24.404695],[54.5442596,24.4047506],[54.5442208,24.404803],[54.54419,24.4048477],[54.5441571,24.4049131],[54.5442604,24.4051588],[54.5443438,24.4052352],[54.5443875,24.4053079],[54.5444417,24.4053758],[54.5453014,24.4056478],[54.5454423,24.4055893],[54.5456167,24.4055848],[54.545829,24.4054212]],[[54.5446985,24.4048988],[54.5447358,24.4048728],[54.5453664,24.4050929],[54.5453708,24.4051389],[54.5453444,24.4051549],[54.5446985,24.4049488],[54.5446985,24.4048988]]]}},{"type":"Feature","properties":{"layer":"water","subtype":"water","class":"water","name":"Advanced wakeboarders lake"},"geometry":{"type":"Polygon","coordinates":[[[54.545792,24.4038994],[54.5458945,24.4039843],[54.5460468,24.4039588],[54.54614,24.4037947],[54.546372,24.4037579],[54.54646,24.4036164],[54.5465887,24.403566],[54.5465284,24.4025611],[54.5464868,24.4024301],[54.546389,24.4023323],[54.5462409,24.4022622],[54.5460095,24.4021508],[54.5458976,24.4021366],[54.5457827,24.4021847],[54.545618,24.4021621],[54.5443008,24.4029631],[54.5440651,24.4030974],[54.544027,24.4033777],[54.5444635,24.4039616],[54.5449302,24.4040175],[54.545792,24.4038994]],[[54.5457982,24.4026092],[54.5460219,24.4027025],[54.5460623,24.4033335],[54.5447853,24.4036051],[54.5446144,24.4033618],[54.5457982,24.4026092]]]}},{"type":"Feature","properties":{"layer":"water","subtype":"water","class":"water","name":""},"geometry":{"type":"Polygon","coordinates":[[[54.5289679,24.4096207],[54.5289883,24.4096362],[54.5289951,24.4096617],[54.5289885,24.4096907],[54.5289732,24.4097139],[54.528898,24.4097802],[54.5288489,24.4098292],[54.5288004,24.4098638],[54.528764,24.4099012],[54.5287535,24.4099338],[54.5287532,24.4099766],[54.5287531,24.4099926],[54.5287636,24.4100322],[54.5287742,24.4100617],[54.5287989,24.4100875],[54.5288371,24.4100962],[54.5288742,24.410096],[54.5289019,24.4100849],[54.5289356,24.4100628],[54.5289706,24.4100299],[54.5290044,24.4099933],[54.5290626,24.4099245],[54.5291189,24.4098466],[54.529175,24.4097951],[54.5293449,24.4097054],[54.5294531,24.4096387],[54.5295533,24.4095757],[54.5296509,24.4094985],[54.5297082,24.4094314],[54.5297646,24.4093668],[54.5298229,24.4092981],[54.5299244,24.4092083],[54.5299991,24.409155],[54.530098,24.4090961],[54.53015,24.4090667],[54.530209,24.4090519],[54.5302888,24.4090462],[54.530364,24.4090641],[54.53041,24.4090772],[54.5304522,24.4091048],[54.5304903,24.4091379],[54.5305207,24.4091782],[54.5305491,24.4092331],[54.5305673,24.4093009],[54.5305688,24.409361],[54.5305515,24.4094396],[54.5305261,24.4095127],[54.5303936,24.4098052],[54.5303325,24.4098796],[54.5302666,24.4099731],[54.5302179,24.4100181],[54.5301887,24.410031],[54.5301646,24.4100587],[54.5301417,24.4100803],[54.5301097,24.4100845],[54.5300798,24.4100689],[54.5300564,24.4100489],[54.5300035,24.4100179],[54.5299541,24.4100019],[54.5299075,24.409977],[54.5298402,24.4099562],[54.5297085,24.4099133],[54.5296523,24.4099154],[54.5296021,24.409936],[54.5295549,24.4099638],[54.5295169,24.4100067],[54.5294783,24.4100589],[54.5294337,24.4101431],[54.5294218,24.4101955],[54.5294179,24.4102634],[54.5294264,24.4103589],[54.5294454,24.4103938],[54.5294746,24.4104324],[54.5295177,24.4104693],[54.5295789,24.4104981],[54.5296348,24.41051],[54.5296936,24.4105078],[54.5297535,24.4104873],[54.5297827,24.4104646],[54.5298069,24.4104375],[54.5298392,24.4104475],[54.5298434,24.410484],[54.5298547,24.4104995],[54.5298913,24.4105082],[54.5299223,24.4105143],[54.5299541,24.4105212],[54.529992,24.4105385],[54.5300345,24.4105743],[54.5300822,24.4106347],[54.530099,24.4106718],[54.5301105,24.4107136],[54.5301275,24.4108037],[54.5301373,24.410884],[54.5301296,24.4109547],[54.530116,24.4110418],[54.5300624,24.4111203],[54.5299385,24.4112456],[54.529783,24.4113435],[54.5297218,24.4113823],[54.5297097,24.4114035],[54.5297064,24.4114284],[54.5297017,24.4114542],[54.5297412,24.4115186],[54.5298119,24.4115817],[54.529833,24.4116124],[54.5298523,24.4116495],[54.5298626,24.4116996],[54.5298676,24.4117544],[54.5298618,24.411791],[54.5298508,24.4118293],[54.5298086,24.4119178],[54.5297708,24.4119664],[54.5297137,24.4120278],[54.5296847,24.4120603],[54.5296758,24.4120871],[54.5296722,24.4121184],[54.5296814,24.4121391],[54.529693,24.4121543],[54.5297137,24.4121635],[54.5297431,24.4121647],[54.5298026,24.4121713],[54.5298738,24.4121746],[54.5299624,24.4121889],[54.5300119,24.4122018],[54.5301207,24.4122696],[54.5301455,24.4123014],[54.5301561,24.4123313],[54.530165,24.4123619],[54.530171,24.4124739],[54.5301675,24.4125104],[54.5301605,24.4125438],[54.5301674,24.4125835],[54.5301824,24.4126012],[54.5302095,24.4126124],[54.5302402,24.412611],[54.5302684,24.4126017],[54.5302896,24.4125863],[54.5303039,24.412554],[54.5303222,24.4125181],[54.5303393,24.4124798],[54.5304161,24.412374],[54.530433,24.4123166],[54.5304346,24.4122593],[54.5304319,24.4121792],[54.5304035,24.4121001],[54.5303397,24.4120446],[54.5302851,24.4119974],[54.5302111,24.411936],[54.530166,24.4118696],[54.5301485,24.411829],[54.5301441,24.4117756],[54.5301742,24.4117108],[54.5302084,24.4116559],[54.5302153,24.4115269],[54.5302384,24.4114694],[54.5302782,24.4113447],[54.5302928,24.411299],[54.5302897,24.4111259],[54.5302736,24.4110399],[54.5302605,24.410933],[54.5302374,24.4107794],[54.5302113,24.4106536],[54.5301916,24.4105831],[54.530191,24.4105144],[54.5302171,24.4104018],[54.5302763,24.4102421],[54.5303295,24.4101374],[54.5303785,24.4100655],[54.5304406,24.4099678],[54.5305312,24.4098524],[54.530646,24.4097488],[54.5306949,24.4097212],[54.5307646,24.409691],[54.5308464,24.409668],[54.5309215,24.4096432],[54.5309845,24.4096147],[54.5310567,24.4095596],[54.5311087,24.4095082],[54.5311383,24.4094383],[54.5311473,24.4093646],[54.5311314,24.4093056],[54.5311115,24.4092576],[54.5310242,24.4091677],[54.530939,24.4090595],[54.5308903,24.4089802],[54.5308809,24.4089274],[54.5308881,24.4088594],[54.5308792,24.4087977],[54.5308654,24.4087422],[54.5308318,24.4086796],[54.530773,24.4086418],[54.5306815,24.4086138],[54.5306117,24.4086089],[54.5305347,24.4086076],[54.5304777,24.4086236],[54.5303872,24.4086216],[54.5302854,24.4086203],[54.5302007,24.4086012],[54.5301201,24.4085635],[54.5300533,24.4085435],[54.5299834,24.4085416],[54.5298875,24.4085531],[54.5298388,24.4085687],[54.5297995,24.4085861],[54.5297389,24.4086432],[54.5296784,24.408728],[54.5295489,24.408903],[54.5293139,24.4092529],[54.5292994,24.4092662],[54.5292451,24.4093163],[54.5292055,24.4093367],[54.5291025,24.4093399],[54.5290035,24.4093339],[54.5289284,24.4093183],[54.5288444,24.4092944],[54.5287677,24.4092639],[54.5287158,24.4092539],[54.5286202,24.4092449],[54.5285741,24.4092498],[54.5285311,24.4092575],[54.5284602,24.4092803],[54.5283593,24.4093497],[54.5283037,24.4094054],[54.5282709,24.4094655],[54.5282665,24.4094864],[54.5282561,24.4095366],[54.5282524,24.4096252],[54.5282583,24.4096499],[54.5282794,24.409671],[54.5283054,24.4096847],[54.5283633,24.4097086],[54.528433,24.4097233],[54.5285209,24.4097259],[54.528594,24.4097125],[54.5286751,24.4096808],[54.528886,24.4096173],[54.5289363,24.4096162],[54.5289679,24.4096207]]]}},{"type":"Feature","properties":{"layer":"water","subtype":"human_made","class":"swimming_pool","name":""},"geometry":{"type":"Polygon","coordinates":[[[54.5404929,24.3947662],[54.5409104,24.3945085],[54.5407798,24.394321],[54.5403608,24.3945766],[54.5404929,24.3947662]]]}},{"type":"Feature","properties":{"layer":"water","subtype":"ocean","class":"ocean","name":""},"geometry":{"type":"MultiPolygon","coordinates":[[[[54.5046908,24.3867221],[54.5046035,24.3872778],[54.5045213,24.3874535],[54.5043757,24.3874904],[54.4991066,24.3873557],[54.4989883,24.3874092],[54.4989332,24.3875316],[54.4993973,24.389001],[54.499448,24.3890701],[54.4994906,24.3891422],[54.4994979,24.3892311],[54.4994838,24.3892984],[54.4995191,24.3894447],[54.4995606,24.3896179],[54.4996446,24.3898028],[54.4997237,24.3899672],[54.4998036,24.3900772],[54.4999242,24.3901377],[54.5000385,24.3901728],[54.5001613,24.3901589],[54.5002372,24.3901105],[54.5002802,24.3901039],[54.5003439,24.3901466],[54.5004126,24.390167],[54.5004588,24.390169],[54.5005454,24.3901572],[54.5006137,24.3901701],[54.5006972,24.3901534],[54.5008102,24.3900965],[54.500902,24.3901218],[54.5009843,24.3901655],[54.5010343,24.3902192],[54.5011231,24.3902134],[54.5013692,24.3902215],[54.5015862,24.3902395],[54.5018155,24.3902008],[54.5019116,24.3902268],[54.5030536,24.3902325],[54.5034287,24.3902589],[54.5034877,24.3902999],[54.5035183,24.3903521],[54.5034769,24.3916295],[54.5035011,24.3917187],[54.5035668,24.3917773],[54.5036848,24.3918213],[54.503894,24.3918774],[54.5041877,24.3919226],[54.5044345,24.3919251],[54.5081373,24.3920792],[54.5083243,24.3920571],[54.5084122,24.3919703],[54.5084779,24.3919278],[54.5085552,24.3919308],[54.5086429,24.3919761],[54.5088015,24.3920319],[54.509168,24.3920695],[54.5094756,24.3920994],[54.5096086,24.3920491],[54.5098335,24.3921378],[54.5100896,24.3921698],[54.510204,24.392147],[54.5102589,24.3920863],[54.5103085,24.3920443],[54.5103884,24.3920757],[54.5104354,24.3921517],[54.5105231,24.3921984],[54.5108759,24.3922108],[54.5111851,24.3921885],[54.5113214,24.3921623],[54.5114613,24.3921301],[54.5115901,24.3921171],[54.5118658,24.3921381],[54.5123516,24.3921659],[54.5126524,24.3921632],[54.5129962,24.3921378],[54.5134266,24.3920753],[54.5134902,24.3920839],[54.5135548,24.3921275],[54.5139361,24.3921133],[54.5142314,24.392004],[54.5143733,24.3922567],[54.51457,24.3922858],[54.5148036,24.3922988],[54.5150252,24.3922768],[54.5152152,24.3922526],[54.5153666,24.3922136],[54.5154986,24.392146],[54.5157035,24.3921006],[54.5158123,24.3920753],[54.5159585,24.3920209],[54.5160625,24.3919496],[54.5161154,24.3918998],[54.5164983,24.3917823],[54.516554,24.3918561],[54.5165969,24.3918683],[54.5166546,24.3918634],[54.516715,24.3918396],[54.5167699,24.3917895],[54.5168316,24.3917272],[54.5168732,24.3916613],[54.5169474,24.3915027],[54.5169778,24.3913522],[54.5170596,24.3909809],[54.5170615,24.3909584],[54.517293,24.3881594],[54.5173206,24.3880203],[54.5173749,24.3879161],[54.5174665,24.3878316],[54.5175328,24.3877506],[54.5175644,24.3876505],[54.517587,24.3874936],[54.5177154,24.3866888],[54.5177691,24.3865826],[54.5178522,24.3864946],[54.5179957,24.3864287],[54.5181352,24.3864201],[54.5196272,24.3864649],[54.5197605,24.3864631],[54.5200617,24.3864349],[54.5201804,24.3864873],[54.5203078,24.3865166],[54.5206311,24.3865492],[54.5214356,24.3865313],[54.5215746,24.3865193],[54.5216701,24.3864873],[54.5217291,24.3864433],[54.5217835,24.3863653],[54.5218075,24.3862712],[54.521828,24.3861522],[54.5218214,24.3860816],[54.521840577438304,24.386],[54.50471572911079,24.386],[54.5046908,24.3867221]]],[[[54.5598285,24.4381978],[54.5596318,24.4383274],[54.5592966,24.4385618],[54.5591407,24.438381],[54.5589744,24.4382174],[54.5588459,24.4381198],[54.558677,24.43801],[54.5584916,24.4379048],[54.5583092,24.4378291],[54.557411,24.4375729],[54.5573329,24.4379219],[54.5581403,24.4381563],[54.5574351,24.440237],[54.5559999,24.439829],[54.5561472,24.4393713],[54.554935,24.4390281],[54.5547288,24.4396338],[54.554313,24.439409959261916],[54.5541706,24.4393333],[54.554313,24.4388549],[54.5533367,24.4385789],[54.5531436,24.4390478],[54.5525613,24.4390037],[54.5525106,24.4390038],[54.5526769,24.4385228],[54.5489966,24.4374848],[54.5488306,24.4379611],[54.54827,24.4376656],[54.5484038,24.4371796],[54.5474356,24.4369036],[54.54724,24.4373653],[54.5466043,24.4373189],[54.5468109,24.4367109],[54.5455875,24.4363664],[54.5454269,24.4368207],[54.5439997,24.4364153],[54.5447024,24.4343347],[54.546993,24.4349892],[54.5470681,24.4347572],[54.549804,24.4355386],[54.5497264,24.4357609],[54.5531192,24.4367278],[54.5531996,24.4364983],[54.554313,24.43681739105378],[54.5559516,24.437287],[54.5558765,24.4375215],[54.5570379,24.4378487],[54.55718,24.4375019],[54.5568316,24.4374068],[54.5569067,24.4371797],[54.5554527,24.436762],[54.554313,24.436437701741305],[54.553213,24.4361247],[54.5525535,24.4360955],[54.5521589,24.4360465],[54.5517756,24.4359612],[54.5512017,24.4357927],[54.5508312,24.4356509],[54.5503782,24.4354337],[54.5500481,24.435226],[54.5500671,24.4352029],[54.5500885,24.4351675],[54.5500972,24.4351133],[54.5500955,24.4350516],[54.5500878,24.4349823],[54.5500802,24.4349176],[54.5500644,24.4348806],[54.5500443,24.434855],[54.5500091,24.4348298],[54.549902,24.4347984],[54.5497348,24.4347534],[54.5495163,24.4346853],[54.549333,24.434629],[54.5492472,24.4345988],[54.5491493,24.434583],[54.5490697,24.4345519],[54.5489857,24.4345278],[54.5489555,24.4345188],[54.5489354,24.4345248],[54.5489069,24.4345469],[54.5488713,24.4345836],[54.5488496,24.4346045],[54.5488429,24.434631],[54.5488169,24.4346415],[54.5487831,24.4346787],[54.5487451,24.4347377],[54.548717,24.4347559],[54.5486783,24.4348301],[54.5463332,24.4341662],[54.5462503,24.4343934],[54.5452311,24.4341053],[54.5444315,24.4338733],[54.5434847,24.4366814],[54.5422827,24.4363402],[54.5423075,24.4362792],[54.5423249,24.4362122],[54.5423422,24.4361363],[54.5423597,24.4360749],[54.5423589,24.4360189],[54.5423526,24.4359496],[54.5423219,24.4358923],[54.5422733,24.4358494],[54.5421893,24.4358169],[54.542011,24.4357677],[54.541831,24.4357224],[54.5416705,24.4356651],[54.5414724,24.4356014],[54.5413983,24.4355793],[54.541356,24.4355787],[54.5413066,24.4355916],[54.5412766,24.4356146],[54.5412491,24.4356516],[54.541219,24.4357011],[54.541193,24.4357765],[54.5411642,24.4358258],[54.5411441,24.4358644],[54.5411183,24.4359012],[54.541099,24.4359092],[54.5410559,24.4358929],[54.5409589,24.4358539],[54.540826,24.4358489],[54.5406053,24.435772],[54.5403338,24.435686],[54.5401065,24.4356293],[54.539956,24.4355928],[54.539832,24.4356407],[54.5389786,24.435397],[54.5400661,24.4321962],[54.538639,24.4317878],[54.5385811,24.4319429],[54.5381304,24.431817],[54.5379891,24.4321947],[54.5394597,24.4326206],[54.5389246,24.4342001],[54.5387293,24.4341479],[54.5386183,24.4344999],[54.5373475,24.4341374],[54.5374049,24.4339423],[54.5362872,24.4336356],[54.5361034,24.4341827],[54.5347963,24.4338186],[54.5350967,24.432949],[54.5345225,24.4327957],[54.5343809,24.4332069],[54.5328306,24.4327782],[54.5329722,24.4323426],[54.5324172,24.4321788],[54.5321148,24.4330396],[54.5308013,24.4326696],[54.5309909,24.4321199],[54.5298725,24.4318098],[54.5298191,24.4319856],[54.5285421,24.4316266],[54.5286577,24.4312823],[54.5284699,24.4312286],[54.5290222,24.4296437],[54.5294788,24.4297735],[54.5300848,24.4299458],[54.5315732,24.430369],[54.5316293,24.43022],[54.5332681,24.4306791],[54.5332547,24.4307255],[54.5335364,24.4308086],[54.5334964,24.4309502],[54.5339602,24.4310839],[54.5344513,24.4312256],[54.5349528,24.4313702],[54.5350089,24.431231],[54.5352932,24.4313116],[54.5353093,24.4312652],[54.5369513,24.4317302],[54.5369023,24.4318837],[54.5377839,24.4321369],[54.5379301,24.4317671],[54.5374365,24.4316243],[54.5374959,24.4314758],[54.5348187,24.4307084],[54.5347541,24.4308696],[54.5339685,24.4306425],[54.5340275,24.4304789],[54.5313426,24.429717],[54.5312833,24.4298659],[54.5301487,24.4295411],[54.5302077,24.4293848],[54.5295075,24.429189],[54.5287757,24.4289843],[54.5287351,24.4291031],[54.5281534,24.4308061],[54.5266454,24.4303693],[54.5266192,24.4303617],[54.5268955,24.4295656],[54.5266377,24.4294801],[54.5266171,24.4294742],[54.5249197,24.4289868],[54.5246448,24.4297902],[54.5195808,24.4283396],[54.5203292,24.4262296],[54.5208897,24.4263957],[54.5212575,24.4253871],[54.5206808,24.4252186],[54.5211338,24.4239413],[54.5227271,24.4250232],[54.5227971,24.4249915],[54.5229258,24.4250086],[54.5229607,24.4250501],[54.5229845,24.4251136],[54.5228909,24.4257827],[54.5229094,24.4258487],[54.5229711,24.4258853],[54.5230841,24.4258829],[54.5231753,24.4258413],[54.523312,24.4258072],[54.5234491,24.4257863],[54.5235186,24.4258096],[54.5235776,24.4258389],[54.5237117,24.4259073],[54.5243313,24.4260782],[54.5244437,24.4260489],[54.5246371,24.4258242],[54.5246719,24.4257314],[54.5246824,24.4256509],[54.524669,24.4255654],[54.5246341,24.4254946],[54.5245885,24.4254384],[54.5245027,24.4254359],[54.5244544,24.4254579],[54.5244171,24.4254335],[54.5244305,24.4254042],[54.5240494,24.4252039],[54.5239263,24.4250892],[54.5237973,24.4249011],[54.5236444,24.4247131],[54.5233815,24.4245275],[54.5227887,24.4241611],[54.5221506,24.4237875],[54.5211767,24.4236556],[54.5199644,24.4236361],[54.5189317,24.4236776],[54.5173653,24.4238168],[54.5165151,24.4238448],[54.5163783,24.4238606],[54.5162992,24.4239009],[54.5159586,24.4240975],[54.5159465,24.4241513],[54.5159277,24.4241818],[54.5158754,24.4242196],[54.515803,24.4242404],[54.5149688,24.424277],[54.5144042,24.4243076],[54.5138557,24.4243393],[54.5126661,24.4243919],[54.512496,24.424398],[54.5124528,24.4244115],[54.5124247,24.424442],[54.5124114,24.4244736],[54.5123764,24.4245067],[54.5123067,24.4245201],[54.5120224,24.4245348],[54.511966,24.4245226],[54.5119365,24.4244859],[54.5119151,24.4244151],[54.5118802,24.4243614],[54.5118453,24.4243199],[54.5117997,24.4242979],[54.5109173,24.4243125],[54.5097693,24.4243199],[54.5096569,24.4242784],[54.5094474,24.4242784],[54.5091658,24.4242735],[54.5090695,24.4242466],[54.5089056,24.424271],[54.5086589,24.4242979],[54.5084714,24.4243565],[54.5084067,24.4243565],[54.508329,24.4243614],[54.5082166,24.4244054],[54.50816,24.4243272],[54.5081332,24.4243248],[54.5080422,24.4243834],[54.5079213,24.4243492],[54.5078059,24.4243565],[54.5077416,24.4243956],[54.5077308,24.424442],[54.5076021,24.4244444],[54.507476,24.4244371],[54.5073526,24.4244322],[54.5071166,24.4244566],[54.5069774,24.4244859],[54.5068859,24.4244713],[54.506666,24.4244786],[54.5064863,24.4244737],[54.5063575,24.4244615],[54.5062532,24.4244908],[54.506033,24.4244664],[54.5053463,24.4245152],[54.5051371,24.4245177],[54.5050325,24.4245348],[54.5049845,24.4245665],[54.5048394,24.4245397],[54.5045551,24.4245665],[54.5043512,24.424591],[54.5042144,24.4246203],[54.5041825,24.4246642],[54.5041018,24.4246838],[54.5040857,24.4246691],[54.5040669,24.424696],[54.504024,24.424735],[54.5039784,24.4247546],[54.5036995,24.4247668],[54.5036646,24.4247595],[54.5036059,24.4247277],[54.5035922,24.4247033],[54.5034983,24.4247106],[54.5034312,24.4247033],[54.5033696,24.4246935],[54.5031925,24.4246471],[54.5029917,24.4246497],[54.5028063,24.424652],[54.5027261,24.4246911],[54.5023879,24.4246886],[54.5020821,24.4247131],[54.5020341,24.4246838],[54.501956,24.4246618],[54.5018514,24.4246862],[54.5016127,24.4246593],[54.5012774,24.4246178],[54.5011299,24.4245739],[54.5009691,24.424591],[54.5008752,24.4245421],[54.5007921,24.4245152],[54.500717,24.424525],[54.5006177,24.4245299],[54.5005669,24.424503],[54.5004836,24.4245128],[54.5003549,24.4244908],[54.5001832,24.4244835],[54.5000116,24.4245568],[54.4998588,24.4246129],[54.4996924,24.4246056],[54.4995717,24.4245787],[54.4994805,24.4245812],[54.4993973,24.4246667],[54.4992874,24.4247057],[54.4991372,24.4247204],[54.4989494,24.4247424],[54.4988314,24.4247179],[54.4987965,24.4246593],[54.4987161,24.4246764],[54.4986302,24.4247204],[54.4985176,24.4247106],[54.4984426,24.4246471],[54.4983544,24.4246267],[54.4982176,24.4246169],[54.4980352,24.4245998],[54.4978716,24.4245876],[54.4977107,24.4246096],[54.4975417,24.4246316],[54.4973942,24.4245852],[54.4971604,24.424591],[54.4968251,24.4245861],[54.4963074,24.4246203],[54.496235,24.4246862],[54.4960553,24.4246764],[54.4959051,24.4246911],[54.4957366,24.4247219],[54.4956266,24.4248562],[54.4954761,24.4248596],[54.4951353,24.4248523],[54.494961,24.4248474],[54.4940195,24.4248694],[54.4936011,24.4249109],[54.4933624,24.4249426],[54.4930487,24.4250159],[54.4928527,24.4250257],[54.4927428,24.4249817],[54.4926578,24.424932],[54.4926276,24.4248913],[54.492582,24.4248913],[54.4925203,24.4249622],[54.4924209,24.4249573],[54.4923138,24.424989],[54.492209,24.4249817],[54.4920239,24.4249719],[54.4919676,24.4249671],[54.4918818,24.4249573],[54.4918094,24.4249206],[54.4917477,24.424928],[54.4916887,24.4249402],[54.4916484,24.4249304],[54.4915493,24.4248938],[54.4914152,24.424884],[54.49123,24.4249158],[54.4910852,24.4249011],[54.4909506,24.4248621],[54.4907554,24.4247814],[54.4906615,24.4247692],[54.4905945,24.4247326],[54.4904684,24.4247033],[54.4903531,24.4246715],[54.4902297,24.4246178],[54.4901492,24.4245861],[54.4900874,24.4245714],[54.4899506,24.4245421],[54.4897628,24.4244737],[54.4896556,24.4244078],[54.4894449,24.4244095],[54.4892035,24.4243118],[54.4881005,24.4234383],[54.4880502,24.4233984],[54.487727,24.4231884],[54.4872554,24.4226168],[54.4869719,24.4220992],[54.4868378,24.42143],[54.4868646,24.4209269],[54.4870171,24.4202951],[54.4871941,24.4195913],[54.4872575,24.4195646],[54.4873199,24.41924],[54.4873301,24.4191872],[54.4872588,24.4191655],[54.4871981,24.4190994],[54.4871545,24.4190441],[54.4871664,24.4189984],[54.4872033,24.4189551],[54.4873893,24.4189586],[54.4874649,24.4186111],[54.4874345,24.4185846],[54.4874754,24.4184999],[54.4874923,24.4184676],[54.4875581,24.4182985],[54.4875849,24.4182106],[54.4876251,24.418079],[54.4876754,24.4179982],[54.4878057,24.4178728],[54.4878795,24.4177497],[54.4880295,24.4173058],[54.4880054,24.4172424],[54.4878179,24.4171985],[54.4876626,24.417118],[54.4876572,24.4170229],[54.4877269,24.4169814],[54.4881286,24.4171034],[54.4882256,24.417086],[54.4883389,24.4168666],[54.4885291,24.4164459],[54.4886349,24.4162033],[54.4886148,24.4160447],[54.4884763,24.4159505],[54.4884151,24.4159057],[54.4887417,24.415925],[54.4888148,24.415891],[54.4888094,24.4158349],[54.4883014,24.4156033],[54.4882719,24.4155521],[54.4882891,24.4155052],[54.4883722,24.415471],[54.4888121,24.4156395],[54.489016,24.4153928],[54.4891742,24.4150191],[54.4892118,24.4148115],[54.4888282,24.4146552],[54.4888148,24.4145844],[54.4888819,24.4145355],[54.4892949,24.4146723],[54.4894455,24.4145645],[54.4896168,24.414306],[54.4897164,24.4140113],[54.4897267,24.4138346],[54.4894736,24.4137573],[54.4893405,24.4136929],[54.4893181,24.4136437],[54.4893476,24.4135949],[54.4893985,24.4135753],[54.4898189,24.4136955],[54.489884,24.4137011],[54.4899283,24.4136681],[54.4900174,24.4134883],[54.4902364,24.4130115],[54.4902515,24.4129598],[54.490223,24.4128967],[54.4897955,24.412762],[54.4897673,24.4127071],[54.4897942,24.4126448],[54.4898371,24.4126179],[54.4901053,24.4126765],[54.4901761,24.4125632],[54.4902421,24.4124018],[54.4902917,24.4122051],[54.4903279,24.4118827],[54.4900986,24.4118131],[54.4900973,24.4117264],[54.4901522,24.4116727],[54.4903722,24.4117093],[54.4904285,24.4116336],[54.4904788,24.4112917],[54.4904661,24.4109613],[54.4904231,24.410838],[54.49029,24.4108109],[54.4902113,24.4107769],[54.4902153,24.4106866],[54.4902823,24.410656],[54.4905126,24.4106619],[54.4905327,24.4103384],[54.4904958,24.4099607],[54.4904585,24.4098195],[54.4903195,24.4098083],[54.4902283,24.4097826],[54.4902085,24.4097253],[54.4902458,24.4096646],[54.4907129,24.409642],[54.4907674,24.4095355],[54.4907859,24.4094655],[54.4907388,24.4094415],[54.4906102,24.4094056],[54.4905859,24.409011],[54.4904816,24.4088436],[54.4904679,24.4088227],[54.4901153,24.4087779],[54.4901073,24.4086753],[54.4904237,24.4085972],[54.4904184,24.4084397],[54.4903843,24.4082099],[54.4900322,24.4070499],[54.4899856,24.4068889],[54.4898352,24.406912],[54.4898003,24.4069004],[54.4897789,24.4068699],[54.4897695,24.4068289],[54.4897581,24.4067581],[54.4897547,24.4066848],[54.4897608,24.4066433],[54.4897775,24.4066085],[54.4897953,24.4065844],[54.4898184,24.4065648],[54.4898489,24.406556],[54.4898868,24.4065517],[54.4899861,24.4065456],[54.4900196,24.4065423],[54.4900454,24.4065398],[54.4900491,24.4064915],[54.4900968,24.4064915],[54.4901088,24.4064449],[54.4901048,24.4063569],[54.4900766,24.4062232],[54.4900315,24.4061363],[54.4899632,24.4060349],[54.4897459,24.4057637],[54.4893603,24.4058214],[54.4893246,24.4056025],[54.4896976,24.405548],[54.4896647,24.4051801],[54.4897099,24.4051665],[54.4898626,24.4051206],[54.4899248,24.4051019],[54.4908141,24.4049295],[54.4908271,24.4047842],[54.4910614,24.4047346],[54.4911796,24.4047264],[54.4912203,24.4047628],[54.4912956,24.4047401],[54.4913116,24.4045933],[54.4913764,24.4045623],[54.4914319,24.4046158],[54.491542,24.4045974],[54.4915617,24.4044536],[54.4932384,24.4040756],[54.4934334,24.4038304],[54.494374,24.4037502],[54.4949493,24.4034292],[54.4959162,24.4033024],[54.4970191,24.4027277],[54.4979311,24.4027992],[54.4998091,24.402017],[54.5012316,24.4019063],[54.5017776,24.4015846],[54.5026847,24.4014803],[54.5027034,24.4015225],[54.5028513,24.4014889],[54.5028373,24.4014576],[54.5032503,24.4013404],[54.5033171,24.4013214],[54.5032243,24.4009714],[54.5037022,24.4008508],[54.5037856,24.4011232],[54.5173078,24.3974268],[54.5186414,24.3974072],[54.5190625,24.3973437],[54.5199849,24.3971172],[54.5200837,24.3970291],[54.5201624,24.3969257],[54.5202172,24.3968135],[54.5202483,24.396694],[54.5202516,24.3965337],[54.5202275,24.3964197],[54.520182,24.3963112],[54.5200827,24.3961727],[54.5199759,24.3960792],[54.5198505,24.3960074],[54.5196714,24.3959516],[54.5194826,24.3959398],[54.5191221,24.3960364],[54.5190893,24.3961126],[54.5189981,24.3961444],[54.5189257,24.3961639],[54.5188345,24.396225],[54.5035882,24.4004362],[54.5036834,24.4007775],[54.503206,24.4009143],[54.5030864,24.4005553],[54.5029994,24.4005851],[54.5028864,24.4006238],[54.502811,24.4007793],[54.5026248,24.4008276],[54.5022057,24.4010674],[54.5011565,24.4011518],[54.5001405,24.401538],[54.4991291,24.4016198],[54.4976883,24.4021709],[54.4969264,24.4021729],[54.4960341,24.4025291],[54.4954908,24.4024874],[54.4949626,24.4028558],[54.4934041,24.4030885],[54.4929767,24.4033959],[54.4922212,24.4034187],[54.4918247,24.4037606],[54.4913882,24.4038649],[54.4913303,24.4037772],[54.4901709,24.4040263],[54.4893288,24.404251],[54.4892666,24.4042508],[54.4892296,24.4042215],[54.4891063,24.4038448],[54.4890047,24.4038698],[54.4888911,24.4038428],[54.4887506,24.4038193],[54.4885555,24.40376],[54.4884568,24.4037185],[54.4883379,24.4036398],[54.4882552,24.4035556],[54.488177,24.4034535],[54.4879158,24.4028925],[54.4877867,24.4024702],[54.4877094,24.4022198],[54.4876196,24.4019749],[54.4875499,24.4018404],[54.4873469,24.4015919],[54.487106,24.4013604],[54.4868941,24.401264],[54.4867352,24.4011668],[54.4866171,24.4010819],[54.4863014,24.4007459],[54.485343,24.39998321456712],[54.4850424,24.399744],[54.484759,24.3994673],[54.4841793,24.398983],[54.4839795,24.3988279],[54.483957,24.3987982],[54.4839089,24.398766],[54.4838508,24.3987875],[54.4838415,24.3988124],[54.4838182,24.3988352],[54.4837878,24.3988412],[54.4837569,24.3988177],[54.4837437,24.3987868],[54.483754,24.3987614],[54.4837897,24.3987346],[54.4846468,24.3984971],[54.4846512,24.3984473],[54.4846618,24.398362],[54.4846418,24.3982577],[54.4846216,24.398203],[54.4845844,24.3981508],[54.4845115,24.3980988],[54.4844618,24.3980884],[54.4844119,24.398091],[54.4843688,24.3980953],[54.4843256,24.3981114],[54.4842905,24.3981902],[54.4842411,24.3982166],[54.4841956,24.398244],[54.4841441,24.3982909],[54.4840783,24.3983242],[54.4839932,24.3983414],[54.4838708,24.3983212],[54.4837828,24.3982822],[54.4837411,24.3982545],[54.4837022,24.3982199],[54.4836715,24.3981833],[54.4836378,24.3981295],[54.4835916,24.3980864],[54.483541,24.3980737],[54.4834771,24.3980775],[54.4834161,24.3980916],[54.4833679,24.3981264],[54.4833417,24.3981599],[54.48329,24.398215],[54.4833019,24.3982904],[54.4833475,24.3983673],[54.4834049,24.3984104],[54.4834712,24.3984269],[54.4834888,24.3984042],[54.4835182,24.3983857],[54.4835596,24.3983896],[54.4835702,24.3984145],[54.4835807,24.3984394],[54.4835693,24.3984668],[54.4835448,24.3984848],[54.4835185,24.3984938],[54.4834772,24.3984946],[54.4834298,24.3984834],[54.4833627,24.3984537],[54.4833178,24.3984066],[54.4832802,24.3983381],[54.4832502,24.3982682],[54.4831978,24.3981912],[54.4816898,24.3973963],[54.480791,24.396984],[54.4806156,24.3970131],[54.480388,24.3970819],[54.4803648,24.3970499],[54.4802768,24.3970741],[54.4801473,24.3970866],[54.4800437,24.3970861],[54.4799338,24.3970717],[54.4798508,24.3970368],[54.4797924,24.3970097],[54.4796878,24.3969619],[54.4795911,24.3968929],[54.4795386,24.3968331],[54.4795105,24.3967919],[54.4795079,24.3967687],[54.4795114,24.3967437],[54.4795282,24.3967188],[54.4795516,24.3967031],[54.4795865,24.3966795],[54.479643,24.3966746],[54.4796944,24.3966939],[54.4797189,24.3967247],[54.479751,24.3968201],[54.4798017,24.3968847],[54.479872,24.3969338],[54.4799529,24.3969655],[54.4799978,24.3969664],[54.4800458,24.3969289],[54.4801204,24.3968402],[54.4801943,24.3967238],[54.4802128,24.3966482],[54.4802169,24.3965679],[54.4801825,24.3964299],[54.4801503,24.3963508],[54.480098,24.3963014],[54.4800674,24.3962723],[54.4800547,24.3962364],[54.479953,24.3962665],[54.4798284,24.3963],[54.4797432,24.3963143],[54.4796282,24.3963217],[54.4795077,24.3963107],[54.4793843,24.3962769],[54.4792472,24.396216],[54.4791343,24.3961219],[54.4790771,24.3960196],[54.4790243,24.3959257],[54.4789583,24.3959072],[54.478877,24.3958639],[54.4788303,24.3958313],[54.4787957,24.3957712],[54.478802,24.3957101],[54.4788497,24.3956499],[54.4790612,24.3954111],[54.479343,24.3951188],[54.4794052,24.3950173],[54.4794868,24.3948646],[54.4795998,24.3946645],[54.4796775,24.3945464],[54.4797051,24.3945119],[54.4797448,24.394489],[54.4798009,24.3944713],[54.4799787,24.3944393],[54.4800822,24.3944189],[54.4801794,24.3943777],[54.4802978,24.3943203],[54.4804796,24.3941502],[54.4805106,24.3941404],[54.4805634,24.3941352],[54.4806745,24.3941345],[54.4808818,24.3941276],[54.4811958,24.3940583],[54.4815046,24.3939464],[54.481983,24.3937401],[54.4821872,24.3936592],[54.4823368,24.3936445],[54.4827059,24.3936542],[54.4827859,24.3936473],[54.482914,24.3936016],[54.4833529,24.3935575],[54.4836527,24.3935641],[54.4843985,24.3935472],[54.4851506,24.3934968],[54.485343,24.39348873987186],[54.4857593,24.3934713],[54.4858254,24.3934477],[54.4858642,24.3934206],[54.4858913,24.3933817],[54.485926,24.3933675],[54.4859621,24.3933688],[54.4860503,24.3933879],[54.4861047,24.3934048],[54.4861673,24.3934066],[54.4865897,24.393359],[54.4870497,24.3933443],[54.4870162,24.3931758],[54.4870202,24.3931172],[54.4870377,24.3930952],[54.4894674,24.3924354],[54.4902137,24.3922319],[54.4902245,24.39221],[54.4902277,24.3921604],[54.4902069,24.3921022],[54.4901189,24.3920567],[54.4900707,24.3920325],[54.4899261,24.3920393],[54.4897913,24.392007],[54.4896757,24.3920027],[54.4895421,24.3920009],[54.4894633,24.3919982],[54.4893917,24.3919773],[54.4893123,24.3919255],[54.4892094,24.391799],[54.4891444,24.3916569],[54.4891273,24.3915159],[54.4891608,24.3913383],[54.4892086,24.3911304],[54.4893142,24.3909781],[54.489403,24.3908262],[54.4894374,24.3907287],[54.4894376,24.3906259],[54.4894142,24.3903636],[54.4894173,24.3902329],[54.4894492,24.3901314],[54.4895091,24.3900365],[54.4896195,24.3899674],[54.4898123,24.3899367],[54.4899685,24.3899177],[54.4901148,24.389875],[54.4900565,24.3896838],[54.4900536,24.3896492],[54.4900652,24.3896254],[54.490101,24.3896002],[54.4901527,24.3895909],[54.4902226,24.3896201],[54.4902459,24.3897024],[54.4914916,24.3898342],[54.4915482,24.3897622],[54.4915633,24.3896904],[54.4915507,24.3896328],[54.4915669,24.3895924],[54.4915996,24.3895577],[54.4916594,24.3895448],[54.4917055,24.3895696],[54.4917368,24.3896081],[54.4917645,24.3896935],[54.4917878,24.3898147],[54.4918954,24.3898186],[54.4920883,24.3897829],[54.4924971,24.3896768],[54.4926606,24.389602],[54.4927362,24.3895185],[54.492788,24.3894774],[54.4928264,24.389422],[54.492819,24.3893819],[54.4927902,24.389346],[54.4927672,24.3893065],[54.4927632,24.3892696],[54.4928001,24.3892201],[54.4928409,24.3891995],[54.4928796,24.3891848],[54.4929231,24.3891979],[54.4929793,24.3892558],[54.4929802,24.3892966],[54.4929649,24.3893324],[54.4930031,24.3894553],[54.4930648,24.3895502],[54.4932757,24.3895855],[54.4933421,24.3895966],[54.4936578,24.3895513],[54.4940066,24.3895005],[54.494024,24.3894849],[54.494085,24.3894399],[54.4940026,24.3892276],[54.4940261,24.3891552],[54.4941046,24.3891236],[54.4941855,24.389155],[54.4941997,24.3892858],[54.4943154,24.3895981],[54.494534,24.3895305],[54.4945122,24.3893505],[54.4945165,24.3893098],[54.494588,24.3892814],[54.4948439,24.3896379],[54.4949616,24.3897075],[54.4970147,24.3894297],[54.4991136,24.3891726],[54.4991564,24.3891427],[54.4991849,24.3890962],[54.4991931,24.3890361],[54.4988396,24.3877273],[54.4987773,24.3876509],[54.4986963,24.3875774],[54.4986005,24.3874955],[54.4985133,24.3874654],[54.4933838,24.3874107],[54.4931424,24.3874107],[54.4930591,24.3873972],[54.4929707,24.3873667],[54.4929207,24.3873064],[54.4928956,24.3872446],[54.4928968,24.387111],[54.49290530863415,24.386],[54.48680064622793,24.386],[54.4868486,24.3860256],[54.486976,24.3860512],[54.4873501,24.3860671],[54.4879214,24.3860903],[54.4880421,24.3861147],[54.4881427,24.3861538],[54.4882004,24.3862235],[54.4882205,24.3863053],[54.4882205,24.3864116],[54.4881561,24.387186],[54.4881172,24.3873081],[54.4880649,24.3873887],[54.4879483,24.3874449],[54.4877914,24.3874449],[54.486807,24.3873032],[54.4865361,24.3872446],[54.4863215,24.3871737],[54.4861284,24.387098],[54.4859514,24.3870369],[54.4857582,24.3870223],[54.4855303,24.3870272],[54.4852486,24.3869881],[54.4850019,24.3869221],[54.4847631,24.3868195],[54.4843072,24.3865923],[54.4834328,24.3860573],[54.48334191676413,24.386],[54.468,24.386],[54.468,24.396568649473682],[54.4680932,24.3965272],[54.4681764,24.396697],[54.4682917,24.3967117],[54.4684379,24.3966994],[54.468812,24.3966713],[54.4690172,24.3966933],[54.4692063,24.3967275],[54.4694021,24.3967324],[54.4696167,24.3967007],[54.4698514,24.3965968],[54.46995,24.3965223],[54.4700593,24.3964295],[54.4701304,24.3965272],[54.4702537,24.3967666],[54.4703007,24.3968668],[54.470353,24.3969425],[54.4704589,24.3969718],[54.4706306,24.397006],[54.4709659,24.3970182],[54.4715479,24.397006],[54.4721407,24.3969596],[54.4726932,24.3969523],[54.473471,24.3971281],[54.4738211,24.3972039],[54.4741201,24.3967764],[54.4741637,24.3967691],[54.4742167,24.396777],[54.474265,24.3968039],[54.4743005,24.3968552],[54.4743133,24.3969596],[54.474324,24.3970976],[54.4743133,24.3972832],[54.4742703,24.3974964],[54.4742831,24.3975245],[54.4743099,24.397544],[54.4744138,24.3975727],[54.4744702,24.3976338],[54.4745278,24.397646],[54.4745681,24.3976924],[54.4745882,24.3977517],[54.4747135,24.3978653],[54.4748964,24.3980066],[54.4749141,24.3980203],[54.475185,24.3981553],[54.4755552,24.3982921],[54.4757978,24.3983495],[54.4758513,24.3983517],[54.4760198,24.3983836],[54.476029,24.3983642],[54.476039,24.3983527],[54.4760498,24.3983481],[54.4760647,24.3983497],[54.4760758,24.3983569],[54.4760848,24.3983687],[54.4760865,24.3983818],[54.4760841,24.3983909],[54.4760704,24.3984207],[54.4761005,24.3984482],[54.4763907,24.3986182],[54.4766843,24.3988197],[54.4770129,24.3989724],[54.4773871,24.399053],[54.4776218,24.3991064],[54.4776419,24.399111],[54.4776634,24.3990991],[54.4776875,24.3990969],[54.4777016,24.3991153],[54.4777056,24.3991501],[54.4777027,24.399178],[54.4776449,24.3993086],[54.4776516,24.3993283],[54.4778028,24.3994755],[54.4778994,24.399569],[54.4780127,24.3997015],[54.4780657,24.3997564],[54.4781274,24.3998084],[54.4784693,24.3999812],[54.4790085,24.4002743],[54.4796884,24.4007005],[54.4799151,24.4008422],[54.4807211,24.4013552],[54.4809551,24.401451],[54.4810604,24.4014803],[54.4811482,24.4014962],[54.4812722,24.401531],[54.4815968,24.4017093],[54.4819254,24.4019182],[54.4831444,24.4028024],[54.4833282,24.4029477],[54.4834576,24.4030351],[54.4836031,24.4031315],[54.483937,24.4034057],[54.4840872,24.4033105],[54.4841858,24.403421],[54.4841315,24.4035028],[54.4841248,24.4035419],[54.4841268,24.4035852],[54.4841657,24.4036762],[54.4843045,24.4040957],[54.4843085,24.4041544],[54.4843099,24.4043485],[54.4843112,24.4044731],[54.4843333,24.4046117],[54.4843756,24.4047107],[54.484558,24.4046246],[54.4852278,24.4053115],[54.4852949,24.4052865],[54.4853821,24.4052755],[54.4854585,24.4052871],[54.4855832,24.4053494],[54.4857019,24.405466],[54.4857596,24.4055503],[54.4857757,24.4056419],[54.4857837,24.4057567],[54.4858012,24.4058446],[54.4858401,24.4059203],[54.4860265,24.4061499],[54.4860989,24.4061829],[54.4862504,24.4062134],[54.4863644,24.4062317],[54.4864409,24.4062647],[54.4865146,24.4063343],[54.4866139,24.4065554],[54.4867265,24.4067557],[54.4868539,24.4068998],[54.4868787,24.4069175],[54.4869284,24.4069456],[54.4870457,24.4070079],[54.4871206,24.4069161],[54.4871396,24.4069279],[54.4870377,24.4070622],[54.4868217,24.4073571],[54.4866139,24.4076423],[54.4866373,24.4076875],[54.4872086,24.4077143],[54.4874765,24.4077354],[54.4875138,24.4077336],[54.4875117,24.4077757],[54.4874749,24.4078255],[54.4874467,24.407856],[54.4873689,24.4079207],[54.4872469,24.4079928],[54.4871517,24.4081161],[54.4870658,24.408292],[54.4873126,24.4084404],[54.4874125,24.4083763],[54.4874809,24.4084269],[54.4875667,24.4085271],[54.4876975,24.4086559],[54.4880267,24.4089637],[54.4880368,24.4090162],[54.4879845,24.4090907],[54.4877592,24.4093508],[54.4876312,24.4096247],[54.4875695,24.4099446],[54.48755,24.4102643],[54.4875614,24.4105794],[54.4876391,24.4106197],[54.4873555,24.4110935],[54.4872777,24.4112413],[54.4871812,24.4115063],[54.4870739,24.41188],[54.4867882,24.4128239],[54.4868801,24.4129742],[54.4868995,24.4130315],[54.4868955,24.4131103],[54.4868787,24.4131872],[54.4868177,24.4135188],[54.4868097,24.4137081],[54.4867822,24.4138192],[54.4867339,24.4138882],[54.4866742,24.4139273],[54.4866233,24.4139835],[54.4865569,24.4140751],[54.4864918,24.4142338],[54.4864094,24.4145397],[54.4861391,24.4156339],[54.4859943,24.4162799],[54.4858132,24.4173044],[54.4856939,24.4180115],[54.4856778,24.4180542],[54.4856308,24.4181629],[54.4856174,24.418224],[54.4856121,24.4183858],[54.4856174,24.4185708],[54.4856268,24.4188199],[54.4856274,24.418841],[54.4856295,24.41892],[54.4856201,24.418956],[54.4855839,24.4189982],[54.4855142,24.4190397],[54.4854605,24.4191313],[54.4853787,24.4192949],[54.4852929,24.4194207],[54.4850568,24.4199494],[54.4849791,24.420201],[54.4848986,24.420632],[54.4848262,24.4208396],[54.4847323,24.4210033],[54.4846612,24.4210814],[54.4846196,24.421151],[54.4845311,24.4214026],[54.4844654,24.4216761],[54.4844654,24.4218373],[54.4845003,24.4219985],[54.4847169,24.4225138],[54.4847598,24.4225394],[54.4848067,24.4225461],[54.484906,24.4225614],[54.4849408,24.4225907],[54.4849435,24.422617],[54.4849062,24.4226642],[54.4848678,24.4226798],[54.4848523,24.4227116],[54.4848543,24.4227806],[54.4848617,24.4228093],[54.4848869,24.4228242],[54.484961,24.422823],[54.4849817,24.4228383],[54.4849888,24.4228603],[54.4849801,24.4228893],[54.4849616,24.4229048],[54.4849486,24.4229097],[54.4848731,24.4229021],[54.4848557,24.4229482],[54.484857,24.4229754],[54.4848634,24.4229964],[54.4848735,24.4230318],[54.4848825,24.4230654],[54.4848778,24.4230914],[54.4848631,24.4231057],[54.4848329,24.4231216],[54.4848034,24.42315],[54.4847256,24.4232678],[54.4843957,24.4236433],[54.4840524,24.4240316],[54.4838431,24.4240536],[54.4836339,24.4240121],[54.4831136,24.4234552],[54.4830438,24.4232977],[54.4830465,24.4231976],[54.4830956,24.4230603],[54.4831907,24.422974],[54.4832767,24.4229297],[54.4833791,24.4229058],[54.483473,24.4229082],[54.4835682,24.4229399],[54.4836359,24.4229717],[54.4836929,24.4230193],[54.4837815,24.4230938],[54.4838398,24.4231439],[54.4839115,24.4232135],[54.4839853,24.4232672],[54.484338,24.4229006],[54.4842522,24.4228111],[54.4841717,24.4227201],[54.4839987,24.4225614],[54.4837989,24.4224356],[54.4836272,24.4223685],[54.483414,24.4223489],[54.4831538,24.4224002],[54.4828843,24.4225284],[54.4826898,24.4226835],[54.4824403,24.4230327],[54.4823545,24.4233478],[54.4823626,24.4235285],[54.4824162,24.4237214],[54.4825396,24.4238948],[54.4828252,24.4241134],[54.4829795,24.4241],[54.4830666,24.4242026],[54.4843125,24.4240047],[54.484562,24.423951],[54.484688,24.4239339],[54.4847256,24.4243723],[54.4847416,24.4244861],[54.4847457,24.4245616],[54.4842321,24.4246226],[54.4838525,24.4246971],[54.4835736,24.4247398],[54.4833034,24.4248369],[54.4832222,24.4248998],[54.4831867,24.4249358],[54.4831257,24.4249938],[54.4830687,24.4250598],[54.4829835,24.4251538],[54.4829077,24.4252399],[54.4828695,24.4252795],[54.4828038,24.4253339],[54.4820447,24.4258974],[54.4814131,24.4265116],[54.4808578,24.4271014],[54.4804924,24.4274347],[54.4802024,24.4274882],[54.4802416,24.4277577],[54.4801913,24.4277644],[54.4802497,24.4280996],[54.4801531,24.4281081],[54.4800954,24.4277522],[54.4800136,24.4277662],[54.4797608,24.4277901],[54.4795878,24.427812],[54.4794242,24.4278365],[54.4793176,24.4278523],[54.4792458,24.4278633],[54.479162,24.4278822],[54.4791033,24.4278945],[54.4790581,24.4279073],[54.4790232,24.4279128],[54.4789454,24.4279286],[54.4787577,24.4279598],[54.4785029,24.427994],[54.4785235,24.4281872],[54.4785367,24.4282616],[54.4785505,24.4283597],[54.4784506,24.4283707],[54.4784465,24.4283304],[54.4784338,24.4282589],[54.4784157,24.4281893],[54.4780134,24.4282412],[54.4773737,24.4283346],[54.4772731,24.4283542],[54.4771913,24.4283859],[54.4771014,24.4284494],[54.4770585,24.4285264],[54.4770357,24.4285654],[54.4769874,24.4285947],[54.4768882,24.4286192],[54.4767635,24.4286888],[54.4766951,24.4287718],[54.4766119,24.4288975],[54.476575,24.4289201],[54.4765294,24.4289293],[54.4764449,24.4289391],[54.4763457,24.4289678],[54.47617,24.4290746],[54.4765167,24.4292181],[54.4766723,24.4292773],[54.4766897,24.4293042],[54.4766877,24.429331],[54.4766656,24.4293493],[54.4766193,24.4293542],[54.4762994,24.429248],[54.4761331,24.4291808],[54.4759923,24.4290917],[54.4754612,24.4288951],[54.4752453,24.4293835],[54.4753499,24.4294336],[54.4752198,24.4297169],[54.475126,24.4296937],[54.4750167,24.4299574],[54.4749603,24.4299971],[54.4748893,24.4300154],[54.4748202,24.4300172],[54.4746552,24.4300295],[54.474497,24.4300697],[54.4742355,24.4301882],[54.4741322,24.4302663],[54.4740343,24.4303933],[54.473927,24.4306107],[54.4738573,24.430712],[54.4737862,24.4307462],[54.4736588,24.4307743],[54.4735066,24.4307566],[54.4733396,24.4307926],[54.4732189,24.4308475],[54.4730929,24.4309391],[54.4730851,24.430958],[54.4730855,24.430977],[54.4731002,24.4309959],[54.4731244,24.4310191],[54.4731431,24.4310435],[54.471961,24.4318891],[54.4718309,24.4317499],[54.4713373,24.4321345],[54.4711094,24.432325],[54.470988,24.4324471],[54.4709337,24.4325081],[54.4708834,24.4325832],[54.4708378,24.4326589],[54.4707925,24.4327184],[54.4699882,24.4332932],[54.4698648,24.433386],[54.4702095,24.4337047],[54.4700566,24.4338317],[54.4699654,24.4338879],[54.4697957,24.4340264],[54.4696167,24.434176],[54.4695054,24.4342639],[54.469433,24.4343262],[54.4693934,24.4343622],[54.4693109,24.4344324],[54.46927,24.4344703],[54.4692378,24.4344935],[54.469201,24.434527],[54.4691467,24.4345783],[54.4689609,24.4347398],[54.4688737,24.4346693],[54.4688476,24.434651],[54.4688184,24.4346302],[54.4687631,24.4345911],[54.4686565,24.4346907],[54.4687235,24.4347633],[54.4686404,24.4348359],[54.4686318,24.4348433],[54.4686218,24.4348497],[54.4686,24.4348675],[54.4685827,24.4348827],[54.4685713,24.4349068],[54.468568,24.4349367],[54.4685707,24.4349605],[54.4685572,24.4350734],[54.468517,24.4351101],[54.4684701,24.4351601],[54.4684466,24.4351864],[54.4684386,24.4352065],[54.4685043,24.4352975],[54.4684278,24.4353811],[54.4683883,24.4354617],[54.4683467,24.4356815],[54.4682863,24.4359989],[54.4682441,24.4360432],[54.468223,24.4360484],[54.4681992,24.4360459],[54.4681801,24.4360356],[54.468165,24.4360267],[54.4681395,24.4360295],[54.4681197,24.4360423],[54.4681073,24.4360618],[54.46811,24.4360868],[54.4681304,24.4361219],[54.4681811,24.4362798],[54.4681817,24.4363646],[54.4681683,24.4364702],[54.4684352,24.4366204],[54.4684446,24.4366637],[54.4684365,24.4366876],[54.4683722,24.436751],[54.4682273,24.436839],[54.468116,24.4369147],[54.468,24.437013144605356],[54.468,24.437668592180096],[54.4680228,24.4376863],[54.4680208,24.4377559],[54.4680127,24.4378182],[54.468,24.43785054999999],[54.468,24.4466985528125],[54.4681379,24.4466421],[54.4682264,24.4465957],[54.4683024,24.4465599],[54.4683936,24.446505],[54.4684553,24.4464683],[54.4685295,24.4464272],[54.4686046,24.446393],[54.4687115,24.4463377],[54.4687866,24.4463023],[54.468867,24.4462706],[54.4689301,24.4462376],[54.4689985,24.4462083],[54.4690561,24.4461863],[54.4691205,24.4461619],[54.4691929,24.4461436],[54.4692533,24.4461338],[54.4694209,24.4461338],[54.4697119,24.4461399],[54.4699037,24.4461485],[54.4700056,24.446157],[54.4701008,24.4461741],[54.4702014,24.4461839],[54.4702765,24.4461949],[54.4703811,24.446201],[54.4704589,24.4462034],[54.4705434,24.4462107],[54.4706359,24.4462217],[54.4707513,24.4462376],[54.4708639,24.446262],[54.470986,24.4462779],[54.4710825,24.4462816],[54.4712046,24.4462828],[54.4713186,24.4462791],[54.4713695,24.4462877],[54.4714057,24.4463084],[54.471458,24.4463536],[54.4715492,24.4464061],[54.471615,24.4464317],[54.4717129,24.4464464],[54.4717893,24.4464366],[54.4718765,24.4464085],[54.4719368,24.4463841],[54.4719623,24.4463768],[54.4719811,24.446378],[54.4719938,24.4463878],[54.4720066,24.4464],[54.4720213,24.4464232],[54.4720468,24.4464745],[54.4720991,24.4465794],[54.4721286,24.4466344],[54.4721675,24.4466735],[54.4722332,24.4467076],[54.4723472,24.4467601],[54.4725443,24.4468627],[54.4726302,24.4468981],[54.4726878,24.4469066],[54.4727388,24.4469152],[54.4727764,24.4469323],[54.4727938,24.4469506],[54.4728152,24.4469836],[54.4728367,24.4471032],[54.4728568,24.4471642],[54.472889,24.4472033],[54.472948,24.4472436],[54.4730231,24.4472827],[54.4731022,24.4473193],[54.4732082,24.4473645],[54.4732819,24.4473913],[54.4733316,24.4473974],[54.4734114,24.447398],[54.4734342,24.4473962],[54.4734697,24.4474023],[54.4734932,24.4474182],[54.4735193,24.4474548],[54.4735381,24.4474951],[54.4735461,24.4475372],[54.4735549,24.447594],[54.4735629,24.4476422],[54.4735716,24.4476868],[54.4735844,24.4477087],[54.4736105,24.4477417],[54.4736521,24.4477991],[54.4737017,24.4478626],[54.4737701,24.4479493],[54.4738841,24.4480713],[54.4739418,24.4481434],[54.4739968,24.4482075],[54.4740464,24.4482813],[54.4740705,24.4483228],[54.4740839,24.4483576],[54.474088,24.4483875],[54.4740853,24.4484266],[54.4740725,24.4484797],[54.4740511,24.4485194],[54.4739907,24.4485847],[54.4739518,24.4486165],[54.4739009,24.4486488],[54.4734482,24.4488991],[54.4720575,24.4496072],[54.4719744,24.4496389],[54.4719435,24.4496682],[54.4716096,24.4494607],[54.4710973,24.4501578],[54.4710664,24.4501443],[54.4708358,24.450286],[54.4706171,24.4503969],[54.4704407,24.450494],[54.4702776,24.4505771],[54.4701653,24.4506411],[54.470057,24.4507014],[54.4699364,24.4507782],[54.4698259,24.4508976],[54.4698125,24.4510075],[54.4698232,24.4510661],[54.4698447,24.4511283],[54.4698916,24.4512077],[54.4699439,24.4512712],[54.4699949,24.4513151],[54.470062,24.4513542],[54.4701424,24.4514116],[54.4701974,24.4514274],[54.4702564,24.4514262],[54.4703208,24.4514067],[54.4703999,24.4513713],[54.4722506,24.4504483],[54.4738278,24.4495742],[54.4741979,24.4493703],[54.4743414,24.4493081],[54.4744273,24.4492775],[54.4744728,24.449269],[54.4745077,24.4492775],[54.4745439,24.4492995],[54.4745828,24.449352],[54.4746177,24.4494118],[54.4746606,24.4495034],[54.4747062,24.4495937],[54.4747505,24.4496658],[54.4747987,24.4497488],[54.4748443,24.4498318],[54.4748873,24.4499258],[54.4749328,24.4500296],[54.4749811,24.450115],[54.4750535,24.4502383],[54.4751233,24.4503629],[54.4751756,24.4504801],[54.4752346,24.4506058],[54.4753164,24.450767],[54.4753969,24.450889],[54.4754398,24.4509696],[54.4755068,24.4510807],[54.4755672,24.4512004],[54.4756182,24.4513041],[54.4756584,24.4514079],[54.4757013,24.451519],[54.4757791,24.4516728],[54.4758381,24.451801],[54.4758984,24.451917],[54.4759655,24.452022],[54.4760567,24.4521514],[54.4761117,24.4522442],[54.4761626,24.4523479],[54.476219,24.4524517],[54.4762686,24.4525323],[54.4763169,24.4526141],[54.4763517,24.45268],[54.4763906,24.4527654],[54.4764268,24.4528424],[54.476463,24.4529119],[54.4765221,24.4530133],[54.4765757,24.4531024],[54.47662,24.4531891],[54.4766508,24.4532599],[54.4766937,24.4533417],[54.4767219,24.4533881],[54.4767487,24.4534357],[54.4767889,24.4535004],[54.4768305,24.4535736],[54.4768739,24.4536838],[54.4769087,24.4537669],[54.4769463,24.4538474],[54.4769865,24.4539353],[54.477016,24.4540013],[54.4770509,24.4540696],[54.4770987,24.4541633],[54.4771591,24.4542915],[54.4772261,24.4544184],[54.4772851,24.4545344],[54.4773214,24.4545857],[54.4773857,24.4546552],[54.4774421,24.45472],[54.4774863,24.4547847],[54.4775386,24.4549299],[54.4776151,24.4550703],[54.4776633,24.455146],[54.4777009,24.4551985],[54.4777344,24.4552339],[54.4777814,24.4552937],[54.4778444,24.455395],[54.4779396,24.4555696],[54.4779691,24.4556563],[54.4779973,24.4557356],[54.4780509,24.455826],[54.47813,24.455942],[54.478160969555034,24.456],[54.48356490817248,24.456],[54.4835104,24.4559281],[54.483004,24.4553098],[54.4826837,24.4550199],[54.4822296,24.4546589],[54.4819821,24.4542853],[54.4820824,24.4539591],[54.4820288,24.4536133],[54.4813867,24.4525449],[54.4815417,24.4519633],[54.480678,24.44996],[54.4806835,24.4499063],[54.4806245,24.4497524],[54.4805199,24.4495302],[54.4804421,24.4493911],[54.4803751,24.4492006],[54.4803617,24.4490321],[54.4802275,24.4486244],[54.4801712,24.4485047],[54.4801203,24.4484461],[54.4801122,24.4484119],[54.4801337,24.4483851],[54.4801256,24.4483289],[54.4800049,24.4480115],[54.4797957,24.4474499],[54.4796267,24.4472155],[54.4794282,24.4470055],[54.4792298,24.4468712],[54.4791037,24.4467662],[54.4790661,24.4466612],[54.4790152,24.4465318],[54.4788891,24.4462925],[54.4787255,24.446085],[54.4785485,24.445792],[54.4783849,24.4455136],[54.4782239,24.445223],[54.4781059,24.4450497],[54.4779933,24.4449373],[54.4779289,24.4448836],[54.4779048,24.444847],[54.4779235,24.4447835],[54.4779611,24.4447567],[54.4780308,24.4447689],[54.478071,24.4447493],[54.4781086,24.4446468],[54.4781462,24.4445735],[54.478122,24.44451],[54.4781917,24.4444539],[54.4782695,24.4443928],[54.4782937,24.4443098],[54.4783151,24.4442341],[54.4783142,24.4441985],[54.47780412886271,24.44391],[54.4775338,24.4437571],[54.4774595,24.4437482],[54.477422,24.4437165],[54.4774005,24.4436627],[54.4773844,24.4436188],[54.4773683,24.4435675],[54.4773764,24.4435113],[54.477371,24.4434772],[54.4773254,24.443421],[54.4772449,24.4433648],[54.477202,24.4432696],[54.4771081,24.443189],[54.4770357,24.4431158],[54.4769874,24.4430498],[54.4769204,24.4429937],[54.4767004,24.4428814],[54.4750831,24.4428447],[54.4750482,24.4428252],[54.4750241,24.4427886],[54.4750321,24.4424369],[54.4750428,24.4424028],[54.4750643,24.4423881],[54.4751045,24.4423759],[54.4759088,24.4424118],[54.4759494,24.4424223],[54.4759919,24.4424557],[54.4761797,24.4426731],[54.4769848,24.4426933],[54.4769901,24.4426274],[54.4770008,24.4424956],[54.4769418,24.4423735],[54.4768587,24.4422196],[54.4767943,24.4420609],[54.4767269,24.4418819],[54.4765883,24.4413501],[54.4764935,24.4411323],[54.476451,24.4410304],[54.4763835,24.4409076],[54.4763594,24.4408002],[54.4763755,24.440661],[54.4764108,24.4404542],[54.4764,24.4403272],[54.4763889,24.4402019],[54.4763487,24.4400896],[54.4763303,24.4399927],[54.4763866,24.4398803],[54.4764349,24.4397729],[54.4764778,24.4396435],[54.4765127,24.439431],[54.4765556,24.4393334],[54.47662,24.4392454],[54.4766437,24.4391617],[54.4766249,24.439003],[54.4766253,24.4388718],[54.4766736,24.4387937],[54.4767407,24.4387229],[54.4767541,24.4386374],[54.4767993,24.4384535],[54.476805,24.4383835],[54.4768506,24.4383371],[54.4768936,24.4383029],[54.4769284,24.4382028],[54.4769522,24.4380189],[54.4769951,24.437887],[54.477038,24.4377527],[54.4770679,24.4376167],[54.4771453,24.4374328],[54.4772047,24.4372748],[54.4772422,24.4371845],[54.4772606,24.4370983],[54.477274,24.4370275],[54.4772557,24.4369183],[54.4772691,24.4368035],[54.4773469,24.4367254],[54.4774511,24.4365977],[54.4775158,24.4364495],[54.4776097,24.4363249],[54.4776794,24.4362004],[54.4777626,24.4361271],[54.4779101,24.4359708],[54.4780496,24.4359025],[54.4782239,24.4357266],[54.4783956,24.4355704],[54.4785082,24.4354263],[54.4789669,24.4348866],[54.4791064,24.434745],[54.4792512,24.4346693],[54.4795436,24.4344007],[54.4797018,24.4342102],[54.4798038,24.4341027],[54.4798409,24.4339604],[54.4798409,24.4338285],[54.4798896,24.4336852],[54.4800506,24.4335065],[54.4800899,24.4334812],[54.480198,24.4334116],[54.480359,24.4333433],[54.4806218,24.4333359],[54.4813031,24.4333066],[54.4813836,24.4331821],[54.481456,24.4331088],[54.4815713,24.4330722],[54.4817457,24.433038],[54.4819039,24.4330283],[54.4820354,24.4329867],[54.4822526,24.4329941],[54.4825021,24.432977],[54.4826549,24.4329599],[54.4827944,24.4328964],[54.4829656,24.4328697],[54.4830573,24.4328817],[54.4832209,24.4329013],[54.4834167,24.4328891],[54.4840095,24.4328378],[54.4842535,24.4327816],[54.4846183,24.4326131],[54.4849241,24.432574],[54.4850904,24.4325618],[54.4851655,24.4325667],[54.4852191,24.4325936],[54.4861358,24.4325192],[54.486182,24.4325154],[54.4865549,24.4326766],[54.4883493,24.4325643],[54.4886604,24.4323665],[54.4888187,24.4323445],[54.4888508,24.4323714],[54.4889125,24.432364],[54.488942,24.4323323],[54.4889662,24.4323616],[54.4890279,24.4323567],[54.489052,24.432325],[54.4890735,24.4323567],[54.4891352,24.4323543],[54.4891673,24.4323176],[54.4891915,24.4323469],[54.4892559,24.432342],[54.48928,24.4323152],[54.4893015,24.4323396],[54.4893471,24.4323372],[54.4893739,24.4323103],[54.4895719,24.4322966],[54.4907499,24.4322151],[54.4913721,24.4324935],[54.4914043,24.4324666],[54.4914955,24.4324764],[54.4916162,24.4325105],[54.4921366,24.4324739],[54.4922975,24.4324544],[54.4925143,24.432312],[54.4925308,24.4321931],[54.4925224,24.4321264],[54.4925577,24.432071],[54.4925845,24.4320539],[54.4926381,24.4320563],[54.4926676,24.4320759],[54.4936037,24.4320026],[54.4936413,24.4320197],[54.4936654,24.4320685],[54.4937298,24.4321491],[54.4937888,24.4322273],[54.4938451,24.432259],[54.4939149,24.4322566],[54.4940141,24.4322395],[54.4941214,24.4322541],[54.4941992,24.432303],[54.4942609,24.4322712],[54.4943521,24.4322541],[54.4944084,24.4322712],[54.4944754,24.4322688],[54.4945076,24.4322346],[54.4945425,24.4322126],[54.4945666,24.4322322],[54.494564,24.432259],[54.4945881,24.4322956],[54.4946873,24.4323665],[54.4947893,24.4324153],[54.49491,24.4324324],[54.4951111,24.4324397],[54.4952774,24.4324104],[54.4953793,24.4324251],[54.4954035,24.4323103],[54.4955081,24.4321809],[54.4955671,24.4320734],[54.4955698,24.4320246],[54.4962967,24.4319831],[54.4963664,24.4320026],[54.4963852,24.4320319],[54.4963879,24.4320734],[54.4963959,24.4321394],[54.4964281,24.4321711],[54.4965005,24.4321735],[54.496522,24.4322151],[54.4965488,24.4322199],[54.4965917,24.4322297],[54.496648,24.4322322],[54.4967821,24.4321882],[54.4968653,24.4320856],[54.4969588,24.4319042],[54.4970155,24.4316021],[54.4970128,24.4312309],[54.4970101,24.4310087],[54.4969722,24.4308297],[54.4969297,24.4307816],[54.4968707,24.4307572],[54.4968998,24.430732],[54.4969212,24.4306734],[54.4968599,24.4306473],[54.496868,24.430491],[54.4968841,24.430425],[54.4968595,24.4302827],[54.4968247,24.4302167],[54.4967795,24.4301468],[54.4966208,24.4301606],[54.4966208,24.4301093],[54.4964898,24.4301126],[54.4954514,24.4301728],[54.4954437,24.4300637],[54.4964764,24.4300027],[54.496463,24.4298757],[54.4966346,24.4298684],[54.4966637,24.4296453],[54.4966132,24.4295216],[54.4966239,24.4294239],[54.496661,24.4293571],[54.4966802,24.4292774],[54.496648,24.4291846],[54.4966936,24.4291162],[54.4967365,24.4291431],[54.4968063,24.4291504],[54.4968733,24.4291309],[54.4969162,24.4290649],[54.4969243,24.4289673],[54.4969779,24.4289526],[54.4970343,24.4289599],[54.4970956,24.4289053],[54.4971147,24.4288354],[54.4971814,24.4288199],[54.4972163,24.4287222],[54.4972323,24.4285732],[54.4971469,24.4285594],[54.4971572,24.4284462],[54.4971228,24.4284373],[54.497104,24.428154],[54.4969346,24.4281703],[54.4968948,24.4276607],[54.4970875,24.4276452],[54.4970772,24.4274361],[54.4971868,24.4274083],[54.4972002,24.4273668],[54.4971845,24.4273091],[54.4971572,24.4273326],[54.4971147,24.4272407],[54.4970768,24.4272447],[54.4970419,24.4271104],[54.497007,24.4268857],[54.4969753,24.4268182],[54.4970128,24.4268011],[54.4970504,24.426762],[54.4970553,24.4266635],[54.49705,24.4264657],[54.4970714,24.4262679],[54.4970423,24.4262101],[54.4970262,24.4261368],[54.4970906,24.4260563],[54.4972837,24.4259537],[54.4974393,24.4259048],[54.4975251,24.4259122],[54.4976431,24.4259024],[54.4978094,24.4258438],[54.4978818,24.4258169],[54.4979489,24.4258511],[54.4979865,24.425878],[54.4981259,24.4258487],[54.4982734,24.4258316],[54.4984719,24.4257852],[54.498598,24.4257608],[54.4986436,24.4257412],[54.4987032,24.4257175],[54.4988582,24.4257779],[54.4989172,24.4257949],[54.4990084,24.4257901],[54.4990513,24.4258072],[54.4990593,24.425834],[54.4991157,24.4258633],[54.4992122,24.4258731],[54.4992176,24.4258975],[54.4993919,24.4258878],[54.4995019,24.4258658],[54.4996146,24.4258145],[54.5000008,24.4257827],[54.5003575,24.425751],[54.5005399,24.4257485],[54.5007384,24.425773],[54.5008591,24.4257803],[54.5012212,24.4257754],[54.5013473,24.4257803],[54.5014623,24.425827],[54.5016262,24.4258658],[54.5018166,24.4258878],[54.5019615,24.4258853],[54.5020874,24.4258638],[54.5022458,24.4258878],[54.5023906,24.4258878],[54.5024255,24.4259219],[54.5024765,24.4258878],[54.5025006,24.4259024],[54.5025838,24.4259317],[54.5028358,24.4259428],[54.5029351,24.4259464],[54.5030666,24.425939],[54.5031792,24.4259293],[54.5032945,24.4259219],[54.5034072,24.4258951],[54.5035306,24.4258853],[54.5036084,24.4258438],[54.5036754,24.4258291],[54.5036996,24.4257998],[54.5037317,24.425773],[54.503785,24.4257623],[54.5040348,24.4257461],[54.5040777,24.4257437],[54.5041099,24.4257559],[54.5041394,24.4257754],[54.5041484,24.4258002],[54.5042573,24.4258163],[54.5043389,24.4258483],[54.5044908,24.4259073],[54.5045605,24.4259586],[54.5046035,24.4259976],[54.5045927,24.4260172],[54.5045498,24.4260196],[54.5045069,24.4260245],[54.5044908,24.4260831],[54.5045391,24.4261613],[54.5046464,24.4261955],[54.5047452,24.4261726],[54.5047291,24.4261213],[54.5047268,24.4260782],[54.5047559,24.4260432],[54.5047832,24.4259976],[54.5047537,24.4259976],[54.5047617,24.425961],[54.5048449,24.4259561],[54.5048449,24.4259903],[54.504818,24.4259928],[54.5048261,24.4260318],[54.5048878,24.426066],[54.5049521,24.4261198],[54.5049817,24.4261832],[54.5050433,24.426171],[54.5051104,24.4261417],[54.5051989,24.4261442],[54.5052901,24.4261613],[54.5053518,24.426215],[54.5053598,24.4262907],[54.5054081,24.4263347],[54.5054779,24.4263786],[54.5055288,24.426447],[54.5056173,24.4264812],[54.505738,24.4264763],[54.5058051,24.4264836],[54.5058426,24.4265593],[54.5058561,24.4267059],[54.5059151,24.4267913],[54.5059097,24.4260611],[54.5058744,24.4260017],[54.5058453,24.4259439],[54.5058507,24.4258951],[54.5059312,24.4258731],[54.5060572,24.4258804],[54.5062262,24.4258584],[54.5062396,24.4258926],[54.5062289,24.4259122],[54.5061779,24.4259171],[54.5061404,24.4259512],[54.5060948,24.4260025],[54.5061484,24.4267205],[54.5062503,24.4267401],[54.5063358,24.4267636],[54.5063415,24.426635],[54.5063362,24.4264226],[54.5063093,24.4262492],[54.5062745,24.4261368],[54.5063147,24.4260807],[54.5063411,24.4260139],[54.5062825,24.4258951],[54.5062691,24.4258194],[54.5062879,24.4257754],[54.5063523,24.4257534],[54.5064113,24.4257608],[54.5064515,24.4258169],[54.50654,24.4257925],[54.5065856,24.4257363],[54.5066741,24.4256875],[54.5068136,24.425668],[54.5069182,24.4256851],[54.5069933,24.4257266],[54.5070711,24.4257021],[54.5071328,24.4256851],[54.5071623,24.4257461],[54.5071006,24.4257437],[54.5070255,24.4257632],[54.5069826,24.4257925],[54.5069182,24.4257974],[54.5068588,24.425777],[54.5067626,24.4257534],[54.5066983,24.4257754],[54.5066764,24.4258112],[54.5066017,24.4258023],[54.5065159,24.4258145],[54.5064569,24.4258462],[54.5064247,24.4259],[54.5064488,24.4260123],[54.5064837,24.4261051],[54.5064783,24.4262003],[54.5064756,24.4263762],[54.5064917,24.4265715],[54.5064971,24.426679],[54.5064917,24.4267669],[54.50654,24.4268011],[54.5066071,24.4267962],[54.5066446,24.4267596],[54.5066983,24.4266619],[54.5067251,24.4266741],[54.5067573,24.4267156],[54.5067734,24.4267767],[54.50676,24.4268768],[54.5068163,24.42685],[54.5068507,24.4268051],[54.5068454,24.4267416],[54.5068619,24.4266302],[54.5069102,24.4266448],[54.5069048,24.4267205],[54.5068914,24.4268011],[54.506958,24.4267954],[54.5069741,24.4266952],[54.5069795,24.4266049],[54.5069826,24.4264739],[54.5070765,24.4264983],[54.5070734,24.4263729],[54.5070738,24.4262712],[54.5070926,24.4261784],[54.5071194,24.4261417],[54.5072293,24.4261173],[54.5073098,24.4261075],[54.5073661,24.4260978],[54.5074332,24.4261149],[54.5074895,24.4260831],[54.5075133,24.4259895],[54.5075163,24.4257925],[54.5075646,24.4257119],[54.5076263,24.4256557],[54.5077202,24.4256191],[54.5077685,24.4256264],[54.5078194,24.4256631],[54.5078302,24.4257241],[54.507806,24.4257705],[54.5077309,24.4258023],[54.5076934,24.425856],[54.5077041,24.4259342],[54.5077256,24.4260367],[54.5077765,24.4260514],[54.5078704,24.426066],[54.507932,24.426061669440458],[54.5079401,24.4260611],[54.5080072,24.4260758],[54.5080313,24.4260978],[54.5080206,24.4261271],[54.5079857,24.4261466],[54.5080819,24.4261531],[54.5080877,24.4261027],[54.5081628,24.4261124],[54.508329,24.4261051],[54.5085168,24.4261368],[54.5086643,24.4261906],[54.5088843,24.4262223],[54.5089755,24.4261784],[54.5090452,24.4261539],[54.5091552,24.4261539],[54.5092732,24.4261832],[54.5093777,24.4262297],[54.5094313,24.4262712],[54.5096027,24.4262874],[54.5096781,24.4262467],[54.5097103,24.4262126],[54.5097934,24.4261515],[54.5098495,24.4260676],[54.5098819,24.4259732],[54.5099299,24.4258869],[54.5100214,24.4258511],[54.5101043,24.4258039],[54.5101394,24.4257266],[54.5101448,24.4256484],[54.5100989,24.4255719],[54.5100053,24.4255361],[54.5098926,24.4255385],[54.5098414,24.4255377],[54.509831,24.425519],[54.5098578,24.4255019],[54.509957,24.4254921],[54.5100777,24.4254921],[54.5101635,24.4254872],[54.5102572,24.4254717],[54.5103057,24.4254994],[54.5103701,24.4255068],[54.5104693,24.4255117],[54.5105739,24.4254897],[54.510689,24.4254986],[54.5107724,24.4255336],[54.510818,24.4255996],[54.5108287,24.425668],[54.5108043,24.4256989],[54.5107292,24.4256818],[54.5107402,24.4256411],[54.5107188,24.4255971],[54.5106675,24.4256012],[54.5105817,24.4255719],[54.5105337,24.4255727],[54.5104881,24.4255752],[54.510472,24.4256411],[54.5104344,24.4256973],[54.5103781,24.4257754],[54.5103593,24.4258487],[54.510531,24.4259293],[54.5106222,24.4260025],[54.5103913,24.4263631],[54.5105468,24.4265414],[54.5108904,24.4264201],[54.5113035,24.4261784],[54.5113649,24.4260627],[54.5113732,24.4259903],[54.511282,24.4259439],[54.5112042,24.4258902],[54.5112177,24.4258047],[54.5111318,24.4257656],[54.5110943,24.4257974],[54.5110377,24.425821],[54.5109009,24.4257575],[54.5109358,24.425672],[54.5109307,24.4255996],[54.5109816,24.4255947],[54.5110216,24.4255645],[54.5110031,24.4254848],[54.511105,24.4254506],[54.5112418,24.4254433],[54.5114,24.4254628],[54.51151,24.4254872],[54.5115634,24.4255108],[54.5116468,24.4255459],[54.5117434,24.4255556],[54.5117836,24.4255825],[54.5117806,24.425606],[54.5117541,24.4255825],[54.5116575,24.4256997],[54.5117836,24.4258145],[54.5117648,24.4258511],[54.5118638,24.4258429],[54.5119174,24.4258845],[54.5119016,24.4256948],[54.5118212,24.425646],[54.5118262,24.4256158],[54.511797,24.4255507],[54.5118343,24.4255206],[54.5118346,24.4254408],[54.5118828,24.4253505],[54.5119577,24.4253325],[54.5119204,24.4252601],[54.5119472,24.4252455],[54.5119848,24.4253261],[54.5120357,24.4253212],[54.5120572,24.4252992],[54.512084,24.4253016],[54.5122691,24.4252943],[54.5122986,24.4252943],[54.5122986,24.4253334],[54.5123442,24.4253847],[54.5124378,24.4253985],[54.5124863,24.4253554],[54.5125346,24.4253187],[54.5126526,24.4253407],[54.5127492,24.4253749],[54.5128163,24.4254018],[54.5128565,24.425436],[54.5128404,24.4254897],[54.5128109,24.4255141],[54.5128189,24.4255483],[54.5128618,24.4255752],[54.5129048,24.425602],[54.5129045,24.4256402],[54.5128511,24.4256948],[54.5129665,24.4258047],[54.513114,24.425961],[54.5132749,24.4261442],[54.5134653,24.4263249],[54.5137041,24.42653],[54.5139079,24.4267254],[54.5141493,24.4270331],[54.5144712,24.4273677],[54.5148011,24.4275484],[54.5153295,24.4277438],[54.5156808,24.4278073],[54.5158606,24.4277999],[54.5159866,24.4278317],[54.5160993,24.4279489],[54.5163836,24.4283323],[54.5164185,24.4283982],[54.5164909,24.4284886],[54.5165526,24.4285399],[54.5166008,24.4286132],[54.5168557,24.4288916],[54.5170139,24.4291138],[54.5174726,24.4297316],[54.5175718,24.4298586],[54.5175718,24.4299075],[54.517655,24.4300344],[54.5177032,24.4300247],[54.5177676,24.430115],[54.5177622,24.4301443],[54.5177998,24.4301907],[54.517891,24.4302689],[54.5180492,24.4304397],[54.5181726,24.4305105],[54.5185052,24.430618],[54.518591,24.4306229],[54.5191838,24.4307987],[54.5192536,24.4307938],[54.5202969,24.4310942],[54.5203372,24.4310551],[54.5205061,24.4311088],[54.5205249,24.431143],[54.5205812,24.431165],[54.520659,24.4311748],[54.5208012,24.4311845],[54.5210104,24.4312383],[54.5211982,24.4312431],[54.5213645,24.4311723],[54.5214849,24.4310788],[54.5216246,24.4310209],[54.5217748,24.4310331],[54.5220591,24.4311113],[54.5224347,24.431226],[54.52266,24.431292],[54.5227646,24.4313579],[54.5227833,24.4314287],[54.5228075,24.4315044],[54.5228316,24.431585],[54.5228743,24.4316575],[54.5230355,24.4317462],[54.5232366,24.4318268],[54.5236819,24.4320197],[54.5241432,24.4321638],[54.5244007,24.4322493],[54.5245241,24.4322737],[54.5246072,24.4322541],[54.5247118,24.4322541],[54.5247521,24.4322908],[54.5248406,24.4323372],[54.5250847,24.4324104],[54.5253288,24.4324886],[54.5256799,24.432566],[54.5259859,24.4326937],[54.5265813,24.4328793],[54.5270936,24.4329892],[54.5275791,24.4331455],[54.527732,24.4332187],[54.5279198,24.4332505],[54.5282175,24.4333237],[54.5288264,24.4335167],[54.5295291,24.4337022],[54.5301138,24.4338341],[54.5304867,24.4339264],[54.5310929,24.4341004],[54.5313209,24.4341492],[54.5313826,24.4341077],[54.531455,24.4341126],[54.5315086,24.4341614],[54.5315489,24.434181],[54.5318278,24.4342664],[54.5321953,24.4344008],[54.5325064,24.434496],[54.5327961,24.4345424],[54.5329409,24.4345912],[54.5331502,24.4346791],[54.5334211,24.4347744],[54.5338601,24.4349224],[54.5342491,24.43502],[54.5347319,24.4351592],[54.5351798,24.4353131],[54.5354802,24.4354059],[54.5358155,24.4354401],[54.536199,24.4355548],[54.536883,24.4357404],[54.537296,24.4358918],[54.5375991,24.4360481],[54.5378915,24.4362532],[54.5384199,24.4366317],[54.5387659,24.4368271],[54.5389456,24.4370151],[54.5391736,24.4373765],[54.5395732,24.4380749],[54.5397047,24.4382751],[54.5397905,24.4384583],[54.5397986,24.4385486],[54.5397503,24.4386756],[54.5397851,24.4388368],[54.5399595,24.4390736],[54.5401016,24.4392739],[54.5401311,24.4392324],[54.5403994,24.439562],[54.5406649,24.4401017],[54.5407534,24.4402702],[54.5407682,24.4403129],[54.5408151,24.4404484],[54.5408366,24.4405925],[54.5408285,24.4407659],[54.5405524,24.4417413],[54.5403699,24.4423653],[54.5404798,24.4418476],[54.5404745,24.4417133],[54.5403886,24.4418012],[54.5401446,24.4421455],[54.5399568,24.4425728],[54.5398924,24.4427389],[54.5398388,24.4429171],[54.5398871,24.4430148],[54.5399273,24.4431247],[54.5398361,24.4432077],[54.5397798,24.4433249],[54.5397422,24.4434128],[54.5396001,24.4435227],[54.5393748,24.4436692],[54.5391843,24.443784],[54.5390207,24.4438523],[54.5388383,24.4439109],[54.5387257,24.4439305],[54.538672,24.4438865],[54.5385701,24.4437717],[54.5384548,24.4436423],[54.538318,24.4434861],[54.5382482,24.4433518],[54.5382563,24.4431833],[54.5383367,24.4430416],[54.5383072,24.4431564],[54.5383099,24.4432492],[54.5384226,24.4434641],[54.5384199,24.4433469],[54.5383743,24.4432101],[54.5384011,24.4430734],[54.538377,24.4429611],[54.5384011,24.4428756],[54.5384682,24.4428121],[54.5385513,24.4428023],[54.5387069,24.4424727],[54.5387659,24.4422261],[54.5388759,24.4419965],[54.5388651,24.44185],[54.5386076,24.440761],[54.5385647,24.4406706],[54.5384682,24.4406462],[54.538385,24.4406657],[54.5382804,24.4407073],[54.5381812,24.4407536],[54.538039,24.4408074],[54.5379183,24.440844],[54.5378915,24.4408806],[54.5377252,24.440905],[54.5375965,24.4409661],[54.5374811,24.441054],[54.5373685,24.4411492],[54.5371941,24.4412567],[54.5370278,24.441325],[54.5369447,24.4415399],[54.5369822,24.4415668],[54.5370305,24.4415839],[54.5370681,24.4415936],[54.5370547,24.4416181],[54.5368267,24.4416522],[54.5365558,24.4417328],[54.5364512,24.4417182],[54.5363331,24.4416962],[54.53625,24.4417865],[54.5362366,24.4418696],[54.5363224,24.4419648],[54.5362366,24.4420429],[54.5361293,24.4421577],[54.5360596,24.4422139],[54.5360327,24.4422871],[54.5359201,24.4424141],[54.535845,24.4424214],[54.5358021,24.4424556],[54.5357484,24.4425484],[54.5357082,24.4426534],[54.5357404,24.4427511],[54.5361668,24.4430905],[54.5362634,24.4431125],[54.5363197,24.4431149],[54.5363787,24.4431442],[54.5364163,24.4431882],[54.5364377,24.4432321],[54.5364216,24.4432736],[54.5363787,24.4432712],[54.5363412,24.4432126],[54.5362875,24.4432004],[54.5362419,24.4432272],[54.5362285,24.4432883],[54.5362983,24.4433322],[54.5362849,24.4433688],[54.5362258,24.4433811],[54.5361481,24.443364],[54.5360864,24.4433005],[54.5359952,24.4431808],[54.5357618,24.4430465],[54.5354265,24.4429293],[54.535271,24.4429318],[54.5351369,24.4429733],[54.5348204,24.4431564],[54.5346782,24.4432932],[54.5343993,24.4435349],[54.5341659,24.4437351],[54.5338682,24.4440037],[54.5336831,24.4441844],[54.533549,24.4442748],[54.5333452,24.4444603],[54.5331413,24.4447118],[54.5330045,24.4449072],[54.5326424,24.4451587],[54.532519,24.4452515],[54.5324547,24.4453711],[54.5323903,24.4454273],[54.5323957,24.4455127],[54.5324386,24.4456592],[54.5325324,24.4459327],[54.5326344,24.4461867],[54.5327095,24.446321],[54.5328597,24.446548],[54.5329348,24.4467263],[54.5329965,24.4468948],[54.5331198,24.447178],[54.5332191,24.4473953],[54.5333827,24.4476761],[54.5337394,24.4482109],[54.5338226,24.4483647],[54.5339057,24.4485258],[54.5339755,24.4487041],[54.5340479,24.4488896],[54.534174,24.449063],[54.5342786,24.4490728],[54.5344985,24.4488433],[54.5347426,24.4485234],[54.5348016,24.448394],[54.5348391,24.4483256],[54.5349169,24.4482865],[54.5349813,24.4482768],[54.5350189,24.4482963],[54.5350376,24.4483525],[54.5350028,24.4484135],[54.5345173,24.4490068],[54.5344288,24.44919],[54.5343966,24.4492999],[54.5344449,24.4494048],[54.5344019,24.4494488],[54.5344717,24.4495758],[54.5346058,24.4496856],[54.5347694,24.4498126],[54.5350296,24.4503351],[54.5351074,24.4504694],[54.53533,24.4507526],[54.5354158,24.4508528],[54.5353836,24.4509309],[54.5354614,24.4510456],[54.5355687,24.4511946],[54.535684,24.4512483],[54.5357833,24.4512971],[54.5358584,24.4513167],[54.5358986,24.451346],[54.5358825,24.4513777],[54.5355741,24.4516072],[54.5355017,24.4516316],[54.5353193,24.4514974],[54.5352978,24.4513948],[54.535338,24.4512923],[54.5352227,24.4510774],[54.5351315,24.4510163],[54.5349625,24.4509407],[54.5348204,24.4508845],[54.5348096,24.4507453],[54.5347775,24.450633],[54.5346031,24.4505475],[54.5345414,24.4502375],[54.5344878,24.4501935],[54.5343671,24.4501349],[54.5343832,24.4499664],[54.534174,24.4496856],[54.534072,24.4494512],[54.5339272,24.4493609],[54.5339245,24.44919],[54.5338172,24.4490606],[54.5335866,24.4487627],[54.533203,24.4480009],[54.5330152,24.4477713],[54.5325566,24.4470828],[54.5324225,24.4468874],[54.5322937,24.4465847],[54.5321462,24.4462721],[54.5319826,24.4460743],[54.5318512,24.4459376],[54.5317171,24.4459132],[54.5316151,24.4459742],[54.5314676,24.4461207],[54.5312799,24.4463283],[54.5311001,24.446443],[54.5309499,24.4464992],[54.5308105,24.446592],[54.5306442,24.4467483],[54.5304537,24.4469119],[54.5303679,24.4469607],[54.5302526,24.4468923],[54.5301453,24.4468728],[54.5301158,24.4469509],[54.5299414,24.4470071],[54.5296839,24.4469753],[54.5294828,24.4470022],[54.5293782,24.4470535],[54.5291475,24.4472024],[54.5290912,24.4472659],[54.5289812,24.4472879],[54.5287908,24.4473196],[54.5286996,24.4474026],[54.5285789,24.447515],[54.5285011,24.4475345],[54.5284367,24.4475955],[54.528316,24.4476541],[54.5282999,24.4477347],[54.5281899,24.4478104],[54.5281497,24.4478788],[54.528021,24.4479301],[54.5280076,24.4480082],[54.5279271,24.4481059],[54.5278064,24.4482304],[54.527903,24.4483085],[54.5279539,24.4484257],[54.5279807,24.4484941],[54.5280076,24.44856],[54.5279861,24.4486211],[54.5278332,24.4486186],[54.5277769,24.4486748],[54.5276589,24.448643],[54.5275838,24.4487554],[54.5276025,24.448897],[54.5275462,24.4489482],[54.5274523,24.4490337],[54.5274577,24.4491289],[54.5274899,24.4492388],[54.5275355,24.449334],[54.5275543,24.4493975],[54.5275167,24.4494537],[54.5273853,24.4494464],[54.5273021,24.4494415],[54.5271493,24.4492974],[54.5270312,24.4492925],[54.5269615,24.4494488],[54.5268193,24.4495025],[54.526594,24.4494244],[54.527219,24.4499884],[54.5272646,24.4499762],[54.5273102,24.4499762],[54.5273316,24.4500275],[54.5272941,24.4500787],[54.5271627,24.4502252],[54.5269776,24.4504059],[54.5268596,24.450528],[54.526873,24.4505866],[54.5266772,24.4508381],[54.5265136,24.4509236],[54.5264143,24.4509773],[54.5263848,24.4510847],[54.5262507,24.4512117],[54.5261702,24.4512703],[54.5261059,24.4513924],[54.5260281,24.4514632],[54.525902,24.4515657],[54.5257786,24.4516243],[54.5257384,24.4516878],[54.5257223,24.451783],[54.5257116,24.4518783],[54.5257545,24.4519881],[54.5258081,24.4520418],[54.5258618,24.4521053],[54.5259369,24.4521835],[54.5260844,24.4523348],[54.52613,24.452391],[54.5261354,24.4524252],[54.525615,24.4529013],[54.5255721,24.4529135],[54.5255212,24.4528964],[54.525446,24.452811],[54.5253254,24.4527304],[54.5252181,24.4526547],[54.525041,24.4525473],[54.5249525,24.4524447],[54.5248882,24.4523177],[54.5248774,24.4522079],[54.5241505,24.4515633],[54.5239287,24.4514031],[54.5238804,24.4513933],[54.5238716,24.4514436],[54.5238429,24.4513982],[54.5237973,24.4514104],[54.5237732,24.4513909],[54.5237509,24.4514705],[54.5236686,24.4515081],[54.5236122,24.4514739],[54.5236203,24.4514104],[54.5235961,24.4513445],[54.5235586,24.4512957],[54.5234942,24.4512664],[54.5234263,24.451302],[54.5235103,24.4513787],[54.5235524,24.4514827],[54.5234835,24.4514568],[54.5234057,24.4513909],[54.5232287,24.4514031],[54.523175,24.4514348],[54.5231294,24.4514617],[54.5230919,24.4514202],[54.5230677,24.4515179],[54.5230141,24.4515276],[54.5229309,24.451513],[54.5228237,24.4515301],[54.522762,24.4516326],[54.5227056,24.4517156],[54.522652,24.4516985],[54.5226359,24.4516131],[54.5226439,24.4515447],[54.5226225,24.4514983],[54.5225554,24.4515789],[54.5224562,24.4515862],[54.5224401,24.4514519],[54.5224428,24.4513372],[54.5224052,24.4512346],[54.5222336,24.4512297],[54.522273,24.4513435],[54.5221558,24.4513201],[54.5220834,24.4512957],[54.5220217,24.4513714],[54.5219922,24.451303],[54.52196,24.45122],[54.5218607,24.4512224],[54.5217856,24.4512395],[54.5217669,24.4511785],[54.5217052,24.4512224],[54.5216328,24.451242],[54.5216086,24.4511711],[54.5215201,24.4511296],[54.5214504,24.4511394],[54.5214952,24.4512214],[54.5215952,24.4513372],[54.5215952,24.4513933],[54.5214691,24.4513299],[54.5213592,24.4512566],[54.5212036,24.4512029],[54.5211285,24.4512078],[54.5210668,24.4512468],[54.5210212,24.4513054],[54.5210311,24.4514046],[54.5209112,24.4513567],[54.5206672,24.4513079],[54.5206028,24.4513469],[54.5205457,24.4514974],[54.520551,24.4516976],[54.5204947,24.452225],[54.5204392,24.4530634],[54.520407,24.4539497],[54.5203874,24.4545567],[54.520297,24.4545601],[54.5202434,24.4536958],[54.5202165,24.4534638],[54.5202353,24.4532001],[54.5202916,24.4530585],[54.5202621,24.4530488],[54.5202621,24.4530048],[54.5203051,24.4530024],[54.5203024,24.4528974],[54.5202621,24.4528974],[54.5202568,24.4528461],[54.5203024,24.4528193],[54.5203265,24.4526508],[54.5203212,24.4525727],[54.5203265,24.4525141],[54.5203319,24.4520355],[54.5203507,24.4515838],[54.5203828,24.4512346],[54.5202997,24.4511809],[54.5202353,24.451259],[54.5201522,24.4511589],[54.5200476,24.4512468],[54.5199644,24.4511541],[54.5199027,24.4511394],[54.519833,24.4511834],[54.519774,24.4511565],[54.5197123,24.4511736],[54.5196613,24.4511956],[54.5195782,24.4512639],[54.5196069,24.4514021],[54.5197069,24.4518206],[54.5197785,24.4520052],[54.5197517,24.4522616],[54.5200012,24.4533139],[54.5198732,24.4533442],[54.519833,24.4534321],[54.5199188,24.4534297],[54.5198947,24.4535151],[54.5198429,24.4536875],[54.5197445,24.453647],[54.5198035,24.4534809],[54.5198544,24.4533149],[54.5197981,24.4529926],[54.5196721,24.4524481],[54.5196104,24.4523529],[54.519597,24.4522674],[54.5195809,24.452099],[54.5195353,24.4519696],[54.5195433,24.4518499],[54.5194924,24.4517278],[54.519428,24.4515862],[54.519251,24.4514886],[54.5191195,24.4514739],[54.5192099,24.4515853],[54.5191142,24.4515691],[54.5191509,24.4516756],[54.519218,24.4518245],[54.5191061,24.4518011],[54.5190391,24.4519036],[54.5190678,24.4519906],[54.5189479,24.4519989],[54.5190203,24.4520941],[54.5189291,24.4520868],[54.5188406,24.45216],[54.5188693,24.4522079],[54.5187869,24.4521942],[54.5187333,24.4522601],[54.5186475,24.4522601],[54.5186788,24.4523275],[54.5186019,24.4523187],[54.5186654,24.4524008],[54.5185777,24.4523822],[54.5185536,24.4524213],[54.5184973,24.4524555],[54.518339,24.4524408],[54.5184133,24.4525131],[54.5183175,24.4524848],[54.5183757,24.4526474],[54.5184624,24.4528241],[54.5185018,24.4529306],[54.5185589,24.4531269],[54.5185715,24.4532749],[54.5186635,24.4533833],[54.518677,24.4535493],[54.5187682,24.4537788],[54.5188612,24.4539341],[54.5189076,24.4541231],[54.5189256,24.4542613],[54.5188674,24.4543428],[54.5187949,24.4544136],[54.5186935,24.4542018],[54.5184811,24.4539912],[54.5185643,24.4539839],[54.5186045,24.4539693],[54.5186206,24.4538936],[54.5185589,24.4538081],[54.518457,24.4536763],[54.5183363,24.4534931],[54.5182478,24.4533198],[54.5181593,24.4531513],[54.5181217,24.4529853],[54.5180547,24.4528363],[54.5179876,24.4526947],[54.5179233,24.4525775],[54.5177918,24.4526215],[54.5177328,24.45279],[54.5177704,24.4532246],[54.5176926,24.4531928],[54.5176014,24.4532124],[54.5174861,24.4532465],[54.5174485,24.4533027],[54.5173707,24.4532563],[54.5173278,24.4531977],[54.5172554,24.4532172],[54.5172205,24.4531635],[54.5171105,24.4531757],[54.5170489,24.4532417],[54.517014,24.4531953],[54.5169228,24.4532026],[54.5168584,24.4532343],[54.5168075,24.4532001],[54.5167664,24.4533042],[54.5166975,24.453354],[54.5166519,24.453271],[54.5165956,24.4532734],[54.5165446,24.4533149],[54.5164856,24.4532612],[54.516389,24.4532368],[54.5162791,24.4532124],[54.5162549,24.4532636],[54.5161986,24.4533393],[54.5161262,24.4533198],[54.5161101,24.4533882],[54.5160243,24.4533759],[54.5159706,24.4534101],[54.5158848,24.45331],[54.5158392,24.4532417],[54.5157346,24.4532124],[54.5156434,24.4531611],[54.5155683,24.4531025],[54.5154932,24.4530976],[54.5154288,24.4531611],[54.515351,24.4531977],[54.5153878,24.4532578],[54.5152652,24.4532636],[54.5151472,24.453227],[54.5149594,24.4531611],[54.5148977,24.4532075],[54.5147958,24.4531586],[54.5147314,24.453166],[54.514651,24.4531],[54.5145571,24.4530732],[54.5144766,24.4531171],[54.5143532,24.453061],[54.5142138,24.4530537],[54.5141467,24.4530244],[54.5141092,24.4530659],[54.5140609,24.4530439],[54.5139965,24.4530781],[54.513908,24.4530707],[54.5138704,24.4530366],[54.5138248,24.4530585],[54.513739,24.4530268],[54.5137497,24.453122],[54.5136666,24.4531269],[54.5136129,24.4531171],[54.5136229,24.4531894],[54.5135727,24.453205],[54.513503,24.4531879],[54.5134467,24.4531635],[54.5133555,24.4532563],[54.5132616,24.4532124],[54.5131355,24.4531708],[54.5132938,24.4533003],[54.5132321,24.4533076],[54.513106,24.4532929],[54.5129773,24.4532636],[54.5130247,24.4533457],[54.5130068,24.4534004],[54.5129317,24.4533735],[54.5129129,24.4534101],[54.5128512,24.4534199],[54.5128297,24.4534736],[54.5127412,24.4534712],[54.5126339,24.4534541],[54.5126178,24.4535102],[54.5124864,24.4535053],[54.5124086,24.4534809],[54.512355,24.4535566],[54.5122531,24.4535298],[54.5121833,24.4535664],[54.5120814,24.4535688],[54.5119983,24.4536128],[54.5119017,24.4535981],[54.511781,24.4536079],[54.5116442,24.4535908],[54.5116013,24.4536323],[54.5115369,24.4536323],[54.5113894,24.4536225],[54.5113304,24.453647],[54.5112231,24.4536079],[54.511148,24.4536055],[54.5110032,24.4535737],[54.5109146,24.4535395],[54.5108315,24.4535224],[54.5107591,24.4535249],[54.5107296,24.4535029],[54.5106411,24.4535469],[54.5105847,24.4535835],[54.5105284,24.4535371],[54.5105357,24.4536558],[54.5104855,24.4536714],[54.5104131,24.4536714],[54.5103272,24.4536763],[54.5101958,24.4536836],[54.5101127,24.4536616],[54.5100966,24.4536518],[54.5100483,24.4537007],[54.5100054,24.4536641],[54.5099651,24.4537031],[54.5098954,24.4536714],[54.5097854,24.4537202],[54.5097291,24.4537056],[54.5096326,24.453708],[54.5095709,24.4536909],[54.5095092,24.4536934],[54.5093348,24.4537544],[54.5092731,24.4537495],[54.5092302,24.4537886],[54.5091712,24.4537275],[54.5091149,24.4537056],[54.5090425,24.4537104],[54.5090156,24.4537739],[54.5088628,24.4537959],[54.5088413,24.4538691],[54.5087689,24.4539253],[54.5085865,24.4539888],[54.5085302,24.4540547],[54.508439,24.4540547],[54.5083585,24.4540645],[54.5081278,24.4540547],[54.5081412,24.4541109],[54.5080661,24.4541817],[54.5080098,24.4542159],[54.5080071,24.4542452],[54.507932,24.4542696],[54.5079133,24.4543233],[54.5077818,24.454355],[54.507704,24.4544112],[54.5076424,24.454399],[54.507578,24.4544844],[54.5075297,24.4544771],[54.5074841,24.4545381],[54.507417,24.4545455],[54.5073607,24.4545894],[54.5073044,24.4546041],[54.5072561,24.4546456],[54.5072052,24.4546309],[54.5071676,24.4545967],[54.5071542,24.4546553],[54.5071166,24.4546871],[54.5070362,24.4547017],[54.5069691,24.4547701],[54.5069208,24.4547847],[54.5068887,24.4548458],[54.5068484,24.4548482],[54.5067653,24.4548922],[54.5066017,24.4549361],[54.5065158,24.454985],[54.5065177,24.4550475],[54.506497,24.4550899],[54.50643,24.4550753],[54.5063871,24.4551339],[54.5063308,24.4550997],[54.5062583,24.4551583],[54.506202,24.455151],[54.5061618,24.4552047],[54.5061349,24.4551949],[54.5061296,24.4551363],[54.5060867,24.4551339],[54.5060169,24.455107],[54.5060464,24.4551876],[54.5060196,24.4552267],[54.5059713,24.4552145],[54.5059016,24.4552462],[54.505856,24.4552462],[54.505864,24.4553146],[54.5058024,24.4552902],[54.5057729,24.4552462],[54.5057058,24.4552902],[54.5056835,24.4554503],[54.505639342795305,24.456],[54.52522404712745,24.456],[54.5251687,24.4554504],[54.5255527,24.4553089],[54.5300195,24.4544196],[54.5334666,24.4536421],[54.533716,24.4539557],[54.5338882,24.4541724],[54.5340792,24.4544235],[54.5342841,24.4545318],[54.5363408,24.4534932],[54.5360943,24.4529619],[54.5374491,24.4519825],[54.5376774,24.4519374],[54.5369495,24.4525321],[54.5384498,24.452598],[54.541041,24.4510859],[54.5425762,24.4493907],[54.5422885,24.4483444],[54.5419593,24.447661],[54.5417046,24.4474197],[54.5417439,24.4472679],[54.5418714,24.4473349],[54.5419696,24.4472232],[54.5419892,24.4462404],[54.5419156,24.4459277],[54.5420049,24.4457296],[54.542139,24.4437339],[54.5422299,24.4418833],[54.5437055,24.4399725],[54.543997,24.4399612],[54.544027,24.4402228],[54.5425826,24.4416667],[54.5423474,24.4439652],[54.5420943,24.4472797],[54.5419534,24.4473518],[54.5421162,24.4475838],[54.5427747,24.4492983],[54.5430225,24.449337],[54.5442061,24.4483703],[54.5451679,24.4472357],[54.5459821,24.4457603],[54.5465983,24.4440479],[54.5466548,24.4438908],[54.5465345,24.443214],[54.5466035,24.4423406],[54.5467315,24.4411123],[54.5477148,24.4403067],[54.5478443,24.4404219],[54.5479257,24.4404954],[54.5481408,24.4406897],[54.5483414,24.4408709],[54.5489328,24.4413107],[54.5497088,24.4418987],[54.5497637,24.4421199],[54.5502045,24.4427328],[54.55059,24.4427692],[54.5506223,24.4425859],[54.5506383,24.4424954],[54.5507252,24.4424593],[54.550744,24.4425656],[54.5507753,24.4427419],[54.5512859,24.4428148],[54.5513861,24.4430199],[54.5515506,24.443093],[54.5519919,24.4432888],[54.5523323,24.4429926],[54.5525977,24.4428604],[54.5526754,24.4428478],[54.5527579,24.4428011],[54.5531284,24.4425049],[54.5532486,24.4423681],[54.5531234,24.4421129],[54.5531484,24.4419762],[54.5532536,24.4418987],[54.5532285,24.4413016],[54.5530333,24.4416389],[54.5529482,24.4414155],[54.5531685,24.4412332],[54.5531342,24.4410262],[54.5534625,24.4406756],[54.554979,24.4410741],[54.5547012,24.4414785],[54.5539674,24.4412288],[54.5535768,24.440928],[54.5533666,24.441165],[54.5533092,24.4420857],[54.5535424,24.4425407],[54.5523953,24.4431853],[54.5523245,24.4436236],[54.5526219,24.4441264],[54.5530609,24.4442811],[54.5529051,24.4444487],[54.5523528,24.4450546],[54.5521687,24.444642],[54.552619,24.4443869],[54.5522254,24.4441135],[54.5518714,24.443456],[54.5509509,24.4429017],[54.5506178,24.4428835],[54.5502428,24.442863],[54.5500643,24.442865],[54.5495737,24.4421129],[54.5491975,24.4417807],[54.5476755,24.4404589],[54.5469946,24.4411882],[54.5469545,24.4419083],[54.5469393,24.4419891],[54.5467142,24.4431846],[54.5468043,24.4440232],[54.5471247,24.4439047],[54.5472349,24.444005],[54.5467643,24.4443514],[54.5462736,24.4456276],[54.5463737,24.4458281],[54.5469145,24.4456276],[54.5470944,24.4455822],[54.5487569,24.4451627],[54.5502884,24.4471444],[54.550349,24.4472228],[54.5505793,24.4473687],[54.5504098,24.4474642],[54.5501974,24.4480185],[54.5495319,24.4485084],[54.549107,24.4492561],[54.549546,24.4498362],[54.54951,24.4507614],[54.549156,24.4516573],[54.547747,24.4527659],[54.5479921,24.4533308],[54.5480278,24.453408],[54.5480619,24.4534817],[54.5482187,24.4538207],[54.548247,24.4541558],[54.5480275,24.4546005],[54.5476381,24.4549937],[54.5476381,24.4553611],[54.5478576,24.4555738],[54.549245907903405,24.456],[54.55230321748072,24.456],[54.5528349,24.455115],[54.5528049,24.4547761],[54.551302,24.4523886],[54.550948,24.4521436],[54.5512908,24.4518869],[54.5516571,24.4525744],[54.5522679,24.4535885],[54.5529618,24.4547229],[54.5536132,24.4544393],[54.5548877,24.4526346],[54.5553266,24.4508685],[54.5579464,24.4480196],[54.5571478,24.4459856],[54.5571179,24.4459095],[54.5567569,24.4449901],[54.5585502,24.444276],[54.558559,24.4444608],[54.5587494,24.4446993],[54.5594434,24.4450561],[54.5596525,24.4450204],[54.56,24.444716315258574],[54.56,24.440318737742306],[54.5599588,24.440303],[54.5599099,24.4402755],[54.5598712,24.4402861],[54.5597424,24.4403319],[54.5597001,24.4403375],[54.5596162,24.4402743],[54.5595087,24.4402687],[54.5594126,24.4402919],[54.5593568,24.4403394],[54.5593227,24.4403994],[54.5592792,24.4404506],[54.5592149,24.4404992],[54.5590816,24.4405165],[54.5589399,24.4405006],[54.5587929,24.4404465],[54.5586716,24.4403974],[54.5586282,24.4403501],[54.5586088,24.4402994],[54.5586307,24.440194],[54.5586738,24.4400606],[54.5588008,24.439741],[54.5588605,24.4396383],[54.5589225,24.4395469],[54.5590283,24.4393942],[54.5591809,24.4392086],[54.5593388,24.4390427],[54.559474,24.4389182],[54.5596233,24.438795],[54.5598303,24.4386505],[54.56,24.43854981090496],[54.56,24.43811750785619],[54.5598285,24.4381978]],[[54.4780469,24.3896508],[54.4779959,24.3893479],[54.477953,24.3891061],[54.4779852,24.3889644],[54.4780764,24.3888569],[54.4783071,24.3887079],[54.4785055,24.3886297],[54.4787282,24.3885931],[54.4789937,24.3886102],[54.479565,24.3887592],[54.479903,24.3888544],[54.480249,24.3889766],[54.480544,24.389194],[54.4807774,24.3894603],[54.4809464,24.3897094],[54.481397,24.3904692],[54.4814774,24.3907037],[54.4814882,24.3909357],[54.4813728,24.3911947],[54.4811368,24.3915709],[54.4808739,24.3918127],[54.4805038,24.3920765],[54.4803724,24.3921498],[54.4801953,24.3921669],[54.4800156,24.3921132],[54.4795677,24.3919031],[54.4791064,24.3916222],[54.4786692,24.3913608],[54.4784197,24.3911727],[54.4782172,24.3909223],[54.4781408,24.3907794],[54.4780979,24.390645],[54.4780871,24.390518],[54.4780952,24.3903727],[54.4781059,24.3902127],[54.4781005,24.3900612],[54.4780469,24.3896508]],[[54.4853016,24.4211658],[54.4853365,24.4211234],[54.4853814,24.421111],[54.4854936,24.4211384],[54.4855709,24.4211783],[54.4855933,24.4212207],[54.4855908,24.421293],[54.4855494,24.4213433],[54.4854542,24.4213713],[54.4853789,24.4213503],[54.4853266,24.4212755],[54.4853016,24.4211658]],[[54.4708369,24.4348253],[54.4708557,24.4347765],[54.470861,24.4347098],[54.4708506,24.434635],[54.4708184,24.4345642],[54.4708855,24.434508],[54.470923,24.4345105],[54.4709713,24.4345495],[54.4710132,24.4345566],[54.471079,24.4345297],[54.4711031,24.4344968],[54.4711286,24.4344467],[54.471138,24.4343637],[54.471142,24.4342855],[54.47115,24.4342576],[54.4711794,24.4342357],[54.4712249,24.4342357],[54.471256,24.4342489],[54.4712707,24.4342709],[54.4712837,24.4342917],[54.4713136,24.4343026],[54.4713445,24.4343087],[54.4713874,24.4343087],[54.471424,24.4343004],[54.4714639,24.4342794],[54.4714929,24.4342544],[54.4715439,24.4341958],[54.4715658,24.4341524],[54.4715922,24.4341226],[54.4716485,24.4341006],[54.4717102,24.4340957],[54.4717585,24.4341128],[54.471906,24.4342129],[54.4720562,24.4342691],[54.4722136,24.4343563],[54.4746144,24.4359937],[54.4746439,24.4360279],[54.47466,24.4360914],[54.47466,24.4361451],[54.4746492,24.4362037],[54.4746251,24.4362526],[54.4743035,24.4366806],[54.4741879,24.4367727],[54.4741369,24.4368826],[54.4737561,24.4382598],[54.4734182,24.4395735],[54.473453,24.4396419],[54.4734396,24.439703],[54.4733993,24.4397347],[54.4733296,24.4397347],[54.4729138,24.439471],[54.4728736,24.4394661],[54.4728414,24.4395027],[54.4717162,24.4421017],[54.471674,24.4422285],[54.4717203,24.4422767],[54.4717364,24.4423597],[54.4716559,24.442787],[54.4713823,24.4427528],[54.4712777,24.4427187],[54.4703443,24.4426967],[54.4702987,24.442682],[54.4703094,24.4422718],[54.4703389,24.4422474],[54.471385,24.4422645],[54.4714467,24.4421375],[54.4715003,24.4421009],[54.4724417,24.439471],[54.4723425,24.4392512],[54.4717143,24.4388284],[54.4714388,24.4386531],[54.4708555,24.4382993],[54.4704811,24.4380596],[54.470296,24.4379546],[54.4702102,24.4379228],[54.4701083,24.4379448],[54.4700358,24.4379985],[54.4697201,24.4390704],[54.4698086,24.4391642],[54.4699132,24.4392472],[54.4700125,24.4393327],[54.4700715,24.4394108],[54.4701359,24.4395573],[54.4702083,24.4396086],[54.4701976,24.4396965],[54.470101,24.4398259],[54.4699347,24.439948],[54.469835,24.4399983],[54.4697131,24.4400507],[54.469542,24.4400773],[54.4694302,24.4400688],[54.4693728,24.4400537],[54.4693224,24.4400405],[54.4691646,24.439954],[54.4690842,24.4398775],[54.4690084,24.4397595],[54.4689755,24.439662],[54.4689643,24.4395606],[54.4689748,24.4394603],[54.4690065,24.4393637],[54.46907,24.4392588],[54.4691327,24.4391617],[54.4692105,24.4391031],[54.4693197,24.4390583],[54.469476,24.439003],[54.4695396,24.4389094],[54.4698266,24.4379668],[54.4698615,24.4377836],[54.4698266,24.4376786],[54.4697381,24.4375566],[54.469258,24.4372122],[54.4690917,24.4370657],[54.4689951,24.4370926],[54.4689576,24.4370877],[54.4689442,24.4370608],[54.4689549,24.4370364],[54.4691775,24.4369583],[54.4698981,24.4356671],[54.4699034,24.4355987],[54.4698874,24.4355621],[54.4698096,24.4351933],[54.4698096,24.4351494],[54.4698203,24.4351225],[54.4698578,24.4351176],[54.469882,24.4351347],[54.4698954,24.4351567],[54.4699866,24.4355059],[54.4700376,24.4355645],[54.4701341,24.4356182],[54.4707171,24.4349022],[54.4708154,24.4348661],[54.4708369,24.4348253]],[[54.5523249,24.4412004],[54.5524501,24.4413189],[54.552415,24.4413919],[54.5521096,24.4412095],[54.5508229,24.4407492],[54.5502772,24.4405486],[54.5498366,24.4402113],[54.5494211,24.4400518],[54.5495662,24.4398239],[54.5499518,24.4401156],[54.5503623,24.4404985],[54.5511333,24.4407583],[54.5523249,24.4412004]]],[[[54.4983485,24.4559297],[54.4983566,24.4558491],[54.498469,24.4557566],[54.4986436,24.4555976],[54.4988447,24.4554243],[54.4989544,24.4553293],[54.4989738,24.4553456],[54.499011,24.455312],[54.4990754,24.4552827],[54.4991478,24.4552656],[54.4991797,24.4551999],[54.4992605,24.4551532],[54.499357,24.4551166],[54.4994345,24.4550461],[54.4995043,24.4549801],[54.4996196,24.4548214],[54.4996867,24.4546945],[54.4998023,24.4543719],[54.4998747,24.4541473],[54.4999847,24.4537933],[54.5000785,24.4535076],[54.5001243,24.4533428],[54.5000921,24.4532821],[54.5001097,24.4532189],[54.5001823,24.4531773],[54.5002156,24.4529814],[54.5002796,24.4527009],[54.5004575,24.4522485],[54.500624,24.4518706],[54.5007201,24.4517827],[54.5007626,24.4516423],[54.5007432,24.4515179],[54.5010232,24.4506894],[54.5011233,24.4503933],[54.5010692,24.4502416],[54.501368,24.4493702],[54.5011358,24.4492965],[54.5011009,24.4493844],[54.5009466,24.449335],[54.5011187,24.4488441],[54.5012441,24.4488878],[54.5012119,24.4489635],[54.5012613,24.4489809],[54.5011943,24.4491567],[54.5013958,24.4492186],[54.5017999,24.4480993],[54.5018807,24.4480869],[54.5018944,24.4480523],[54.5018442,24.4479952],[54.5021872,24.4470526],[54.5019204,24.4469638],[54.5018868,24.4470575],[54.5017453,24.4470098],[54.501923,24.4465118],[54.5020462,24.4465513],[54.5020144,24.4466227],[54.5020518,24.4466393],[54.5019934,24.4468173],[54.5022596,24.446902],[54.5024256,24.4464281],[54.5025663,24.4460435],[54.5024286,24.4460064],[54.50236,24.4460213],[54.5023627,24.4459747],[54.5024011,24.44597],[54.5023539,24.4458468],[54.5024162,24.4457039],[54.5024405,24.4457232],[54.5023793,24.4458536],[54.5024351,24.4459843],[54.5025742,24.4460214],[54.5028486,24.445205],[54.5029377,24.4449399],[54.503159,24.4442877],[54.503282464796904,24.44391],[54.5032942,24.4438741],[54.5034616,24.4434123],[54.5035285,24.4432389],[54.5035358,24.4431389],[54.5034887,24.4430023],[54.5033895,24.4429133],[54.5032773,24.4428525],[54.5031123,24.4427545],[54.502994,24.4427276],[54.5027177,24.4426934],[54.5025354,24.4426348],[54.5024179,24.4426159],[54.5022966,24.4425689],[54.5022905,24.4425223],[54.5022323,24.4425211],[54.5021795,24.4424984],[54.5021154,24.4424796],[54.5020177,24.4424346],[54.5018755,24.4423955],[54.5016856,24.442357],[54.5014657,24.4422984],[54.5014142,24.4422587],[54.5013123,24.4422636],[54.5011653,24.4422447],[54.5010011,24.4422294],[54.5008059,24.4422276],[54.5006364,24.4423369],[54.5005484,24.4423473],[54.5004486,24.4422832],[54.5004164,24.4422441],[54.5003118,24.4422197],[54.5001696,24.4422246],[54.5000141,24.4422148],[54.4997834,24.4421782],[54.4995849,24.4421928],[54.4991504,24.4421806],[54.4989627,24.4421806],[54.4986542,24.4421611],[54.4985421,24.4421592],[54.4979944,24.4421611],[54.4978817,24.442144],[54.497635,24.4421464],[54.4973855,24.4421464],[54.4971978,24.4421196],[54.4967713,24.4421269],[54.4964092,24.4421171],[54.4960981,24.4421074],[54.4958191,24.4421122],[54.4955858,24.4421269],[54.4954731,24.4421464],[54.4953583,24.4421885],[54.495251,24.442274],[54.4952135,24.4423277],[54.4952076,24.4423711],[54.4951491,24.442506],[54.495162,24.4425933],[54.4950794,24.4427038],[54.49506,24.4428887],[54.4950493,24.4429937],[54.4950311,24.4430603],[54.4949983,24.4431256],[54.4949688,24.4432868],[54.4948648,24.4434534],[54.4948186,24.4435431],[54.4947843,24.4437049],[54.4947736,24.4437464],[54.4947677,24.4438264],[54.4947682,24.44391],[54.4947387,24.443976],[54.4946497,24.4440877],[54.4945826,24.444261],[54.4945241,24.444457],[54.4945241,24.4445376],[54.4945027,24.4446133],[54.4944732,24.4447476],[54.49447,24.4449374],[54.494419,24.4450204],[54.4943975,24.4450961],[54.4943653,24.445206],[54.4943257,24.445275],[54.4942371,24.445358],[54.4941701,24.445463],[54.4940521,24.4457682],[54.4940006,24.4458457],[54.4939228,24.446024],[54.4938772,24.4461217],[54.4938343,24.4462706],[54.493786,24.4464073],[54.4937543,24.4465374],[54.493698,24.4466326],[54.4936197,24.4466149],[54.4936331,24.4465294],[54.4936224,24.4464513],[54.4935473,24.4464122],[54.4933944,24.4463829],[54.4931932,24.4463243],[54.4930167,24.4462981],[54.4928209,24.4462688],[54.4925817,24.4462389],[54.4925495,24.4461778],[54.4926031,24.446085],[54.4925549,24.4460191],[54.492528,24.4459556],[54.4925093,24.4458726],[54.4925307,24.445792],[54.492601,24.4457072],[54.4927056,24.4456535],[54.4927694,24.4456089],[54.4928612,24.44559],[54.492947,24.44559],[54.4931181,24.4456138],[54.493043,24.4456309],[54.4929577,24.4456364],[54.4928633,24.4456846],[54.492756,24.4456992],[54.4926761,24.4457291],[54.4926219,24.4457652],[54.4925795,24.4458512],[54.4925795,24.4459001],[54.4926434,24.4459825],[54.4926788,24.4460661],[54.4927641,24.4461143],[54.4928746,24.4461687],[54.4931262,24.4462022],[54.4932737,24.4462218],[54.4933359,24.4462102],[54.4934373,24.4462535],[54.4935795,24.4462853],[54.4936792,24.4463396],[54.4937323,24.4462486],[54.4937806,24.4460972],[54.4938021,24.4460142],[54.4938423,24.4459019],[54.4938799,24.4458335],[54.4939174,24.445731],[54.4939931,24.4456608],[54.4940843,24.4454386],[54.4941615,24.4453281],[54.4941856,24.4451962],[54.4941427,24.4451181],[54.494081,24.445206],[54.4940065,24.4452457],[54.4939421,24.4453116],[54.4938879,24.4453525],[54.4938133,24.4454361],[54.4937511,24.4454917],[54.4937458,24.4454404],[54.4937672,24.4453501],[54.4937806,24.4452524],[54.493845,24.4449472],[54.4937833,24.4449496],[54.4937248,24.4451871],[54.4936846,24.4452799],[54.4936063,24.4453525],[54.493499,24.4453867],[54.4934325,24.4453604],[54.4933917,24.4453427],[54.4933171,24.4453751],[54.4932848,24.4454189],[54.4931991,24.4453775],[54.4929738,24.4455021],[54.4928471,24.4455414],[54.4926782,24.4455747],[54.4926246,24.4454624],[54.4926246,24.445416],[54.4926144,24.4453482],[54.4925736,24.4452866],[54.4925527,24.4451895],[54.4925897,24.4450424],[54.4925817,24.4449228],[54.4924985,24.4447518],[54.4924127,24.4447006],[54.4923515,24.4446499],[54.4923081,24.444598],[54.4922249,24.444554],[54.4921284,24.4445125],[54.492064,24.4443758],[54.4920291,24.4442757],[54.4919862,24.4441414],[54.4919648,24.4440584],[54.4919245,24.443968],[54.49190443323217,24.44391],[54.4918789,24.4438362],[54.4918897,24.4436481],[54.4919138,24.4435578],[54.491946,24.4434455],[54.4919219,24.4433673],[54.4919251,24.4433142],[54.4919379,24.4432428],[54.491895,24.4431891],[54.491895,24.4430206],[54.4918789,24.4429229],[54.4918789,24.4428546],[54.4917126,24.4426153],[54.4916241,24.4426275],[54.4915463,24.4428057],[54.4914364,24.4428326],[54.4913184,24.4426494],[54.4911446,24.442672],[54.4910346,24.4429211],[54.4909595,24.4430407],[54.4908812,24.4431085],[54.4908275,24.4430987],[54.4907851,24.4430725],[54.490688,24.4430401],[54.4905732,24.4430407],[54.4904418,24.4429675],[54.4903447,24.44294],[54.4902111,24.4429431],[54.4900422,24.4428942],[54.4899858,24.4428283],[54.489819,24.4427715],[54.4896559,24.4428039],[54.4895401,24.4427447],[54.4894682,24.4427282],[54.4893925,24.4427007],[54.4893308,24.4427203],[54.4892396,24.442708],[54.4891726,24.4427178],[54.4891007,24.442777],[54.4890256,24.4428014],[54.4889961,24.4428552],[54.48895,24.4428448],[54.4888325,24.4428674],[54.4887837,24.4428936],[54.4886576,24.442918],[54.4886152,24.4428893],[54.488561,24.442813],[54.4884913,24.4427935],[54.4883658,24.442799],[54.4882451,24.4427746],[54.4882231,24.4427886],[54.4882424,24.4428625],[54.488296,24.4428845],[54.4885428,24.4428747],[54.4885664,24.4429229],[54.4885637,24.4432233],[54.488502,24.4432306],[54.4883733,24.4432355],[54.4882767,24.4432355],[54.4881271,24.4432361],[54.488089,24.4431842],[54.4880782,24.4428912],[54.488038,24.442835],[54.4879978,24.4428399],[54.4879366,24.4428503],[54.4878959,24.4428692],[54.4877993,24.4428668],[54.4877483,24.4428668],[54.4877027,24.4428643],[54.4876652,24.4428472],[54.4876357,24.4427959],[54.4876174,24.4427282],[54.4875745,24.442694],[54.4875186,24.4427395],[54.4871031,24.4421295],[54.4869142,24.4421513],[54.4866992,24.442603],[54.4866647,24.442647],[54.4866304,24.4426671],[54.4865848,24.442716],[54.4865682,24.4427666],[54.4866004,24.4428253],[54.4865762,24.4428423],[54.4865226,24.4428448],[54.4863938,24.4428448],[54.4863032,24.4428234],[54.4862517,24.4427813],[54.4861154,24.4427819],[54.4860585,24.4427471],[54.486021,24.4427447],[54.4859378,24.4427471],[54.485933,24.4428112],[54.4858279,24.4428472],[54.4857313,24.442813],[54.4856857,24.4428546],[54.4856026,24.4428546],[54.4855173,24.4428503],[54.4854422,24.4428307],[54.4853826,24.4427959],[54.4852888,24.442752],[54.4852056,24.4427764],[54.4850983,24.442813],[54.4850366,24.4428106],[54.4849857,24.4427813],[54.4849755,24.4427184],[54.4849079,24.4426519],[54.4849079,24.4425835],[54.4849111,24.4425206],[54.4847469,24.4423198],[54.4846826,24.4423222],[54.4846021,24.4425029],[54.4845646,24.4425054],[54.4845463,24.4425475],[54.4845887,24.4427886],[54.4845511,24.4428082],[54.4843666,24.4425206],[54.4843232,24.4425347],[54.4842266,24.4424736],[54.4841944,24.442437],[54.4841359,24.442462],[54.4841569,24.4425103],[54.4841756,24.4426055],[54.4841354,24.4426323],[54.4843237,24.4430774],[54.4843366,24.4431549],[54.484313,24.443219],[54.4842641,24.4432452],[54.4842726,24.4434498],[54.4839041,24.4434598],[54.4838909,24.443231],[54.4837842,24.4431526],[54.483704,24.442968],[54.4835968,24.4429577],[54.4835205,24.4426345],[54.4833768,24.4424711],[54.4833337,24.4423837],[54.4833146,24.4423639],[54.483232,24.4423814],[54.4831578,24.4424816],[54.4830511,24.4426467],[54.4830399,24.4427541],[54.4830353,24.4429441],[54.4830538,24.4430403],[54.4829535,24.4430078],[54.4827889,24.4429499],[54.4826816,24.4430573],[54.4824778,24.4432039],[54.4822632,24.4433211],[54.4820486,24.4435164],[54.4819199,24.4437215],[54.481872107086616,24.44391],[54.4818555,24.4439755],[54.4818587,24.4440907],[54.481995,24.4442001],[54.482084,24.4443251],[54.4820625,24.4444133],[54.4819628,24.4445224],[54.4818448,24.4446396],[54.481716,24.4448057],[54.4816195,24.4448838],[54.4814725,24.4448428],[54.4812976,24.4449131],[54.4811152,24.4450205],[54.4809007,24.4451573],[54.4809221,24.4452647],[54.4809221,24.4454112],[54.4810434,24.4456437],[54.4811581,24.4459582],[54.4812654,24.4461145],[54.4813513,24.4463586],[54.481362,24.4464661],[54.4815229,24.446593],[54.4815905,24.4467767],[54.4816517,24.4469446],[54.4817944,24.4471185],[54.4819843,24.4472279],[54.482127,24.447392],[54.4821667,24.447599],[54.4822739,24.4477846],[54.4822739,24.4480483],[54.4825314,24.4483022],[54.4827031,24.4483901],[54.4827889,24.4485269],[54.4829928,24.4486441],[54.4830572,24.4488687],[54.486662,24.4488297],[54.4867264,24.4489762],[54.4868873,24.4490836],[54.4870408,24.4490523],[54.4872521,24.4492106],[54.4873701,24.4493571],[54.4873701,24.4496208],[54.4871663,24.449738],[54.4871588,24.4499802],[54.4873197,24.4500388],[54.4874774,24.4501286],[54.4874452,24.4503044],[54.4873412,24.4505076],[54.4874667,24.4505681],[54.4875096,24.4506756],[54.4875847,24.450783],[54.4873701,24.4508123],[54.4874452,24.4509783],[54.4874485,24.4511033],[54.4874989,24.4513495],[54.4875021,24.4516014],[54.4875633,24.4519257],[54.4876169,24.4522382],[54.4876598,24.4526582],[54.487692,24.452834],[54.4877778,24.4533418],[54.4878315,24.4535665],[54.4878851,24.4538204],[54.4880353,24.4544357],[54.4880353,24.4547677],[54.4880997,24.4550998],[54.4881641,24.4553537],[54.4882392,24.4555393],[54.4881534,24.4557151],[54.4878637,24.4557346],[54.487456,24.4556858],[54.4869195,24.4556858],[54.4865977,24.4556369],[54.4859003,24.4556369],[54.4850667,24.4557326],[54.4850667,24.4555275],[54.4839798,24.4533321],[54.4834327,24.4533418],[54.4837624,24.4541529],[54.4844072,24.4547306],[54.4845767,24.4552443],[54.484527,24.4556272],[54.4849025,24.4555783],[54.4849025,24.4557151],[54.4846912,24.4557815],[54.4845055,24.4559201],[54.48446162750116,24.456],[54.49835536060241,24.456],[54.4983485,24.4559297]]],[[[54.4680145,24.4545628],[54.4680279,24.454492],[54.4680735,24.4543944],[54.4681245,24.4543187],[54.4681567,24.4542503],[54.468205,24.454177],[54.4682452,24.4541136],[54.4682935,24.4540452],[54.4683337,24.4539671],[54.468382,24.4538938],[54.4684249,24.4538157],[54.4684651,24.4537449],[54.4685536,24.453635],[54.4686073,24.4535593],[54.4686475,24.453491],[54.468677,24.4534202],[54.4687146,24.4533591],[54.4687602,24.4532859],[54.4687709,24.4532248],[54.4688058,24.453154],[54.4688353,24.4530857],[54.4688675,24.45301],[54.4689023,24.4529465],[54.4689345,24.452883],[54.4689694,24.4528073],[54.4690043,24.4527463],[54.4690338,24.4526779],[54.4690579,24.452612],[54.4690783,24.4525671],[54.4690843,24.4525402],[54.4690863,24.4525103],[54.4690803,24.4524895],[54.4690528,24.4524505],[54.4690132,24.4524053],[54.4689951,24.4523736],[54.4689737,24.452329],[54.4689576,24.4522918],[54.4689522,24.4522411],[54.4689555,24.4522014],[54.4689589,24.4521721],[54.4689723,24.4521441],[54.4689877,24.4521239],[54.4690199,24.452108],[54.4690628,24.4520928],[54.469146,24.4520806],[54.4692338,24.4520568],[54.4692962,24.4520293],[54.469321,24.4520092],[54.4693351,24.4519847],[54.4693539,24.4519316],[54.4693646,24.451873],[54.4693726,24.4517754],[54.4693539,24.451696],[54.4693029,24.4515971],[54.4692425,24.4515129],[54.4691165,24.4513639],[54.4690602,24.4513115],[54.4689904,24.4512614],[54.4689368,24.4512358],[54.4688791,24.4512382],[54.468812,24.4512651],[54.4687302,24.451309],[54.4686444,24.4513774],[54.4685988,24.4513871],[54.4685478,24.4513981],[54.4684902,24.4513884],[54.4684634,24.4513652],[54.4684272,24.4513212],[54.4683896,24.4512394],[54.4683386,24.4511881],[54.4682103,24.4511201],[54.4681352,24.4510835],[54.4680601,24.4510493],[54.4680092,24.4510249],[54.468,24.451020892857144],[54.468,24.454587575058273],[54.4680145,24.4545628]]]]}}]}