{"type":"FeatureCollection","window":{"south":24.41,"west":54.48,"north":24.462,"east":54.57},"release":"2026-08-19.0","features":[{"type":"Feature","properties":{"layer":"land","subtype":"tree","class":"tree_row","name":""},"geometry":{"type":"LineString","coordinates":[[54.48,24.416354053946208],[54.4801329,24.4163644]]}},{"type":"Feature","properties":{"layer":"land","subtype":"tree","class":"tree_row","name":""},"geometry":{"type":"LineString","coordinates":[[54.48,24.418489540719293],[54.4804173,24.4185274]]}},{"type":"Feature","properties":{"layer":"land","subtype":"forest","class":"forest","name":""},"geometry":{"type":"Polygon","coordinates":[[[54.4804317,24.4199541],[54.4815904,24.4200444],[54.4816816,24.4200322],[54.4817164,24.4199858],[54.4817191,24.4199199],[54.4816735,24.4198637],[54.4804665,24.4197391],[54.48,24.419689552828324],[54.48,24.41990146808219],[54.4804317,24.4199541]]]}},{"type":"Feature","properties":{"layer":"land","subtype":"forest","class":"forest","name":""},"geometry":{"type":"Polygon","coordinates":[[[54.4815499,24.4213754],[54.4816491,24.4213314],[54.4816733,24.4208112],[54.4816116,24.4206793],[54.4814614,24.4205426],[54.4809544,24.4204986],[54.4807962,24.4212874],[54.4815499,24.4213754]]]}},{"type":"Feature","properties":{"layer":"land","subtype":"forest","class":"forest","name":""},"geometry":{"type":"Polygon","coordinates":[[[54.4823897,24.4203441],[54.4822412,24.4203327],[54.4821053,24.420374],[54.482049,24.4204463],[54.4818724,24.421023],[54.4818853,24.4210642],[54.4836771,24.4212352],[54.4839158,24.4211985],[54.4842457,24.4210154],[54.4842721,24.4208849],[54.4842545,24.4204904],[54.4823897,24.4203441]]]}},{"type":"Feature","properties":{"layer":"land","subtype":"forest","class":"forest","name":""},"geometry":{"type":"Polygon","coordinates":[[[54.4843438,24.4203006],[54.4843636,24.4201384],[54.4822662,24.4199457],[54.4822206,24.4199579],[54.4821884,24.4200043],[54.4821965,24.4200507],[54.4822287,24.4200702],[54.4843438,24.4203006]]]}},{"type":"Feature","properties":{"layer":"land","subtype":"forest","class":"forest","name":""},"geometry":{"type":"Polygon","coordinates":[[[54.4802844,24.4194315],[54.4846779,24.4199786],[54.484769,24.4193705],[54.4847469,24.4192428],[54.4845913,24.4191451],[54.4832073,24.418979],[54.4832019,24.4189204],[54.4806247,24.4187001],[54.4805791,24.4188173],[54.480509,24.4188813],[54.4804232,24.4188813],[54.4803055,24.4188637],[54.48,24.418741699836463],[54.48,24.419375794465157],[54.4802844,24.4194315]]]}},{"type":"Feature","properties":{"layer":"land","subtype":"sand","class":"sand","name":""},"geometry":{"type":"Polygon","coordinates":[[[54.4803914,24.4188076],[54.4804665,24.4187831],[54.4805147,24.4187392],[54.4805201,24.4186879],[54.48,24.418641634818794],[54.48,24.418658204017856],[54.4803914,24.4188076]]]}},{"type":"Feature","properties":{"layer":"land","subtype":"tree","class":"tree_row","name":""},"geometry":{"type":"LineString","coordinates":[[54.4806145,24.4185482],[54.483372,24.4187943]]}},{"type":"Feature","properties":{"layer":"land","subtype":"sand","class":"sand","name":""},"geometry":{"type":"Polygon","coordinates":[[[54.4846243,24.420329],[54.4846441,24.4201668],[54.4843636,24.4201384],[54.4843438,24.4203006],[54.4846243,24.420329]]]}},{"type":"Feature","properties":{"layer":"land","subtype":"sand","class":"sand","name":""},"geometry":{"type":"Polygon","coordinates":[[[54.4842721,24.4208849],[54.4842457,24.4210154],[54.4844683,24.4209128],[54.4845676,24.4207931],[54.4846078,24.4207077],[54.4846346,24.4205269],[54.4842545,24.4204904],[54.4842721,24.4208849]]]}},{"type":"Feature","properties":{"layer":"land","subtype":"sand","class":"sand","name":""},"geometry":{"type":"Polygon","coordinates":[[[54.4872575,24.4195646],[54.4871941,24.4195913],[54.4870171,24.4202951],[54.4870775,24.4203159],[54.4871566,24.4201633],[54.4871901,24.420123],[54.4872532,24.4200889],[54.4884505,24.4202126],[54.4883405,24.4193822],[54.4873199,24.41924],[54.4872575,24.4195646]]]}},{"type":"Feature","properties":{"layer":"land","subtype":"sand","class":"sand","name":""},"geometry":{"type":"Polygon","coordinates":[[[54.4886833,24.4202897],[54.4882394,24.4202787],[54.4873703,24.4201834],[54.4872604,24.4202518],[54.4881663,24.4203557],[54.488498,24.4203961],[54.4888976,24.4204195],[54.4890103,24.4203438],[54.4890666,24.4202486],[54.4886833,24.4202897]]]}},{"type":"Feature","properties":{"layer":"land","subtype":"sand","class":"sand","name":""},"geometry":{"type":"Polygon","coordinates":[[[54.4885253,24.4205501],[54.4872015,24.4204191],[54.4871774,24.4206145],[54.4884985,24.4207675],[54.4885253,24.4205501]]]}},{"type":"Feature","properties":{"layer":"land","subtype":"tree","class":"tree_row","name":""},"geometry":{"type":"LineString","coordinates":[[54.4884382,24.4205831],[54.48725,24.4204439]]}},{"type":"Feature","properties":{"layer":"land","subtype":"tree","class":"tree_row","name":""},"geometry":{"type":"LineString","coordinates":[[54.48841,24.4207333],[54.4872218,24.4205941]]}},{"type":"Feature","properties":{"layer":"land","subtype":"forest","class":"forest","name":""},"geometry":{"type":"Polygon","coordinates":[[[54.4936578,24.4187157],[54.493635,24.4186631],[54.4935746,24.4186178],[54.4934658,24.4185824],[54.4934067,24.4185824],[54.4933382,24.418586],[54.4902575,24.4199872],[54.4900241,24.4200825],[54.4898283,24.4201435],[54.4895199,24.4201997],[54.4890666,24.4202486],[54.4890103,24.4203438],[54.4888976,24.4204195],[54.489029,24.4204342],[54.4894582,24.4204537],[54.4896996,24.4204415],[54.4900241,24.4203902],[54.4902387,24.4203365],[54.490523,24.4202559],[54.4907966,24.4201509],[54.4923308,24.419445],[54.4929504,24.41913],[54.4935593,24.4188198],[54.4936444,24.4187511],[54.4936578,24.4187157]]]}},{"type":"Feature","properties":{"layer":"land","subtype":"sand","class":"sand","name":""},"geometry":{"type":"Polygon","coordinates":[[[54.4906836,24.419434],[54.4905458,24.4194965],[54.4905597,24.4195219],[54.4909111,24.4195732],[54.4910396,24.4195519],[54.4910096,24.419497],[54.4909097,24.4195423],[54.4908209,24.4193799],[54.4907864,24.4193955],[54.4905456,24.4189549],[54.4904463,24.4189999],[54.4906836,24.419434]]]}},{"type":"Feature","properties":{"layer":"land","subtype":"sand","class":"sand","name":""},"geometry":{"type":"Polygon","coordinates":[[[54.4875849,24.4182106],[54.4875581,24.4182985],[54.4874923,24.4184676],[54.4874754,24.4184999],[54.4874345,24.4185846],[54.4874649,24.4186111],[54.4873893,24.4189586],[54.4872033,24.4189551],[54.4871664,24.4189984],[54.4871545,24.4190441],[54.4871981,24.4190994],[54.4872588,24.4191655],[54.4873301,24.4191872],[54.4873199,24.41924],[54.4883405,24.4193822],[54.4883153,24.4192001],[54.4894038,24.4190823],[54.4898276,24.4188771],[54.4898745,24.4189516],[54.4904163,24.4187049],[54.4902768,24.418468],[54.4912667,24.4173262],[54.4913094,24.4173287],[54.4915094,24.4170943],[54.4912549,24.4172341],[54.4906326,24.4179423],[54.4902205,24.4181188],[54.4901105,24.4181408],[54.4900059,24.4181408],[54.4898906,24.4180895],[54.4900086,24.417899],[54.4899093,24.4177353],[54.4886567,24.4183386],[54.4875849,24.4182106]]]}},{"type":"Feature","properties":{"layer":"land","subtype":"sand","class":"sand","name":""},"geometry":{"type":"Polygon","coordinates":[[[54.4902206,24.4177766],[54.4900355,24.4179171],[54.4899604,24.4180404],[54.4900154,24.4180722],[54.4901026,24.4180831],[54.4901817,24.4180599],[54.4903869,24.4179378],[54.4902206,24.4177766]]]}},{"type":"Feature","properties":{"layer":"land","subtype":"sand","class":"sand","name":""},"geometry":{"type":"Polygon","coordinates":[[[54.4904097,24.4178414],[54.4905237,24.4178804],[54.4905974,24.4178548],[54.4909488,24.4174372],[54.4909636,24.4173883],[54.4909502,24.4173602],[54.4908657,24.4172882],[54.4902903,24.4177315],[54.4904097,24.4178414]]]}},{"type":"Feature","properties":{"layer":"land","subtype":"sand","class":"beach","name":""},"geometry":{"type":"Polygon","coordinates":[[[54.4889635,24.4156997],[54.489046,24.4157325],[54.4890586,24.4157164],[54.4891023,24.4156606],[54.4891732,24.4156252],[54.4892362,24.4156362],[54.4892723,24.4155667],[54.4895911,24.4148545],[54.4897458,24.4147051],[54.4900275,24.4141556],[54.4899795,24.4141313],[54.4899527,24.4140814],[54.489938,24.4139192],[54.4898496,24.4138692],[54.4897267,24.4138346],[54.4897164,24.4140113],[54.4896168,24.414306],[54.4894455,24.4145645],[54.4892949,24.4146723],[54.4892118,24.4148115],[54.4891742,24.4150191],[54.489016,24.4153928],[54.4888121,24.4156395],[54.4889635,24.4156997]]]}},{"type":"Feature","properties":{"layer":"land","subtype":"sand","class":"sand","name":""},"geometry":{"type":"Polygon","coordinates":[[[54.488999,24.415869],[54.4890772,24.4157235],[54.4890586,24.4157164],[54.489046,24.4157325],[54.4889635,24.4156997],[54.4888959,24.4158234],[54.488999,24.415869]]]}},{"type":"Feature","properties":{"layer":"land","subtype":"tree","class":"tree_row","name":""},"geometry":{"type":"LineString","coordinates":[[54.4923106,24.4155786],[54.4924045,24.4164114],[54.4911358,24.4169854],[54.4888841,24.4161163],[54.4888474,24.4161022]]}},{"type":"Feature","properties":{"layer":"land","subtype":"tree","class":"tree_row","name":""},"geometry":{"type":"LineString","coordinates":[[54.4918938,24.4153477],[54.4911307,24.4150301],[54.4907632,24.4157934]]}},{"type":"Feature","properties":{"layer":"land","subtype":"tree","class":"tree_row","name":""},"geometry":{"type":"LineString","coordinates":[[54.4907423,24.4155751],[54.490941,24.4151668]]}},{"type":"Feature","properties":{"layer":"land","subtype":"tree","class":"tree_row","name":""},"geometry":{"type":"LineString","coordinates":[[54.4911521,24.414733],[54.4913579,24.41431]]}},{"type":"Feature","properties":{"layer":"land","subtype":"sand","class":"beach","name":""},"geometry":{"type":"Polygon","coordinates":[[[54.490333,24.4127409],[54.4904205,24.4126558],[54.4905009,24.4126057],[54.4905465,24.4125434],[54.4905586,24.4124115],[54.4905559,24.4123297],[54.4905237,24.4122723],[54.4904956,24.4121441],[54.4904983,24.4120146],[54.4905318,24.4119023],[54.4903279,24.4118827],[54.4902917,24.4122051],[54.4902421,24.4124018],[54.4901761,24.4125632],[54.4901053,24.4126765],[54.490333,24.4127409]]]}},{"type":"Feature","properties":{"layer":"land","subtype":"sand","class":"beach","name":""},"geometry":{"type":"Polygon","coordinates":[[[54.4869453,24.4115652],[54.4868728,24.4115542],[54.4867736,24.4116849],[54.4867951,24.4117813],[54.4867655,24.4119377],[54.4867146,24.4120793],[54.4867374,24.4120964],[54.4867736,24.4121489],[54.4868044,24.4122576],[54.4867783,24.412329],[54.4867709,24.4123492],[54.4867696,24.4124286],[54.4867347,24.4125129],[54.4867427,24.4125446],[54.4866301,24.4127376],[54.4867882,24.4128239],[54.4870739,24.41188],[54.4871812,24.4115063],[54.4872777,24.4112413],[54.4873555,24.4110935],[54.4869453,24.4115652]]]}},{"type":"Feature","properties":{"layer":"land","subtype":"tree","class":"tree_row","name":""},"geometry":{"type":"LineString","coordinates":[[54.48,24.413413653495635],[54.4801135,24.4133259]]}},{"type":"Feature","properties":{"layer":"land","subtype":"tree","class":"tree","name":""},"geometry":{"type":"Point","coordinates":[54.4805519,24.4117166]}},{"type":"Feature","properties":{"layer":"land","subtype":"tree","class":"tree","name":""},"geometry":{"type":"Point","coordinates":[54.480554,24.4118833]}},{"type":"Feature","properties":{"layer":"land","subtype":"tree","class":"tree","name":""},"geometry":{"type":"Point","coordinates":[54.4805497,24.4119783]}},{"type":"Feature","properties":{"layer":"land","subtype":"tree","class":"tree_row","name":""},"geometry":{"type":"LineString","coordinates":[[54.4801873,24.4132685],[54.4805007,24.4130244],[54.4806258,24.4129033]]}},{"type":"Feature","properties":{"layer":"land","subtype":"tree","class":"tree_row","name":""},"geometry":{"type":"LineString","coordinates":[[54.4806808,24.4128264],[54.4807452,24.4127324],[54.4807935,24.412609],[54.4808082,24.4125174]]}},{"type":"Feature","properties":{"layer":"land","subtype":"tree","class":"tree_row","name":""},"geometry":{"type":"LineString","coordinates":[[54.4820861,24.4118012],[54.4825996,24.4116138]]}},{"type":"Feature","properties":{"layer":"land","subtype":"tree","class":"tree_row","name":""},"geometry":{"type":"LineString","coordinates":[[54.4827352,24.4115633],[54.4830651,24.4114405],[54.4831616,24.4114209],[54.4833333,24.4114429]]}},{"type":"Feature","properties":{"layer":"land","subtype":"sand","class":"sand","name":""},"geometry":{"type":"Polygon","coordinates":[[[54.4825487,24.4105037],[54.4816875,24.4106554],[54.481085,24.410714],[54.4809177,24.4106871],[54.4810652,24.4115689],[54.4811188,24.4115713],[54.4813066,24.4116617],[54.481438,24.4117716],[54.4814353,24.4118155],[54.4814621,24.4118326],[54.481497,24.4118326],[54.4815212,24.4118033],[54.4815668,24.4117252],[54.4816258,24.4116641],[54.4817035,24.4116128],[54.4818108,24.4115689],[54.4818779,24.4115884],[54.4825232,24.4109895],[54.4827055,24.4106329],[54.4826975,24.410606],[54.4826519,24.4105938],[54.4826599,24.410567],[54.4825487,24.4105037]]]}},{"type":"Feature","properties":{"layer":"land","subtype":"sand","class":"sand","name":""},"geometry":{"type":"Polygon","coordinates":[[[54.4806541,24.410725],[54.4807118,24.4106725],[54.4806313,24.4106542],[54.4806541,24.410725]]]}},{"type":"Feature","properties":{"layer":"land","subtype":"tree","class":"tree","name":""},"geometry":{"type":"Point","coordinates":[54.4801878,24.4103034]}},{"type":"Feature","properties":{"layer":"land","subtype":"tree","class":"tree","name":""},"geometry":{"type":"Point","coordinates":[54.4801623,24.4102452]}},{"type":"Feature","properties":{"layer":"land","subtype":"tree","class":"tree_row","name":""},"geometry":{"type":"LineString","coordinates":[[54.4807851,24.4119386],[54.4807137,24.4112781],[54.4805917,24.4107091],[54.480339155690025,24.41]]}},{"type":"Feature","properties":{"layer":"land","subtype":"tree","class":"tree","name":""},"geometry":{"type":"Point","coordinates":[54.4801325,24.4101813]}},{"type":"Feature","properties":{"layer":"land","subtype":"tree","class":"tree","name":""},"geometry":{"type":"Point","coordinates":[54.4802581,24.410472]}},{"type":"Feature","properties":{"layer":"land","subtype":"tree","class":"tree","name":""},"geometry":{"type":"Point","coordinates":[54.4801751,24.4105535]}},{"type":"Feature","properties":{"layer":"land","subtype":"tree","class":"tree","name":""},"geometry":{"type":"Point","coordinates":[54.480307,24.4106232]}},{"type":"Feature","properties":{"layer":"land","subtype":"tree","class":"tree","name":""},"geometry":{"type":"Point","coordinates":[54.4803347,24.4106911]}},{"type":"Feature","properties":{"layer":"land","subtype":"tree","class":"tree","name":""},"geometry":{"type":"Point","coordinates":[54.4803581,24.4107648]}},{"type":"Feature","properties":{"layer":"land","subtype":"tree","class":"tree","name":""},"geometry":{"type":"Point","coordinates":[54.4801091,24.4107938]}},{"type":"Feature","properties":{"layer":"land","subtype":"tree","class":"tree","name":""},"geometry":{"type":"Point","coordinates":[54.4803454,24.4111331]}},{"type":"Feature","properties":{"layer":"land","subtype":"tree","class":"tree","name":""},"geometry":{"type":"Point","coordinates":[54.4803049,24.4109974]}},{"type":"Feature","properties":{"layer":"land","subtype":"tree","class":"tree","name":""},"geometry":{"type":"Point","coordinates":[54.4800899,24.410945]}},{"type":"Feature","properties":{"layer":"land","subtype":"tree","class":"tree","name":""},"geometry":{"type":"Point","coordinates":[54.4802049,24.4108617]}},{"type":"Feature","properties":{"layer":"land","subtype":"shrub","class":"scrub","name":""},"geometry":{"type":"Polygon","coordinates":[[[54.4808104,24.411349],[54.4808882,24.4119914],[54.4809391,24.41205],[54.481041,24.4120964],[54.4813093,24.4120012],[54.4812663,24.4118961],[54.4811537,24.4118302],[54.4811188,24.4115713],[54.4810652,24.4115689],[54.4809177,24.4106871],[54.4807675,24.4107189],[54.4807111,24.4108117],[54.4808104,24.411349]]]}},{"type":"Feature","properties":{"layer":"land","subtype":"tree","class":"tree","name":""},"geometry":{"type":"Point","coordinates":[54.4805327,24.4114568]}},{"type":"Feature","properties":{"layer":"land","subtype":"tree","class":"tree","name":""},"geometry":{"type":"Point","coordinates":[54.4805348,24.4115518]}},{"type":"Feature","properties":{"layer":"land","subtype":"tree","class":"tree_row","name":""},"geometry":{"type":"LineString","coordinates":[[54.4834594,24.4114771],[54.4841165,24.4116115]]}},{"type":"Feature","properties":{"layer":"land","subtype":"sand","class":"beach","name":""},"geometry":{"type":"Polygon","coordinates":[[[54.4874521,24.410312],[54.4873778,24.4103509],[54.4873778,24.4103766],[54.4874851,24.4103912],[54.4875146,24.4105671],[54.4875614,24.4105794],[54.48755,24.4102643],[54.48756612089459,24.41],[54.48740089730413,24.41],[54.4874521,24.410312]]]}},{"type":"Feature","properties":{"layer":"land","subtype":"sand","class":"beach","name":""},"geometry":{"type":"Polygon","coordinates":[[[54.4905935,24.4117692],[54.4906686,24.4115799],[54.4905868,24.411393],[54.4905854,24.4112673],[54.4906029,24.4110596],[54.4905908,24.4108936],[54.490576,24.4108386],[54.4904231,24.410838],[54.4904661,24.4109613],[54.4904788,24.4112917],[54.4904285,24.4116336],[54.4903722,24.4117093],[54.4905935,24.4117692]]]}},{"type":"Feature","properties":{"layer":"land","subtype":"sand","class":"beach","name":""},"geometry":{"type":"Polygon","coordinates":[[[54.4905327,24.4103384],[54.4905126,24.4106619],[54.4905935,24.4107073],[54.490627,24.4106194],[54.4906055,24.4103654],[54.4906283,24.41017],[54.4906283,24.410054],[54.49062800822942,24.41],[54.49049963947577,24.41],[54.4905327,24.4103384]]]}},{"type":"Feature","properties":{"layer":"land","subtype":"tree","class":"tree_row","name":""},"geometry":{"type":"LineString","coordinates":[[54.4916833,24.4100151],[54.49168219940041,24.41]]}},{"type":"Feature","properties":{"layer":"land","subtype":"tree","class":"tree_row","name":""},"geometry":{"type":"LineString","coordinates":[[54.4921121,24.4110138],[54.49201685962963,24.41]]}},{"type":"Feature","properties":{"layer":"land","subtype":"tree","class":"tree_row","name":""},"geometry":{"type":"LineString","coordinates":[[54.4916801,24.4104033],[54.4916734,24.4101956]]}},{"type":"Feature","properties":{"layer":"land","subtype":"sand","class":"sand","name":""},"geometry":{"type":"Polygon","coordinates":[[[54.4922662,24.4114999],[54.4923145,24.4115891],[54.4923788,24.4116318],[54.4924392,24.4116257],[54.4925921,24.4115829],[54.4924633,24.4115634],[54.4923292,24.4114828],[54.4922555,24.4114205],[54.4922662,24.4114999]]]}},{"type":"Feature","properties":{"layer":"land","subtype":"sand","class":"sand","name":""},"geometry":{"type":"Polygon","coordinates":[[[54.4922165,24.4115078],[54.4921897,24.4114559],[54.4921441,24.4110163],[54.4920918,24.4110212],[54.4921374,24.4114547],[54.4921348,24.4115164],[54.4922165,24.4115078]]]}},{"type":"Feature","properties":{"layer":"land","subtype":"tree","class":"tree_row","name":""},"geometry":{"type":"LineString","coordinates":[[54.4926915,24.4116488],[54.4961006,24.4107133]]}},{"type":"Feature","properties":{"layer":"land","subtype":"sand","class":"sand","name":""},"geometry":{"type":"Polygon","coordinates":[[[54.4986982,24.4145272],[54.4988959,24.4148972],[54.498849,24.414918],[54.4989369,24.4150823],[54.4990454,24.4150342],[54.49876,24.4145008],[54.4988091,24.414479],[54.4987612,24.4143896],[54.4987022,24.4143676],[54.4984636,24.4144734],[54.4985318,24.414601],[54.4986982,24.4145272]]]}},{"type":"Feature","properties":{"layer":"land","subtype":"sand","class":"sand","name":""},"geometry":{"type":"Polygon","coordinates":[[[54.4925585,24.4117124],[54.4926833,24.4116709],[54.4926685,24.4116281],[54.4925384,24.4116733],[54.4924191,24.4116843],[54.4924513,24.4117844],[54.4925585,24.4117124]]]}},{"type":"Feature","properties":{"layer":"land","subtype":"sand","class":"sand","name":""},"geometry":{"type":"Polygon","coordinates":[[[54.4923366,24.411834],[54.4923464,24.411786],[54.4923375,24.4117378],[54.4923111,24.4116952],[54.4922703,24.4116635],[54.4922201,24.4116463],[54.4921664,24.4116458],[54.4921158,24.411662],[54.4920743,24.411693],[54.492047,24.4117351],[54.492037,24.4117831],[54.492043,24.4118237],[54.4920616,24.411861],[54.4920912,24.4118918],[54.4921292,24.4119136],[54.4921725,24.4119245],[54.4922174,24.4119236],[54.492268,24.4119073],[54.4923094,24.4118762],[54.4923366,24.411834]]]}},{"type":"Feature","properties":{"layer":"land","subtype":"sand","class":"sand","name":""},"geometry":{"type":"Polygon","coordinates":[[[54.4920047,24.4125563],[54.4918853,24.4126222],[54.4918424,24.4128835],[54.4921683,24.4128762],[54.4921026,24.4121716],[54.4920181,24.4122216],[54.4918571,24.4123743],[54.4920047,24.4125563]]]}},{"type":"Feature","properties":{"layer":"land","subtype":"tree","class":"tree_row","name":""},"geometry":{"type":"LineString","coordinates":[[54.4926352,24.416177],[54.4923508,24.413737],[54.4922275,24.4123327]]}},{"type":"Feature","properties":{"layer":"land","subtype":"sand","class":"sand","name":""},"geometry":{"type":"Polygon","coordinates":[[[54.4923564,24.4147503],[54.4922076,24.4146184],[54.4922213,24.4148362],[54.4923648,24.4148245],[54.4923564,24.4147503]]]}},{"type":"Feature","properties":{"layer":"land","subtype":"tree","class":"tree_row","name":""},"geometry":{"type":"LineString","coordinates":[[54.4914795,24.4152958],[54.4914486,24.4153605],[54.4917189,24.415471]]}},{"type":"Feature","properties":{"layer":"land","subtype":"sand","class":"sand","name":""},"geometry":{"type":"Polygon","coordinates":[[[54.4927003,24.416437],[54.4927834,24.4164016],[54.4928438,24.4163992],[54.4927526,24.4162856],[54.4926829,24.4161525],[54.4926078,24.4161989],[54.4926386,24.416503],[54.4927003,24.416437]]]}},{"type":"Feature","properties":{"layer":"land","subtype":"tree","class":"tree_row","name":""},"geometry":{"type":"LineString","coordinates":[[54.493425,24.4166265],[54.4957408,24.4156101]]}},{"type":"Feature","properties":{"layer":"land","subtype":"sand","class":"sand","name":""},"geometry":{"type":"Polygon","coordinates":[[[54.4986717,24.4154494],[54.4982782,24.4147078],[54.4984621,24.4146269],[54.4983994,24.4145087],[54.4975401,24.4148868],[54.4979963,24.4157465],[54.4986717,24.4154494]]]}},{"type":"Feature","properties":{"layer":"land","subtype":"sand","class":"sand","name":""},"geometry":{"type":"Polygon","coordinates":[[[54.4929009,24.4173359],[54.4926087,24.4168183],[54.4925618,24.4168024],[54.4925048,24.4168291],[54.4928139,24.4173767],[54.4929009,24.4173359]]]}},{"type":"Feature","properties":{"layer":"land","subtype":"sand","class":"sand","name":""},"geometry":{"type":"Polygon","coordinates":[[[54.4927183,24.4167477],[54.4927465,24.4168002],[54.4927796,24.4168394],[54.4928113,24.4168676],[54.4928514,24.4168849],[54.4928955,24.4168894],[54.4929388,24.4168806],[54.4929766,24.4168594],[54.4930048,24.4168282],[54.4930203,24.4167904],[54.4930281,24.4167502],[54.4930267,24.4167087],[54.49302,24.4166635],[54.4929959,24.4166085],[54.4929691,24.4165731],[54.4929408,24.4165498],[54.4929045,24.4165268],[54.492862,24.4165158],[54.4928178,24.4165179],[54.4927768,24.416533],[54.4927434,24.4165594],[54.4927211,24.4165942],[54.4927125,24.4166337],[54.4927089,24.4166855],[54.4927183,24.4167477]]]}},{"type":"Feature","properties":{"layer":"land","subtype":"tree","class":"tree_row","name":""},"geometry":{"type":"LineString","coordinates":[[54.4911409,24.4169563],[54.4923076,24.4164287],[54.4923693,24.4163213],[54.4923184,24.415889]]}},{"type":"Feature","properties":{"layer":"land","subtype":"sand","class":"sand","name":""},"geometry":{"type":"Polygon","coordinates":[[[54.4924156,24.4164193],[54.491148,24.4169872],[54.4911775,24.4170384],[54.4909227,24.4172381],[54.4909994,24.4173217],[54.4910463,24.4173339],[54.4912103,24.4171685],[54.4913511,24.4170812],[54.4925651,24.4165228],[54.4924921,24.4158582],[54.4923554,24.4158707],[54.4924156,24.4164193]]]}},{"type":"Feature","properties":{"layer":"land","subtype":"sand","class":"sand","name":""},"geometry":{"type":"Polygon","coordinates":[[[54.4930206,24.4174398],[54.4930918,24.4174086],[54.4929534,24.4171468],[54.4929534,24.4169905],[54.4927831,24.4169905],[54.4930206,24.4174398]]]}},{"type":"Feature","properties":{"layer":"land","subtype":"sand","class":"sand","name":""},"geometry":{"type":"Polygon","coordinates":[[[54.4929468,24.4183443],[54.4932592,24.4182018],[54.4924057,24.4166838],[54.4921727,24.4167905],[54.4921774,24.416808],[54.4924175,24.4168898],[54.4925258,24.4171009],[54.4924684,24.4171253],[54.4924864,24.4171604],[54.4925181,24.4171548],[54.492565,24.4171634],[54.4926589,24.417338],[54.4926468,24.4173734],[54.4926731,24.4173747],[54.4927232,24.417467],[54.492621,24.4175129],[54.4926475,24.4175617],[54.4923705,24.4176862],[54.4924408,24.4177871],[54.4927343,24.4176573],[54.4927995,24.4177796],[54.4928102,24.4177886],[54.492841,24.4179132],[54.4928091,24.417955],[54.4927042,24.4178887],[54.4927035,24.4179023],[54.4929353,24.4183158],[54.4929468,24.4183443]]]}},{"type":"Feature","properties":{"layer":"land","subtype":"tree","class":"tree_row","name":""},"geometry":{"type":"LineString","coordinates":[[54.493062,24.4174386],[54.4935086,24.4182324]]}},{"type":"Feature","properties":{"layer":"land","subtype":"sand","class":"sand","name":""},"geometry":{"type":"Polygon","coordinates":[[[54.4937878,24.4187511],[54.4938341,24.4187317],[54.4937476,24.4185644],[54.4937035,24.4185857],[54.4937878,24.4187511]]]}},{"type":"Feature","properties":{"layer":"land","subtype":"sand","class":"sand","name":""},"geometry":{"type":"Polygon","coordinates":[[[54.5297202,24.4108317],[54.5297211,24.4107958],[54.5297313,24.4107709],[54.529745,24.4107506],[54.5297656,24.4107366],[54.5298064,24.4107281],[54.529846,24.4107327],[54.5298648,24.4107405],[54.5298725,24.4107577],[54.5298734,24.4107888],[54.5298683,24.41082],[54.5298486,24.4108551],[54.5298332,24.4108972],[54.5298229,24.4109439],[54.5298107,24.411002],[54.5297987,24.4110807],[54.5297764,24.4111587],[54.5297473,24.4112304],[54.5297062,24.4112896],[54.5296686,24.4113344],[54.5296414,24.4113687],[54.5296277,24.4114024],[54.5296219,24.4114343],[54.5296284,24.4114673],[54.529642,24.4114969],[54.52968,24.4115463],[54.5297308,24.4115885],[54.5297873,24.4116399],[54.5298087,24.4116738],[54.5298087,24.4117211],[54.5298053,24.4117808],[54.5297816,24.4118363],[54.5297353,24.4119083],[54.5296574,24.4119946],[54.5296167,24.412042],[54.5296066,24.4120749],[54.5296032,24.412115],[54.5296167,24.4121479],[54.5296393,24.4121787],[54.5296677,24.4121891],[54.5297066,24.4121979],[54.5297561,24.4122044],[54.5298075,24.412206],[54.5298809,24.4122068],[54.5299499,24.4122165],[54.5299738,24.4122294],[54.5300357,24.4122558],[54.5300956,24.4122888],[54.5301193,24.4123289],[54.5301351,24.4123998],[54.5301283,24.4125098],[54.5301294,24.4125304],[54.5301419,24.4125314],[54.5301464,24.4125098],[54.5301464,24.4124605],[54.5301464,24.4124019],[54.5301362,24.4123278],[54.5301139,24.4122915],[54.53005,24.4122395],[54.5300067,24.4122181],[54.5299192,24.412193],[54.5298573,24.4121876],[54.5298032,24.4121849],[54.5297315,24.4121831],[54.5296921,24.4121751],[54.5296558,24.4121491],[54.5296391,24.4121169],[54.529641,24.4120883],[54.5296528,24.4120507],[54.5296676,24.4120256],[54.529703,24.4119934],[54.5297374,24.4119513],[54.5297905,24.4118841],[54.5298219,24.4118188],[54.5298396,24.4117525],[54.5298357,24.41168],[54.5298062,24.4116201],[54.529757,24.4115663],[54.5297059,24.4115261],[54.5296705,24.4114947],[54.5296568,24.4114589],[54.5296568,24.4114231],[54.5296803,24.4113909],[54.5297167,24.4113685],[54.529757,24.411347],[54.5298258,24.4113049],[54.5298711,24.4112799],[54.5299025,24.4112575],[54.5299605,24.4112083],[54.5300421,24.4111205],[54.5301001,24.4110489],[54.530109,24.4110113],[54.5301247,24.4109388],[54.5301237,24.4108797],[54.5301031,24.4107275],[54.5300824,24.4106568],[54.53005,24.410612],[54.5300038,24.4105655],[54.5299625,24.4105368],[54.5298956,24.4105207],[54.5298534,24.4105109],[54.5298396,24.4104921],[54.5298347,24.4104643],[54.5298032,24.410518],[54.5297688,24.4105538],[54.5297285,24.4105941],[54.5296666,24.4106299],[54.5296312,24.4106657],[54.5296086,24.4107051],[54.5295978,24.4107383],[54.5295997,24.4107606],[54.5296233,24.4107947],[54.5296499,24.4108224],[54.5296971,24.4108529],[54.5297325,24.4108761],[54.5297202,24.4108317]]]}},{"type":"Feature","properties":{"layer":"land","subtype":"sand","class":"sand","name":""},"geometry":{"type":"Polygon","coordinates":[[[54.5300419,24.4100238],[54.5300779,24.4100433],[54.5300924,24.4100542],[54.5301224,24.4100729],[54.5301395,24.4100705],[54.5301737,24.4100324],[54.530196,24.4100183],[54.53021711097178,24.41],[54.52999479173554,24.41],[54.5300419,24.4100238]]]}},{"type":"Feature","properties":{"layer":"land","subtype":"sand","class":"sand","name":""},"geometry":{"type":"Polygon","coordinates":[[[54.529332,24.4137373],[54.5293624,24.4136349],[54.5294161,24.4135304],[54.5295152,24.4134275],[54.52947,24.4134377],[54.5294233,24.4134462],[54.5293953,24.4134377],[54.5293743,24.4134058],[54.5293719,24.4133462],[54.5293813,24.413291],[54.5293369,24.4133016],[54.5293252,24.4133739],[54.5293276,24.41341],[54.5293065,24.4134334],[54.5292622,24.4134398],[54.5292271,24.4135397],[54.5292528,24.4135865],[54.5292528,24.4136652],[54.5292552,24.413746],[54.5292388,24.413797],[54.5291804,24.4138587],[54.5291839,24.4139394],[54.529332,24.4137373]]]}},{"type":"Feature","properties":{"layer":"land","subtype":"forest","class":"wood","name":""},"geometry":{"type":"Polygon","coordinates":[[[54.5251599,24.4125536],[54.525111,24.4125583],[54.5250527,24.4125803],[54.5249894,24.4126343],[54.5249415,24.4126899],[54.5248592,24.4128434],[54.5248313,24.412963],[54.5248333,24.4131083],[54.5248534,24.4131793],[54.5249095,24.4132456],[54.5249438,24.4132773],[54.5250158,24.4133075],[54.5251238,24.413346],[54.5252433,24.4133797],[54.52538,24.4134001],[54.5255744,24.4134035],[54.5257155,24.413388],[54.5258557,24.4133412],[54.5259322,24.4133116],[54.525994,24.4132702],[54.5260285,24.4132189],[54.5260457,24.4131733],[54.5260525,24.4131277],[54.526044,24.4130694],[54.5260158,24.4130054],[54.5259773,24.4129421],[54.5259225,24.4128931],[54.5258591,24.4128489],[54.5258053,24.412825],[54.5257455,24.4128246],[54.5256499,24.4128378],[54.5254155,24.4128757],[54.5253177,24.4128827],[54.5252576,24.4128757],[54.5252372,24.4128637],[54.5252203,24.4128471],[54.5252123,24.412817],[54.525215,24.4127692],[54.5252384,24.412633],[54.5252318,24.4125886],[54.5252028,24.4125606],[54.5251599,24.4125536]]]}},{"type":"Feature","properties":{"layer":"land","subtype":"sand","class":"sand","name":""},"geometry":{"type":"Polygon","coordinates":[[[54.5240144,24.4160202],[54.5239828,24.416007],[54.5239548,24.4160313],[54.5239345,24.4160752],[54.5239637,24.4160724],[54.5240072,24.4160592],[54.524049,24.4160414],[54.5240144,24.4160202]]]}},{"type":"Feature","properties":{"layer":"land","subtype":"sand","class":"sand","name":""},"geometry":{"type":"Polygon","coordinates":[[[54.5282114,24.414841],[54.5280993,24.4149154],[54.5279686,24.4149664],[54.5278518,24.4149579],[54.5277818,24.4149728],[54.5277491,24.4149473],[54.5277071,24.4149324],[54.5277047,24.4149026],[54.5277351,24.4148707],[54.5277631,24.4148367],[54.527679,24.4148941],[54.5276534,24.4149175],[54.527574,24.4149707],[54.5275506,24.4150493],[54.5275016,24.4151078],[54.5274152,24.4151323],[54.5273451,24.4151727],[54.5272821,24.4152301],[54.527198,24.4153194],[54.5270439,24.4155256],[54.5269622,24.4156064],[54.5268735,24.4156447],[54.5267637,24.4156659],[54.5267217,24.4157212],[54.5266376,24.4157212],[54.5266003,24.4157574],[54.5265606,24.4157871],[54.5265162,24.4158424],[54.5264765,24.4159051],[54.526445,24.4159322],[54.5264929,24.4159976],[54.5265956,24.4160423],[54.5266493,24.4160848],[54.5266953,24.4161107],[54.5267839,24.4161039],[54.5268114,24.4160557],[54.5268602,24.4160058],[54.5269028,24.4159808],[54.5269882,24.4159789],[54.5270766,24.4159845],[54.5271488,24.4159873],[54.5271732,24.4160011],[54.5272454,24.4160039],[54.5273185,24.4159706],[54.5273622,24.4159549],[54.5273714,24.4159289],[54.5274171,24.4159049],[54.5274903,24.4158929],[54.5275665,24.4158864],[54.5276997,24.4158197],[54.5277932,24.4157707],[54.5278389,24.4157411],[54.5278852,24.4156685],[54.5279337,24.4155494],[54.5280078,24.4153105],[54.5280572,24.4152499],[54.5281069,24.4152128],[54.5281014,24.4151777],[54.5281089,24.4151386],[54.5281423,24.4150827],[54.5283233,24.4149233],[54.5284076,24.4148717],[54.5282114,24.414841]]]}},{"type":"Feature","properties":{"layer":"land","subtype":"sand","class":"sand","name":""},"geometry":{"type":"Polygon","coordinates":[[[54.5267702,24.4187368],[54.5267317,24.4186117],[54.5267001,24.4184994],[54.5265556,24.418284],[54.5264495,24.4181499],[54.5263889,24.4180444],[54.5263477,24.4179085],[54.5263151,24.4178101],[54.5263131,24.417654],[54.5263118,24.4175527],[54.5263106,24.4174611],[54.5262935,24.4172926],[54.5262814,24.4172163],[54.5262792,24.4171462],[54.5263083,24.4170979],[54.5263494,24.4170605],[54.5263922,24.4170277],[54.5264315,24.417009],[54.5264692,24.4170059],[54.5265126,24.4170053],[54.5264997,24.4169425],[54.5264388,24.416906],[54.5261103,24.4167448],[54.526066,24.4167069],[54.5260258,24.4165946],[54.5260298,24.4165555],[54.5260419,24.4165335],[54.5260298,24.4164945],[54.526007,24.4164786],[54.5259641,24.4163638],[54.5259493,24.4163052],[54.5259614,24.4162563],[54.5259453,24.4162099],[54.5259346,24.416166],[54.5259426,24.4161391],[54.5259641,24.4161232],[54.5260003,24.4161134],[54.5259386,24.4161128],[54.525877,24.416105],[54.5257811,24.4160957],[54.5257024,24.4160941],[54.5256252,24.416093],[54.5256355,24.4161156],[54.5256329,24.4161498],[54.5256218,24.4162036],[54.525609,24.4162621],[54.5256167,24.4163291],[54.525595,24.4163939],[54.5255984,24.4164687],[54.5256052,24.4165856],[54.5256052,24.4166697],[54.525595,24.4167555],[54.5256035,24.4168022],[54.525696,24.4169316],[54.5257456,24.4169565],[54.5258466,24.4170734],[54.525874,24.4171295],[54.5259082,24.4171934],[54.5259425,24.4172199],[54.5260349,24.4172682],[54.5261222,24.4173368],[54.5261615,24.4174225],[54.5261838,24.4175051],[54.5261838,24.417569],[54.5261787,24.4176704],[54.5261273,24.4177701],[54.5261085,24.4178215],[54.526129,24.4178683],[54.5261427,24.4179197],[54.5261974,24.4180463],[54.5262523,24.4180818],[54.5262933,24.4181177],[54.5263186,24.4181788],[54.5263529,24.4182504],[54.5263888,24.4183003],[54.5264556,24.4183424],[54.5265326,24.418358],[54.5265805,24.4183876],[54.5265959,24.4184484],[54.5265908,24.4185045],[54.5266336,24.4185933],[54.5266593,24.4186744],[54.5266764,24.4187274],[54.5267055,24.4187913],[54.5267568,24.4188209],[54.5267757,24.4188786],[54.5267791,24.4189347],[54.5268297,24.4190142],[54.5267702,24.4187368]]]}},{"type":"Feature","properties":{"layer":"land","subtype":"sand","class":"sand","name":""},"geometry":{"type":"Polygon","coordinates":[[[54.5246184,24.4174566],[54.5246215,24.4174629],[54.5246377,24.4174948],[54.5246626,24.4175412],[54.5246954,24.4175866],[54.5247317,24.4176392],[54.5247521,24.4177197],[54.5247792,24.417828],[54.5247815,24.4178971],[54.5247668,24.4179651],[54.5247668,24.4180373],[54.5247634,24.4180755],[54.5247533,24.4181163],[54.5247914,24.4180468],[54.5248554,24.4179651],[54.5249224,24.4178695],[54.5249393,24.4177994],[54.5249369,24.4177294],[54.5249285,24.4176719],[54.5248756,24.417581],[54.5247651,24.417508],[54.5246544,24.4174584],[54.5246172,24.4174194],[54.5246184,24.4174566]]]}},{"type":"Feature","properties":{"layer":"land","subtype":"sand","class":"sand","name":""},"geometry":{"type":"Polygon","coordinates":[[[54.5272042,24.418194],[54.5271839,24.4181107],[54.5271229,24.4180441],[54.5270782,24.4180126],[54.5270619,24.4179645],[54.527005,24.4179312],[54.5269278,24.4178831],[54.5268546,24.4178812],[54.5267956,24.4178442],[54.526755,24.4177702],[54.5267184,24.4176591],[54.5266988,24.4176472],[54.5267024,24.4177516],[54.5267252,24.4178254],[54.5267568,24.4178895],[54.5268562,24.4179947],[54.5270431,24.4181271],[54.5270928,24.4181683],[54.5271766,24.4181962],[54.5272277,24.4182241],[54.5272042,24.418194]]]}},{"type":"Feature","properties":{"layer":"land","subtype":"sand","class":"sand","name":""},"geometry":{"type":"Polygon","coordinates":[[[54.5270414,24.4190069],[54.5270217,24.4190584],[54.5269555,24.4190684],[54.5268997,24.4190734],[54.5269058,24.4190905],[54.5269725,24.4191077],[54.527041,24.4191451],[54.5270888,24.4191552],[54.5271282,24.4191427],[54.5271522,24.4191318],[54.5271676,24.4191065],[54.5271412,24.4190417],[54.5271127,24.4189973],[54.527063,24.418956],[54.5270414,24.4190069]]]}},{"type":"Feature","properties":{"layer":"land","subtype":"sand","class":"sand","name":""},"geometry":{"type":"Polygon","coordinates":[[[54.5408975,24.4235922],[54.5412945,24.4234603],[54.5415403,24.4231389],[54.5416601,24.4225821],[54.5421707,24.4221114],[54.5430048,24.4221749],[54.543894,24.4225919],[54.5442468,24.4215451],[54.5445556,24.4216143],[54.5451477,24.4197857],[54.5451223,24.4196939],[54.5449703,24.4196021],[54.5393657,24.4179952],[54.539201,24.4178862],[54.539182,24.4177083],[54.5392576,24.4173353],[54.5392006,24.417209],[54.5390232,24.4171],[54.536623,24.4164116],[54.5364267,24.4164347],[54.5363253,24.4165212],[54.5349954,24.42043],[54.5350773,24.4205453],[54.5352475,24.4206375],[54.535929,24.4208394],[54.5360487,24.4209374],[54.5360928,24.42107],[54.5357952,24.4219984],[54.5357888,24.4221022],[54.5358478,24.4221622],[54.5408975,24.4235922]]]}},{"type":"Feature","properties":{"layer":"land","subtype":"land","class":"land","name":""},"geometry":{"type":"Polygon","coordinates":[[[54.4800136,24.4277662],[54.4800954,24.4277522],[54.4801531,24.4281081],[54.4802497,24.4280996],[54.4801913,24.4277644],[54.4802416,24.4277577],[54.4802024,24.4274882],[54.4804924,24.4274347],[54.4808578,24.4271014],[54.4814131,24.4265116],[54.4820447,24.4258974],[54.4828038,24.4253339],[54.4828695,24.4252795],[54.4829077,24.4252399],[54.4829835,24.4251538],[54.4830687,24.4250598],[54.4831257,24.4249938],[54.4831867,24.4249358],[54.4832222,24.4248998],[54.4833034,24.4248369],[54.4835736,24.4247398],[54.4838525,24.4246971],[54.4842321,24.4246226],[54.4847457,24.4245616],[54.4847416,24.4244861],[54.4847256,24.4243723],[54.484688,24.4239339],[54.484562,24.423951],[54.4843125,24.4240047],[54.4830666,24.4242026],[54.4829795,24.4241],[54.4828252,24.4241134],[54.4825396,24.4238948],[54.4824162,24.4237214],[54.4823626,24.4235285],[54.4823545,24.4233478],[54.4824403,24.4230327],[54.4826898,24.4226835],[54.4828843,24.4225284],[54.4831538,24.4224002],[54.483414,24.4223489],[54.4836272,24.4223685],[54.4837989,24.4224356],[54.4839987,24.4225614],[54.4841717,24.4227201],[54.4842522,24.4228111],[54.484338,24.4229006],[54.4839853,24.4232672],[54.4839115,24.4232135],[54.4838398,24.4231439],[54.4837815,24.4230938],[54.4836929,24.4230193],[54.4836359,24.4229717],[54.4835682,24.4229399],[54.483473,24.4229082],[54.4833791,24.4229058],[54.4832767,24.4229297],[54.4831907,24.422974],[54.4830956,24.4230603],[54.4830465,24.4231976],[54.4830438,24.4232977],[54.4831136,24.4234552],[54.4836339,24.4240121],[54.4838431,24.4240536],[54.4840524,24.4240316],[54.4843957,24.4236433],[54.4847256,24.4232678],[54.4848034,24.42315],[54.4848329,24.4231216],[54.4848631,24.4231057],[54.4848778,24.4230914],[54.4848825,24.4230654],[54.4848735,24.4230318],[54.4848634,24.4229964],[54.484857,24.4229754],[54.4848557,24.4229482],[54.4848731,24.4229021],[54.4849486,24.4229097],[54.4849616,24.4229048],[54.4849801,24.4228893],[54.4849888,24.4228603],[54.4849817,24.4228383],[54.484961,24.422823],[54.4848869,24.4228242],[54.4848617,24.4228093],[54.4848543,24.4227806],[54.4848523,24.4227116],[54.4848678,24.4226798],[54.4849062,24.4226642],[54.4849435,24.422617],[54.4849408,24.4225907],[54.484906,24.4225614],[54.4848067,24.4225461],[54.4847598,24.4225394],[54.4847169,24.4225138],[54.4845003,24.4219985],[54.4844654,24.4218373],[54.4844654,24.4216761],[54.4845311,24.4214026],[54.4846196,24.421151],[54.4846612,24.4210814],[54.4847323,24.4210033],[54.4848262,24.4208396],[54.4848986,24.420632],[54.4849791,24.420201],[54.4850568,24.4199494],[54.4852929,24.4194207],[54.4853787,24.4192949],[54.4854605,24.4191313],[54.4855142,24.4190397],[54.4855839,24.4189982],[54.4856201,24.418956],[54.4856295,24.41892],[54.4856274,24.418841],[54.4856268,24.4188199],[54.4856174,24.4185708],[54.4856121,24.4183858],[54.4856174,24.418224],[54.4856308,24.4181629],[54.4856778,24.4180542],[54.4856939,24.4180115],[54.4858132,24.4173044],[54.4859943,24.4162799],[54.4861391,24.4156339],[54.4864094,24.4145397],[54.4864918,24.4142338],[54.4865569,24.4140751],[54.4866233,24.4139835],[54.4866742,24.4139273],[54.4867339,24.4138882],[54.4867822,24.4138192],[54.4868097,24.4137081],[54.4868177,24.4135188],[54.4868787,24.4131872],[54.4868955,24.4131103],[54.4868995,24.4130315],[54.4868801,24.4129742],[54.4867882,24.4128239],[54.4870739,24.41188],[54.4871812,24.4115063],[54.4872777,24.4112413],[54.4873555,24.4110935],[54.4876391,24.4106197],[54.4875614,24.4105794],[54.48755,24.4102643],[54.48756612089459,24.41],[54.48,24.41],[54.48,24.427767485759496],[54.4800136,24.4277662]]]}},{"type":"Feature","properties":{"layer":"land","subtype":"land","class":"island","name":"جزيرة أبو ظبي"},"geometry":{"type":"Polygon","coordinates":[[[54.4800136,24.4277662],[54.4800954,24.4277522],[54.4801531,24.4281081],[54.4802497,24.4280996],[54.4801913,24.4277644],[54.4802416,24.4277577],[54.4802024,24.4274882],[54.4804924,24.4274347],[54.4808578,24.4271014],[54.4814131,24.4265116],[54.4820447,24.4258974],[54.4828038,24.4253339],[54.4828695,24.4252795],[54.4829077,24.4252399],[54.4829835,24.4251538],[54.4830687,24.4250598],[54.4831257,24.4249938],[54.4831867,24.4249358],[54.4832222,24.4248998],[54.4833034,24.4248369],[54.4835736,24.4247398],[54.4838525,24.4246971],[54.4842321,24.4246226],[54.4847457,24.4245616],[54.4847416,24.4244861],[54.4847256,24.4243723],[54.484688,24.4239339],[54.484562,24.423951],[54.4843125,24.4240047],[54.4830666,24.4242026],[54.4829795,24.4241],[54.4828252,24.4241134],[54.4825396,24.4238948],[54.4824162,24.4237214],[54.4823626,24.4235285],[54.4823545,24.4233478],[54.4824403,24.4230327],[54.4826898,24.4226835],[54.4828843,24.4225284],[54.4831538,24.4224002],[54.483414,24.4223489],[54.4836272,24.4223685],[54.4837989,24.4224356],[54.4839987,24.4225614],[54.4841717,24.4227201],[54.4842522,24.4228111],[54.484338,24.4229006],[54.4839853,24.4232672],[54.4839115,24.4232135],[54.4838398,24.4231439],[54.4837815,24.4230938],[54.4836929,24.4230193],[54.4836359,24.4229717],[54.4835682,24.4229399],[54.483473,24.4229082],[54.4833791,24.4229058],[54.4832767,24.4229297],[54.4831907,24.422974],[54.4830956,24.4230603],[54.4830465,24.4231976],[54.4830438,24.4232977],[54.4831136,24.4234552],[54.4836339,24.4240121],[54.4838431,24.4240536],[54.4840524,24.4240316],[54.4843957,24.4236433],[54.4847256,24.4232678],[54.4848034,24.42315],[54.4848329,24.4231216],[54.4848631,24.4231057],[54.4848778,24.4230914],[54.4848825,24.4230654],[54.4848735,24.4230318],[54.4848634,24.4229964],[54.484857,24.4229754],[54.4848557,24.4229482],[54.4848731,24.4229021],[54.4849486,24.4229097],[54.4849616,24.4229048],[54.4849801,24.4228893],[54.4849888,24.4228603],[54.4849817,24.4228383],[54.484961,24.422823],[54.4848869,24.4228242],[54.4848617,24.4228093],[54.4848543,24.4227806],[54.4848523,24.4227116],[54.4848678,24.4226798],[54.4849062,24.4226642],[54.4849435,24.422617],[54.4849408,24.4225907],[54.484906,24.4225614],[54.4848067,24.4225461],[54.4847598,24.4225394],[54.4847169,24.4225138],[54.4845003,24.4219985],[54.4844654,24.4218373],[54.4844654,24.4216761],[54.4845311,24.4214026],[54.4846196,24.421151],[54.4846612,24.4210814],[54.4847323,24.4210033],[54.4848262,24.4208396],[54.4848986,24.420632],[54.4849791,24.420201],[54.4850568,24.4199494],[54.4852929,24.4194207],[54.4853787,24.4192949],[54.4854605,24.4191313],[54.4855142,24.4190397],[54.4855839,24.4189982],[54.4856201,24.418956],[54.4856295,24.41892],[54.4856274,24.418841],[54.4856268,24.4188199],[54.4856174,24.4185708],[54.4856121,24.4183858],[54.4856174,24.418224],[54.4856308,24.4181629],[54.4856778,24.4180542],[54.4856939,24.4180115],[54.4858132,24.4173044],[54.4859943,24.4162799],[54.4861391,24.4156339],[54.4864094,24.4145397],[54.4864918,24.4142338],[54.4865569,24.4140751],[54.4866233,24.4139835],[54.4866742,24.4139273],[54.4867339,24.4138882],[54.4867822,24.4138192],[54.4868097,24.4137081],[54.4868177,24.4135188],[54.4868787,24.4131872],[54.4868955,24.4131103],[54.4868995,24.4130315],[54.4868801,24.4129742],[54.4867882,24.4128239],[54.4870739,24.41188],[54.4871812,24.4115063],[54.4872777,24.4112413],[54.4873555,24.4110935],[54.4876391,24.4106197],[54.4875614,24.4105794],[54.48755,24.4102643],[54.48756612089459,24.41],[54.48,24.41],[54.48,24.427767485759496],[54.4800136,24.4277662]]]}},{"type":"Feature","properties":{"layer":"land","subtype":"land","class":"land","name":""},"geometry":{"type":"MultiPolygon","coordinates":[[[[54.5694586,24.4407015],[54.5684244,24.4405494],[54.5670242,24.4400787],[54.5661057,24.4427724],[54.5671713,24.4430794],[54.5672115,24.443091],[54.5672338,24.4431082],[54.5672509,24.443117],[54.5672863,24.4431128],[54.5673594,24.4431282],[54.5674513,24.4431483],[54.5675508,24.4431878],[54.5676718,24.443229],[54.5677979,24.4432756],[54.5678948,24.4433126],[54.5680067,24.443354],[54.5680766,24.4433834],[54.5681441,24.4434247],[54.5681678,24.4434632],[54.568184,24.4434871],[54.5681982,24.4434954],[54.5682071,24.4435007],[54.5682494,24.4435178],[54.57,24.444224223458956],[54.57,24.44073910443166],[54.5694586,24.4407015]]],[[[54.4905327,24.4103384],[54.4905126,24.4106619],[54.4902823,24.410656],[54.4902153,24.4106866],[54.4902113,24.4107769],[54.49029,24.4108109],[54.4904231,24.410838],[54.4904661,24.4109613],[54.4904788,24.4112917],[54.4904285,24.4116336],[54.4903722,24.4117093],[54.4901522,24.4116727],[54.4900973,24.4117264],[54.4900986,24.4118131],[54.4903279,24.4118827],[54.4902917,24.4122051],[54.4902421,24.4124018],[54.4901761,24.4125632],[54.4901053,24.4126765],[54.4898371,24.4126179],[54.4897942,24.4126448],[54.4897673,24.4127071],[54.4897955,24.412762],[54.490223,24.4128967],[54.4902515,24.4129598],[54.4902364,24.4130115],[54.4900174,24.4134883],[54.4899283,24.4136681],[54.489884,24.4137011],[54.4898189,24.4136955],[54.4893985,24.4135753],[54.4893476,24.4135949],[54.4893181,24.4136437],[54.4893405,24.4136929],[54.4894736,24.4137573],[54.4897267,24.4138346],[54.4897164,24.4140113],[54.4896168,24.414306],[54.4894455,24.4145645],[54.4892949,24.4146723],[54.4888819,24.4145355],[54.4888148,24.4145844],[54.4888282,24.4146552],[54.4892118,24.4148115],[54.4891742,24.4150191],[54.489016,24.4153928],[54.4888121,24.4156395],[54.4883722,24.415471],[54.4882891,24.4155052],[54.4882719,24.4155521],[54.4883014,24.4156033],[54.4888094,24.4158349],[54.4888148,24.415891],[54.4887417,24.415925],[54.4884151,24.4159057],[54.4884763,24.4159505],[54.4886148,24.4160447],[54.4886349,24.4162033],[54.4885291,24.4164459],[54.4883389,24.4168666],[54.4882256,24.417086],[54.4881286,24.4171034],[54.4877269,24.4169814],[54.4876572,24.4170229],[54.4876626,24.417118],[54.4878179,24.4171985],[54.4880054,24.4172424],[54.4880295,24.4173058],[54.4878795,24.4177497],[54.4878057,24.4178728],[54.4876754,24.4179982],[54.4876251,24.418079],[54.4875849,24.4182106],[54.4875581,24.4182985],[54.4874923,24.4184676],[54.4874754,24.4184999],[54.4874345,24.4185846],[54.4874649,24.4186111],[54.4873893,24.4189586],[54.4872033,24.4189551],[54.4871664,24.4189984],[54.4871545,24.4190441],[54.4871981,24.4190994],[54.4872588,24.4191655],[54.4873301,24.4191872],[54.4873199,24.41924],[54.4872575,24.4195646],[54.4871941,24.4195913],[54.4870171,24.4202951],[54.4868646,24.4209269],[54.4868378,24.42143],[54.4869719,24.4220992],[54.4872554,24.4226168],[54.487727,24.4231884],[54.4880502,24.4233984],[54.4881005,24.4234383],[54.4892035,24.4243118],[54.4894449,24.4244095],[54.4896556,24.4244078],[54.4897628,24.4244737],[54.4899506,24.4245421],[54.4900874,24.4245714],[54.4901492,24.4245861],[54.4902297,24.4246178],[54.4903531,24.4246715],[54.4904684,24.4247033],[54.4905945,24.4247326],[54.4906615,24.4247692],[54.4907554,24.4247814],[54.4909506,24.4248621],[54.4910852,24.4249011],[54.49123,24.4249158],[54.4914152,24.424884],[54.4915493,24.4248938],[54.4916484,24.4249304],[54.4916887,24.4249402],[54.4917477,24.424928],[54.4918094,24.4249206],[54.4918818,24.4249573],[54.4919676,24.4249671],[54.4920239,24.4249719],[54.492209,24.4249817],[54.4923138,24.424989],[54.4924209,24.4249573],[54.4925203,24.4249622],[54.492582,24.4248913],[54.4926276,24.4248913],[54.4926578,24.424932],[54.4927428,24.4249817],[54.4928527,24.4250257],[54.4930487,24.4250159],[54.4933624,24.4249426],[54.4936011,24.4249109],[54.4940195,24.4248694],[54.494961,24.4248474],[54.4951353,24.4248523],[54.4954761,24.4248596],[54.4956266,24.4248562],[54.4957366,24.4247219],[54.4959051,24.4246911],[54.4960553,24.4246764],[54.496235,24.4246862],[54.4963074,24.4246203],[54.4968251,24.4245861],[54.4971604,24.424591],[54.4973942,24.4245852],[54.4975417,24.4246316],[54.4977107,24.4246096],[54.4978716,24.4245876],[54.4980352,24.4245998],[54.4982176,24.4246169],[54.4983544,24.4246267],[54.4984426,24.4246471],[54.4985176,24.4247106],[54.4986302,24.4247204],[54.4987161,24.4246764],[54.4987965,24.4246593],[54.4988314,24.4247179],[54.4989494,24.4247424],[54.4991372,24.4247204],[54.4992874,24.4247057],[54.4993973,24.4246667],[54.4994805,24.4245812],[54.4995717,24.4245787],[54.4996924,24.4246056],[54.4998588,24.4246129],[54.5000116,24.4245568],[54.5001832,24.4244835],[54.5003549,24.4244908],[54.5004836,24.4245128],[54.5005669,24.424503],[54.5006177,24.4245299],[54.500717,24.424525],[54.5007921,24.4245152],[54.5008752,24.4245421],[54.5009691,24.424591],[54.5011299,24.4245739],[54.5012774,24.4246178],[54.5016127,24.4246593],[54.5018514,24.4246862],[54.501956,24.4246618],[54.5020341,24.4246838],[54.5020821,24.4247131],[54.5023879,24.4246886],[54.5027261,24.4246911],[54.5028063,24.424652],[54.5029917,24.4246497],[54.5031925,24.4246471],[54.5033696,24.4246935],[54.5034312,24.4247033],[54.5034983,24.4247106],[54.5035922,24.4247033],[54.5036059,24.4247277],[54.5036646,24.4247595],[54.5036995,24.4247668],[54.5039784,24.4247546],[54.504024,24.424735],[54.5040669,24.424696],[54.5040857,24.4246691],[54.5041018,24.4246838],[54.5041825,24.4246642],[54.5042144,24.4246203],[54.5043512,24.424591],[54.5045551,24.4245665],[54.5048394,24.4245397],[54.5049845,24.4245665],[54.5050325,24.4245348],[54.5051371,24.4245177],[54.5053463,24.4245152],[54.506033,24.4244664],[54.5062532,24.4244908],[54.5063575,24.4244615],[54.5064863,24.4244737],[54.506666,24.4244786],[54.5068859,24.4244713],[54.5069774,24.4244859],[54.5071166,24.4244566],[54.5073526,24.4244322],[54.507476,24.4244371],[54.5076021,24.4244444],[54.5077308,24.424442],[54.5077416,24.4243956],[54.5078059,24.4243565],[54.5079213,24.4243492],[54.5080422,24.4243834],[54.5081332,24.4243248],[54.50816,24.4243272],[54.5082166,24.4244054],[54.508329,24.4243614],[54.5084067,24.4243565],[54.5084714,24.4243565],[54.5086589,24.4242979],[54.5089056,24.424271],[54.5090695,24.4242466],[54.5091658,24.4242735],[54.5094474,24.4242784],[54.5096569,24.4242784],[54.5097693,24.4243199],[54.5109173,24.4243125],[54.5117997,24.4242979],[54.5118453,24.4243199],[54.5118802,24.4243614],[54.5119151,24.4244151],[54.5119365,24.4244859],[54.511966,24.4245226],[54.5120224,24.4245348],[54.5123067,24.4245201],[54.5123764,24.4245067],[54.5124114,24.4244736],[54.5124247,24.424442],[54.5124528,24.4244115],[54.512496,24.424398],[54.5126661,24.4243919],[54.5138557,24.4243393],[54.5144042,24.4243076],[54.5149688,24.424277],[54.515803,24.4242404],[54.5158754,24.4242196],[54.5159277,24.4241818],[54.5159465,24.4241513],[54.5159586,24.4240975],[54.5162992,24.4239009],[54.5163783,24.4238606],[54.5165151,24.4238448],[54.5173653,24.4238168],[54.5189317,24.4236776],[54.5199644,24.4236361],[54.5211767,24.4236556],[54.5221506,24.4237875],[54.5227887,24.4241611],[54.5233815,24.4245275],[54.5236444,24.4247131],[54.5237973,24.4249011],[54.5239263,24.4250892],[54.5240494,24.4252039],[54.5244305,24.4254042],[54.5244171,24.4254335],[54.5244544,24.4254579],[54.5245027,24.4254359],[54.5245885,24.4254384],[54.5246341,24.4254946],[54.524669,24.4255654],[54.5246824,24.4256509],[54.5246719,24.4257314],[54.5246371,24.4258242],[54.5244437,24.4260489],[54.5243313,24.4260782],[54.5237117,24.4259073],[54.5235776,24.4258389],[54.5235186,24.4258096],[54.5234491,24.4257863],[54.523312,24.4258072],[54.5231753,24.4258413],[54.5230841,24.4258829],[54.5229711,24.4258853],[54.5229094,24.4258487],[54.5228909,24.4257827],[54.5229845,24.4251136],[54.5229607,24.4250501],[54.5229258,24.4250086],[54.5227971,24.4249915],[54.5227271,24.4250232],[54.5211338,24.4239413],[54.5206808,24.4252186],[54.5212575,24.4253871],[54.5208897,24.4263957],[54.5203292,24.4262296],[54.5195808,24.4283396],[54.5246448,24.4297902],[54.5249197,24.4289868],[54.5266171,24.4294742],[54.5266377,24.4294801],[54.5268955,24.4295656],[54.5266192,24.4303617],[54.5266454,24.4303693],[54.5281534,24.4308061],[54.5287351,24.4291031],[54.5287757,24.4289843],[54.5295075,24.429189],[54.5302077,24.4293848],[54.5301487,24.4295411],[54.5312833,24.4298659],[54.5313426,24.429717],[54.5340275,24.4304789],[54.5339685,24.4306425],[54.5347541,24.4308696],[54.5348187,24.4307084],[54.5374959,24.4314758],[54.5374365,24.4316243],[54.5379301,24.4317671],[54.5377839,24.4321369],[54.5369023,24.4318837],[54.5369513,24.4317302],[54.5353093,24.4312652],[54.5352932,24.4313116],[54.5350089,24.431231],[54.5349528,24.4313702],[54.5344513,24.4312256],[54.5339602,24.4310839],[54.5334964,24.4309502],[54.5335364,24.4308086],[54.5332547,24.4307255],[54.5332681,24.4306791],[54.5316293,24.43022],[54.5315732,24.430369],[54.5300848,24.4299458],[54.5294788,24.4297735],[54.5290222,24.4296437],[54.5284699,24.4312286],[54.5286577,24.4312823],[54.5285421,24.4316266],[54.5298191,24.4319856],[54.5298725,24.4318098],[54.5309909,24.4321199],[54.5308013,24.4326696],[54.5321148,24.4330396],[54.5324172,24.4321788],[54.5329722,24.4323426],[54.5328306,24.4327782],[54.5343809,24.4332069],[54.5345225,24.4327957],[54.5350967,24.432949],[54.5347963,24.4338186],[54.5361034,24.4341827],[54.5362872,24.4336356],[54.5374049,24.4339423],[54.5373475,24.4341374],[54.5386183,24.4344999],[54.5387293,24.4341479],[54.5389246,24.4342001],[54.5394597,24.4326206],[54.5379891,24.4321947],[54.5381304,24.431817],[54.5385811,24.4319429],[54.538639,24.4317878],[54.5400661,24.4321962],[54.5389786,24.435397],[54.539832,24.4356407],[54.539956,24.4355928],[54.5401065,24.4356293],[54.5403338,24.435686],[54.5406053,24.435772],[54.540826,24.4358489],[54.5409589,24.4358539],[54.5410559,24.4358929],[54.541099,24.4359092],[54.5411183,24.4359012],[54.5411441,24.4358644],[54.5411642,24.4358258],[54.541193,24.4357765],[54.541219,24.4357011],[54.5412491,24.4356516],[54.5412766,24.4356146],[54.5413066,24.4355916],[54.541356,24.4355787],[54.5413983,24.4355793],[54.5414724,24.4356014],[54.5416705,24.4356651],[54.541831,24.4357224],[54.542011,24.4357677],[54.5421893,24.4358169],[54.5422733,24.4358494],[54.5423219,24.4358923],[54.5423526,24.4359496],[54.5423589,24.4360189],[54.5423597,24.4360749],[54.5423422,24.4361363],[54.5423249,24.4362122],[54.5423075,24.4362792],[54.5422827,24.4363402],[54.5434847,24.4366814],[54.5444315,24.4338733],[54.5452311,24.4341053],[54.5462503,24.4343934],[54.5463332,24.4341662],[54.5486783,24.4348301],[54.548717,24.4347559],[54.5487451,24.4347377],[54.5487831,24.4346787],[54.5488169,24.4346415],[54.5488429,24.434631],[54.5488496,24.4346045],[54.5488713,24.4345836],[54.5489069,24.4345469],[54.5489354,24.4345248],[54.5489555,24.4345188],[54.5489857,24.4345278],[54.5490697,24.4345519],[54.5491493,24.434583],[54.5492472,24.4345988],[54.549333,24.434629],[54.5495163,24.4346853],[54.5497348,24.4347534],[54.549902,24.4347984],[54.5500091,24.4348298],[54.5500443,24.434855],[54.5500644,24.4348806],[54.5500802,24.4349176],[54.5500878,24.4349823],[54.5500955,24.4350516],[54.5500972,24.4351133],[54.5500885,24.4351675],[54.5500671,24.4352029],[54.5500481,24.435226],[54.5503782,24.4354337],[54.5508312,24.4356509],[54.5512017,24.4357927],[54.5517756,24.4359612],[54.5521589,24.4360465],[54.5525535,24.4360955],[54.553213,24.4361247],[54.554313,24.436437701741305],[54.5554527,24.436762],[54.5569067,24.4371797],[54.5568316,24.4374068],[54.55718,24.4375019],[54.5570379,24.4378487],[54.5558765,24.4375215],[54.5559516,24.437287],[54.554313,24.43681739105378],[54.5531996,24.4364983],[54.5531192,24.4367278],[54.5497264,24.4357609],[54.549804,24.4355386],[54.5470681,24.4347572],[54.546993,24.4349892],[54.5447024,24.4343347],[54.5439997,24.4364153],[54.5454269,24.4368207],[54.5455875,24.4363664],[54.5468109,24.4367109],[54.5466043,24.4373189],[54.54724,24.4373653],[54.5474356,24.4369036],[54.5484038,24.4371796],[54.54827,24.4376656],[54.5488306,24.4379611],[54.5489966,24.4374848],[54.5526769,24.4385228],[54.5525106,24.4390038],[54.5525613,24.4390037],[54.5531436,24.4390478],[54.5533367,24.4385789],[54.554313,24.4388549],[54.5541706,24.4393333],[54.554313,24.439409959261916],[54.5547288,24.4396338],[54.554935,24.4390281],[54.5561472,24.4393713],[54.5559999,24.439829],[54.5574351,24.440237],[54.5581403,24.4381563],[54.5573329,24.4379219],[54.557411,24.4375729],[54.5583092,24.4378291],[54.5584916,24.4379048],[54.558677,24.43801],[54.5588459,24.4381198],[54.5589744,24.4382174],[54.5591407,24.438381],[54.5592966,24.4385618],[54.5596318,24.4383274],[54.5598285,24.4381978],[54.560204,24.438022],[54.5601772,24.4379633],[54.5607887,24.4377826],[54.5609005,24.437814],[54.5611718,24.4381333],[54.5608477,24.438232],[54.5605174,24.4383506],[54.5604952,24.438308],[54.5602973,24.4383915],[54.5600944,24.4384938],[54.5598303,24.4386505],[54.5596233,24.438795],[54.559474,24.4389182],[54.5593388,24.4390427],[54.5591809,24.4392086],[54.5590283,24.4393942],[54.5589225,24.4395469],[54.5588605,24.4396383],[54.5588008,24.439741],[54.5586738,24.4400606],[54.5586307,24.440194],[54.5586088,24.4402994],[54.5586282,24.4403501],[54.5586716,24.4403974],[54.5587929,24.4404465],[54.5589399,24.4405006],[54.5590816,24.4405165],[54.5592149,24.4404992],[54.5592792,24.4404506],[54.5593227,24.4403994],[54.5593568,24.4403394],[54.5594126,24.4402919],[54.5595087,24.4402687],[54.5596162,24.4402743],[54.5597001,24.4403375],[54.5597424,24.4403319],[54.5598712,24.4402861],[54.5599099,24.4402755],[54.5599588,24.440303],[54.5600465,24.4403365],[54.560142,24.4403453],[54.5602482,24.4403843],[54.5603848,24.4404065],[54.5605524,24.4404465],[54.560668,24.4404961],[54.5608135,24.4405329],[54.560882,24.4405751],[54.5609228,24.4406219],[54.5609286,24.4406729],[54.5609152,24.4407417],[54.5609229,24.4408026],[54.5609327,24.4409089],[54.5609284,24.4409635],[54.5609497,24.441005],[54.5609425,24.4410554],[54.5609355,24.4411103],[54.560952,24.441143],[54.5609967,24.441156],[54.5610591,24.4411667],[54.561153,24.4411928],[54.5613039,24.4412313],[54.5614062,24.4412656],[54.5614702,24.441293],[54.561539,24.4413376],[54.5616508,24.441351],[54.5617768,24.4413336],[54.5618922,24.4413375],[54.56207,24.4413183],[54.5622515,24.4412738],[54.5624447,24.4412514],[54.5626846,24.4412696],[54.5628539,24.4413087],[54.5630451,24.441396],[54.5632122,24.4414999],[54.5633257,24.4416164],[54.5633772,24.4417483],[54.5633958,24.441841],[54.5634023,24.4418996],[54.5634304,24.4419533],[54.5639248,24.4420832],[54.564108,24.4421304],[54.5642934,24.4421959],[54.5644928,24.4422481],[54.5646949,24.4422815],[54.5647885,24.4422983],[54.5648742,24.4422584],[54.5649531,24.4422165],[54.5650247,24.4421836],[54.5650365,24.4421603],[54.5650372,24.4421116],[54.5650563,24.4420538],[54.565077,24.4420026],[54.5651084,24.4419611],[54.5651584,24.441912],[54.5651945,24.4418626],[54.5652446,24.4418121],[54.5652829,24.4417829],[54.5652838,24.441756],[54.5652892,24.4417193],[54.5653049,24.4416839],[54.565322,24.4416191],[54.565325,24.4415301],[54.5653157,24.4414525],[54.5653131,24.4414075],[54.565314,24.4413355],[54.565323,24.4412646],[54.565348,24.4412134],[54.5653795,24.4411794],[54.5653941,24.4411539],[54.5653915,24.4411378],[54.5653786,24.4411197],[54.5653662,24.4410727],[54.5653795,24.441042],[54.5653808,24.441021],[54.5653761,24.4410043],[54.565345,24.4409753],[54.565342,24.4409596],[54.5653556,24.4409468],[54.5654353,24.4409171],[54.5654605,24.4408903],[54.5654918,24.440865],[54.5655148,24.4408143],[54.5655244,24.4407505],[54.5655637,24.4406804],[54.5655963,24.4406529],[54.5656166,24.4406156],[54.5656629,24.4405628],[54.5656793,24.440524],[54.5657145,24.4405108],[54.5657867,24.4404544],[54.5659643,24.4403842],[54.5661114,24.4403482],[54.5662417,24.4403334],[54.5663149,24.4403537],[54.5665003,24.4398171],[54.5655326,24.4392257],[54.5649837,24.4388981],[54.5647335,24.4387688],[54.5645986,24.4387028],[54.5644772,24.4386526],[54.56447,24.4387186],[54.5644523,24.4387825],[54.5644264,24.4388389],[54.5643912,24.4388847],[54.5643599,24.4389103],[54.5643183,24.4389405],[54.5642738,24.4389608],[54.5642222,24.4389767],[54.5641564,24.4389881],[54.5640955,24.4389826],[54.5640361,24.4389742],[54.5639693,24.438954],[54.5638569,24.4389133],[54.5637282,24.4388593],[54.5636152,24.4388062],[54.5635281,24.4387684],[54.5634445,24.4387447],[54.5632772,24.4387168],[54.5631008,24.4386856],[54.5629578,24.4386801],[54.5628828,24.4386741],[54.5628199,24.4386547],[54.5627594,24.438631],[54.5627107,24.4386013],[54.5626692,24.4385547],[54.5626106,24.4384832],[54.5625803,24.4384524],[54.5625404,24.4384272],[54.5624742,24.438387],[54.562441,24.4383485],[54.5624313,24.4383144],[54.5624372,24.4382735],[54.5624524,24.4382132],[54.562447,24.4381541],[54.562427,24.4381087],[54.5621673,24.4380708],[54.5616854,24.4380649],[54.5613877,24.4380857],[54.5611088,24.4377243],[54.5611374,24.4374164],[54.5611052,24.4372698],[54.5611213,24.4371868],[54.5611481,24.4370891],[54.5611964,24.4370354],[54.561268,24.4369624],[54.5617505,24.4358121],[54.5618444,24.4357584],[54.5619329,24.4357559],[54.562027,24.4357927],[54.562214,24.4359137],[54.5625493,24.4362032],[54.5624015,24.4365594],[54.5622653,24.4365972],[54.5621804,24.4366551],[54.5621079,24.4367513],[54.5620779,24.4368556],[54.5620808,24.4369369],[54.5620991,24.4370001],[54.5621575,24.4370928],[54.5622306,24.4371544],[54.5623204,24.4371957],[54.5624408,24.4372131],[54.562562,24.4371925],[54.562653,24.4371471],[54.5627318,24.4370724],[54.5627833,24.4369723],[54.5627951,24.4369099],[54.5627792,24.4367863],[54.5627187,24.4366825],[54.5626519,24.4366232],[54.562855,24.4361575],[54.5632918,24.4361182],[54.5637304,24.4361377],[54.5646085,24.4364451],[54.5650571,24.4366911],[54.5653016,24.4368605],[54.5654627,24.4370177],[54.5653853,24.4373716],[54.5653082,24.4373834],[54.5651952,24.4374325],[54.5651068,24.4375145],[54.5650545,24.4376191],[54.5650448,24.4377326],[54.5650574,24.4377933],[54.5651119,24.4378957],[54.5652024,24.4379757],[54.5653176,24.4380227],[54.5654436,24.4380311],[54.5655663,24.4379993],[54.5657056,24.4378902],[54.5657585,24.4377845],[54.5657684,24.437669],[54.5657103,24.4375198],[54.5656227,24.4374358],[54.5657361,24.4369763],[54.5660209,24.4369419],[54.5663856,24.4369624],[54.566796,24.4370478],[54.5669972,24.4371846],[54.5669677,24.4372701],[54.5669248,24.4372871],[54.566914,24.4373482],[54.5669462,24.4375167],[54.5669004,24.4375141],[54.5669004,24.4374873],[54.5668279,24.4374897],[54.5668261,24.4375503],[54.5668985,24.4375477],[54.5668974,24.4375294],[54.5669502,24.4375284],[54.5669421,24.4376794],[54.5668765,24.4378805],[54.5668148,24.4380686],[54.5667424,24.4382859],[54.5666831,24.4385031],[54.566667,24.4385886],[54.5666887,24.4386375],[54.5667502,24.4386545],[54.5667904,24.4386252],[54.5670532,24.4376899],[54.5670613,24.4375459],[54.567064,24.4374311],[54.5670371,24.4373188],[54.5670079,24.4372749],[54.5670213,24.4372432],[54.5672329,24.4372187],[54.5672687,24.4372837],[54.5671286,24.4374972],[54.5671259,24.4375313],[54.5671471,24.4375508],[54.5671796,24.4375387],[54.5672623,24.4373859],[54.5673378,24.4374092],[54.5673161,24.4375923],[54.567359,24.4376338],[54.5678016,24.4377486],[54.5678313,24.4377926],[54.5676997,24.438005],[54.5676221,24.4381687],[54.567539,24.4384153],[54.5674693,24.4386131],[54.5673939,24.4385959],[54.5673164,24.4386107],[54.5672359,24.4386497],[54.567193,24.4387352],[54.5671876,24.4388378],[54.5672332,24.4389208],[54.5673107,24.4389671],[54.5673805,24.4389842],[54.56748,24.4389745],[54.5675682,24.4389231],[54.5676436,24.4388768],[54.5677265,24.4388914],[54.5678153,24.4388988],[54.5679306,24.4388622],[54.5680084,24.4387792],[54.5680349,24.4387082],[54.5680835,24.4386082],[54.5681693,24.4385594],[54.5683434,24.4384909],[54.5686652,24.4383957],[54.5689898,24.4383517],[54.5692956,24.4383908],[54.5696392,24.4384715],[54.5699339,24.4385837],[54.57,24.438593637399876],[54.57,24.41],[54.49049963947577,24.41],[54.4905327,24.4103384]]]]}},{"type":"Feature","properties":{"layer":"land","subtype":"sand","class":"sand","name":""},"geometry":{"type":"Polygon","coordinates":[[[54.4817679,24.4251557],[54.4818135,24.4253803],[54.4803446,24.4256131],[54.4805466,24.4266776],[54.4807129,24.4266459],[54.4808041,24.4270586],[54.4808578,24.4271014],[54.4814131,24.4265116],[54.4820447,24.4258974],[54.4828038,24.4253339],[54.4828695,24.4252795],[54.4829077,24.4252399],[54.4829835,24.4251538],[54.4830687,24.4250598],[54.4830097,24.4249676],[54.4817679,24.4251557]]]}},{"type":"Feature","properties":{"layer":"land","subtype":"sand","class":"sand","name":""},"geometry":{"type":"Polygon","coordinates":[[[54.5140823,24.4292773],[54.514081,24.4292224],[54.5140515,24.4292199],[54.5139885,24.4292358],[54.5139643,24.4292626],[54.5139429,24.430165],[54.5139576,24.4301882],[54.5139978,24.4302028],[54.5153886,24.4302273],[54.5156487,24.4302615],[54.5158526,24.4303079],[54.5172029,24.4307404],[54.5172258,24.4306762],[54.5171588,24.4306546],[54.5173037,24.4301882],[54.5175041,24.4300576],[54.5159,24.4280676],[54.5142142,24.4276711],[54.5141403,24.4283501],[54.5142006,24.4283464],[54.514205,24.4283084],[54.5142288,24.4282469],[54.5142808,24.4282148],[54.5143517,24.4282105],[54.5143565,24.428145],[54.5151826,24.428167],[54.5154598,24.4281577],[54.5156506,24.428161],[54.5158099,24.4281869],[54.5161128,24.4285666],[54.5161288,24.4289378],[54.5159894,24.4290306],[54.5160216,24.429143],[54.5160135,24.4292089],[54.5159813,24.4292504],[54.5159076,24.4292626],[54.5159009,24.4295154],[54.5156595,24.4295154],[54.5156635,24.4293152],[54.515241,24.4293078],[54.5152384,24.429237],[54.5151861,24.4292602],[54.5151606,24.4293115],[54.5151659,24.4300172],[54.5143948,24.4300099],[54.5144109,24.4292602],[54.5143975,24.429237],[54.5143693,24.4292199],[54.5143304,24.4292101],[54.5143304,24.4292846],[54.5140823,24.4292773]]]}},{"type":"Feature","properties":{"layer":"land","subtype":"forest","class":"forest","name":""},"geometry":{"type":"Polygon","coordinates":[[[54.5263299,24.4241254],[54.5224342,24.4230137],[54.5210917,24.4226357],[54.5197207,24.4223114],[54.5186178,24.4221282],[54.5170903,24.4220346],[54.5154596,24.4220715],[54.5156758,24.422238],[54.5166984,24.4222025],[54.518561,24.4223071],[54.5196203,24.422489],[54.5210232,24.4228062],[54.5224591,24.4232014],[54.5262849,24.4242915],[54.57,24.436655485495155],[54.57,24.436499602173946],[54.5263299,24.4241254]]]}},{"type":"Feature","properties":{"layer":"land","subtype":"sand","class":"sand","name":""},"geometry":{"type":"Polygon","coordinates":[[[54.5316997,24.4262488],[54.5313297,24.426362],[54.5313082,24.4264357],[54.5311904,24.4268406],[54.5309128,24.4276313],[54.5308862,24.4279368],[54.5309346,24.4281615],[54.5310299,24.4283997],[54.5312242,24.4284936],[54.5314776,24.4286969],[54.531707,24.428943],[54.5319699,24.4291921],[54.5337508,24.4296951],[54.534475,24.4298905],[54.5350008,24.4299686],[54.5355426,24.4300419],[54.5359342,24.4301835],[54.5359178,24.4302619],[54.536347,24.4304768],[54.5376559,24.4309066],[54.5395871,24.4314536],[54.5404615,24.431563],[54.5405476,24.4315218],[54.5406119,24.4314192],[54.5406388,24.4313508],[54.5407297,24.4312505],[54.5408735,24.4311765],[54.5409741,24.4311361],[54.5411063,24.431055],[54.541202,24.4309992],[54.5412769,24.4309574],[54.5413703,24.4308745],[54.5414434,24.4308331],[54.5415338,24.4308188],[54.5416304,24.4308203],[54.541667,24.4308029],[54.5417474,24.4306905],[54.5418063,24.4305669],[54.5418618,24.4304277],[54.5419091,24.4302846],[54.5419583,24.4301831],[54.5420081,24.4301055],[54.542088,24.4301037],[54.542224,24.430118],[54.5423178,24.4301249],[54.542564,24.4301579],[54.542758,24.4301842],[54.5428174,24.4302188],[54.543604,24.4296339],[54.5439995,24.4293893],[54.5369907,24.4274438],[54.5326096,24.4261897],[54.5316997,24.4262488]]]}},{"type":"Feature","properties":{"layer":"land","subtype":"sand","class":"sand","name":""},"geometry":{"type":"Polygon","coordinates":[[[54.5241918,24.4238079],[54.523183,24.4236212],[54.522243,24.423429],[54.5221506,24.4237875],[54.5227887,24.4241611],[54.5233815,24.4245275],[54.5236444,24.4247131],[54.5237973,24.4249011],[54.5239263,24.4250892],[54.5240494,24.4252039],[54.5244305,24.4254042],[54.5244171,24.4254335],[54.5244544,24.4254579],[54.5245027,24.4254359],[54.5245885,24.4254384],[54.5246341,24.4254946],[54.524669,24.4255654],[54.5246824,24.4256509],[54.5246719,24.4257314],[54.5246371,24.4258242],[54.5244437,24.4260489],[54.5243313,24.4260782],[54.5237117,24.4259073],[54.5235776,24.4258389],[54.5235186,24.4258096],[54.5234491,24.4257863],[54.523312,24.4258072],[54.5231753,24.4258413],[54.5230841,24.4258829],[54.5229711,24.4258853],[54.5229094,24.4258487],[54.5228909,24.4257827],[54.5229845,24.4251136],[54.5229607,24.4250501],[54.5229258,24.4250086],[54.5227971,24.4249915],[54.5227271,24.4250232],[54.5227001,24.4250356],[54.5226784,24.4252429],[54.5225929,24.4257731],[54.522496,24.4258193],[54.5224212,24.4258952],[54.5222761,24.4260146],[54.5221208,24.4261248],[54.5220028,24.4262615],[54.5219223,24.4265009],[54.5218308,24.4265861],[54.5216324,24.4265568],[54.5212839,24.426452],[54.5212193,24.4265275],[54.5211659,24.4266181],[54.521016,24.4266962],[54.5208062,24.4267082],[54.5206405,24.4266425],[54.5205648,24.426674],[54.5205434,24.4267961],[54.5205171,24.4269942],[54.5204527,24.4271798],[54.5204093,24.4273676],[54.5203669,24.4276242],[54.5202918,24.427844],[54.5203776,24.4278977],[54.5203293,24.4280882],[54.5206566,24.4281957],[54.5209404,24.4282858],[54.5213054,24.4284204],[54.5215843,24.4285278],[54.5219277,24.4286255],[54.5222495,24.4287134],[54.5226519,24.4288355],[54.5229094,24.428982],[54.5231776,24.4290797],[54.5233922,24.4290895],[54.5234673,24.429153],[54.5236443,24.4291823],[54.5241003,24.4293483],[54.5241807,24.4293679],[54.5242451,24.4292946],[54.5243575,24.4292675],[54.5244007,24.4294216],[54.5244811,24.4294167],[54.5246203,24.4293457],[54.5245667,24.4293017],[54.5244704,24.4293435],[54.524406,24.4292604],[54.5245452,24.4291943],[54.5246686,24.4290819],[54.5247547,24.4289967],[54.5248298,24.4289674],[54.5249154,24.4289527],[54.5249197,24.4289868],[54.5266171,24.4294742],[54.5266377,24.4294801],[54.5266473,24.4294597],[54.5266698,24.4294118],[54.5267071,24.4293505],[54.5267929,24.429204],[54.5268522,24.429109],[54.5269649,24.4291139],[54.5271204,24.4291237],[54.5272277,24.4291725],[54.5273243,24.4292116],[54.5274045,24.4291063],[54.5274584,24.4289088],[54.5275335,24.4286841],[54.52763,24.4285962],[54.5278178,24.4286939],[54.5278875,24.4287964],[54.5278714,24.4289088],[54.5279302,24.4289989],[54.5280646,24.4289723],[54.5280968,24.4288599],[54.5282523,24.4288502],[54.5283918,24.4288941],[54.5285527,24.428982],[54.528601,24.4290455],[54.5287219,24.4290965],[54.5287351,24.4291031],[54.5287757,24.4289843],[54.5295075,24.429189],[54.529513,24.429109],[54.52962,24.4289745],[54.5297007,24.4289234],[54.5298885,24.4289576],[54.5300062,24.4289891],[54.5301567,24.4290309],[54.530264,24.4290748],[54.5303605,24.4291041],[54.5304622,24.4291112],[54.5305376,24.4291627],[54.5305858,24.4292458],[54.5306931,24.4292897],[54.5308916,24.429319],[54.5310472,24.429363],[54.5312296,24.4293093],[54.5314227,24.4293142],[54.5316263,24.4293603],[54.531814,24.4294238],[54.532104,24.4295144],[54.5324902,24.4296365],[54.5326029,24.4297049],[54.5326994,24.4297342],[54.5328925,24.4298026],[54.5330427,24.4298514],[54.5330857,24.4299003],[54.533139,24.4299318],[54.5331873,24.4299757],[54.5333107,24.4299269],[54.5333968,24.4299589],[54.5336436,24.4300321],[54.5339547,24.4301347],[54.5341532,24.4301884],[54.5343356,24.4302519],[54.5343839,24.4303105],[54.5343517,24.4304229],[54.5343678,24.430501],[54.5344429,24.4304815],[54.5345338,24.4303909],[54.5345931,24.4303008],[54.5346896,24.4302714],[54.5348237,24.4303154],[54.5349522,24.4303664],[54.5350437,24.4304277],[54.5350705,24.4304961],[54.535151,24.4304912],[54.535151,24.4305303],[54.5351775,24.4305354],[54.5352633,24.4303791],[54.5355745,24.4302717],[54.5359178,24.4302619],[54.5359342,24.4301835],[54.5355426,24.4300419],[54.5350008,24.4299686],[54.534475,24.4298905],[54.5337508,24.4296951],[54.5319699,24.4291921],[54.531707,24.428943],[54.5314776,24.4286969],[54.5312242,24.4284936],[54.5310299,24.4283997],[54.5309346,24.4281615],[54.5308862,24.4279368],[54.5309128,24.4276313],[54.5311904,24.4268406],[54.5313082,24.4264357],[54.5313297,24.426362],[54.5316997,24.4262488],[54.5326096,24.4261897],[54.5241918,24.4238079]]]}},{"type":"Feature","properties":{"layer":"land","subtype":"sand","class":"sand","name":""},"geometry":{"type":"Polygon","coordinates":[[[54.5445592,24.4257125],[54.5445998,24.4256329],[54.5446557,24.4255712],[54.5447825,24.4255003],[54.5448826,24.4254235],[54.5449291,24.4253821],[54.5449734,24.4253314],[54.545017,24.4252698],[54.5450551,24.4251925],[54.5450853,24.4251093],[54.5451095,24.4250298],[54.5451196,24.4249634],[54.5451209,24.4248961],[54.5451122,24.4248339],[54.545076,24.4247263],[54.5450407,24.4246818],[54.5450141,24.4246322],[54.544992,24.4245464],[54.5447066,24.4244922],[54.544371,24.4245873],[54.5441651,24.4247878],[54.543812,24.4250706],[54.5433302,24.4252966],[54.5431065,24.425337],[54.5429138,24.425361],[54.5445592,24.4257125]]]}},{"type":"Feature","properties":{"layer":"land","subtype":"sand","class":"sand","name":""},"geometry":{"type":"Polygon","coordinates":[[[54.5389246,24.4245115],[54.5429514,24.4250766],[54.5433484,24.4249848],[54.5434807,24.4249562],[54.5390611,24.4237568],[54.5388049,24.4244308],[54.5389246,24.4245115]]]}},{"type":"Feature","properties":{"layer":"land","subtype":"sand","class":"sand","name":""},"geometry":{"type":"Polygon","coordinates":[[[54.4803054,24.4256193],[54.4818135,24.4253803],[54.4817679,24.4251557],[54.4816761,24.4251545],[54.4817023,24.4253219],[54.48,24.425585319267963],[54.48,24.425667708796322],[54.4803054,24.4256193]]]}},{"type":"Feature","properties":{"layer":"land","subtype":"sand","class":"sand","name":""},"geometry":{"type":"Polygon","coordinates":[[[54.4816035,24.4244074],[54.4830666,24.4242026],[54.4829795,24.4241],[54.4828252,24.4241134],[54.4825396,24.4238948],[54.4825316,24.4239348],[54.4823733,24.4242034],[54.4817001,24.4242669],[54.4815606,24.4241717],[54.4816035,24.4244074]]]}},{"type":"Feature","properties":{"layer":"land","subtype":"forest","class":"forest","name":""},"geometry":{"type":"Polygon","coordinates":[[[54.480286,24.424398],[54.4811872,24.4242027],[54.4813643,24.4239877],[54.4813787,24.4238411],[54.4814453,24.4231631],[54.481169,24.4231411],[54.4811604,24.4233479],[54.4810491,24.4240512],[54.48,24.424305413530657],[54.48,24.42436809470752],[54.480286,24.424398]]]}},{"type":"Feature","properties":{"layer":"land","subtype":"sand","class":"sand","name":""},"geometry":{"type":"Polygon","coordinates":[[[54.505091,24.4226981],[54.5052003,24.4225998],[54.50528,24.4224802],[54.5053251,24.4223465],[54.505333,24.4222069],[54.5053031,24.4220697],[54.5052373,24.4219433],[54.5051396,24.4218354],[54.5050158,24.4217525],[54.5048736,24.4216997],[54.5047215,24.4216801],[54.5045688,24.421695],[54.5044247,24.4217434],[54.5043029,24.4218185],[54.5042038,24.4219175],[54.5041329,24.4220348],[54.5040942,24.422164],[54.5040898,24.4222978],[54.5041199,24.4224289],[54.5041829,24.4225499],[54.5042753,24.4226541],[54.5043919,24.4227357],[54.5045262,24.4227902],[54.5046708,24.4228145],[54.5048177,24.4228073],[54.5049586,24.422769],[54.505091,24.4226981]]]}},{"type":"Feature","properties":{"layer":"land","subtype":"sand","class":"sand","name":""},"geometry":{"type":"Polygon","coordinates":[[[54.4868646,24.4209269],[54.4868378,24.42143],[54.4869719,24.4220992],[54.4872554,24.4226168],[54.487727,24.4231884],[54.4880502,24.4233984],[54.4881005,24.4234383],[54.4892035,24.4243118],[54.4894449,24.4244095],[54.4896556,24.4244078],[54.4896644,24.4243949],[54.4894722,24.4242938],[54.4892694,24.4242299],[54.4892638,24.424132],[54.4895803,24.4240001],[54.4896661,24.4239757],[54.489903,24.4240369],[54.4907337,24.4238291],[54.4912701,24.4236582],[54.4924155,24.4234967],[54.4921878,24.4228467],[54.4911558,24.4210351],[54.4911089,24.4209826],[54.4910646,24.4209619],[54.4910056,24.4209545],[54.4904021,24.4212354],[54.4901138,24.4213441],[54.4899528,24.4213844],[54.4896725,24.4214405],[54.4894539,24.4214711],[54.4891817,24.4214784],[54.4889832,24.4214711],[54.4875282,24.4213618],[54.4874121,24.4213337],[54.4873088,24.4212891],[54.4872103,24.4212238],[54.4871432,24.4211444],[54.4870916,24.4210382],[54.4870413,24.4208618],[54.48704,24.4207775],[54.4870775,24.4203159],[54.4870171,24.4202951],[54.4868646,24.4209269]]]}},{"type":"Feature","properties":{"layer":"land","subtype":"forest","class":"forest","name":""},"geometry":{"type":"Polygon","coordinates":[[[54.4817832,24.4215414],[54.4815763,24.4231864],[54.481515,24.4236735],[54.4815284,24.4240032],[54.4815606,24.4241717],[54.4817001,24.4242669],[54.4823733,24.4242034],[54.4825316,24.4239348],[54.4825396,24.4238948],[54.4824162,24.4237214],[54.4823626,24.4235285],[54.4823545,24.4233478],[54.4824403,24.4230327],[54.4826898,24.4226835],[54.4828843,24.4225284],[54.4831538,24.4224002],[54.483414,24.4223489],[54.4836272,24.4223685],[54.4837989,24.4224356],[54.4839987,24.4225614],[54.4841717,24.4227201],[54.4842522,24.4228111],[54.484338,24.4229006],[54.4844064,24.4228358],[54.4840041,24.4218052],[54.4838834,24.4217124],[54.4837788,24.4216806],[54.4818583,24.4214926],[54.4817832,24.4215414]]]}},{"type":"Feature","properties":{"layer":"land","subtype":"sand","class":"sand","name":""},"geometry":{"type":"MultiPolygon","coordinates":[[[[54.4810491,24.4240512],[54.4811604,24.4233479],[54.481169,24.4231411],[54.4811341,24.4230605],[54.4809786,24.4230556],[54.4809249,24.4224426],[54.4808471,24.4221544],[54.4806808,24.421854],[54.4803187,24.4215439],[54.4803858,24.4214657],[54.480544,24.42139],[54.4807667,24.4213607],[54.4807962,24.4212874],[54.4809544,24.4204986],[54.4814614,24.4205426],[54.481373,24.4204634],[54.4809667,24.4203535],[54.480205,24.4202863],[54.48,24.420288807909724],[54.48,24.424305413530657],[54.4810491,24.4240512]]],[[[54.4814833,24.4252617],[54.4815679,24.4252477],[54.4816027,24.4251989],[54.4830666,24.4242026],[54.4816035,24.4244074],[54.4815606,24.4241717],[54.4815284,24.4240032],[54.481515,24.4236735],[54.4815763,24.4231864],[54.4814453,24.4231631],[54.4813787,24.4238411],[54.4813643,24.4239877],[54.4811872,24.4242027],[54.480286,24.424398],[54.48,24.42436809470752],[54.48,24.42549836552854],[54.4814833,24.4252617]]]]}},{"type":"Feature","properties":{"layer":"land","subtype":"forest","class":"forest","name":""},"geometry":{"type":"Polygon","coordinates":[[[54.4806808,24.421854],[54.4808471,24.4221544],[54.4809249,24.4224426],[54.4809786,24.4230556],[54.4811341,24.4230605],[54.481169,24.4231411],[54.4814453,24.4231631],[54.4816008,24.421942],[54.4815767,24.4219053],[54.4815338,24.4219175],[54.4815284,24.4220128],[54.4814024,24.4220665],[54.4812682,24.4218467],[54.4814131,24.4217783],[54.4814935,24.4218125],[54.4816089,24.4217466],[54.4816411,24.4215146],[54.4816035,24.4214584],[54.4807667,24.4213607],[54.480544,24.42139],[54.4803858,24.4214657],[54.4803187,24.4215439],[54.4806808,24.421854]]]}},{"type":"Feature","properties":{"layer":"land","subtype":"forest","class":"forest","name":""},"geometry":{"type":"Polygon","coordinates":[[[54.4817941,24.421328],[54.4818183,24.4213671],[54.4818585,24.4213793],[54.4838058,24.4215649],[54.4839158,24.4215917],[54.4840901,24.4217163],[54.4844703,24.4228122],[54.4845273,24.4229765],[54.4846775,24.4229985],[54.4847982,24.423079],[54.4848731,24.4229021],[54.4848869,24.4228242],[54.4848617,24.4228093],[54.4848543,24.4227806],[54.4848523,24.4227116],[54.4848678,24.4226798],[54.4849062,24.4226642],[54.4849435,24.422617],[54.4849408,24.4225907],[54.484906,24.4225614],[54.4848067,24.4225461],[54.4847598,24.4225394],[54.4847169,24.4225138],[54.4845003,24.4219985],[54.4844654,24.4218373],[54.4844654,24.4216761],[54.4845311,24.4214026],[54.4845585,24.4211863],[54.4845263,24.4211448],[54.4839694,24.4214232],[54.4837441,24.4214721],[54.4818129,24.421284],[54.4817941,24.421328]]]}},{"type":"Feature","properties":{"layer":"land","subtype":"land","class":"land","name":""},"geometry":{"type":"Polygon","coordinates":[[[54.4854542,24.4213713],[54.4855494,24.4213433],[54.4855908,24.421293],[54.4855933,24.4212207],[54.4855709,24.4211783],[54.4854936,24.4211384],[54.4853814,24.421111],[54.4853365,24.4211234],[54.4853016,24.4211658],[54.4853266,24.4212755],[54.4853789,24.4213503],[54.4854542,24.4213713]]]}},{"type":"Feature","properties":{"layer":"land","subtype":"sand","class":"sand","name":""},"geometry":{"type":"Polygon","coordinates":[[[54.5383304,24.4244191],[54.5385321,24.4243388],[54.5386203,24.4242297],[54.5388281,24.4235409],[54.5342324,24.4224906],[54.5338422,24.4239519],[54.5383304,24.4244191]]]}},{"type":"Feature","properties":{"layer":"land","subtype":"sand","class":"sand","name":""},"geometry":{"type":"Polygon","coordinates":[[[54.566522,24.4361523],[54.5659784,24.4359998],[54.5657764,24.4359453],[54.56546,24.4358546],[54.5628483,24.4351032],[54.5626759,24.4350673],[54.5624761,24.4350332],[54.5622722,24.435013],[54.5620281,24.4350154],[54.5617505,24.4358121],[54.5618444,24.4357584],[54.5619329,24.4357559],[54.562027,24.4357927],[54.562214,24.4359137],[54.5625493,24.4362032],[54.5624015,24.4365594],[54.5622653,24.4365972],[54.5621804,24.4366551],[54.5621079,24.4367513],[54.5620779,24.4368556],[54.5620808,24.4369369],[54.5620991,24.4370001],[54.5621575,24.4370928],[54.5622306,24.4371544],[54.5623204,24.4371957],[54.5624408,24.4372131],[54.562562,24.4371925],[54.562653,24.4371471],[54.5627318,24.4370724],[54.5627833,24.4369723],[54.5627951,24.4369099],[54.5627792,24.4367863],[54.5627187,24.4366825],[54.5626519,24.4366232],[54.562855,24.4361575],[54.5632918,24.4361182],[54.5637304,24.4361377],[54.5646085,24.4364451],[54.5650571,24.4366911],[54.5653016,24.4368605],[54.5654627,24.4370177],[54.5653853,24.4373716],[54.5653082,24.4373834],[54.5651952,24.4374325],[54.5651068,24.4375145],[54.5650545,24.4376191],[54.5650448,24.4377326],[54.5650574,24.4377933],[54.5651119,24.4378957],[54.5652024,24.4379757],[54.5653176,24.4380227],[54.5654436,24.4380311],[54.5655663,24.4379993],[54.5657056,24.4378902],[54.5657585,24.4377845],[54.5657684,24.437669],[54.5657103,24.4375198],[54.5656227,24.4374358],[54.5657361,24.4369763],[54.5660209,24.4369419],[54.5663856,24.4369624],[54.566796,24.4370478],[54.5669972,24.4371846],[54.5672025,24.4366763],[54.5673196,24.4367097],[54.567375,24.4365483],[54.56743,24.4364011],[54.566522,24.4361523]]]}},{"type":"Feature","properties":{"layer":"land","subtype":"sand","class":"sand","name":""},"geometry":{"type":"Polygon","coordinates":[[[54.5676997,24.438005],[54.5676221,24.4381687],[54.567539,24.4384153],[54.5674693,24.4386131],[54.5673939,24.4385959],[54.5673164,24.4386107],[54.5672359,24.4386497],[54.567193,24.4387352],[54.5671876,24.4388378],[54.5672332,24.4389208],[54.5673107,24.4389671],[54.5673805,24.4389842],[54.56748,24.4389745],[54.5675682,24.4389231],[54.5676436,24.4388768],[54.5677265,24.4388914],[54.5678153,24.4388988],[54.5679306,24.4388622],[54.5680084,24.4387792],[54.5680349,24.4387082],[54.5680835,24.4386082],[54.5681693,24.4385594],[54.5683407,24.4384833],[54.5682897,24.4384665],[54.5683383,24.4383738],[54.5683407,24.438298],[54.5682278,24.4383956],[54.5681017,24.438442],[54.567973,24.43842],[54.5678577,24.4383614],[54.5677126,24.4382661],[54.5677972,24.4380848],[54.5678831,24.4379212],[54.5678313,24.4377926],[54.5676997,24.438005]]]}},{"type":"Feature","properties":{"layer":"land","subtype":"sand","class":"beach","name":""},"geometry":{"type":"Polygon","coordinates":[[[54.5699473,24.4384884],[54.5697033,24.438425],[54.5693063,24.4381808],[54.5693495,24.438093],[54.569202,24.4380295],[54.5691805,24.4380564],[54.5690491,24.4380637],[54.56903,24.4380343],[54.568743,24.4381319],[54.5687594,24.4381907],[54.568617,24.4382418],[54.5685606,24.4381979],[54.5683407,24.438298],[54.5683383,24.4383738],[54.5682897,24.4384665],[54.5683407,24.4384833],[54.5686632,24.4383879],[54.5689898,24.4383436],[54.5692973,24.4383829],[54.569642,24.4384639],[54.5699364,24.438576],[54.57,24.438585557699444],[54.57,24.43848422142012],[54.5699473,24.4384884]]]}},{"type":"Feature","properties":{"layer":"land","subtype":"sand","class":"sand","name":"جزيرة الرميلة"},"geometry":{"type":"Polygon","coordinates":[[[54.5608477,24.438232],[54.5605174,24.4383506],[54.5604952,24.438308],[54.5602973,24.4383915],[54.5600944,24.4384938],[54.5598303,24.4386505],[54.5596233,24.438795],[54.559474,24.4389182],[54.5593388,24.4390427],[54.5591809,24.4392086],[54.5590283,24.4393942],[54.5589225,24.4395469],[54.5588605,24.4396383],[54.5588008,24.439741],[54.5586738,24.4400606],[54.5586307,24.440194],[54.5586088,24.4402994],[54.5586282,24.4403501],[54.5586716,24.4403974],[54.5587929,24.4404465],[54.5589399,24.4405006],[54.5590816,24.4405165],[54.5592149,24.4404992],[54.5592792,24.4404506],[54.5593227,24.4403994],[54.5593568,24.4403394],[54.5594126,24.4402919],[54.5595087,24.4402687],[54.5596162,24.4402743],[54.5597001,24.4403375],[54.5597424,24.4403319],[54.5598712,24.4402861],[54.5599099,24.4402755],[54.5599588,24.440303],[54.5600465,24.4403365],[54.560142,24.4403453],[54.5602482,24.4403843],[54.5603848,24.4404065],[54.5605524,24.4404465],[54.560668,24.4404961],[54.5608135,24.4405329],[54.560882,24.4405751],[54.5609228,24.4406219],[54.5609286,24.4406729],[54.5609152,24.4407417],[54.5609229,24.4408026],[54.5609327,24.4409089],[54.5609284,24.4409635],[54.5609497,24.441005],[54.5609425,24.4410554],[54.5609355,24.4411103],[54.560952,24.441143],[54.5609967,24.441156],[54.5610591,24.4411667],[54.561153,24.4411928],[54.5613039,24.4412313],[54.5614062,24.4412656],[54.5614702,24.441293],[54.561539,24.4413376],[54.5616508,24.441351],[54.5617768,24.4413336],[54.5618922,24.4413375],[54.56207,24.4413183],[54.5622515,24.4412738],[54.5624447,24.4412514],[54.5626846,24.4412696],[54.5628539,24.4413087],[54.5630451,24.441396],[54.5632122,24.4414999],[54.5633257,24.4416164],[54.5633772,24.4417483],[54.5633958,24.441841],[54.5634023,24.4418996],[54.5634304,24.4419533],[54.5639248,24.4420832],[54.564108,24.4421304],[54.5642934,24.4421959],[54.5644928,24.4422481],[54.5646949,24.4422815],[54.5647885,24.4422983],[54.5648742,24.4422584],[54.5649531,24.4422165],[54.5650247,24.4421836],[54.5650365,24.4421603],[54.5650372,24.4421116],[54.5650563,24.4420538],[54.565077,24.4420026],[54.5651084,24.4419611],[54.5651584,24.441912],[54.5651945,24.4418626],[54.5652446,24.4418121],[54.5652829,24.4417829],[54.5652838,24.441756],[54.5652892,24.4417193],[54.5653049,24.4416839],[54.565322,24.4416191],[54.565325,24.4415301],[54.5653157,24.4414525],[54.5653131,24.4414075],[54.565314,24.4413355],[54.565323,24.4412646],[54.565348,24.4412134],[54.5653795,24.4411794],[54.5653941,24.4411539],[54.5653915,24.4411378],[54.5653786,24.4411197],[54.5653662,24.4410727],[54.5653795,24.441042],[54.5653808,24.441021],[54.5653761,24.4410043],[54.565345,24.4409753],[54.565342,24.4409596],[54.5653556,24.4409468],[54.5654353,24.4409171],[54.5654605,24.4408903],[54.5654918,24.440865],[54.5655148,24.4408143],[54.5655244,24.4407505],[54.5655637,24.4406804],[54.5655963,24.4406529],[54.5656166,24.4406156],[54.5656629,24.4405628],[54.5656793,24.440524],[54.5657145,24.4405108],[54.5657867,24.4404544],[54.5659643,24.4403842],[54.5661114,24.4403482],[54.5662417,24.4403334],[54.5663149,24.4403537],[54.5665003,24.4398171],[54.5655326,24.4392257],[54.5649837,24.4388981],[54.5647335,24.4387688],[54.5645986,24.4387028],[54.5644772,24.4386526],[54.56447,24.4387186],[54.5644523,24.4387825],[54.5644264,24.4388389],[54.5643912,24.4388847],[54.5643599,24.4389103],[54.5643183,24.4389405],[54.5642738,24.4389608],[54.5642222,24.4389767],[54.5641564,24.4389881],[54.5640955,24.4389826],[54.5640361,24.4389742],[54.5639693,24.438954],[54.5638569,24.4389133],[54.5637282,24.4388593],[54.5636152,24.4388062],[54.5635281,24.4387684],[54.5634445,24.4387447],[54.5632772,24.4387168],[54.5631008,24.4386856],[54.5629578,24.4386801],[54.5628828,24.4386741],[54.5628199,24.4386547],[54.5627594,24.438631],[54.5627107,24.4386013],[54.5626692,24.4385547],[54.5626106,24.4384832],[54.5625803,24.4384524],[54.5625404,24.4384272],[54.5624742,24.438387],[54.562441,24.4383485],[54.5624313,24.4383144],[54.5624372,24.4382735],[54.5624524,24.4382132],[54.562447,24.4381541],[54.562427,24.4381087],[54.5621673,24.4380708],[54.5616854,24.4380649],[54.5613877,24.4380857],[54.5611718,24.4381333],[54.5608477,24.438232]]]}},{"type":"Feature","properties":{"layer":"land","subtype":"land","class":"land","name":""},"geometry":{"type":"Polygon","coordinates":[[[54.5499518,24.4401156],[54.5495662,24.4398239],[54.5494211,24.4400518],[54.5498366,24.4402113],[54.5502772,24.4405486],[54.5508229,24.4407492],[54.5521096,24.4412095],[54.552415,24.4413919],[54.5524501,24.4413189],[54.5523249,24.4412004],[54.5511333,24.4407583],[54.5503623,24.4404985],[54.5499518,24.4401156]]]}},{"type":"Feature","properties":{"layer":"land","subtype":"wetland","class":"wetland","name":""},"geometry":{"type":"Polygon","coordinates":[[[54.5475093,24.4396723],[54.5475801,24.4398173],[54.5479554,24.4400719],[54.5481183,24.4401525],[54.5482209,24.4402814],[54.5482492,24.4404071],[54.548097,24.440478],[54.5479257,24.4404954],[54.5481408,24.4406897],[54.5482386,24.4405618],[54.5483873,24.4404909],[54.5485927,24.4405812],[54.5490918,24.4406779],[54.5489502,24.4403846],[54.5484617,24.439856],[54.5480758,24.4397786],[54.5477784,24.4396981],[54.5475766,24.4395853],[54.5475093,24.4396723]]]}},{"type":"Feature","properties":{"layer":"land","subtype":"wetland","class":"wetland","name":""},"geometry":{"type":"Polygon","coordinates":[[[54.5460846,24.4393],[54.545692,24.4393044],[54.5452259,24.4393313],[54.5445242,24.4394742],[54.5445291,24.4396484],[54.5446027,24.4399433],[54.5448333,24.440189],[54.5450689,24.4403364],[54.5452799,24.4402962],[54.5454859,24.4403409],[54.5450738,24.4405017],[54.5450443,24.4407921],[54.5448431,24.4410958],[54.5452406,24.4408814],[54.5456381,24.4404793],[54.5459472,24.440113],[54.546168,24.4397646],[54.5461975,24.4393715],[54.5460846,24.4393]]]}},{"type":"Feature","properties":{"layer":"land","subtype":"wetland","class":"wetland","name":""},"geometry":{"type":"Polygon","coordinates":[[[54.5471057,24.4394982],[54.5470491,24.4396529],[54.5470385,24.439769],[54.5470562,24.4399301],[54.5471341,24.4400204],[54.547396,24.4400397],[54.5475837,24.4399946],[54.5475235,24.4398592],[54.5474102,24.4396755],[54.5473182,24.4395273],[54.5471518,24.4394563],[54.5471057,24.4394982]]]}},{"type":"Feature","properties":{"layer":"land","subtype":"sand","class":"sand","name":""},"geometry":{"type":"Polygon","coordinates":[[[54.5264662,24.438486],[54.5264896,24.438506],[54.5265304,24.4385224],[54.5265711,24.438524],[54.5266061,24.438514],[54.5266483,24.4384815],[54.5266634,24.4384554],[54.5266698,24.4384259],[54.5266667,24.4383971],[54.5266456,24.4383567],[54.5266278,24.43834],[54.5266029,24.438326],[54.5265659,24.4383172],[54.5265255,24.4383205],[54.5264864,24.4383381],[54.526456,24.43837],[54.5264417,24.4384123],[54.5264463,24.4384516],[54.5264662,24.438486]]]}},{"type":"Feature","properties":{"layer":"land","subtype":"physical","class":"cliff","name":""},"geometry":{"type":"LineString","coordinates":[[54.5141062,24.4385759],[54.5141142,24.4385584],[54.5141283,24.4385444],[54.5141467,24.4385357],[54.5141647,24.4385332],[54.5141852,24.4385365],[54.5142032,24.438546],[54.5142197,24.4385662],[54.5142245,24.4385847],[54.514222,24.4386035],[54.51421,24.4386233],[54.5141939,24.4386353],[54.5141742,24.4386415]]}},{"type":"Feature","properties":{"layer":"land","subtype":"physical","class":"cliff","name":""},"geometry":{"type":"LineString","coordinates":[[54.5140896,24.4386878],[54.5141432,24.4387074],[54.5142103,24.4387],[54.5142612,24.4386536],[54.5142961,24.438595],[54.51428,24.4385193],[54.5142666,24.4384778],[54.5142183,24.4384705],[54.5141593,24.4384607],[54.5141137,24.4384754],[54.5140628,24.4385169],[54.514044,24.4385633],[54.5140467,24.4386194],[54.5140628,24.4386463]]}},{"type":"Feature","properties":{"layer":"land","subtype":"physical","class":"cliff","name":""},"geometry":{"type":"LineString","coordinates":[[54.5142183,24.4384705],[54.5141808,24.4384412],[54.5141325,24.4384241],[54.5140815,24.4384558],[54.514044,24.4385022],[54.5140011,24.4385022],[54.5139796,24.4385364],[54.5139957,24.4385804],[54.5139823,24.4386146],[54.5139984,24.4386536],[54.5140386,24.4387],[54.5140762,24.4387171]]}},{"type":"Feature","properties":{"layer":"land","subtype":"physical","class":"cliff","name":""},"geometry":{"type":"LineString","coordinates":[[54.5141742,24.4386415],[54.514144,24.4386388],[54.514126,24.4386293],[54.5141127,24.4386148],[54.5141057,24.438597],[54.5141062,24.4385759]]}},{"type":"Feature","properties":{"layer":"land","subtype":"physical","class":"cliff","name":""},"geometry":{"type":"LineString","coordinates":[[54.5141888,24.4389879],[54.5142114,24.4389974],[54.5142216,24.4389988],[54.5142462,24.4389961],[54.5142673,24.4389864],[54.5142807,24.4389739],[54.5142919,24.438953],[54.5142934,24.4389457],[54.5142914,24.4389217],[54.514287,24.4389112],[54.5142715,24.4388926],[54.5142603,24.4388853]]}},{"type":"Feature","properties":{"layer":"land","subtype":"physical","class":"cliff","name":""},"geometry":{"type":"LineString","coordinates":[[54.5144354,24.4389748],[54.5144567,24.4389837],[54.5144657,24.438985],[54.514489,24.4389825],[54.5145088,24.4389734],[54.5145212,24.4389619],[54.5145318,24.4389419],[54.5145331,24.4389357],[54.5145311,24.4389128],[54.5145272,24.4389034],[54.5145125,24.4388857]]}},{"type":"Feature","properties":{"layer":"land","subtype":"physical","class":"cliff","name":""},"geometry":{"type":"LineString","coordinates":[[54.5142603,24.4388853],[54.5142325,24.4388776],[54.5142101,24.4388792],[54.5141888,24.4388881],[54.5141724,24.4389029],[54.5141625,24.4389221],[54.5141602,24.4389447],[54.5141618,24.4389529],[54.5141726,24.4389734],[54.5141888,24.4389879]]}},{"type":"Feature","properties":{"layer":"land","subtype":"physical","class":"cliff","name":""},"geometry":{"type":"LineString","coordinates":[[54.5145125,24.4388857],[54.5145024,24.4388791],[54.5144761,24.4388719],[54.5144553,24.4388734],[54.5144355,24.4388817],[54.5144201,24.4388955],[54.5144108,24.4389134],[54.5144087,24.4389348],[54.5144101,24.4389419],[54.5144203,24.4389613],[54.5144354,24.4389748]]}},{"type":"Feature","properties":{"layer":"land","subtype":"physical","class":"cliff","name":""},"geometry":{"type":"LineString","coordinates":[[54.5145811,24.4389382],[54.5145782,24.4389033],[54.5145694,24.4388821],[54.5145461,24.4388543],[54.5145238,24.4388397],[54.5144813,24.4388279],[54.514443,24.4388307],[54.5144079,24.4388454],[54.5143806,24.43887],[54.5143641,24.4389018],[54.5143606,24.4389367],[54.5143643,24.4389553],[54.5143809,24.4389869],[54.5144078,24.4390111]]}},{"type":"Feature","properties":{"layer":"land","subtype":"physical","class":"cliff","name":""},"geometry":{"type":"LineString","coordinates":[[54.5144078,24.4390111],[54.5144428,24.4390257],[54.5144648,24.4390289],[54.514503,24.4390247],[54.5145373,24.4390089],[54.5145607,24.4389872],[54.5145775,24.4389557],[54.5145811,24.4389382]]}},{"type":"Feature","properties":{"layer":"land","subtype":"physical","class":"cliff","name":""},"geometry":{"type":"LineString","coordinates":[[54.5143202,24.4393276],[54.5143685,24.439352],[54.5144275,24.4393178],[54.5144651,24.4393032],[54.5144705,24.4392812],[54.5144329,24.4392421],[54.5144785,24.4392348],[54.5145348,24.4391786],[54.5145509,24.4391957],[54.5145912,24.4392177],[54.5146207,24.4391835],[54.5146716,24.4392153],[54.5147279,24.4391713],[54.5147574,24.4391738],[54.5148084,24.4391542],[54.5147923,24.43912],[54.5147414,24.4391029],[54.514744,24.4390639],[54.5147199,24.4390517],[54.5146582,24.4390395],[54.5146207,24.4390053],[54.5146153,24.4389784],[54.5145811,24.4389382]]}},{"type":"Feature","properties":{"layer":"land","subtype":"physical","class":"cliff","name":""},"geometry":{"type":"LineString","coordinates":[[54.5171301,24.4392139],[54.5171145,24.4392669],[54.5169327,24.4392446],[54.5169059,24.4392226],[54.5166779,24.4391762],[54.5165572,24.4390981],[54.5163802,24.4389955],[54.5161924,24.4389491],[54.5160717,24.4390199],[54.5159779,24.4390565],[54.5159296,24.4390712],[54.515884,24.4390736],[54.5157847,24.4390443],[54.5156909,24.4389808],[54.5155246,24.4389149],[54.5153663,24.4389467],[54.5152483,24.4390102],[54.5153314,24.4390102],[54.5154521,24.4390126],[54.5155433,24.4390468],[54.5156882,24.43912],[54.5158196,24.4392446],[54.5159162,24.4393496],[54.5159564,24.4394082],[54.5158276,24.4393447],[54.5157257,24.4392836],[54.5152295,24.4393325],[54.5152563,24.4393374],[54.5153556,24.4393349],[54.5155058,24.4393081],[54.5156211,24.4393032],[54.5156935,24.4393227],[54.5157552,24.4393618],[54.5158035,24.4393984],[54.5159215,24.439457],[54.5160449,24.4395205],[54.5160932,24.4395767],[54.5160664,24.4396157],[54.5160208,24.4396743],[54.5159591,24.4397574],[54.5159376,24.4397818],[54.5158464,24.4397964]]}},{"type":"Feature","properties":{"layer":"land","subtype":"physical","class":"cliff","name":""},"geometry":{"type":"LineString","coordinates":[[54.5125607,24.4397134],[54.5125124,24.4397061],[54.5124776,24.4396914],[54.5124454,24.4396279],[54.5124159,24.439584],[54.5123891,24.4395376],[54.5124078,24.4395132],[54.5125554,24.4395205],[54.5127887,24.4395498],[54.5128611,24.4395767],[54.5130435,24.4395278],[54.5131401,24.4395376],[54.5131615,24.4395107],[54.5132205,24.4395034],[54.5132635,24.4395352],[54.5132581,24.4395938],[54.5132205,24.4396084]]}},{"type":"Feature","properties":{"layer":"land","subtype":"physical","class":"cliff","name":""},"geometry":{"type":"LineString","coordinates":[[54.5171145,24.4392669],[54.5148592,24.4403105],[54.5125112,24.4403202],[54.5113985,24.4396465],[54.510882,24.439089]]}},{"type":"Feature","properties":{"layer":"land","subtype":"physical","class":"cliff","name":""},"geometry":{"type":"LineString","coordinates":[[54.5142788,24.4396964],[54.5142512,24.4396887],[54.514229,24.4396904],[54.5142079,24.4396992],[54.5141916,24.4397139],[54.5141817,24.4397329],[54.5141795,24.4397554],[54.5141811,24.4397634],[54.5141918,24.4397839],[54.5142078,24.4397982]]}},{"type":"Feature","properties":{"layer":"land","subtype":"physical","class":"cliff","name":""},"geometry":{"type":"LineString","coordinates":[[54.5142078,24.4397982],[54.5142303,24.4398077],[54.5142403,24.4398091],[54.5142648,24.4398064],[54.5142858,24.4397968],[54.5142991,24.4397844],[54.5143102,24.4397635],[54.5143117,24.4397564],[54.5143097,24.4397325],[54.5143054,24.4397221],[54.5142899,24.4397036],[54.5142788,24.4396964]]}},{"type":"Feature","properties":{"layer":"land","subtype":"sand","class":"sand","name":""},"geometry":{"type":"Polygon","coordinates":[[[54.515221,24.443746],[54.5159076,24.4434262],[54.5159978,24.4433062],[54.5175565,24.4390908],[54.518055,24.4377633],[54.5180239,24.437668],[54.5179166,24.4376155],[54.517183,24.4373652],[54.514989,24.4366863],[54.515343,24.4356925],[54.5153028,24.4356534],[54.5152491,24.435629],[54.5151995,24.4356326],[54.5151553,24.4356632],[54.5151016,24.4358146],[54.5146702,24.4356864],[54.5140985,24.4355166],[54.5142594,24.4366009],[54.51471,24.4366961],[54.5153858,24.4372673],[54.5173217,24.439037],[54.5171853,24.4394307],[54.5161969,24.4399233],[54.5157368,24.4411853],[54.5157421,24.4412462],[54.5157225,24.4413062],[54.5156712,24.4413494],[54.5155605,24.4416304],[54.5156689,24.4422224],[54.515126,24.4436602],[54.5151298,24.4437289],[54.515165,24.4437571],[54.515221,24.443746]]]}},{"type":"Feature","properties":{"layer":"land","subtype":"physical","class":"cliff","name":""},"geometry":{"type":"LineString","coordinates":[[54.5130408,24.4399112],[54.5130489,24.4398477],[54.5130703,24.4397549],[54.5131213,24.4396939],[54.5132232,24.4396695],[54.5132956,24.4397012],[54.5132661,24.4397232],[54.5131964,24.4397598],[54.5131481,24.4398013],[54.5131535,24.439877],[54.5131293,24.4399405],[54.5130569,24.43996],[54.5130113,24.4399893],[54.5129872,24.4400528],[54.513065,24.4400528],[54.5130998,24.4400333],[54.5131454,24.4400162],[54.5131642,24.4400626],[54.5132044,24.4400577],[54.513242,24.4400162],[54.5132822,24.4400333],[54.5133117,24.4400577],[54.5133466,24.4400797],[54.5134351,24.4400113],[54.5134807,24.4400113],[54.5135451,24.4400186],[54.5135987,24.4400309],[54.5135585,24.4400528],[54.5135639,24.440131],[54.5135317,24.4401725],[54.5135558,24.4402213],[54.5136899,24.440131],[54.5138026,24.4400016],[54.5139581,24.440026],[54.5140118,24.4400113],[54.5140467,24.4400284],[54.5140923,24.4401188],[54.5141647,24.440109],[54.5141969,24.4401432],[54.5143202,24.4401163],[54.5144034,24.4402018],[54.5144758,24.4402482],[54.5145134,24.4402116],[54.5145912,24.4402653],[54.5146582,24.4402042],[54.5147709,24.4402873],[54.5148942,24.4402067],[54.5148433,24.4401334],[54.5148701,24.4401114],[54.5148621,24.4400577],[54.5148567,24.4400138],[54.5147467,24.4400016],[54.5146072,24.4399893],[54.5146367,24.4399234],[54.5147092,24.4398868],[54.5147494,24.4398428],[54.5146367,24.4397818],[54.5146823,24.4397476],[54.5147279,24.4396817],[54.5148138,24.439645],[54.5148647,24.4396084],[54.5148594,24.4395596],[54.5148755,24.4395327],[54.5149318,24.439457],[54.5149506,24.4393593],[54.5148835,24.4393667],[54.5148621,24.4394155],[54.514803,24.4394009],[54.5147735,24.4394302],[54.5147548,24.4394766],[54.5147682,24.4395278],[54.5147253,24.4395742],[54.5146877,24.4396011],[54.514626,24.4395986],[54.5145429,24.4395938],[54.5144705,24.4395596],[54.5145053,24.4395229],[54.5145697,24.439479],[54.5145429,24.4394546],[54.5145295,24.4394204],[54.5144839,24.4394253],[54.514449,24.4394472],[54.5143793,24.4394472],[54.5143015,24.4394692],[54.5142559,24.439435],[54.5141861,24.4394082],[54.5142103,24.439396],[54.5142586,24.4393838],[54.5142961,24.4393789],[54.5143229,24.4393764],[54.5143202,24.4393276]]}},{"type":"Feature","properties":{"layer":"land","subtype":"sand","class":"sand","name":""},"geometry":{"type":"Polygon","coordinates":[[[54.5242346,24.4409228],[54.5247389,24.4405907],[54.524299,24.440454],[54.5241113,24.4409033],[54.5242346,24.4409228]]]}},{"type":"Feature","properties":{"layer":"land","subtype":"wetland","class":"wetland","name":""},"geometry":{"type":"Polygon","coordinates":[[[54.5107189,24.4399805],[54.5109388,24.440171],[54.5111319,24.4403663],[54.5120388,24.4405688],[54.5116496,24.4401612],[54.5108479,24.4395578],[54.5107299,24.4397263],[54.5106628,24.4397605],[54.5106038,24.4397263],[54.5105204,24.4398413],[54.5107189,24.4399805]]]}},{"type":"Feature","properties":{"layer":"land","subtype":"physical","class":"cliff","name":""},"geometry":{"type":"LineString","coordinates":[[54.5118607,24.4398184],[54.5119331,24.439877],[54.5120672,24.4400016],[54.5120618,24.439921],[54.5120404,24.439838],[54.5120886,24.4397623],[54.5121423,24.4397085],[54.5122013,24.4396597],[54.5122657,24.4396548],[54.5121718,24.4397525],[54.5121825,24.4398526],[54.5121611,24.4399283],[54.5123032,24.4399747],[54.5123622,24.4400186],[54.512322,24.4401139],[54.5124186,24.440153],[54.5124615,24.440192],[54.5125205,24.4402116],[54.5126036,24.4401871],[54.5127672,24.4400943],[54.5128504,24.4400846],[54.5129067,24.4400846],[54.5129684,24.4400602],[54.5129872,24.4400528]]}},{"type":"Feature","properties":{"layer":"land","subtype":"physical","class":"cliff","name":""},"geometry":{"type":"LineString","coordinates":[[54.5125384,24.4393504],[54.5125344,24.4394048],[54.5125088,24.4394564],[54.5124668,24.4394953],[54.5124061,24.4395202],[54.5123463,24.4395231],[54.512289,24.4395073],[54.5122411,24.4394746],[54.5122107,24.4394338]]}},{"type":"Feature","properties":{"layer":"land","subtype":"physical","class":"cliff","name":""},"geometry":{"type":"LineString","coordinates":[[54.5124764,24.4393514],[54.5124735,24.4393903],[54.5124543,24.4394292],[54.5124232,24.4394579],[54.5123771,24.4394768],[54.5123327,24.4394791],[54.5122898,24.4394672],[54.5122537,24.4394425],[54.5122313,24.4394125]]}},{"type":"Feature","properties":{"layer":"land","subtype":"physical","class":"cliff","name":""},"geometry":{"type":"LineString","coordinates":[[54.5124527,24.4393522],[54.5124504,24.4393827],[54.5124347,24.4394146],[54.5124096,24.4394377],[54.5123714,24.4394534],[54.5123356,24.4394552],[54.5123006,24.4394455],[54.5122708,24.4394252],[54.5122529,24.4394011]]}},{"type":"Feature","properties":{"layer":"land","subtype":"physical","class":"cliff","name":""},"geometry":{"type":"LineString","coordinates":[[54.5123526,24.4393654],[54.5123445,24.4393729],[54.5123287,24.4393794],[54.5123168,24.43938],[54.512304,24.4393765],[54.5122924,24.4393686],[54.5122869,24.4393611]]}},{"type":"Feature","properties":{"layer":"land","subtype":"physical","class":"cliff","name":""},"geometry":{"type":"LineString","coordinates":[[54.5124135,24.4393516],[54.5124121,24.4393709],[54.5124008,24.4393936],[54.5123837,24.4394094],[54.512356,24.4394208],[54.5123313,24.439422],[54.5123066,24.4394152],[54.5122854,24.4394007],[54.5122732,24.4393844]]}},{"type":"Feature","properties":{"layer":"land","subtype":"physical","class":"cliff","name":""},"geometry":{"type":"LineString","coordinates":[[54.5122869,24.4393611],[54.5122834,24.4393495],[54.5122852,24.4393341],[54.5122907,24.4393243],[54.5123012,24.4393143],[54.5123059,24.4393122],[54.5123195,24.4393104],[54.5123344,24.4393121],[54.5123418,24.4393154],[54.5123485,24.4393214],[54.5123591,24.4393467],[54.5123586,24.4393532],[54.5123526,24.4393654]]}},{"type":"Feature","properties":{"layer":"land","subtype":"physical","class":"cliff","name":""},"geometry":{"type":"LineString","coordinates":[[54.5122529,24.4394011],[54.5122434,24.439369],[54.5122477,24.4393314],[54.512264,24.4393023],[54.5122929,24.4392778],[54.5123046,24.4392721],[54.5123431,24.4392642],[54.5123802,24.4392685],[54.5124071,24.4392803],[54.5124318,24.4393023],[54.5124527,24.4393522]]}},{"type":"Feature","properties":{"layer":"land","subtype":"physical","class":"cliff","name":""},"geometry":{"type":"LineString","coordinates":[[54.5122732,24.4393844],[54.5122666,24.4393618],[54.5122697,24.4393346],[54.5122809,24.4393145],[54.5123028,24.4392959],[54.5123073,24.4392937],[54.5123366,24.4392877],[54.5123633,24.4392908],[54.5123811,24.4392986],[54.5123974,24.4393132],[54.5124135,24.4393516]]}},{"type":"Feature","properties":{"layer":"land","subtype":"physical","class":"cliff","name":""},"geometry":{"type":"LineString","coordinates":[[54.5122107,24.4394338],[54.5121952,24.4393812],[54.512202,24.4393214],[54.5122292,24.4392728],[54.512273,24.4392356],[54.5123002,24.4392225],[54.5123587,24.4392105],[54.5124181,24.4392174],[54.5124643,24.4392377],[54.5125071,24.4392759],[54.5125384,24.4393504]]}},{"type":"Feature","properties":{"layer":"land","subtype":"physical","class":"cliff","name":""},"geometry":{"type":"LineString","coordinates":[[54.5122313,24.4394125],[54.5122197,24.4393731],[54.5122249,24.4393277],[54.5122451,24.4392917],[54.5122792,24.4392627],[54.5122964,24.4392544],[54.512342,24.439245],[54.512387,24.4392502],[54.5124207,24.4392651],[54.5124518,24.4392928],[54.5124764,24.4393514]]}},{"type":"Feature","properties":{"layer":"land","subtype":"land","class":"island","name":"جزيرة ساس النخل"},"geometry":{"type":"Point","coordinates":[54.5083235,24.4383983]}},{"type":"Feature","properties":{"layer":"land","subtype":"physical","class":"cliff","name":""},"geometry":{"type":"LineString","coordinates":[[54.510882,24.439089],[54.5105914,24.4385599],[54.5104219,24.4382512],[54.5102076,24.437861]]}},{"type":"Feature","properties":{"layer":"land","subtype":"physical","class":"cliff","name":""},"geometry":{"type":"MultiLineString","coordinates":[[[54.5116702,24.4364559],[54.5117158,24.4365096],[54.5117212,24.4365414],[54.5117856,24.4365658],[54.5118473,24.4366024],[54.5117614,24.4366268],[54.5117829,24.4366855],[54.5118473,24.4367099],[54.5118177,24.4367685],[54.5117561,24.4368393],[54.5117024,24.4368759],[54.5116246,24.4369077],[54.5116032,24.4369712],[54.5116729,24.4370078],[54.5116541,24.4370469],[54.5115871,24.4370615],[54.5115656,24.4371128],[54.5115951,24.4371836],[54.5115415,24.4372373],[54.5114583,24.4372447],[54.5113779,24.4372642],[54.5113242,24.4372935],[54.5112572,24.4372837],[54.5111955,24.4373252],[54.5112062,24.4373765],[54.5111231,24.4374034],[54.5111552,24.4374571],[54.5110748,24.4374058],[54.5109943,24.4374302],[54.5109943,24.4375328],[54.5110345,24.4375987],[54.5111016,24.4376109],[54.5110319,24.4376451],[54.5109621,24.4376036],[54.5109219,24.4375645],[54.5108548,24.4375572],[54.5108361,24.4375206],[54.5107744,24.4375352],[54.5106993,24.4375621],[54.5106081,24.4375841],[54.5105303,24.4375499],[54.510482,24.437523],[54.5104337,24.4375865],[54.5104203,24.4376573],[54.5103425,24.437672],[54.5103211,24.437755],[54.5103345,24.4378209],[54.5103962,24.4378429],[54.5104445,24.4378869],[54.5105061,24.4378844],[54.5105437,24.4378991],[54.5105517,24.4378527],[54.5106295,24.4378991],[54.510659,24.4379601],[54.5107234,24.4379772],[54.5107905,24.4380187],[54.5107315,24.4381457],[54.5106242,24.4381799],[54.5105812,24.4381823],[54.5106295,24.4383118],[54.5106832,24.4383655],[54.5106617,24.4384046],[54.510761,24.438451],[54.5108066,24.4384021],[54.5108602,24.4384851],[54.5108924,24.438429],[54.5109514,24.4384265],[54.5109997,24.4384656],[54.5110935,24.4384119],[54.5111418,24.4384241],[54.5111284,24.4384876],[54.5111955,24.4385291],[54.5112572,24.4385242],[54.5112652,24.4385804],[54.511284,24.4386243],[54.5113537,24.4386146],[54.5113537,24.4386658]],[[54.5113537,24.4386658],[54.5113537,24.4386732],[54.5112813,24.4388172],[54.5113028,24.4388417],[54.5112759,24.4388807],[54.5112303,24.4388783],[54.5112062,24.4389076],[54.5112733,24.4389271],[54.5112652,24.4389931],[54.5112035,24.4389931],[54.5112438,24.4390517],[54.5113269,24.439081],[54.5113591,24.4390614],[54.5113752,24.4390175],[54.5113886,24.4389711],[54.5113832,24.4389247],[54.511394,24.4388636],[54.5114154,24.4387953],[54.5114556,24.4387269],[54.5115039,24.4387098],[54.5115978,24.4387147],[54.5116273,24.4387586],[54.51163,24.4388172],[54.511681,24.4388856],[54.5117158,24.4389686],[54.5117239,24.4390224],[54.511697,24.4390761],[54.5117507,24.4391152],[54.5118043,24.4391127],[54.5118017,24.4392177],[54.5118285,24.4393105],[54.5118177,24.4393471],[54.5118553,24.4394082],[54.5118794,24.4394839],[54.5117882,24.4394741],[54.511697,24.4394888],[54.5117185,24.4395547],[54.5117453,24.4396377],[54.5117373,24.4397281],[54.5118607,24.4398184],[54.5118017,24.439877],[54.5117105,24.4398282],[54.5116219,24.4397549],[54.5116032,24.4397232],[54.5115495,24.4396817],[54.511512,24.4396084],[54.5114932,24.4395352],[54.5114852,24.4394814],[54.5114261,24.4394839],[54.5114047,24.439435],[54.511343,24.439435],[54.5112813,24.4393862],[54.5112491,24.4393252],[54.5112464,24.4392739],[54.5114905,24.4391493],[54.5111928,24.4392739],[54.5111472,24.4392519],[54.5110935,24.4392177],[54.511064,24.4391738],[54.5110453,24.43912],[54.5110748,24.4390541],[54.5110345,24.439037],[54.5109648,24.439037],[54.510879,24.4389857],[54.5108307,24.4389052],[54.5108066,24.4388368],[54.510777,24.4387733],[54.5108495,24.4387147],[54.5108843,24.4386732],[54.5109407,24.4386439],[54.5110211,24.4386365],[54.5111123,24.4386707],[54.5111847,24.4387122],[54.5112277,24.4387245],[54.5112947,24.4387098],[54.5113537,24.4386658]]]}},{"type":"Feature","properties":{"layer":"land","subtype":"physical","class":"cliff","name":""},"geometry":{"type":"LineString","coordinates":[[54.5111016,24.4376109],[54.5111982,24.4375938],[54.5112733,24.4376036],[54.511351,24.4376402],[54.5114181,24.4376866],[54.5114476,24.4377013],[54.5116246,24.4376427],[54.511748,24.4375987],[54.5118017,24.4375621],[54.5117587,24.4375035],[54.5117936,24.437462],[54.5118687,24.4374424],[54.5119358,24.4374913],[54.5119277,24.4375523],[54.5118607,24.4375597],[54.5119384,24.4375865],[54.5119384,24.4376598],[54.5119975,24.437733],[54.5119653,24.4376158],[54.512035,24.4375401],[54.5121664,24.4374986],[54.5123676,24.4374473],[54.5124373,24.4373838],[54.5124883,24.4373497]]}},{"type":"Feature","properties":{"layer":"land","subtype":"physical","class":"cliff","name":""},"geometry":{"type":"LineString","coordinates":[[54.5114101,24.4371079],[54.5113859,24.4371494],[54.5113671,24.4371738]]}},{"type":"Feature","properties":{"layer":"land","subtype":"physical","class":"cliff","name":""},"geometry":{"type":"LineString","coordinates":[[54.5113671,24.4371738],[54.5113028,24.4371714],[54.5112625,24.437125],[54.5112759,24.4370884],[54.5113269,24.4370786],[54.5113484,24.437064],[54.5113403,24.4370127],[54.5113269,24.4369931],[54.5113054,24.4369834],[54.5112733,24.4369883],[54.5112303,24.4369712],[54.5112223,24.4369443],[54.5112572,24.4369077],[54.5112867,24.4368808],[54.5113296,24.4369052],[54.5113564,24.4369516],[54.5113966,24.4369956],[54.5114261,24.4370493],[54.5114101,24.4371079]]}},{"type":"Feature","properties":{"layer":"land","subtype":"physical","class":"cliff","name":""},"geometry":{"type":"LineString","coordinates":[[54.5120109,24.4362874],[54.5116702,24.4364559]]}},{"type":"Feature","properties":{"layer":"land","subtype":"sand","class":"sand","name":""},"geometry":{"type":"Polygon","coordinates":[[[54.5172943,24.4370368],[54.5173037,24.4370966],[54.5173533,24.4371344],[54.5180212,24.4373371],[54.5181057,24.4373444],[54.5181701,24.4373334],[54.5182229,24.4372954],[54.5191163,24.434879],[54.5191129,24.4348427],[54.5191048,24.4348182],[54.5190793,24.4347743],[54.5187158,24.4346711],[54.5186622,24.4348248],[54.5182532,24.4347108],[54.518131,24.4347735],[54.5172943,24.4370368]]]}},{"type":"Feature","properties":{"layer":"land","subtype":"sand","class":"sand","name":""},"geometry":{"type":"Polygon","coordinates":[[[54.5200789,24.4363855],[54.5202559,24.4359264],[54.5202398,24.4358775],[54.5202157,24.4358482],[54.5201808,24.4358214],[54.5196068,24.4357799],[54.5195612,24.4357823],[54.5195291,24.4358067],[54.519395,24.4361779],[54.5200789,24.4363855]]]}},{"type":"Feature","properties":{"layer":"land","subtype":"sand","class":"sand","name":""},"geometry":{"type":"Polygon","coordinates":[[[54.5266993,24.436203],[54.5268388,24.4364569],[54.5268764,24.4364789],[54.5269461,24.436474],[54.5275228,24.4362078],[54.5275335,24.4361712],[54.5275218,24.4361507],[54.5272903,24.4362569],[54.527141,24.4359871],[54.5273887,24.4358709],[54.5273618,24.4358367],[54.5270132,24.4357243],[54.5265304,24.4359319],[54.5265008,24.4359832],[54.5265008,24.4360418],[54.526584,24.436181],[54.5266993,24.436203]]]}},{"type":"Feature","properties":{"layer":"land","subtype":"sand","class":"sand","name":""},"geometry":{"type":"Polygon","coordinates":[[[54.5285456,24.4364286],[54.5285887,24.4364617],[54.5286415,24.4364793],[54.5286978,24.4364795],[54.5287508,24.4364621],[54.5288035,24.4364179],[54.5288269,24.4363713],[54.5288315,24.4363202],[54.5288165,24.4362708],[54.5287989,24.4362444],[54.5287574,24.4362097],[54.5287055,24.43619],[54.5286492,24.4361877],[54.5285762,24.4362137],[54.5285366,24.4362502],[54.5285132,24.4362968],[54.5285087,24.4363479],[54.5285236,24.4363973],[54.5285456,24.4364286]]]}},{"type":"Feature","properties":{"layer":"land","subtype":"physical","class":"cliff","name":""},"geometry":{"type":"LineString","coordinates":[[54.5145461,24.4388543],[54.5145831,24.4388588],[54.5145885,24.4388368],[54.5145509,24.4388099],[54.514516,24.4388124],[54.5144624,24.4387806],[54.5144249,24.4387391],[54.5144383,24.4386707],[54.5144678,24.4386121],[54.5145134,24.4385779],[54.514567,24.4385535],[54.5145965,24.4385242],[54.5146341,24.4384876],[54.5146341,24.4384534],[54.5146153,24.4384265],[54.5145858,24.4384168],[54.5145456,24.438407],[54.5145429,24.4383728],[54.5144973,24.4383679],[54.5144597,24.4383875],[54.5144275,24.4383484],[54.5144302,24.4383118],[54.5144624,24.4382458],[54.5144302,24.4382434],[54.5144007,24.4382654],[54.5143176,24.4382458],[54.5142639,24.4382165],[54.5142505,24.4381799],[54.5142076,24.4381677],[54.5141727,24.4381604],[54.5141593,24.4381311],[54.5141513,24.4381067],[54.5140896,24.4380871],[54.5140788,24.4380432],[54.5140949,24.4380041],[54.5141244,24.4379577],[54.5140949,24.4379259],[54.5140654,24.4378918],[54.5140145,24.4378722],[54.5139421,24.4378966],[54.5139474,24.4379333],[54.5138857,24.4379137],[54.5138455,24.4379162],[54.5138214,24.4379553],[54.513765,24.437965],[54.5137409,24.4379284],[54.5137758,24.4378844],[54.5138079,24.4378429],[54.5137972,24.4378112],[54.5138401,24.4377794],[54.513816,24.4377526],[54.5137784,24.4377404],[54.5137302,24.4377111],[54.513706,24.437672],[54.5136792,24.4376427],[54.5136765,24.4375987],[54.5136899,24.4375426],[54.5136899,24.4375181],[54.5136148,24.4375377],[54.5135773,24.4375987],[54.5135719,24.4376573],[54.5135344,24.4376476],[54.5135102,24.4376109],[54.5135022,24.4375645],[54.5134754,24.4375377],[54.5134432,24.4375499],[54.5134351,24.4375181],[54.5134244,24.437484],[54.5134137,24.4374473],[54.5134539,24.4374107],[54.5134512,24.4373912],[54.5134351,24.4373545],[54.5134673,24.4373252],[54.5135263,24.4373057],[54.5135558,24.4372984],[54.5135478,24.4372642],[54.5135263,24.4372349],[54.5135022,24.4372642],[54.5134646,24.4372837],[54.5134163,24.4373008],[54.5133949,24.4373326],[54.5133707,24.4372959],[54.5133895,24.4372422],[54.5133627,24.4372129],[54.5133278,24.4372666],[54.513293,24.4372886],[54.513242,24.4372569],[54.5132071,24.4372715],[54.5131991,24.4373057],[54.5132125,24.4373374],[54.5131642,24.4373497],[54.5131293,24.4373179],[54.5131025,24.437335],[54.5131267,24.4373643],[54.5130784,24.4373692],[54.5130489,24.437335],[54.5130516,24.4372788],[54.5131079,24.43723],[54.5131133,24.4372007],[54.513124,24.4371714],[54.5130864,24.4371519],[54.5130355,24.4371152],[54.513014,24.437081],[54.5130086,24.4370517],[54.5129926,24.4370151],[54.5129845,24.4370005],[54.5129496,24.436998],[54.5129094,24.4370688],[54.5128879,24.4371323],[54.5128316,24.4371445],[54.5128075,24.4371616],[54.5128316,24.4372447],[54.5128665,24.4372984],[54.5129014,24.4373155],[54.5129362,24.4373326],[54.5129014,24.4373423],[54.5128531,24.4373448],[54.5128209,24.4373179],[54.512786,24.4372666],[54.5127512,24.4372324],[54.5127887,24.4373179],[54.5127914,24.4373619],[54.5127377,24.4373814],[54.5127056,24.4373326],[54.5126761,24.4372788],[54.5126573,24.4372422],[54.5125607,24.4373497],[54.5125044,24.4373668],[54.5124883,24.4373497],[54.5125393,24.4372788],[54.5126063,24.4372495],[54.512609,24.4372178],[54.5126117,24.4371885],[54.5126063,24.4371616],[54.5126814,24.4371226],[54.5127082,24.4370884],[54.5127404,24.4370102],[54.512727,24.4369834],[54.5127699,24.4369565],[54.5128182,24.4369126],[54.512845,24.4368808],[54.5128397,24.4368417],[54.5128075,24.4368051],[54.5127485,24.4368124],[54.512727,24.4367929],[54.512778,24.4367441],[54.512837,24.4367099],[54.5128745,24.4366806],[54.5128504,24.4366391],[54.5127887,24.4366537],[54.5127538,24.4366268],[54.5126761,24.4365951],[54.5126761,24.4365658],[54.5126439,24.4365829],[54.5125902,24.4365487],[54.5125741,24.436495],[54.5125527,24.4364559],[54.5124856,24.436495],[54.5124427,24.4364925],[54.5124373,24.4364535],[54.5123837,24.436412],[54.5122791,24.4364144],[54.5122147,24.4364315],[54.5121503,24.4364388],[54.5121262,24.43639],[54.5121074,24.436346],[54.5120699,24.436324],[54.5120109,24.4362874]]}},{"type":"Feature","properties":{"layer":"land","subtype":"physical","class":"cliff","name":""},"geometry":{"type":"LineString","coordinates":[[54.5149452,24.43765],[54.5148835,24.4376915],[54.5148567,24.4377159]]}},{"type":"Feature","properties":{"layer":"land","subtype":"physical","class":"cliff","name":""},"geometry":{"type":"MultiLineString","coordinates":[[[54.5102076,24.437861],[54.5108898,24.4368402],[54.5120356,24.4362752],[54.5145902,24.4368141]],[[54.5145902,24.4368141],[54.5171301,24.4392139],[54.5168764,24.4390028],[54.5165921,24.4388172],[54.5163051,24.4385877],[54.5160234,24.4383606],[54.5158303,24.4381457],[54.5157525,24.4383289],[54.5156158,24.4383044],[54.5155165,24.4381701],[54.51542,24.4381115],[54.5153609,24.4380944],[54.5152778,24.4381115],[54.5152242,24.4381994],[54.5152644,24.4380163],[54.5152295,24.4379333],[54.515141,24.4378258],[54.5150686,24.4377306],[54.5149452,24.43765],[54.5147709,24.437694],[54.5146823,24.4376525],[54.5146394,24.4375914],[54.5145616,24.4375352],[54.5145321,24.4374278],[54.5145241,24.4373374],[54.5145402,24.4372105],[54.5145831,24.4371519],[54.5146341,24.4371079],[54.5146582,24.4370786],[54.5146528,24.4370469],[54.514626,24.4370273],[54.5145643,24.4370322],[54.5145509,24.4370591],[54.5145643,24.436998],[54.5145992,24.4369614],[54.5146099,24.436915],[54.5145902,24.4368141]]]}},{"type":"Feature","properties":{"layer":"land","subtype":"physical","class":"cliff","name":""},"geometry":{"type":"LineString","coordinates":[[54.5130144,24.4377346],[54.5130428,24.437751],[54.5130552,24.4377635],[54.5130702,24.4377909],[54.5130741,24.4378213],[54.5130715,24.437837],[54.5130579,24.4378651],[54.5130224,24.4378941]]}},{"type":"Feature","properties":{"layer":"land","subtype":"physical","class":"cliff","name":""},"geometry":{"type":"LineString","coordinates":[[54.5130224,24.4378941],[54.5129904,24.4379034],[54.5129568,24.4379021],[54.5129257,24.4378905],[54.5129117,24.4378807],[54.5128914,24.4378563],[54.5128823,24.437832],[54.512882,24.4378014],[54.5128933,24.4377726],[54.5129122,24.437751],[54.5129406,24.4377346],[54.5129816,24.437728],[54.5130144,24.4377346]]}},{"type":"Feature","properties":{"layer":"land","subtype":"physical","class":"cliff","name":""},"geometry":{"type":"LineString","coordinates":[[54.5148728,24.437799],[54.5148996,24.4378234],[54.5148482,24.4378625]]}},{"type":"Feature","properties":{"layer":"land","subtype":"physical","class":"cliff","name":""},"geometry":{"type":"LineString","coordinates":[[54.5148835,24.4376915],[54.514972,24.4377672],[54.5149291,24.4378063],[54.5149586,24.4378332],[54.5148781,24.4378918],[54.5148482,24.4378625],[54.5148276,24.4378424],[54.5147953,24.4378108],[54.5148827,24.4377385]]}},{"type":"Feature","properties":{"layer":"land","subtype":"physical","class":"cliff","name":""},"geometry":{"type":"LineString","coordinates":[[54.5147953,24.4378108],[54.5147682,24.4377843],[54.5148567,24.4377159],[54.5148827,24.4377385],[54.514913,24.4377648],[54.5148728,24.437799],[54.5148276,24.4378424]]}},{"type":"Feature","properties":{"layer":"land","subtype":"sand","class":"sand","name":""},"geometry":{"type":"Polygon","coordinates":[[[54.5105711,24.4385691],[54.5108629,24.4391005],[54.5113805,24.4396865],[54.5124883,24.4403605],[54.5148647,24.4403312],[54.5162915,24.439671],[54.5171339,24.4392812],[54.5171473,24.4392323],[54.5162228,24.4384323],[54.5145992,24.4368148],[54.5141245,24.4366943],[54.512014,24.4362578],[54.5108604,24.4368079],[54.5101645,24.4378596],[54.5105711,24.4385691]]]}},{"type":"Feature","properties":{"layer":"land","subtype":"sand","class":"sand","name":""},"geometry":{"type":"Polygon","coordinates":[[[54.5186549,24.4380576],[54.5185979,24.4380345],[54.5185121,24.4380248],[54.518453,24.4380443],[54.5183994,24.4380761],[54.518363,24.4381016],[54.5183381,24.438169],[54.5183431,24.4382275],[54.5183538,24.4382787],[54.518386,24.43833],[54.5184343,24.4383666],[54.5185194,24.4384015],[54.5186549,24.4380576]]]}},{"type":"Feature","properties":{"layer":"land","subtype":"sand","class":"sand","name":""},"geometry":{"type":"Polygon","coordinates":[[[54.5377637,24.437426],[54.5377501,24.4374023],[54.5374764,24.4375248],[54.5373235,24.4372415],[54.5375972,24.437119],[54.537584,24.4370915],[54.5368947,24.4374114],[54.5370717,24.4377459],[54.5377637,24.437426]]]}},{"type":"Feature","properties":{"layer":"land","subtype":"sand","class":"sand","name":"جزيرة اللسيلي"},"geometry":{"type":"Polygon","coordinates":[[[54.5454269,24.4368207],[54.5455875,24.4363664],[54.5468109,24.4367109],[54.5466043,24.4373189],[54.54724,24.4373653],[54.5474356,24.4369036],[54.5484038,24.4371796],[54.54827,24.4376656],[54.5488306,24.4379611],[54.5489966,24.4374848],[54.5526769,24.4385228],[54.5525106,24.4390038],[54.5531436,24.4390478],[54.5533367,24.4385789],[54.554313,24.4388549],[54.5541706,24.4393333],[54.5547288,24.4396338],[54.554935,24.4390281],[54.5561472,24.4393713],[54.5559999,24.439829],[54.5574351,24.440237],[54.5581403,24.4381563],[54.5573329,24.4379219],[54.557411,24.4375729],[54.55718,24.4375019],[54.5570379,24.4378487],[54.5558765,24.4375215],[54.5559516,24.437287],[54.5531996,24.4364983],[54.5531192,24.4367278],[54.5497264,24.4357609],[54.549804,24.4355386],[54.5470681,24.4347572],[54.546993,24.4349892],[54.5447024,24.4343347],[54.5439997,24.4364153],[54.5454269,24.4368207]]]}},{"type":"Feature","properties":{"layer":"land","subtype":"sand","class":"sand","name":""},"geometry":{"type":"Polygon","coordinates":[[[54.5604931,24.4350115],[54.5605233,24.4350709],[54.5605739,24.4351171],[54.5606387,24.4351447],[54.5607097,24.4351505],[54.5607914,24.4351281],[54.5608471,24.4350876],[54.5608844,24.435032],[54.5608986,24.4349676],[54.560894,24.4349238],[54.5608665,24.4348631],[54.5608183,24.434815],[54.5607553,24.4347849],[54.560661,24.4347782],[54.5605937,24.4347988],[54.5605377,24.4348395],[54.5605005,24.4348952],[54.5604863,24.4349593],[54.5604931,24.4350115]]]}},{"type":"Feature","properties":{"layer":"land","subtype":"sand","class":"sand","name":""},"geometry":{"type":"Polygon","coordinates":[[[54.5298577,24.4354229],[54.5298711,24.4353765],[54.5297075,24.4350859],[54.5296646,24.4350688],[54.5289779,24.435374],[54.5291737,24.4357305],[54.5298577,24.4354229]]]}},{"type":"Feature","properties":{"layer":"land","subtype":"sand","class":"sand","name":""},"geometry":{"type":"Polygon","coordinates":[[[54.5305336,24.4356378],[54.5305449,24.4355989],[54.5303877,24.4353087],[54.5303325,24.4352837],[54.5296914,24.4355718],[54.5296753,24.4356109],[54.5298577,24.4359454],[54.5305336,24.4356378]]]}},{"type":"Feature","properties":{"layer":"land","subtype":"sand","class":"sand","name":""},"geometry":{"type":"Polygon","coordinates":[[[54.5152451,24.4354116],[54.5152639,24.4354654],[54.5153068,24.4354971],[54.5153645,24.435513],[54.5154164,24.4354962],[54.5154704,24.4353762],[54.5155104,24.4352655],[54.5154919,24.4352187],[54.5154382,24.4351858],[54.5153819,24.4351931],[54.5153457,24.4352065],[54.5153108,24.435248],[54.5152451,24.4354116]]]}},{"type":"Feature","properties":{"layer":"land","subtype":"sand","class":"sand","name":""},"geometry":{"type":"Polygon","coordinates":[[[54.5203235,24.4355452],[54.5203664,24.4355306],[54.52042,24.4354792],[54.5204308,24.4353987],[54.5204254,24.435323],[54.5203932,24.4352619],[54.5203396,24.4352058],[54.5202672,24.4351594],[54.5197656,24.4350006],[54.519661,24.4350031],[54.5195778,24.4350324],[54.5195161,24.4350763],[54.5194652,24.4351374],[54.519382,24.4353669],[54.5193793,24.4354255],[54.5194142,24.4354695],[54.5194732,24.4355012],[54.5203235,24.4355452]]]}},{"type":"Feature","properties":{"layer":"land","subtype":"sand","class":"sand","name":""},"geometry":{"type":"Polygon","coordinates":[[[54.5157319,24.4346058],[54.5157051,24.4345789],[54.5156246,24.4345496],[54.5155603,24.4345863],[54.5154342,24.434933],[54.5154583,24.4349916],[54.5155093,24.4350258],[54.5155583,24.4350289],[54.5156052,24.4350154],[54.5157368,24.4346492],[54.5157319,24.4346058]]]}},{"type":"Feature","properties":{"layer":"land","subtype":"sand","class":"sand","name":""},"geometry":{"type":"Polygon","coordinates":[[[54.5273632,24.4350859],[54.527449,24.4351152],[54.5280807,24.434833],[54.52808,24.4347922],[54.5278081,24.4349136],[54.5276424,24.4346056],[54.5279143,24.4344843],[54.5278607,24.4344692],[54.5272787,24.4347353],[54.5272197,24.434811],[54.5273632,24.4350859]]]}},{"type":"Feature","properties":{"layer":"land","subtype":"sand","class":"sand","name":""},"geometry":{"type":"Polygon","coordinates":[[[54.5159026,24.4342022],[54.5158795,24.4341699],[54.5158084,24.4341479],[54.5157507,24.4341394],[54.5157051,24.4341711],[54.5156448,24.4343103],[54.515634,24.4343604],[54.5156515,24.4344019],[54.5157507,24.4344373],[54.5158242,24.4344136],[54.5159026,24.4342022]]]}},{"type":"Feature","properties":{"layer":"land","subtype":"sand","class":"sand","name":""},"geometry":{"type":"Polygon","coordinates":[[[54.515909,24.4337401],[54.5158714,24.4337584],[54.5158245,24.433828],[54.5157883,24.4339245],[54.5158084,24.4339733],[54.5158567,24.4339941],[54.5159318,24.4340124],[54.5159799,24.4339936],[54.5160322,24.4338524],[54.516035,24.4337987],[54.5160149,24.4337731],[54.515909,24.4337401]]]}},{"type":"Feature","properties":{"layer":"land","subtype":"sand","class":"sand","name":""},"geometry":{"type":"Polygon","coordinates":[[[54.5184115,24.4340295],[54.5184503,24.4341019],[54.5188808,24.4342395],[54.5188192,24.434408],[54.5191491,24.4345081],[54.5192148,24.4345045],[54.5192668,24.4344712],[54.5198304,24.4329822],[54.5198387,24.4329384],[54.5198126,24.432857],[54.5197647,24.4327976],[54.5196897,24.4327699],[54.5196241,24.4327742],[54.5194313,24.4328607],[54.5192548,24.4329411],[54.5190361,24.4330334],[54.5187556,24.4332247],[54.5186924,24.4333036],[54.518608,24.4334364],[54.5184115,24.4340295]]]}},{"type":"Feature","properties":{"layer":"land","subtype":"sand","class":"sand","name":""},"geometry":{"type":"Polygon","coordinates":[[[54.5612275,24.4344617],[54.5606052,24.4342932],[54.5604014,24.4342321],[54.5594334,24.4339466],[54.5581268,24.433551],[54.5570003,24.4332091],[54.5562412,24.4329454],[54.5554528,24.4326377],[54.5526794,24.4318366],[54.5497249,24.4310051],[54.5439995,24.4293893],[54.543604,24.4296339],[54.5428174,24.4302188],[54.5428194,24.4303264],[54.5427944,24.4304323],[54.5427673,24.4305765],[54.5427255,24.4307989],[54.5426609,24.4309232],[54.5425745,24.430976],[54.5424529,24.4309611],[54.5423382,24.430927],[54.5422302,24.4308846],[54.5420966,24.4308786],[54.5419984,24.4308947],[54.541894,24.4308966],[54.5417809,24.4308565],[54.541667,24.4308029],[54.5416304,24.4308203],[54.5415338,24.4308188],[54.5414434,24.4308331],[54.5413703,24.4308745],[54.5412769,24.4309574],[54.541202,24.4309992],[54.5411063,24.431055],[54.5409741,24.4311361],[54.540924,24.4311718],[54.5408106,24.4312204],[54.5407207,24.4312935],[54.5406924,24.4313411],[54.5406549,24.4314339],[54.5405958,24.4315267],[54.5405744,24.4315608],[54.5404725,24.4316585],[54.5404293,24.4317633],[54.5404671,24.4318783],[54.5404886,24.4319662],[54.5404671,24.4320541],[54.540263,24.4321052],[54.5401023,24.4322202],[54.5400806,24.4323689],[54.5400058,24.4325572],[54.5399468,24.4327819],[54.5399089,24.4329355],[54.5399307,24.4330505],[54.5399897,24.433153],[54.5400269,24.4333018],[54.5400216,24.4334825],[54.5399736,24.4336756],[54.5399626,24.4338439],[54.5399733,24.4339464],[54.5399521,24.4341689],[54.5399521,24.4342861],[54.5399089,24.4344544],[54.5398177,24.4347572],[54.5397373,24.4349623],[54.539759,24.4350676],[54.5398767,24.4351088],[54.5399518,24.4351528],[54.5399518,24.4352309],[54.5398985,24.4353606],[54.5398502,24.4355657],[54.5398338,24.4356168],[54.539832,24.4356407],[54.539956,24.4355928],[54.5401065,24.4356293],[54.5403338,24.435686],[54.5406053,24.435772],[54.540826,24.4358489],[54.5409589,24.4358539],[54.5410559,24.4358929],[54.541099,24.4359092],[54.5411183,24.4359012],[54.5411441,24.4358644],[54.5411642,24.4358258],[54.541193,24.4357765],[54.541219,24.4357011],[54.5412491,24.4356516],[54.5412766,24.4356146],[54.5413066,24.4355916],[54.541356,24.4355787],[54.5413983,24.4355793],[54.5414724,24.4356014],[54.5416705,24.4356651],[54.541831,24.4357224],[54.542011,24.4357677],[54.5421893,24.4358169],[54.5422733,24.4358494],[54.5423219,24.4358923],[54.5423526,24.4359496],[54.5423589,24.4360189],[54.5423597,24.4360749],[54.5423422,24.4361363],[54.5423249,24.4362122],[54.5423075,24.4362792],[54.5422827,24.4363402],[54.5434847,24.4366814],[54.5444315,24.4338733],[54.5452311,24.4341053],[54.5462503,24.4343934],[54.5463332,24.4341662],[54.5486783,24.4348301],[54.548717,24.4347559],[54.5487451,24.4347377],[54.5487831,24.4346787],[54.5488169,24.4346415],[54.5488429,24.434631],[54.5488496,24.4346045],[54.5488713,24.4345836],[54.5489069,24.4345469],[54.5489354,24.4345248],[54.5489555,24.4345188],[54.5489857,24.4345278],[54.5490697,24.4345519],[54.5491493,24.434583],[54.5492472,24.4345988],[54.549333,24.434629],[54.5495163,24.4346853],[54.5497348,24.4347534],[54.549902,24.4347984],[54.5500091,24.4348298],[54.5500443,24.434855],[54.5500644,24.4348806],[54.5500802,24.4349176],[54.5500878,24.4349823],[54.5500955,24.4350516],[54.5500972,24.4351133],[54.5500885,24.4351675],[54.5500671,24.4352029],[54.5500481,24.435226],[54.5503782,24.4354337],[54.5508312,24.4356509],[54.5512017,24.4357927],[54.5517756,24.4359612],[54.5521589,24.4360465],[54.5525535,24.4360955],[54.553213,24.4361247],[54.5569067,24.4371797],[54.5568316,24.4374068],[54.55718,24.4375019],[54.557411,24.4375729],[54.5583092,24.4378291],[54.5584916,24.4379048],[54.558677,24.43801],[54.5588459,24.4381198],[54.5589744,24.4382174],[54.5591407,24.438381],[54.5592966,24.4385618],[54.5596318,24.4383274],[54.5598285,24.4381978],[54.560204,24.438022],[54.5601772,24.4379633],[54.5607887,24.4377826],[54.5609005,24.437814],[54.5611718,24.4381333],[54.5613877,24.4380857],[54.5611088,24.4377243],[54.5611374,24.4374164],[54.5611052,24.4372698],[54.5611213,24.4371868],[54.5611481,24.4370891],[54.5611964,24.4370354],[54.561268,24.4369624],[54.5617505,24.4358121],[54.5620442,24.4350142],[54.5621314,24.4349306],[54.5623781,24.4349379],[54.5626195,24.4349696],[54.5628402,24.4350107],[54.5628861,24.4349093],[54.5612275,24.4344617]]]}},{"type":"Feature","properties":{"layer":"land","subtype":"sand","class":"sand","name":"جزيرة الرزين"},"geometry":{"type":"Polygon","coordinates":[[[54.5299579,24.430005],[54.5298667,24.4299806],[54.5297916,24.4299464],[54.5297165,24.4299366],[54.5296307,24.4299464],[54.5295556,24.4299269],[54.5295127,24.4299025],[54.5294762,24.4298344],[54.5294776,24.4298018],[54.5290418,24.4296779],[54.5285076,24.4312107],[54.5286951,24.4312643],[54.5285796,24.4316085],[54.5297984,24.4319512],[54.5298518,24.4317755],[54.5310286,24.4321018],[54.530839,24.4326516],[54.5320953,24.4330055],[54.5323978,24.4321443],[54.5330093,24.4323248],[54.5328678,24.4327599],[54.5343612,24.4331729],[54.5345027,24.4327619],[54.5351345,24.4329306],[54.534834,24.4338005],[54.5360835,24.4341486],[54.5362672,24.4336016],[54.5374414,24.4339238],[54.537384,24.4341192],[54.5385979,24.4344654],[54.5387088,24.4341139],[54.5389046,24.4341663],[54.5394222,24.4326384],[54.5379508,24.4322123],[54.5381114,24.4317831],[54.538562,24.431909],[54.53862,24.4317537],[54.5397378,24.4320441],[54.5397785,24.4320198],[54.5401825,24.4317779],[54.5404615,24.431563],[54.5395871,24.4314536],[54.5376559,24.4309066],[54.536347,24.4304768],[54.5359178,24.4302619],[54.5355745,24.4302717],[54.5352633,24.4303791],[54.5351775,24.4305354],[54.5350488,24.4305647],[54.5348277,24.4306823],[54.5375349,24.4314583],[54.5374754,24.4316069],[54.5379689,24.4317496],[54.5378024,24.4321709],[54.5368653,24.4319017],[54.5369142,24.4317483],[54.5353289,24.4312994],[54.5353128,24.4313458],[54.5350272,24.4312648],[54.5349711,24.4314042],[54.5344328,24.4312489],[54.5343889,24.4313042],[54.5342817,24.4313286],[54.5341851,24.4313628],[54.5340993,24.4313188],[54.5340295,24.4312358],[54.5339652,24.4311723],[54.5339618,24.4311131],[54.5334602,24.4309684],[54.5335003,24.4308267],[54.5332184,24.4307435],[54.5332317,24.4306975],[54.5316483,24.4302539],[54.5315921,24.430403],[54.5300576,24.4299667],[54.5300189,24.4299965],[54.5299579,24.430005]]]}},{"type":"Feature","properties":{"layer":"land","subtype":"sand","class":"sand","name":""},"geometry":{"type":"Polygon","coordinates":[[[54.5190161,24.4319189],[54.5190592,24.4319147],[54.5190927,24.4319001],[54.5192497,24.4315178],[54.5192403,24.4314812],[54.5192081,24.431436],[54.5173031,24.430853],[54.5172668,24.4308438],[54.5172259,24.4308622],[54.5171991,24.4308939],[54.5170777,24.4312291],[54.5170704,24.4312694],[54.5170791,24.4313079],[54.5171179,24.4313336],[54.5190161,24.4319189]]]}},{"type":"Feature","properties":{"layer":"land","subtype":"sand","class":"beach","name":""},"geometry":{"type":"Polygon","coordinates":[[[54.5250867,24.4324049],[54.5248432,24.4323318],[54.524756,24.4322861],[54.5247145,24.4322483],[54.5246064,24.4322483],[54.524524,24.4322677],[54.5244025,24.4322436],[54.5241454,24.4321583],[54.5236843,24.4320143],[54.5232393,24.4318215],[54.5230384,24.431741],[54.5228791,24.4316534],[54.5228376,24.4315828],[54.5228137,24.4315028],[54.5227896,24.4314272],[54.5227702,24.4313544],[54.5226628,24.4312867],[54.5224367,24.4312205],[54.5220611,24.4311057],[54.5217761,24.4310273],[54.5216235,24.4310149],[54.5214814,24.4310738],[54.5213609,24.4311673],[54.5211968,24.4312372],[54.5209683,24.4312313],[54.524415,24.4323086],[54.5253306,24.4324829],[54.5250867,24.4324049]]]}},{"type":"Feature","properties":{"layer":"land","subtype":"sand","class":"sand","name":""},"geometry":{"type":"Polygon","coordinates":[[[54.5159331,24.4335362],[54.5159438,24.4335802],[54.5159948,24.433607],[54.5160779,24.4336192],[54.516127,24.4335967],[54.5169724,24.4312887],[54.5171683,24.4307505],[54.5171354,24.4307206],[54.517067,24.4307004],[54.5157775,24.4303078],[54.5156139,24.4302737],[54.5154382,24.4302468],[54.5151848,24.4302419],[54.5150158,24.4308329],[54.5146242,24.4310966],[54.5146966,24.4317706],[54.5152545,24.4323421],[54.5149769,24.4330893],[54.5155483,24.4332625],[54.5159841,24.4333946],[54.5159331,24.4335362]]]}},{"type":"Feature","properties":{"layer":"land","subtype":"sand","class":"sand","name":""},"geometry":{"type":"Polygon","coordinates":[[[54.5201967,24.432136],[54.5203097,24.4321372],[54.5204007,24.4321639],[54.5204826,24.4322198],[54.5205415,24.4323017],[54.520569,24.4323891],[54.5205646,24.4324858],[54.5205316,24.4325711],[54.5204665,24.4326419],[54.5204087,24.4326805],[54.5203667,24.4326918],[54.5197103,24.4344707],[54.5197083,24.4345206],[54.519719,24.4345768],[54.5197459,24.4346305],[54.5197915,24.434694],[54.5198612,24.4347379],[54.5203655,24.4349089],[54.5204379,24.4349138],[54.5205291,24.4348942],[54.5206015,24.43486],[54.5206835,24.4347791],[54.5212859,24.4331694],[54.5209828,24.4330644],[54.5214852,24.4317413],[54.521325,24.4316898],[54.5207106,24.4315267],[54.5205492,24.4315215],[54.5204044,24.4315704],[54.5202113,24.4316656],[54.5200637,24.4317096],[54.5199207,24.4316855],[54.5194173,24.4315289],[54.5193234,24.4315655],[54.5191571,24.4319623],[54.5189727,24.4324735],[54.5190143,24.4325415],[54.519068,24.4325732],[54.5191189,24.4325903],[54.5191752,24.4325879],[54.5192503,24.4325537],[54.5196339,24.4323705],[54.5199853,24.4322191],[54.5200855,24.4321728],[54.5201967,24.432136]]]}},{"type":"Feature","properties":{"layer":"land","subtype":"wetland","class":"wetland","name":""},"geometry":{"type":"Polygon","coordinates":[[[54.5115638,24.4408181],[54.5119232,24.4412282],[54.5120331,24.4413771],[54.5120895,24.4415237],[54.5121056,24.4416921],[54.5120895,24.4418069],[54.5120895,24.4418924],[54.5121485,24.4419705],[54.5124572,24.4420754],[54.5126393,24.4419485],[54.512591,24.4418973],[54.5125243,24.4418703],[54.5124357,24.4418654],[54.5123818,24.4418509],[54.5123526,24.4417897],[54.5123631,24.4417312],[54.5124518,24.4416774],[54.5125028,24.4415895],[54.5124972,24.4414797],[54.512532,24.4414431],[54.5124411,24.4412061],[54.5123014,24.4409278],[54.5121675,24.4407177],[54.5121217,24.4407253],[54.512071,24.4407299],[54.5120066,24.4407055],[54.5119824,24.4406494],[54.5119956,24.4406008],[54.5111534,24.4404225],[54.5115638,24.4408181]]]}},{"type":"Feature","properties":{"layer":"land","subtype":"sand","class":"beach","name":""},"geometry":{"type":"Polygon","coordinates":[[[54.5408285,24.4407659],[54.5408366,24.4405925],[54.5408151,24.4404484],[54.5407682,24.4403129],[54.5406649,24.4401017],[54.5403994,24.439562],[54.5401311,24.4392324],[54.5401016,24.4392739],[54.5399789,24.4392921],[54.5396893,24.4390674],[54.5394586,24.4389746],[54.5403082,24.4397891],[54.5405871,24.4403312],[54.5398737,24.4424996],[54.5393158,24.4434763],[54.538613,24.4435105],[54.538672,24.4428756],[54.5389993,24.4419917],[54.5385218,24.4401407],[54.5361937,24.4416449],[54.535375,24.4424434],[54.5354404,24.4425615],[54.5355155,24.4426103],[54.5356069,24.4425886],[54.5357518,24.4424225],[54.5359449,24.4423005],[54.5363224,24.4419648],[54.5362366,24.4418696],[54.5362131,24.4418121],[54.5363204,24.4416753],[54.5365401,24.4417215],[54.5370659,24.4416007],[54.5370279,24.4415909],[54.5369781,24.4415733],[54.5369351,24.4415424],[54.5370213,24.4413195],[54.5371901,24.4412502],[54.5373634,24.4411434],[54.5374757,24.4410484],[54.537592,24.4409599],[54.5377226,24.4408979],[54.5378867,24.4408738],[54.5379131,24.4408378],[54.5380361,24.4408005],[54.5381778,24.4407469],[54.5382769,24.4407006],[54.5383823,24.4406587],[54.5384683,24.4406385],[54.5385706,24.4406644],[54.5386154,24.4407587],[54.5388732,24.441849],[54.5388842,24.4419978],[54.5387737,24.4422284],[54.5387147,24.442475],[54.5385569,24.4428091],[54.5384721,24.4428191],[54.5384085,24.4428793],[54.5383853,24.4429613],[54.5384094,24.4430733],[54.5383827,24.4432097],[54.538428,24.4433457],[54.5384315,24.4434983],[54.5383018,24.443251],[54.538299,24.4431556],[54.5383138,24.4430981],[54.5382644,24.4431853],[54.5382564,24.4433503],[54.538325,24.4434822],[54.5384611,24.4436377],[54.5385764,24.443767],[54.5386779,24.4438814],[54.5387281,24.4439225],[54.5388362,24.4439037],[54.5390176,24.4438454],[54.5391803,24.4437775],[54.5393702,24.4436631],[54.5395951,24.4435168],[54.5397354,24.4434084],[54.5397723,24.4433221],[54.5398293,24.4432034],[54.539918,24.4431227],[54.5398795,24.4430175],[54.5398302,24.4429177],[54.5398846,24.4427367],[54.5399492,24.4425702],[54.5401373,24.4421421],[54.5403821,24.4417967],[54.5404819,24.4416946],[54.540488,24.4418482],[54.5404225,24.4421567],[54.5405445,24.4417394],[54.5408285,24.4407659]]]}},{"type":"Feature","properties":{"layer":"land","subtype":"wetland","class":"wetland","name":""},"geometry":{"type":"Polygon","coordinates":[[[54.552415,24.4413919],[54.5521096,24.4412095],[54.5508229,24.4407492],[54.5502772,24.4405486],[54.5498366,24.4402113],[54.5494211,24.4400518],[54.5495662,24.4398239],[54.5494305,24.4397915],[54.5492603,24.4398052],[54.549055,24.4399716],[54.5490375,24.4401562],[54.5492302,24.4404502],[54.5496157,24.4409516],[54.5500789,24.4418882],[54.5502591,24.4422027],[54.5504694,24.4424557],[54.5506223,24.4425859],[54.5506383,24.4424954],[54.5507252,24.4424593],[54.550744,24.4425656],[54.5510602,24.442344],[54.5513255,24.4423076],[54.5514357,24.4424192],[54.5514882,24.4426243],[54.5514432,24.4427634],[54.5514432,24.442891],[54.5514907,24.4429685],[54.5517135,24.4429844],[54.5518412,24.4429411],[54.5519464,24.4428226],[54.552074,24.4426631],[54.5522442,24.4425605],[54.5525321,24.4425446],[54.5526673,24.4426175],[54.5527579,24.4428011],[54.5531284,24.4425049],[54.5532486,24.4423681],[54.5531234,24.4421129],[54.5531484,24.4419762],[54.5527875,24.4415783],[54.5526723,24.4412228],[54.5524501,24.4413189],[54.552415,24.4413919]]]}},{"type":"Feature","properties":{"layer":"land","subtype":"wetland","class":"wetland","name":""},"geometry":{"type":"Polygon","coordinates":[[[54.5403629,24.4423939],[54.540474,24.4418472],[54.5404693,24.4417265],[54.5403932,24.4418044],[54.5401497,24.4421479],[54.5399622,24.4425746],[54.5398979,24.4427405],[54.5398449,24.4429167],[54.5398925,24.4430129],[54.5399339,24.4431261],[54.5398409,24.4432107],[54.5397851,24.4433269],[54.539747,24.4434159],[54.5396036,24.4435268],[54.5393781,24.4436735],[54.5391871,24.4437886],[54.5390229,24.4438572],[54.5388398,24.443916],[54.538724,24.4439361],[54.5386678,24.4438901],[54.5385656,24.443775],[54.5384503,24.4436456],[54.5383131,24.4434889],[54.5382424,24.4433529],[54.5382506,24.4431819],[54.5383529,24.4430017],[54.538313,24.4431569],[54.5383156,24.4432479],[54.5384163,24.4434399],[54.5384142,24.4433477],[54.5383684,24.4432104],[54.5383952,24.4430734],[54.5383711,24.4429609],[54.5383959,24.442873],[54.5384655,24.4428071],[54.5385473,24.4427975],[54.5387014,24.4424711],[54.5387604,24.4422245],[54.5388701,24.4419956],[54.5388594,24.4418507],[54.5386021,24.4407626],[54.5385605,24.440675],[54.5384681,24.4406516],[54.5383869,24.4406707],[54.5382829,24.440712],[54.5381836,24.4407584],[54.538041,24.4408123],[54.537922,24.4408484],[54.5378949,24.4408854],[54.537727,24.44091],[54.5375997,24.4409705],[54.5374849,24.4410579],[54.5373721,24.4411533],[54.5371969,24.4412613],[54.5370324,24.4413289],[54.5369515,24.4415381],[54.5369851,24.4415622],[54.5370323,24.4415789],[54.5370697,24.4415886],[54.5370714,24.4417388],[54.5371036,24.4419293],[54.5371677,24.4420829],[54.5373769,24.4419754],[54.5376076,24.4418241],[54.5377849,24.4416802],[54.537978,24.4416119],[54.5382191,24.4415848],[54.5383911,24.4416607],[54.5384662,24.4417926],[54.5383803,24.4420319],[54.5382248,24.4422809],[54.5380692,24.4425593],[54.5378171,24.4430037],[54.5378761,24.4434823],[54.5381014,24.4438925],[54.5385198,24.4441611],[54.5387666,24.4441855],[54.5392008,24.4441291],[54.539523,24.4439804],[54.5398982,24.4438312],[54.5401074,24.443631],[54.5403705,24.4432039],[54.5404186,24.4428301],[54.5404564,24.4424421],[54.540558,24.4417426],[54.5403629,24.4423939]]]}},{"type":"Feature","properties":{"layer":"land","subtype":"wetland","class":"wetland","name":""},"geometry":{"type":"Polygon","coordinates":[[[54.5525702,24.4427885],[54.5525727,24.4426654],[54.5524225,24.4425925],[54.5522448,24.4426404],[54.5520395,24.4427953],[54.5519644,24.4429572],[54.5518318,24.4430438],[54.5515506,24.443093],[54.5519919,24.4432888],[54.5523323,24.4429926],[54.5525977,24.4428604],[54.5526754,24.4428478],[54.5525702,24.4427885]]]}},{"type":"Feature","properties":{"layer":"land","subtype":"sand","class":"sand","name":""},"geometry":{"type":"Polygon","coordinates":[[[54.5157655,24.4438779],[54.5157344,24.4438797],[54.5149876,24.4442515],[54.5149662,24.4442808],[54.5149608,24.4443077],[54.5149715,24.4443345],[54.5153041,24.4449596],[54.515339,24.444984],[54.5153803,24.4449762],[54.5157759,24.4439063],[54.5157655,24.4438779]]]}},{"type":"Feature","properties":{"layer":"land","subtype":"sand","class":"sand","name":""},"geometry":{"type":"Polygon","coordinates":[[[54.5254086,24.4442332],[54.5254285,24.4442683],[54.5254605,24.4442951],[54.5255006,24.4443103],[54.525544,24.4443121],[54.5255785,24.4443033],[54.5256145,24.4442812],[54.5256401,24.4442493],[54.5256522,24.4442113],[54.5256487,24.4441701],[54.5256305,24.4441342],[54.5255999,24.4441062],[54.5255606,24.4440893],[54.5255194,24.4440856],[54.5254773,24.4440951],[54.5254412,24.4441171],[54.5254156,24.4441491],[54.5254035,24.444187],[54.5254086,24.4442332]]]}},{"type":"Feature","properties":{"layer":"land","subtype":"sand","class":"sand","name":""},"geometry":{"type":"Polygon","coordinates":[[[54.5256896,24.4444783],[54.5257102,24.4445143],[54.525743,24.4445418],[54.5257842,24.4445574],[54.5258287,24.4445593],[54.5258642,24.4445502],[54.5259011,24.4445276],[54.5259274,24.4444948],[54.5259398,24.4444558],[54.5259363,24.4444135],[54.5259176,24.4443767],[54.5258862,24.4443479],[54.5258458,24.4443306],[54.5258035,24.4443268],[54.5257602,24.4443365],[54.5257232,24.4443591],[54.5256969,24.4443919],[54.5256845,24.4444309],[54.5256896,24.4444783]]]}},{"type":"Feature","properties":{"layer":"land","subtype":"wetland","class":"wetland","name":""},"geometry":{"type":"Polygon","coordinates":[[[54.5466314,24.4393192],[54.546306,24.4393694],[54.5462909,24.4397112],[54.5462208,24.4400394],[54.5456601,24.4407231],[54.544859,24.4414068],[54.5449441,24.4416529],[54.5451694,24.4418717],[54.5452295,24.4426283],[54.5454498,24.4428289],[54.5454849,24.4432847],[54.5453196,24.4437268],[54.5451294,24.4437906],[54.5448891,24.4440276],[54.5449041,24.4445791],[54.5444785,24.4443421],[54.5445937,24.4447159],[54.5448991,24.4449802],[54.5452746,24.4449483],[54.5452145,24.4453631],[54.5449341,24.44524],[54.5447138,24.445117],[54.5441381,24.4446293],[54.5445837,24.4455317],[54.5442782,24.4461015],[54.5428814,24.4473412],[54.5432118,24.4476374],[54.5446938,24.4463294],[54.5447989,24.4456229],[54.5449041,24.4454223],[54.5451444,24.4456274],[54.5455199,24.4458143],[54.5459821,24.4457603],[54.5465983,24.4440479],[54.5464461,24.4439137],[54.5459054,24.4433348],[54.5456751,24.4428152],[54.545555,24.4417076],[54.545585,24.4414569],[54.5456801,24.4418945],[54.5457502,24.442519],[54.5459054,24.4421953],[54.5460256,24.4418763],[54.5461307,24.4415436],[54.5464461,24.4404998],[54.5466364,24.4401898],[54.5468517,24.4393967],[54.5466314,24.4393192]]]}},{"type":"Feature","properties":{"layer":"land","subtype":"wetland","class":"wetland","name":""},"geometry":{"type":"Polygon","coordinates":[[[54.546759,24.4429637],[54.547113,24.4428703],[54.5475803,24.4430314],[54.5477574,24.4432731],[54.5478352,24.443444],[54.5478317,24.4436341],[54.5477043,24.4438082],[54.54746,24.4439371],[54.5473715,24.4443722],[54.5475025,24.4445913],[54.5480016,24.4446074],[54.5483096,24.4445881],[54.548515,24.4446783],[54.5486778,24.4447944],[54.5490212,24.4447879],[54.5495664,24.4447202],[54.5497824,24.4451811],[54.5501258,24.4462414],[54.5502851,24.4462704],[54.5505931,24.4462382],[54.5508657,24.4463349],[54.55111,24.4464864],[54.5513224,24.4462414],[54.5515844,24.4458773],[54.5520517,24.4456065],[54.5518711,24.4454357],[54.5516375,24.445468],[54.5514109,24.4455936],[54.5512268,24.4455195],[54.5510887,24.4453423],[54.5507064,24.4448234],[54.5486638,24.4430738],[54.5494214,24.4431254],[54.5498746,24.4431189],[54.5502428,24.442863],[54.5500643,24.442865],[54.5495737,24.4421129],[54.5491975,24.4417807],[54.5476755,24.4404589],[54.5469946,24.4411882],[54.5469545,24.4419083],[54.5469393,24.4419891],[54.546759,24.4429637]]]}},{"type":"Feature","properties":{"layer":"land","subtype":"wetland","class":"wetland","name":""},"geometry":{"type":"Polygon","coordinates":[[[54.5507064,24.4448234],[54.5507384,24.4448593],[54.5510854,24.4453621],[54.5512907,24.4450333],[54.5515739,24.4446981],[54.5514535,24.4444016],[54.5508446,24.4445241],[54.5505897,24.4441954],[54.5504481,24.443641],[54.5504056,24.4430673],[54.5502215,24.4429964],[54.5498746,24.4431189],[54.5494214,24.4431254],[54.5486638,24.4430738],[54.5507064,24.4448234]]]}},{"type":"Feature","properties":{"layer":"land","subtype":"wetland","class":"wetland","name":""},"geometry":{"type":"Polygon","coordinates":[[[54.5506676,24.4438344],[54.5509154,24.4443887],[54.551673,24.444234],[54.5519704,24.4444081],[54.5519421,24.444595],[54.5513332,24.4451493],[54.5512765,24.445375],[54.5515102,24.4453621],[54.5518217,24.4453363],[54.5519987,24.4453685],[54.5523528,24.4450546],[54.5521687,24.444642],[54.552619,24.4443869],[54.5522254,24.4441135],[54.5518714,24.443456],[54.5509509,24.4429017],[54.5506178,24.4428835],[54.5506676,24.4438344]]]}},{"type":"Feature","properties":{"layer":"land","subtype":"wetland","class":"wetland","name":""},"geometry":{"type":"Polygon","coordinates":[[[54.5594434,24.4450561],[54.5596525,24.4450204],[54.5600431,24.4446786],[54.5609433,24.4443826],[54.5615456,24.4441997],[54.5611646,24.4438445],[54.560749,24.4435574],[54.559978,24.443489],[54.5593822,24.4436667],[54.5588264,24.4443869],[54.5587494,24.4446993],[54.5594434,24.4450561]]]}},{"type":"Feature","properties":{"layer":"land","subtype":"sand","class":"sand","name":""},"geometry":{"type":"Polygon","coordinates":[[[54.5127024,24.4491518],[54.5126829,24.4491284],[54.5121772,24.4489732],[54.5125992,24.447795],[54.5126419,24.4477187],[54.512275,24.447607],[54.5125084,24.4469721],[54.5128773,24.4470842],[54.5129236,24.4469594],[54.5125625,24.4468487],[54.5127931,24.4462114],[54.513161,24.4463197],[54.5131684,24.446293],[54.5125389,24.446093],[54.5125267,24.4461305],[54.5115515,24.4487679],[54.5109272,24.4504499],[54.5144383,24.4515339],[54.517986,24.4419502],[54.517225,24.4416624],[54.5172841,24.441533],[54.5174249,24.4414246],[54.5177802,24.4404387],[54.5179838,24.440495],[54.5180124,24.4403923],[54.517753,24.4402615],[54.5176779,24.4402835],[54.5176001,24.4404984],[54.5175491,24.4404813],[54.5176672,24.4401712],[54.5178656,24.4402322],[54.5179407,24.4401981],[54.5183166,24.4392057],[54.5182153,24.4391739],[54.5184118,24.4386749],[54.5183458,24.4386548],[54.5182626,24.4386523],[54.5181875,24.4386768],[54.5181284,24.4387419],[54.5143426,24.4489629],[54.5143802,24.4490217],[54.5143988,24.4491023],[54.514385,24.449174],[54.5143496,24.449259],[54.5142861,24.4493315],[54.5142107,24.4493783],[54.5140769,24.4494087],[54.513956,24.4493911],[54.5138942,24.4493619],[54.5138275,24.4493793],[54.5127031,24.4500313],[54.5125562,24.4500796],[54.5124033,24.4500918],[54.5122451,24.4501236],[54.5121217,24.4502066],[54.512068,24.4503116],[54.5119742,24.4505533],[54.5111829,24.4503018],[54.5111614,24.4502457],[54.5111829,24.4501773],[54.5116067,24.449059],[54.5116416,24.4490444],[54.5117247,24.4490566],[54.5124435,24.4492666],[54.5122746,24.449728],[54.5122719,24.4497818],[54.5122872,24.4497977],[54.5123094,24.4498208],[54.5123711,24.4498452],[54.5124435,24.4498379],[54.5124811,24.4497793],[54.5127084,24.4491801],[54.5127024,24.4491518]]]}},{"type":"Feature","properties":{"layer":"land","subtype":"sand","class":"sand","name":""},"geometry":{"type":"Polygon","coordinates":[[[54.5151378,24.4454455],[54.5148213,24.4448424],[54.5147784,24.4448155],[54.5147435,24.4448131],[54.5146914,24.4448355],[54.5145263,24.4452819],[54.5133434,24.4449132],[54.5135216,24.4444439],[54.5132206,24.4443578],[54.5129913,24.445003],[54.5127533,24.4449273],[54.5125915,24.4448662],[54.5124651,24.445201],[54.512503,24.4452532],[54.5126166,24.4449498],[54.5135672,24.4452245],[54.5136532,24.445245],[54.5137296,24.4450939],[54.5148159,24.4453991],[54.5145003,24.4462589],[54.5145156,24.446305],[54.5145477,24.446327],[54.5146014,24.4463221],[54.5149454,24.4461522],[54.51516,24.4455719],[54.5151378,24.4454455]]]}},{"type":"Feature","properties":{"layer":"land","subtype":"land","class":"land","name":""},"geometry":{"type":"Polygon","coordinates":[[[54.5026695,24.4617844],[54.5026856,24.4617527],[54.5025435,24.461489],[54.5025515,24.461428],[54.5025757,24.4613816],[54.5027768,24.4612986],[54.5028197,24.4612449],[54.5028278,24.4612083],[54.5029029,24.4611741],[54.5029209,24.4611928],[54.5029565,24.4611765],[54.5029485,24.461157],[54.5029753,24.4611399],[54.5030316,24.4612351],[54.5030953,24.4612015],[54.5030493,24.4611243],[54.5030975,24.4611028],[54.5031428,24.4611835],[54.5037773,24.4608884],[54.5036336,24.460623],[54.5037558,24.4605613],[54.503916,24.4608436],[54.5039355,24.4608372],[54.5039007,24.4607786],[54.5043529,24.4605552],[54.5047804,24.460344],[54.5048172,24.4604066],[54.5050889,24.4602781],[54.5050111,24.4601169],[54.505046,24.460095],[54.5051337,24.4602552],[54.505341,24.4601609],[54.5052025,24.4599248],[54.5053893,24.4598313],[54.5055226,24.4600672],[54.5070267,24.4593692],[54.5069745,24.4592502],[54.5070389,24.4592209],[54.5070737,24.4592038],[54.5071381,24.4591623],[54.5071408,24.4591403],[54.5071059,24.4591208],[54.5070523,24.4591379],[54.5070174,24.4591306],[54.5069638,24.4590695],[54.5069423,24.4590183],[54.506894,24.4589133],[54.5068377,24.4588425],[54.5067787,24.4587497],[54.506691,24.4585403],[54.5063621,24.4579358],[54.5061636,24.4575769],[54.5061001,24.4574264],[54.5060859,24.4572912],[54.5059821,24.4571993],[54.5058775,24.4570163],[54.5058024,24.4570139],[54.5057004,24.4568894],[54.5056334,24.4567893],[54.505587,24.4566516],[54.5056835,24.4554503],[54.5057058,24.4552902],[54.5057729,24.4552462],[54.5058024,24.4552902],[54.505864,24.4553146],[54.505856,24.4552462],[54.5059016,24.4552462],[54.5059713,24.4552145],[54.5060196,24.4552267],[54.5060464,24.4551876],[54.5060169,24.455107],[54.5060867,24.4551339],[54.5061296,24.4551363],[54.5061349,24.4551949],[54.5061618,24.4552047],[54.506202,24.455151],[54.5062583,24.4551583],[54.5063308,24.4550997],[54.5063871,24.4551339],[54.50643,24.4550753],[54.506497,24.4550899],[54.5065177,24.4550475],[54.5065158,24.454985],[54.5066017,24.4549361],[54.5067653,24.4548922],[54.5068484,24.4548482],[54.5068887,24.4548458],[54.5069208,24.4547847],[54.5069691,24.4547701],[54.5070362,24.4547017],[54.5071166,24.4546871],[54.5071542,24.4546553],[54.5071676,24.4545967],[54.5072052,24.4546309],[54.5072561,24.4546456],[54.5073044,24.4546041],[54.5073607,24.4545894],[54.507417,24.4545455],[54.5074841,24.4545381],[54.5075297,24.4544771],[54.507578,24.4544844],[54.5076424,24.454399],[54.507704,24.4544112],[54.5077818,24.454355],[54.5079133,24.4543233],[54.507932,24.4542696],[54.5080071,24.4542452],[54.5080098,24.4542159],[54.5080661,24.4541817],[54.5081412,24.4541109],[54.5081278,24.4540547],[54.5083585,24.4540645],[54.508439,24.4540547],[54.5085302,24.4540547],[54.5085865,24.4539888],[54.5087689,24.4539253],[54.5088413,24.4538691],[54.5088628,24.4537959],[54.5090156,24.4537739],[54.5090425,24.4537104],[54.5091149,24.4537056],[54.5091712,24.4537275],[54.5092302,24.4537886],[54.5092731,24.4537495],[54.5093348,24.4537544],[54.5095092,24.4536934],[54.5095709,24.4536909],[54.5096326,24.453708],[54.5097291,24.4537056],[54.5097854,24.4537202],[54.5098954,24.4536714],[54.5099651,24.4537031],[54.5100054,24.4536641],[54.5100483,24.4537007],[54.5100966,24.4536518],[54.5101127,24.4536616],[54.5101958,24.4536836],[54.5103272,24.4536763],[54.5104131,24.4536714],[54.5104855,24.4536714],[54.5105357,24.4536558],[54.5105284,24.4535371],[54.5105847,24.4535835],[54.5106411,24.4535469],[54.5107296,24.4535029],[54.5107591,24.4535249],[54.5108315,24.4535224],[54.5109146,24.4535395],[54.5110032,24.4535737],[54.511148,24.4536055],[54.5112231,24.4536079],[54.5113304,24.453647],[54.5113894,24.4536225],[54.5115369,24.4536323],[54.5116013,24.4536323],[54.5116442,24.4535908],[54.511781,24.4536079],[54.5119017,24.4535981],[54.5119983,24.4536128],[54.5120814,24.4535688],[54.5121833,24.4535664],[54.5122531,24.4535298],[54.512355,24.4535566],[54.5124086,24.4534809],[54.5124864,24.4535053],[54.5126178,24.4535102],[54.5126339,24.4534541],[54.5127412,24.4534712],[54.5128297,24.4534736],[54.5128512,24.4534199],[54.5129129,24.4534101],[54.5129317,24.4533735],[54.5130068,24.4534004],[54.5130247,24.4533457],[54.5129773,24.4532636],[54.513106,24.4532929],[54.5132321,24.4533076],[54.5132938,24.4533003],[54.5131355,24.4531708],[54.5132616,24.4532124],[54.5133555,24.4532563],[54.5134467,24.4531635],[54.513503,24.4531879],[54.5135727,24.453205],[54.5136229,24.4531894],[54.5136129,24.4531171],[54.5136666,24.4531269],[54.5137497,24.453122],[54.513739,24.4530268],[54.5138248,24.4530585],[54.5138704,24.4530366],[54.513908,24.4530707],[54.5139965,24.4530781],[54.5140609,24.4530439],[54.5141092,24.4530659],[54.5141467,24.4530244],[54.5142138,24.4530537],[54.5143532,24.453061],[54.5144766,24.4531171],[54.5145571,24.4530732],[54.514651,24.4531],[54.5147314,24.453166],[54.5147958,24.4531586],[54.5148977,24.4532075],[54.5149594,24.4531611],[54.5151472,24.453227],[54.5152652,24.4532636],[54.5153878,24.4532578],[54.515351,24.4531977],[54.5154288,24.4531611],[54.5154932,24.4530976],[54.5155683,24.4531025],[54.5156434,24.4531611],[54.5157346,24.4532124],[54.5158392,24.4532417],[54.5158848,24.45331],[54.5159706,24.4534101],[54.5160243,24.4533759],[54.5161101,24.4533882],[54.5161262,24.4533198],[54.5161986,24.4533393],[54.5162549,24.4532636],[54.5162791,24.4532124],[54.516389,24.4532368],[54.5164856,24.4532612],[54.5165446,24.4533149],[54.5165956,24.4532734],[54.5166519,24.453271],[54.5166975,24.453354],[54.5167664,24.4533042],[54.5168075,24.4532001],[54.5168584,24.4532343],[54.5169228,24.4532026],[54.517014,24.4531953],[54.5170489,24.4532417],[54.5171105,24.4531757],[54.5172205,24.4531635],[54.5172554,24.4532172],[54.5173278,24.4531977],[54.5173707,24.4532563],[54.5174485,24.4533027],[54.5174861,24.4532465],[54.5176014,24.4532124],[54.5176926,24.4531928],[54.5177704,24.4532246],[54.5177328,24.45279],[54.5177918,24.4526215],[54.5179233,24.4525775],[54.5179876,24.4526947],[54.5180547,24.4528363],[54.5181217,24.4529853],[54.5181593,24.4531513],[54.5182478,24.4533198],[54.5183363,24.4534931],[54.518457,24.4536763],[54.5185589,24.4538081],[54.5186206,24.4538936],[54.5186045,24.4539693],[54.5185643,24.4539839],[54.5184811,24.4539912],[54.5186935,24.4542018],[54.5187949,24.4544136],[54.5188674,24.4543428],[54.5189256,24.4542613],[54.5189076,24.4541231],[54.5188612,24.4539341],[54.5187682,24.4537788],[54.518677,24.4535493],[54.5186635,24.4533833],[54.5185715,24.4532749],[54.5185589,24.4531269],[54.5185018,24.4529306],[54.5184624,24.4528241],[54.5183757,24.4526474],[54.5183175,24.4524848],[54.5184133,24.4525131],[54.518339,24.4524408],[54.5184973,24.4524555],[54.5185536,24.4524213],[54.5185777,24.4523822],[54.5186654,24.4524008],[54.5186019,24.4523187],[54.5186788,24.4523275],[54.5186475,24.4522601],[54.5187333,24.4522601],[54.5187869,24.4521942],[54.5188693,24.4522079],[54.5188406,24.45216],[54.5189291,24.4520868],[54.5190203,24.4520941],[54.5189479,24.4519989],[54.5190678,24.4519906],[54.5190391,24.4519036],[54.5191061,24.4518011],[54.519218,24.4518245],[54.5191509,24.4516756],[54.5191142,24.4515691],[54.5192099,24.4515853],[54.5191195,24.4514739],[54.519251,24.4514886],[54.519428,24.4515862],[54.5194924,24.4517278],[54.5195433,24.4518499],[54.5195353,24.4519696],[54.5195809,24.452099],[54.519597,24.4522674],[54.5196104,24.4523529],[54.5196721,24.4524481],[54.5197981,24.4529926],[54.5198544,24.4533149],[54.5198035,24.4534809],[54.5197445,24.453647],[54.5198429,24.4536875],[54.5198947,24.4535151],[54.5199188,24.4534297],[54.519833,24.4534321],[54.5198732,24.4533442],[54.5200012,24.4533139],[54.5197517,24.4522616],[54.5197785,24.4520052],[54.5197069,24.4518206],[54.5196069,24.4514021],[54.5195782,24.4512639],[54.5196613,24.4511956],[54.5197123,24.4511736],[54.519774,24.4511565],[54.519833,24.4511834],[54.5199027,24.4511394],[54.5199644,24.4511541],[54.5200476,24.4512468],[54.5201522,24.4511589],[54.5202353,24.451259],[54.5202997,24.4511809],[54.5203828,24.4512346],[54.5203507,24.4515838],[54.5203319,24.4520355],[54.5203265,24.4525141],[54.5203212,24.4525727],[54.5203265,24.4526508],[54.5203024,24.4528193],[54.5202568,24.4528461],[54.5202621,24.4528974],[54.5203024,24.4528974],[54.5203051,24.4530024],[54.5202621,24.4530048],[54.5202621,24.4530488],[54.5202916,24.4530585],[54.5202353,24.4532001],[54.5202165,24.4534638],[54.5202434,24.4536958],[54.520297,24.4545601],[54.5203874,24.4545567],[54.520407,24.4539497],[54.5204392,24.4530634],[54.5204947,24.452225],[54.520551,24.4516976],[54.5205457,24.4514974],[54.5206028,24.4513469],[54.5206672,24.4513079],[54.5209112,24.4513567],[54.5210311,24.4514046],[54.5210212,24.4513054],[54.5210668,24.4512468],[54.5211285,24.4512078],[54.5212036,24.4512029],[54.5213592,24.4512566],[54.5214691,24.4513299],[54.5215952,24.4513933],[54.5215952,24.4513372],[54.5214952,24.4512214],[54.5214504,24.4511394],[54.5215201,24.4511296],[54.5216086,24.4511711],[54.5216328,24.451242],[54.5217052,24.4512224],[54.5217669,24.4511785],[54.5217856,24.4512395],[54.5218607,24.4512224],[54.52196,24.45122],[54.5219922,24.451303],[54.5220217,24.4513714],[54.5220834,24.4512957],[54.5221558,24.4513201],[54.522273,24.4513435],[54.5222336,24.4512297],[54.5224052,24.4512346],[54.5224428,24.4513372],[54.5224401,24.4514519],[54.5224562,24.4515862],[54.5225554,24.4515789],[54.5226225,24.4514983],[54.5226439,24.4515447],[54.5226359,24.4516131],[54.522652,24.4516985],[54.5227056,24.4517156],[54.522762,24.4516326],[54.5228237,24.4515301],[54.5229309,24.451513],[54.5230141,24.4515276],[54.5230677,24.4515179],[54.5230919,24.4514202],[54.5231294,24.4514617],[54.523175,24.4514348],[54.5232287,24.4514031],[54.5234057,24.4513909],[54.5234835,24.4514568],[54.5235524,24.4514827],[54.5235103,24.4513787],[54.5234263,24.451302],[54.5234942,24.4512664],[54.5235586,24.4512957],[54.5235961,24.4513445],[54.5236203,24.4514104],[54.5236122,24.4514739],[54.5236686,24.4515081],[54.5237509,24.4514705],[54.5237732,24.4513909],[54.5237973,24.4514104],[54.5238429,24.4513982],[54.5238716,24.4514436],[54.5238804,24.4513933],[54.5239287,24.4514031],[54.5241505,24.4515633],[54.5248774,24.4522079],[54.5248882,24.4523177],[54.5249525,24.4524447],[54.525041,24.4525473],[54.5252181,24.4526547],[54.5253254,24.4527304],[54.525446,24.452811],[54.5255212,24.4528964],[54.5255721,24.4529135],[54.525615,24.4529013],[54.5261354,24.4524252],[54.52613,24.452391],[54.5260844,24.4523348],[54.5259369,24.4521835],[54.5258618,24.4521053],[54.5258081,24.4520418],[54.5257545,24.4519881],[54.5257116,24.4518783],[54.5257223,24.451783],[54.5257384,24.4516878],[54.5257786,24.4516243],[54.525902,24.4515657],[54.5260281,24.4514632],[54.5261059,24.4513924],[54.5261702,24.4512703],[54.5262507,24.4512117],[54.5263848,24.4510847],[54.5264143,24.4509773],[54.5265136,24.4509236],[54.5266772,24.4508381],[54.526873,24.4505866],[54.5268596,24.450528],[54.5269776,24.4504059],[54.5271627,24.4502252],[54.5272941,24.4500787],[54.5273316,24.4500275],[54.5273102,24.4499762],[54.5272646,24.4499762],[54.527219,24.4499884],[54.526594,24.4494244],[54.5268193,24.4495025],[54.5269615,24.4494488],[54.5270312,24.4492925],[54.5271493,24.4492974],[54.5273021,24.4494415],[54.5273853,24.4494464],[54.5275167,24.4494537],[54.5275543,24.4493975],[54.5275355,24.449334],[54.5274899,24.4492388],[54.5274577,24.4491289],[54.5274523,24.4490337],[54.5275462,24.4489482],[54.5276025,24.448897],[54.5275838,24.4487554],[54.5276589,24.448643],[54.5277769,24.4486748],[54.5278332,24.4486186],[54.5279861,24.4486211],[54.5280076,24.44856],[54.5279807,24.4484941],[54.5279539,24.4484257],[54.527903,24.4483085],[54.5278064,24.4482304],[54.5279271,24.4481059],[54.5280076,24.4480082],[54.528021,24.4479301],[54.5281497,24.4478788],[54.5281899,24.4478104],[54.5282999,24.4477347],[54.528316,24.4476541],[54.5284367,24.4475955],[54.5285011,24.4475345],[54.5285789,24.447515],[54.5286996,24.4474026],[54.5287908,24.4473196],[54.5289812,24.4472879],[54.5290912,24.4472659],[54.5291475,24.4472024],[54.5293782,24.4470535],[54.5294828,24.4470022],[54.5296839,24.4469753],[54.5299414,24.4470071],[54.5301158,24.4469509],[54.5301453,24.4468728],[54.5302526,24.4468923],[54.5303679,24.4469607],[54.5304537,24.4469119],[54.5306442,24.4467483],[54.5308105,24.446592],[54.5309499,24.4464992],[54.5311001,24.446443],[54.5312799,24.4463283],[54.5314676,24.4461207],[54.5316151,24.4459742],[54.5317171,24.4459132],[54.5318512,24.4459376],[54.5319826,24.4460743],[54.5321462,24.4462721],[54.5322937,24.4465847],[54.5324225,24.4468874],[54.5325566,24.4470828],[54.5330152,24.4477713],[54.533203,24.4480009],[54.5335866,24.4487627],[54.5338172,24.4490606],[54.5339245,24.44919],[54.5339272,24.4493609],[54.534072,24.4494512],[54.534174,24.4496856],[54.5343832,24.4499664],[54.5343671,24.4501349],[54.5344878,24.4501935],[54.5345414,24.4502375],[54.5346031,24.4505475],[54.5347775,24.450633],[54.5348096,24.4507453],[54.5348204,24.4508845],[54.5349625,24.4509407],[54.5351315,24.4510163],[54.5352227,24.4510774],[54.535338,24.4512923],[54.5352978,24.4513948],[54.5353193,24.4514974],[54.5355017,24.4516316],[54.5355741,24.4516072],[54.5358825,24.4513777],[54.5358986,24.451346],[54.5358584,24.4513167],[54.5357833,24.4512971],[54.535684,24.4512483],[54.5355687,24.4511946],[54.5354614,24.4510456],[54.5353836,24.4509309],[54.5354158,24.4508528],[54.53533,24.4507526],[54.5351074,24.4504694],[54.5350296,24.4503351],[54.5347694,24.4498126],[54.5346058,24.4496856],[54.5344717,24.4495758],[54.5344019,24.4494488],[54.5344449,24.4494048],[54.5343966,24.4492999],[54.5344288,24.44919],[54.5345173,24.4490068],[54.5350028,24.4484135],[54.5350376,24.4483525],[54.5350189,24.4482963],[54.5349813,24.4482768],[54.5349169,24.4482865],[54.5348391,24.4483256],[54.5348016,24.448394],[54.5347426,24.4485234],[54.5344985,24.4488433],[54.5342786,24.4490728],[54.534174,24.449063],[54.5340479,24.4488896],[54.5339755,24.4487041],[54.5339057,24.4485258],[54.5338226,24.4483647],[54.5337394,24.4482109],[54.5333827,24.4476761],[54.5332191,24.4473953],[54.5331198,24.447178],[54.5329965,24.4468948],[54.5329348,24.4467263],[54.5328597,24.446548],[54.5327095,24.446321],[54.5326344,24.4461867],[54.5325324,24.4459327],[54.5324386,24.4456592],[54.5323957,24.4455127],[54.5323903,24.4454273],[54.5324547,24.4453711],[54.532519,24.4452515],[54.5326424,24.4451587],[54.5330045,24.4449072],[54.5331413,24.4447118],[54.5333452,24.4444603],[54.533549,24.4442748],[54.5336831,24.4441844],[54.5338682,24.4440037],[54.5341659,24.4437351],[54.5343993,24.4435349],[54.5346782,24.4432932],[54.5348204,24.4431564],[54.5351369,24.4429733],[54.535271,24.4429318],[54.5354265,24.4429293],[54.5357618,24.4430465],[54.5359952,24.4431808],[54.5360864,24.4433005],[54.5361481,24.443364],[54.5362258,24.4433811],[54.5362849,24.4433688],[54.5362983,24.4433322],[54.5362285,24.4432883],[54.5362419,24.4432272],[54.5362875,24.4432004],[54.5363412,24.4432126],[54.5363787,24.4432712],[54.5364216,24.4432736],[54.5364377,24.4432321],[54.5364163,24.4431882],[54.5363787,24.4431442],[54.5363197,24.4431149],[54.5362634,24.4431125],[54.5361668,24.4430905],[54.5357404,24.4427511],[54.5357082,24.4426534],[54.5357484,24.4425484],[54.5358021,24.4424556],[54.535845,24.4424214],[54.5359201,24.4424141],[54.5360327,24.4422871],[54.5360596,24.4422139],[54.5361293,24.4421577],[54.5362366,24.4420429],[54.5363224,24.4419648],[54.5362366,24.4418696],[54.53625,24.4417865],[54.5363331,24.4416962],[54.5364512,24.4417182],[54.5365558,24.4417328],[54.5368267,24.4416522],[54.5370547,24.4416181],[54.5370681,24.4415936],[54.5370305,24.4415839],[54.5369822,24.4415668],[54.5369447,24.4415399],[54.5370278,24.441325],[54.5371941,24.4412567],[54.5373685,24.4411492],[54.5374811,24.441054],[54.5375965,24.4409661],[54.5377252,24.440905],[54.5378915,24.4408806],[54.5379183,24.440844],[54.538039,24.4408074],[54.5381812,24.4407536],[54.5382804,24.4407073],[54.538385,24.4406657],[54.5384682,24.4406462],[54.5385647,24.4406706],[54.5386076,24.440761],[54.5388651,24.44185],[54.5388759,24.4419965],[54.5387659,24.4422261],[54.5387069,24.4424727],[54.5385513,24.4428023],[54.5384682,24.4428121],[54.5384011,24.4428756],[54.538377,24.4429611],[54.5384011,24.4430734],[54.5383743,24.4432101],[54.5384199,24.4433469],[54.5384226,24.4434641],[54.5383099,24.4432492],[54.5383072,24.4431564],[54.5383367,24.4430416],[54.5382563,24.4431833],[54.5382482,24.4433518],[54.538318,24.4434861],[54.5384548,24.4436423],[54.5385701,24.4437717],[54.538672,24.4438865],[54.5387257,24.4439305],[54.5388383,24.4439109],[54.5390207,24.4438523],[54.5391843,24.443784],[54.5393748,24.4436692],[54.5396001,24.4435227],[54.5397422,24.4434128],[54.5397798,24.4433249],[54.5398361,24.4432077],[54.5399273,24.4431247],[54.5398871,24.4430148],[54.5398388,24.4429171],[54.5398924,24.4427389],[54.5399568,24.4425728],[54.5401446,24.4421455],[54.5403886,24.4418012],[54.5404745,24.4417133],[54.5404798,24.4418476],[54.5403699,24.4423653],[54.5405524,24.4417413],[54.5408285,24.4407659],[54.5408366,24.4405925],[54.5408151,24.4404484],[54.5407682,24.4403129],[54.5407534,24.4402702],[54.5406649,24.4401017],[54.5403994,24.439562],[54.5401311,24.4392324],[54.5401016,24.4392739],[54.5399595,24.4390736],[54.5397851,24.4388368],[54.5397503,24.4386756],[54.5397986,24.4385486],[54.5397905,24.4384583],[54.5397047,24.4382751],[54.5395732,24.4380749],[54.5391736,24.4373765],[54.5389456,24.4370151],[54.5387659,24.4368271],[54.5384199,24.4366317],[54.5378915,24.4362532],[54.5375991,24.4360481],[54.537296,24.4358918],[54.536883,24.4357404],[54.536199,24.4355548],[54.5358155,24.4354401],[54.5354802,24.4354059],[54.5351798,24.4353131],[54.5347319,24.4351592],[54.5342491,24.43502],[54.5338601,24.4349224],[54.5334211,24.4347744],[54.5331502,24.4346791],[54.5329409,24.4345912],[54.5327961,24.4345424],[54.5325064,24.434496],[54.5321953,24.4344008],[54.5318278,24.4342664],[54.5315489,24.434181],[54.5315086,24.4341614],[54.531455,24.4341126],[54.5313826,24.4341077],[54.5313209,24.4341492],[54.5310929,24.4341004],[54.5304867,24.4339264],[54.5301138,24.4338341],[54.5295291,24.4337022],[54.5288264,24.4335167],[54.5282175,24.4333237],[54.5279198,24.4332505],[54.527732,24.4332187],[54.5275791,24.4331455],[54.5270936,24.4329892],[54.5265813,24.4328793],[54.5259859,24.4326937],[54.5256799,24.432566],[54.5253288,24.4324886],[54.5250847,24.4324104],[54.5248406,24.4323372],[54.5247521,24.4322908],[54.5247118,24.4322541],[54.5246072,24.4322541],[54.5245241,24.4322737],[54.5244007,24.4322493],[54.5241432,24.4321638],[54.5236819,24.4320197],[54.5232366,24.4318268],[54.5230355,24.4317462],[54.5228743,24.4316575],[54.5228316,24.431585],[54.5228075,24.4315044],[54.5227833,24.4314287],[54.5227646,24.4313579],[54.52266,24.431292],[54.5224347,24.431226],[54.5220591,24.4311113],[54.5217748,24.4310331],[54.5216246,24.4310209],[54.5214849,24.4310788],[54.5213645,24.4311723],[54.5211982,24.4312431],[54.5210104,24.4312383],[54.5208012,24.4311845],[54.520659,24.4311748],[54.5205812,24.431165],[54.5205249,24.431143],[54.5205061,24.4311088],[54.5203372,24.4310551],[54.5202969,24.4310942],[54.5192536,24.4307938],[54.5191838,24.4307987],[54.518591,24.4306229],[54.5185052,24.430618],[54.5181726,24.4305105],[54.5180492,24.4304397],[54.517891,24.4302689],[54.5177998,24.4301907],[54.5177622,24.4301443],[54.5177676,24.430115],[54.5177032,24.4300247],[54.517655,24.4300344],[54.5175718,24.4299075],[54.5175718,24.4298586],[54.5174726,24.4297316],[54.5170139,24.4291138],[54.5168557,24.4288916],[54.5166008,24.4286132],[54.5165526,24.4285399],[54.5164909,24.4284886],[54.5164185,24.4283982],[54.5163836,24.4283323],[54.5160993,24.4279489],[54.5159866,24.4278317],[54.5158606,24.4277999],[54.5156808,24.4278073],[54.5153295,24.4277438],[54.5148011,24.4275484],[54.5144712,24.4273677],[54.5141493,24.4270331],[54.5139079,24.4267254],[54.5137041,24.42653],[54.5134653,24.4263249],[54.5132749,24.4261442],[54.513114,24.425961],[54.5129665,24.4258047],[54.5128511,24.4256948],[54.5129045,24.4256402],[54.5129048,24.425602],[54.5128618,24.4255752],[54.5128189,24.4255483],[54.5128109,24.4255141],[54.5128404,24.4254897],[54.5128565,24.425436],[54.5128163,24.4254018],[54.5127492,24.4253749],[54.5126526,24.4253407],[54.5125346,24.4253187],[54.5124863,24.4253554],[54.5124378,24.4253985],[54.5123442,24.4253847],[54.5122986,24.4253334],[54.5122986,24.4252943],[54.5122691,24.4252943],[54.512084,24.4253016],[54.5120572,24.4252992],[54.5120357,24.4253212],[54.5119848,24.4253261],[54.5119472,24.4252455],[54.5119204,24.4252601],[54.5119577,24.4253325],[54.5118828,24.4253505],[54.5118346,24.4254408],[54.5118343,24.4255206],[54.511797,24.4255507],[54.5118262,24.4256158],[54.5118212,24.425646],[54.5119016,24.4256948],[54.5119174,24.4258845],[54.5118638,24.4258429],[54.5117648,24.4258511],[54.5117836,24.4258145],[54.5116575,24.4256997],[54.5117541,24.4255825],[54.5117806,24.425606],[54.5117836,24.4255825],[54.5117434,24.4255556],[54.5116468,24.4255459],[54.5115634,24.4255108],[54.51151,24.4254872],[54.5114,24.4254628],[54.5112418,24.4254433],[54.511105,24.4254506],[54.5110031,24.4254848],[54.5110216,24.4255645],[54.5109816,24.4255947],[54.5109307,24.4255996],[54.5109358,24.425672],[54.5109009,24.4257575],[54.5110377,24.425821],[54.5110943,24.4257974],[54.5111318,24.4257656],[54.5112177,24.4258047],[54.5112042,24.4258902],[54.511282,24.4259439],[54.5113732,24.4259903],[54.5113649,24.4260627],[54.5113035,24.4261784],[54.5108904,24.4264201],[54.5105468,24.4265414],[54.5103913,24.4263631],[54.5106222,24.4260025],[54.510531,24.4259293],[54.5103593,24.4258487],[54.5103781,24.4257754],[54.5104344,24.4256973],[54.510472,24.4256411],[54.5104881,24.4255752],[54.5105337,24.4255727],[54.5105817,24.4255719],[54.5106675,24.4256012],[54.5107188,24.4255971],[54.5107402,24.4256411],[54.5107292,24.4256818],[54.5108043,24.4256989],[54.5108287,24.425668],[54.510818,24.4255996],[54.5107724,24.4255336],[54.510689,24.4254986],[54.5105739,24.4254897],[54.5104693,24.4255117],[54.5103701,24.4255068],[54.5103057,24.4254994],[54.5102572,24.4254717],[54.5101635,24.4254872],[54.5100777,24.4254921],[54.509957,24.4254921],[54.5098578,24.4255019],[54.509831,24.425519],[54.5098414,24.4255377],[54.5098926,24.4255385],[54.5100053,24.4255361],[54.5100989,24.4255719],[54.5101448,24.4256484],[54.5101394,24.4257266],[54.5101043,24.4258039],[54.5100214,24.4258511],[54.5099299,24.4258869],[54.5098819,24.4259732],[54.5098495,24.4260676],[54.5097934,24.4261515],[54.5097103,24.4262126],[54.5096781,24.4262467],[54.5096027,24.4262874],[54.5094313,24.4262712],[54.5093777,24.4262297],[54.5092732,24.4261832],[54.5091552,24.4261539],[54.5090452,24.4261539],[54.5089755,24.4261784],[54.5088843,24.4262223],[54.5086643,24.4261906],[54.5085168,24.4261368],[54.508329,24.4261051],[54.5081628,24.4261124],[54.5080877,24.4261027],[54.5080819,24.4261531],[54.5079857,24.4261466],[54.5080206,24.4261271],[54.5080313,24.4260978],[54.5080072,24.4260758],[54.5079401,24.4260611],[54.507932,24.426061669440458],[54.5078704,24.426066],[54.5077765,24.4260514],[54.5077256,24.4260367],[54.5077041,24.4259342],[54.5076934,24.425856],[54.5077309,24.4258023],[54.507806,24.4257705],[54.5078302,24.4257241],[54.5078194,24.4256631],[54.5077685,24.4256264],[54.5077202,24.4256191],[54.5076263,24.4256557],[54.5075646,24.4257119],[54.5075163,24.4257925],[54.5075133,24.4259895],[54.5074895,24.4260831],[54.5074332,24.4261149],[54.5073661,24.4260978],[54.5073098,24.4261075],[54.5072293,24.4261173],[54.5071194,24.4261417],[54.5070926,24.4261784],[54.5070738,24.4262712],[54.5070734,24.4263729],[54.5070765,24.4264983],[54.5069826,24.4264739],[54.5069795,24.4266049],[54.5069741,24.4266952],[54.506958,24.4267954],[54.5068914,24.4268011],[54.5069048,24.4267205],[54.5069102,24.4266448],[54.5068619,24.4266302],[54.5068454,24.4267416],[54.5068507,24.4268051],[54.5068163,24.42685],[54.50676,24.4268768],[54.5067734,24.4267767],[54.5067573,24.4267156],[54.5067251,24.4266741],[54.5066983,24.4266619],[54.5066446,24.4267596],[54.5066071,24.4267962],[54.50654,24.4268011],[54.5064917,24.4267669],[54.5064971,24.426679],[54.5064917,24.4265715],[54.5064756,24.4263762],[54.5064783,24.4262003],[54.5064837,24.4261051],[54.5064488,24.4260123],[54.5064247,24.4259],[54.5064569,24.4258462],[54.5065159,24.4258145],[54.5066017,24.4258023],[54.5066764,24.4258112],[54.5066983,24.4257754],[54.5067626,24.4257534],[54.5068588,24.425777],[54.5069182,24.4257974],[54.5069826,24.4257925],[54.5070255,24.4257632],[54.5071006,24.4257437],[54.5071623,24.4257461],[54.5071328,24.4256851],[54.5070711,24.4257021],[54.5069933,24.4257266],[54.5069182,24.4256851],[54.5068136,24.425668],[54.5066741,24.4256875],[54.5065856,24.4257363],[54.50654,24.4257925],[54.5064515,24.4258169],[54.5064113,24.4257608],[54.5063523,24.4257534],[54.5062879,24.4257754],[54.5062691,24.4258194],[54.5062825,24.4258951],[54.5063411,24.4260139],[54.5063147,24.4260807],[54.5062745,24.4261368],[54.5063093,24.4262492],[54.5063362,24.4264226],[54.5063415,24.426635],[54.5063358,24.4267636],[54.5062503,24.4267401],[54.5061484,24.4267205],[54.5060948,24.4260025],[54.5061404,24.4259512],[54.5061779,24.4259171],[54.5062289,24.4259122],[54.5062396,24.4258926],[54.5062262,24.4258584],[54.5060572,24.4258804],[54.5059312,24.4258731],[54.5058507,24.4258951],[54.5058453,24.4259439],[54.5058744,24.4260017],[54.5059097,24.4260611],[54.5059151,24.4267913],[54.5058561,24.4267059],[54.5058426,24.4265593],[54.5058051,24.4264836],[54.505738,24.4264763],[54.5056173,24.4264812],[54.5055288,24.426447],[54.5054779,24.4263786],[54.5054081,24.4263347],[54.5053598,24.4262907],[54.5053518,24.426215],[54.5052901,24.4261613],[54.5051989,24.4261442],[54.5051104,24.4261417],[54.5050433,24.426171],[54.5049817,24.4261832],[54.5049521,24.4261198],[54.5048878,24.426066],[54.5048261,24.4260318],[54.504818,24.4259928],[54.5048449,24.4259903],[54.5048449,24.4259561],[54.5047617,24.425961],[54.5047537,24.4259976],[54.5047832,24.4259976],[54.5047559,24.4260432],[54.5047268,24.4260782],[54.5047291,24.4261213],[54.5047452,24.4261726],[54.5046464,24.4261955],[54.5045391,24.4261613],[54.5044908,24.4260831],[54.5045069,24.4260245],[54.5045498,24.4260196],[54.5045927,24.4260172],[54.5046035,24.4259976],[54.5045605,24.4259586],[54.5044908,24.4259073],[54.5043389,24.4258483],[54.5042573,24.4258163],[54.5041484,24.4258002],[54.5041394,24.4257754],[54.5041099,24.4257559],[54.5040777,24.4257437],[54.5040348,24.4257461],[54.503785,24.4257623],[54.5037317,24.425773],[54.5036996,24.4257998],[54.5036754,24.4258291],[54.5036084,24.4258438],[54.5035306,24.4258853],[54.5034072,24.4258951],[54.5032945,24.4259219],[54.5031792,24.4259293],[54.5030666,24.425939],[54.5029351,24.4259464],[54.5028358,24.4259428],[54.5025838,24.4259317],[54.5025006,24.4259024],[54.5024765,24.4258878],[54.5024255,24.4259219],[54.5023906,24.4258878],[54.5022458,24.4258878],[54.5020874,24.4258638],[54.5019615,24.4258853],[54.5018166,24.4258878],[54.5016262,24.4258658],[54.5014623,24.425827],[54.5013473,24.4257803],[54.5012212,24.4257754],[54.5008591,24.4257803],[54.5007384,24.425773],[54.5005399,24.4257485],[54.5003575,24.425751],[54.5000008,24.4257827],[54.4996146,24.4258145],[54.4995019,24.4258658],[54.4993919,24.4258878],[54.4992176,24.4258975],[54.4992122,24.4258731],[54.4991157,24.4258633],[54.4990593,24.425834],[54.4990513,24.4258072],[54.4990084,24.4257901],[54.4989172,24.4257949],[54.4988582,24.4257779],[54.4987032,24.4257175],[54.4986436,24.4257412],[54.498598,24.4257608],[54.4984719,24.4257852],[54.4982734,24.4258316],[54.4981259,24.4258487],[54.4979865,24.425878],[54.4979489,24.4258511],[54.4978818,24.4258169],[54.4978094,24.4258438],[54.4976431,24.4259024],[54.4975251,24.4259122],[54.4974393,24.4259048],[54.4972837,24.4259537],[54.4970906,24.4260563],[54.4970262,24.4261368],[54.4970423,24.4262101],[54.4970714,24.4262679],[54.49705,24.4264657],[54.4970553,24.4266635],[54.4970504,24.426762],[54.4970128,24.4268011],[54.4969753,24.4268182],[54.497007,24.4268857],[54.4970419,24.4271104],[54.4970768,24.4272447],[54.4971147,24.4272407],[54.4971572,24.4273326],[54.4971845,24.4273091],[54.4972002,24.4273668],[54.4971868,24.4274083],[54.4970772,24.4274361],[54.4970875,24.4276452],[54.4968948,24.4276607],[54.4969346,24.4281703],[54.497104,24.428154],[54.4971228,24.4284373],[54.4971572,24.4284462],[54.4971469,24.4285594],[54.4972323,24.4285732],[54.4972163,24.4287222],[54.4971814,24.4288199],[54.4971147,24.4288354],[54.4970956,24.4289053],[54.4970343,24.4289599],[54.4969779,24.4289526],[54.4969243,24.4289673],[54.4969162,24.4290649],[54.4968733,24.4291309],[54.4968063,24.4291504],[54.4967365,24.4291431],[54.4966936,24.4291162],[54.496648,24.4291846],[54.4966802,24.4292774],[54.496661,24.4293571],[54.4966239,24.4294239],[54.4966132,24.4295216],[54.4966637,24.4296453],[54.4966346,24.4298684],[54.496463,24.4298757],[54.4964764,24.4300027],[54.4954437,24.4300637],[54.4954514,24.4301728],[54.4964898,24.4301126],[54.4966208,24.4301093],[54.4966208,24.4301606],[54.4967795,24.4301468],[54.4968247,24.4302167],[54.4968595,24.4302827],[54.4968841,24.430425],[54.496868,24.430491],[54.4968599,24.4306473],[54.4969212,24.4306734],[54.4968998,24.430732],[54.4968707,24.4307572],[54.4969297,24.4307816],[54.4969722,24.4308297],[54.4970101,24.4310087],[54.4970128,24.4312309],[54.4970155,24.4316021],[54.4969588,24.4319042],[54.4968653,24.4320856],[54.4967821,24.4321882],[54.496648,24.4322322],[54.4965917,24.4322297],[54.4965488,24.4322199],[54.496522,24.4322151],[54.4965005,24.4321735],[54.4964281,24.4321711],[54.4963959,24.4321394],[54.4963879,24.4320734],[54.4963852,24.4320319],[54.4963664,24.4320026],[54.4962967,24.4319831],[54.4955698,24.4320246],[54.4955671,24.4320734],[54.4955081,24.4321809],[54.4954035,24.4323103],[54.4953793,24.4324251],[54.4952774,24.4324104],[54.4951111,24.4324397],[54.49491,24.4324324],[54.4947893,24.4324153],[54.4946873,24.4323665],[54.4945881,24.4322956],[54.494564,24.432259],[54.4945666,24.4322322],[54.4945425,24.4322126],[54.4945076,24.4322346],[54.4944754,24.4322688],[54.4944084,24.4322712],[54.4943521,24.4322541],[54.4942609,24.4322712],[54.4941992,24.432303],[54.4941214,24.4322541],[54.4940141,24.4322395],[54.4939149,24.4322566],[54.4938451,24.432259],[54.4937888,24.4322273],[54.4937298,24.4321491],[54.4936654,24.4320685],[54.4936413,24.4320197],[54.4936037,24.4320026],[54.4926676,24.4320759],[54.4926381,24.4320563],[54.4925845,24.4320539],[54.4925577,24.432071],[54.4925224,24.4321264],[54.4925308,24.4321931],[54.4925143,24.432312],[54.4922975,24.4324544],[54.4921366,24.4324739],[54.4916162,24.4325105],[54.4914955,24.4324764],[54.4914043,24.4324666],[54.4913721,24.4324935],[54.4907499,24.4322151],[54.4895719,24.4322966],[54.4893739,24.4323103],[54.4893471,24.4323372],[54.4893015,24.4323396],[54.48928,24.4323152],[54.4892559,24.432342],[54.4891915,24.4323469],[54.4891673,24.4323176],[54.4891352,24.4323543],[54.4890735,24.4323567],[54.489052,24.432325],[54.4890279,24.4323567],[54.4889662,24.4323616],[54.488942,24.4323323],[54.4889125,24.432364],[54.4888508,24.4323714],[54.4888187,24.4323445],[54.4886604,24.4323665],[54.4883493,24.4325643],[54.4865549,24.4326766],[54.486182,24.4325154],[54.4861358,24.4325192],[54.4852191,24.4325936],[54.4851655,24.4325667],[54.4850904,24.4325618],[54.4849241,24.432574],[54.4846183,24.4326131],[54.4842535,24.4327816],[54.4840095,24.4328378],[54.4834167,24.4328891],[54.4832209,24.4329013],[54.4830573,24.4328817],[54.4829656,24.4328697],[54.4827944,24.4328964],[54.4826549,24.4329599],[54.4825021,24.432977],[54.4822526,24.4329941],[54.4820354,24.4329867],[54.4819039,24.4330283],[54.4817457,24.433038],[54.4815713,24.4330722],[54.481456,24.4331088],[54.4813836,24.4331821],[54.4813031,24.4333066],[54.4806218,24.4333359],[54.480359,24.4333433],[54.480198,24.4334116],[54.4800899,24.4334812],[54.4800506,24.4335065],[54.48,24.433562662857145],[54.48,24.4479983458891],[54.4800049,24.4480115],[54.4801256,24.4483289],[54.4801337,24.4483851],[54.4801122,24.4484119],[54.4801203,24.4484461],[54.4801712,24.4485047],[54.4802275,24.4486244],[54.4803617,24.4490321],[54.4803751,24.4492006],[54.4804421,24.4493911],[54.4805199,24.4495302],[54.4806245,24.4497524],[54.4806835,24.4499063],[54.480678,24.44996],[54.4815417,24.4519633],[54.4813867,24.4525449],[54.4820288,24.4536133],[54.4820824,24.4539591],[54.4819821,24.4542853],[54.4822296,24.4546589],[54.4826837,24.4550199],[54.483004,24.4553098],[54.4835104,24.4559281],[54.483695,24.4561716],[54.4838007,24.4564778],[54.4840474,24.4565823],[54.4843017,24.4563596],[54.4843875,24.456135],[54.4845055,24.4559201],[54.4846912,24.4557815],[54.4849025,24.4557151],[54.4849025,24.4555783],[54.484527,24.4556272],[54.4845767,24.4552443],[54.4844072,24.4547306],[54.4837624,24.4541529],[54.4834327,24.4533418],[54.4839798,24.4533321],[54.4850667,24.4555275],[54.4850667,24.4557326],[54.4859003,24.4556369],[54.4865977,24.4556369],[54.4869195,24.4556858],[54.487456,24.4556858],[54.4878637,24.4557346],[54.4881534,24.4557151],[54.4882392,24.4555393],[54.4881641,24.4553537],[54.4880997,24.4550998],[54.4880353,24.4547677],[54.4880353,24.4544357],[54.4878851,24.4538204],[54.4878315,24.4535665],[54.4877778,24.4533418],[54.487692,24.452834],[54.4876598,24.4526582],[54.4876169,24.4522382],[54.4875633,24.4519257],[54.4875021,24.4516014],[54.4874989,24.4513495],[54.4874485,24.4511033],[54.4874452,24.4509783],[54.4873701,24.4508123],[54.4875847,24.450783],[54.4875096,24.4506756],[54.4874667,24.4505681],[54.4873412,24.4505076],[54.4874452,24.4503044],[54.4874774,24.4501286],[54.4873197,24.4500388],[54.4871588,24.4499802],[54.4871663,24.449738],[54.4873701,24.4496208],[54.4873701,24.4493571],[54.4872521,24.4492106],[54.4870408,24.4490523],[54.4868873,24.4490836],[54.4867264,24.4489762],[54.486662,24.4488297],[54.4830572,24.4488687],[54.4829928,24.4486441],[54.4827889,24.4485269],[54.4827031,24.4483901],[54.4825314,24.4483022],[54.4822739,24.4480483],[54.4822739,24.4477846],[54.4821667,24.447599],[54.482127,24.447392],[54.4819843,24.4472279],[54.4817944,24.4471185],[54.4816517,24.4469446],[54.4815905,24.4467767],[54.4815229,24.446593],[54.481362,24.4464661],[54.4813513,24.4463586],[54.4812654,24.4461145],[54.4811581,24.4459582],[54.4810434,24.4456437],[54.4809221,24.4454112],[54.4809221,24.4452647],[54.4809007,24.4451573],[54.4811152,24.4450205],[54.4812976,24.4449131],[54.4814725,24.4448428],[54.4816195,24.4448838],[54.481716,24.4448057],[54.4818448,24.4446396],[54.4819628,24.4445224],[54.4820625,24.4444133],[54.482084,24.4443251],[54.481995,24.4442001],[54.4818587,24.4440907],[54.4818555,24.4439755],[54.481872107086616,24.44391],[54.4819199,24.4437215],[54.4820486,24.4435164],[54.4822632,24.4433211],[54.4824778,24.4432039],[54.4826816,24.4430573],[54.4827889,24.4429499],[54.4829535,24.4430078],[54.4830538,24.4430403],[54.4830353,24.4429441],[54.4830399,24.4427541],[54.4830511,24.4426467],[54.4831578,24.4424816],[54.483232,24.4423814],[54.4833146,24.4423639],[54.4833337,24.4423837],[54.4833768,24.4424711],[54.4835205,24.4426345],[54.4835968,24.4429577],[54.483704,24.442968],[54.4837842,24.4431526],[54.4838909,24.443231],[54.4839041,24.4434598],[54.4842726,24.4434498],[54.4842641,24.4432452],[54.484313,24.443219],[54.4843366,24.4431549],[54.4843237,24.4430774],[54.4841354,24.4426323],[54.4841756,24.4426055],[54.4841569,24.4425103],[54.4841359,24.442462],[54.4841944,24.442437],[54.4842266,24.4424736],[54.4843232,24.4425347],[54.4843666,24.4425206],[54.4845511,24.4428082],[54.4845887,24.4427886],[54.4845463,24.4425475],[54.4845646,24.4425054],[54.4846021,24.4425029],[54.4846826,24.4423222],[54.4847469,24.4423198],[54.4849111,24.4425206],[54.4849079,24.4425835],[54.4849079,24.4426519],[54.4849755,24.4427184],[54.4849857,24.4427813],[54.4850366,24.4428106],[54.4850983,24.442813],[54.4852056,24.4427764],[54.4852888,24.442752],[54.4853826,24.4427959],[54.4854422,24.4428307],[54.4855173,24.4428503],[54.4856026,24.4428546],[54.4856857,24.4428546],[54.4857313,24.442813],[54.4858279,24.4428472],[54.485933,24.4428112],[54.4859378,24.4427471],[54.486021,24.4427447],[54.4860585,24.4427471],[54.4861154,24.4427819],[54.4862517,24.4427813],[54.4863032,24.4428234],[54.4863938,24.4428448],[54.4865226,24.4428448],[54.4865762,24.4428423],[54.4866004,24.4428253],[54.4865682,24.4427666],[54.4865848,24.442716],[54.4866304,24.4426671],[54.4866647,24.442647],[54.4866992,24.442603],[54.4869142,24.4421513],[54.4871031,24.4421295],[54.4875186,24.4427395],[54.4875745,24.442694],[54.4876174,24.4427282],[54.4876357,24.4427959],[54.4876652,24.4428472],[54.4877027,24.4428643],[54.4877483,24.4428668],[54.4877993,24.4428668],[54.4878959,24.4428692],[54.4879366,24.4428503],[54.4879978,24.4428399],[54.488038,24.442835],[54.4880782,24.4428912],[54.488089,24.4431842],[54.4881271,24.4432361],[54.4882767,24.4432355],[54.4883733,24.4432355],[54.488502,24.4432306],[54.4885637,24.4432233],[54.4885664,24.4429229],[54.4885428,24.4428747],[54.488296,24.4428845],[54.4882424,24.4428625],[54.4882231,24.4427886],[54.4882451,24.4427746],[54.4883658,24.442799],[54.4884913,24.4427935],[54.488561,24.442813],[54.4886152,24.4428893],[54.4886576,24.442918],[54.4887837,24.4428936],[54.4888325,24.4428674],[54.48895,24.4428448],[54.4889961,24.4428552],[54.4890256,24.4428014],[54.4891007,24.442777],[54.4891726,24.4427178],[54.4892396,24.442708],[54.4893308,24.4427203],[54.4893925,24.4427007],[54.4894682,24.4427282],[54.4895401,24.4427447],[54.4896559,24.4428039],[54.489819,24.4427715],[54.4899858,24.4428283],[54.4900422,24.4428942],[54.4902111,24.4429431],[54.4903447,24.44294],[54.4904418,24.4429675],[54.4905732,24.4430407],[54.490688,24.4430401],[54.4907851,24.4430725],[54.4908275,24.4430987],[54.4908812,24.4431085],[54.4909595,24.4430407],[54.4910346,24.4429211],[54.4911446,24.442672],[54.4913184,24.4426494],[54.4914364,24.4428326],[54.4915463,24.4428057],[54.4916241,24.4426275],[54.4917126,24.4426153],[54.4918789,24.4428546],[54.4918789,24.4429229],[54.491895,24.4430206],[54.491895,24.4431891],[54.4919379,24.4432428],[54.4919251,24.4433142],[54.4919219,24.4433673],[54.491946,24.4434455],[54.4919138,24.4435578],[54.4918897,24.4436481],[54.4918789,24.4438362],[54.49190443323217,24.44391],[54.4919245,24.443968],[54.4919648,24.4440584],[54.4919862,24.4441414],[54.4920291,24.4442757],[54.492064,24.4443758],[54.4921284,24.4445125],[54.4922249,24.444554],[54.4923081,24.444598],[54.4923515,24.4446499],[54.4924127,24.4447006],[54.4924985,24.4447518],[54.4925817,24.4449228],[54.4925897,24.4450424],[54.4925527,24.4451895],[54.4925736,24.4452866],[54.4926144,24.4453482],[54.4926246,24.445416],[54.4926246,24.4454624],[54.4926782,24.4455747],[54.4928471,24.4455414],[54.4929738,24.4455021],[54.4931991,24.4453775],[54.4932848,24.4454189],[54.4933171,24.4453751],[54.4933917,24.4453427],[54.4934325,24.4453604],[54.493499,24.4453867],[54.4936063,24.4453525],[54.4936846,24.4452799],[54.4937248,24.4451871],[54.4937833,24.4449496],[54.493845,24.4449472],[54.4937806,24.4452524],[54.4937672,24.4453501],[54.4937458,24.4454404],[54.4937511,24.4454917],[54.4938133,24.4454361],[54.4938879,24.4453525],[54.4939421,24.4453116],[54.4940065,24.4452457],[54.494081,24.445206],[54.4941427,24.4451181],[54.4941856,24.4451962],[54.4941615,24.4453281],[54.4940843,24.4454386],[54.4939931,24.4456608],[54.4939174,24.445731],[54.4938799,24.4458335],[54.4938423,24.4459019],[54.4938021,24.4460142],[54.4937806,24.4460972],[54.4937323,24.4462486],[54.4936792,24.4463396],[54.4935795,24.4462853],[54.4934373,24.4462535],[54.4933359,24.4462102],[54.4932737,24.4462218],[54.4931262,24.4462022],[54.4928746,24.4461687],[54.4927641,24.4461143],[54.4926788,24.4460661],[54.4926434,24.4459825],[54.4925795,24.4459001],[54.4925795,24.4458512],[54.4926219,24.4457652],[54.4926761,24.4457291],[54.492756,24.4456992],[54.4928633,24.4456846],[54.4929577,24.4456364],[54.493043,24.4456309],[54.4931181,24.4456138],[54.492947,24.44559],[54.4928612,24.44559],[54.4927694,24.4456089],[54.4927056,24.4456535],[54.492601,24.4457072],[54.4925307,24.445792],[54.4925093,24.4458726],[54.492528,24.4459556],[54.4925549,24.4460191],[54.4926031,24.446085],[54.4925495,24.4461778],[54.4925817,24.4462389],[54.4928209,24.4462688],[54.4930167,24.4462981],[54.4931932,24.4463243],[54.4933944,24.4463829],[54.4935473,24.4464122],[54.4936224,24.4464513],[54.4936331,24.4465294],[54.4936197,24.4466149],[54.493698,24.4466326],[54.4937543,24.4465374],[54.493786,24.4464073],[54.4938343,24.4462706],[54.4938772,24.4461217],[54.4939228,24.446024],[54.4940006,24.4458457],[54.4940521,24.4457682],[54.4941701,24.445463],[54.4942371,24.445358],[54.4943257,24.445275],[54.4943653,24.445206],[54.4943975,24.4450961],[54.494419,24.4450204],[54.49447,24.4449374],[54.4944732,24.4447476],[54.4945027,24.4446133],[54.4945241,24.4445376],[54.4945241,24.444457],[54.4945826,24.444261],[54.4946497,24.4440877],[54.4947387,24.443976],[54.4947682,24.44391],[54.4947677,24.4438264],[54.4947736,24.4437464],[54.4947843,24.4437049],[54.4948186,24.4435431],[54.4948648,24.4434534],[54.4949688,24.4432868],[54.4949983,24.4431256],[54.4950311,24.4430603],[54.4950493,24.4429937],[54.49506,24.4428887],[54.4950794,24.4427038],[54.495162,24.4425933],[54.4951491,24.442506],[54.4952076,24.4423711],[54.4952135,24.4423277],[54.495251,24.442274],[54.4953583,24.4421885],[54.4954731,24.4421464],[54.4955858,24.4421269],[54.4958191,24.4421122],[54.4960981,24.4421074],[54.4964092,24.4421171],[54.4967713,24.4421269],[54.4971978,24.4421196],[54.4973855,24.4421464],[54.497635,24.4421464],[54.4978817,24.442144],[54.4979944,24.4421611],[54.4985421,24.4421592],[54.4986542,24.4421611],[54.4989627,24.4421806],[54.4991504,24.4421806],[54.4995849,24.4421928],[54.4997834,24.4421782],[54.5000141,24.4422148],[54.5001696,24.4422246],[54.5003118,24.4422197],[54.5004164,24.4422441],[54.5004486,24.4422832],[54.5005484,24.4423473],[54.5006364,24.4423369],[54.5008059,24.4422276],[54.5010011,24.4422294],[54.5011653,24.4422447],[54.5013123,24.4422636],[54.5014142,24.4422587],[54.5014657,24.4422984],[54.5016856,24.442357],[54.5018755,24.4423955],[54.5020177,24.4424346],[54.5021154,24.4424796],[54.5021795,24.4424984],[54.5022323,24.4425211],[54.5022905,24.4425223],[54.5022966,24.4425689],[54.5024179,24.4426159],[54.5025354,24.4426348],[54.5027177,24.4426934],[54.502994,24.4427276],[54.5031123,24.4427545],[54.5032773,24.4428525],[54.5033895,24.4429133],[54.5034887,24.4430023],[54.5035358,24.4431389],[54.5035285,24.4432389],[54.5034616,24.4434123],[54.5032942,24.4438741],[54.503282464796904,24.44391],[54.503159,24.4442877],[54.5029377,24.4449399],[54.5028486,24.445205],[54.5025742,24.4460214],[54.5024351,24.4459843],[54.5023793,24.4458536],[54.5024405,24.4457232],[54.5024162,24.4457039],[54.5023539,24.4458468],[54.5024011,24.44597],[54.5023627,24.4459747],[54.50236,24.4460213],[54.5024286,24.4460064],[54.5025663,24.4460435],[54.5024256,24.4464281],[54.5022596,24.446902],[54.5019934,24.4468173],[54.5020518,24.4466393],[54.5020144,24.4466227],[54.5020462,24.4465513],[54.501923,24.4465118],[54.5017453,24.4470098],[54.5018868,24.4470575],[54.5019204,24.4469638],[54.5021872,24.4470526],[54.5018442,24.4479952],[54.5018944,24.4480523],[54.5018807,24.4480869],[54.5017999,24.4480993],[54.5013958,24.4492186],[54.5011943,24.4491567],[54.5012613,24.4489809],[54.5012119,24.4489635],[54.5012441,24.4488878],[54.5011187,24.4488441],[54.5009466,24.449335],[54.5011009,24.4493844],[54.5011358,24.4492965],[54.501368,24.4493702],[54.5010692,24.4502416],[54.5011233,24.4503933],[54.5010232,24.4506894],[54.5007432,24.4515179],[54.5007626,24.4516423],[54.5007201,24.4517827],[54.500624,24.4518706],[54.5004575,24.4522485],[54.5002796,24.4527009],[54.5002156,24.4529814],[54.5001823,24.4531773],[54.5001097,24.4532189],[54.5000921,24.4532821],[54.5001243,24.4533428],[54.5000785,24.4535076],[54.4999847,24.4537933],[54.4998747,24.4541473],[54.4998023,24.4543719],[54.4996867,24.4546945],[54.4996196,24.4548214],[54.4995043,24.4549801],[54.4994345,24.4550461],[54.499357,24.4551166],[54.4992605,24.4551532],[54.4991797,24.4551999],[54.4991478,24.4552656],[54.4990754,24.4552827],[54.499011,24.455312],[54.4989738,24.4553456],[54.4989544,24.4553293],[54.4988447,24.4554243],[54.4986436,24.4555976],[54.498469,24.4557566],[54.4983566,24.4558491],[54.4983485,24.4559297],[54.4983566,24.4560127],[54.4983941,24.4561543],[54.4984156,24.4563643],[54.4983941,24.4565498],[54.498378,24.4566939],[54.4983083,24.4568501],[54.4982573,24.4569869],[54.498252,24.4570674],[54.4982734,24.4571407],[54.4983029,24.4572408],[54.4983187,24.4574241],[54.4983324,24.4576217],[54.4983405,24.4583224],[54.4983727,24.4584029],[54.4984397,24.4584493],[54.498539,24.4584908],[54.4986516,24.4585275],[54.4987294,24.4585592],[54.4987991,24.4585836],[54.4988498,24.458618],[54.4989171,24.4586569],[54.4990081,24.4586644],[54.4990912,24.4587157],[54.4991612,24.4587472],[54.4992632,24.4587692],[54.4993543,24.458818],[54.499467,24.4588156],[54.4995284,24.4588451],[54.4996808,24.4588318],[54.4998586,24.4588034],[54.5000061,24.4588229],[54.5001992,24.45884],[54.5003306,24.4588351],[54.5004326,24.4588303],[54.5005291,24.4588327],[54.5006123,24.4587888],[54.5007464,24.4586618],[54.5008671,24.4586349],[54.5009843,24.4587781],[54.5011184,24.4590662],[54.5012713,24.4593836],[54.5013357,24.4594642],[54.5013384,24.4595472],[54.5019534,24.4606223],[54.5021411,24.4609519],[54.5021009,24.4610252],[54.5020848,24.4610886],[54.5021403,24.4611366],[54.5021894,24.4611863],[54.5022323,24.4612107],[54.5022618,24.4611887],[54.5022806,24.4611594],[54.5024702,24.4615443],[54.502710882973545,24.462],[54.502805633740834,24.462],[54.5026695,24.4617844]]]}},{"type":"Feature","properties":{"layer":"land","subtype":"land","class":"island","name":"ساس النخل"},"geometry":{"type":"Polygon","coordinates":[[[54.5026695,24.4617844],[54.5026856,24.4617527],[54.5025435,24.461489],[54.5025515,24.461428],[54.5025757,24.4613816],[54.5027768,24.4612986],[54.5028197,24.4612449],[54.5028278,24.4612083],[54.5029029,24.4611741],[54.5029209,24.4611928],[54.5029565,24.4611765],[54.5029485,24.461157],[54.5029753,24.4611399],[54.5030316,24.4612351],[54.5030953,24.4612015],[54.5030493,24.4611243],[54.5030975,24.4611028],[54.5031428,24.4611835],[54.5037773,24.4608884],[54.5036336,24.460623],[54.5037558,24.4605613],[54.503916,24.4608436],[54.5039355,24.4608372],[54.5039007,24.4607786],[54.5043529,24.4605552],[54.5047804,24.460344],[54.5048172,24.4604066],[54.5050889,24.4602781],[54.5050111,24.4601169],[54.505046,24.460095],[54.5051337,24.4602552],[54.505341,24.4601609],[54.5052025,24.4599248],[54.5053893,24.4598313],[54.5055226,24.4600672],[54.5070267,24.4593692],[54.5069745,24.4592502],[54.5070389,24.4592209],[54.5070737,24.4592038],[54.5071381,24.4591623],[54.5071408,24.4591403],[54.5071059,24.4591208],[54.5070523,24.4591379],[54.5070174,24.4591306],[54.5069638,24.4590695],[54.5069423,24.4590183],[54.506894,24.4589133],[54.5068377,24.4588425],[54.5067787,24.4587497],[54.506691,24.4585403],[54.5063621,24.4579358],[54.5061636,24.4575769],[54.5061001,24.4574264],[54.5060859,24.4572912],[54.5059821,24.4571993],[54.5058775,24.4570163],[54.5058024,24.4570139],[54.5057004,24.4568894],[54.5056334,24.4567893],[54.505587,24.4566516],[54.5056835,24.4554503],[54.5057058,24.4552902],[54.5057729,24.4552462],[54.5058024,24.4552902],[54.505864,24.4553146],[54.505856,24.4552462],[54.5059016,24.4552462],[54.5059713,24.4552145],[54.5060196,24.4552267],[54.5060464,24.4551876],[54.5060169,24.455107],[54.5060867,24.4551339],[54.5061296,24.4551363],[54.5061349,24.4551949],[54.5061618,24.4552047],[54.506202,24.455151],[54.5062583,24.4551583],[54.5063308,24.4550997],[54.5063871,24.4551339],[54.50643,24.4550753],[54.506497,24.4550899],[54.5065177,24.4550475],[54.5065158,24.454985],[54.5066017,24.4549361],[54.5067653,24.4548922],[54.5068484,24.4548482],[54.5068887,24.4548458],[54.5069208,24.4547847],[54.5069691,24.4547701],[54.5070362,24.4547017],[54.5071166,24.4546871],[54.5071542,24.4546553],[54.5071676,24.4545967],[54.5072052,24.4546309],[54.5072561,24.4546456],[54.5073044,24.4546041],[54.5073607,24.4545894],[54.507417,24.4545455],[54.5074841,24.4545381],[54.5075297,24.4544771],[54.507578,24.4544844],[54.5076424,24.454399],[54.507704,24.4544112],[54.5077818,24.454355],[54.5079133,24.4543233],[54.507932,24.4542696],[54.5080071,24.4542452],[54.5080098,24.4542159],[54.5080661,24.4541817],[54.5081412,24.4541109],[54.5081278,24.4540547],[54.5083585,24.4540645],[54.508439,24.4540547],[54.5085302,24.4540547],[54.5085865,24.4539888],[54.5087689,24.4539253],[54.5088413,24.4538691],[54.5088628,24.4537959],[54.5090156,24.4537739],[54.5090425,24.4537104],[54.5091149,24.4537056],[54.5091712,24.4537275],[54.5092302,24.4537886],[54.5092731,24.4537495],[54.5093348,24.4537544],[54.5095092,24.4536934],[54.5095709,24.4536909],[54.5096326,24.453708],[54.5097291,24.4537056],[54.5097854,24.4537202],[54.5098954,24.4536714],[54.5099651,24.4537031],[54.5100054,24.4536641],[54.5100483,24.4537007],[54.5100966,24.4536518],[54.5101127,24.4536616],[54.5101958,24.4536836],[54.5103272,24.4536763],[54.5104131,24.4536714],[54.5104855,24.4536714],[54.5105357,24.4536558],[54.5105284,24.4535371],[54.5105847,24.4535835],[54.5106411,24.4535469],[54.5107296,24.4535029],[54.5107591,24.4535249],[54.5108315,24.4535224],[54.5109146,24.4535395],[54.5110032,24.4535737],[54.511148,24.4536055],[54.5112231,24.4536079],[54.5113304,24.453647],[54.5113894,24.4536225],[54.5115369,24.4536323],[54.5116013,24.4536323],[54.5116442,24.4535908],[54.511781,24.4536079],[54.5119017,24.4535981],[54.5119983,24.4536128],[54.5120814,24.4535688],[54.5121833,24.4535664],[54.5122531,24.4535298],[54.512355,24.4535566],[54.5124086,24.4534809],[54.5124864,24.4535053],[54.5126178,24.4535102],[54.5126339,24.4534541],[54.5127412,24.4534712],[54.5128297,24.4534736],[54.5128512,24.4534199],[54.5129129,24.4534101],[54.5129317,24.4533735],[54.5130068,24.4534004],[54.5130247,24.4533457],[54.5129773,24.4532636],[54.513106,24.4532929],[54.5132321,24.4533076],[54.5132938,24.4533003],[54.5131355,24.4531708],[54.5132616,24.4532124],[54.5133555,24.4532563],[54.5134467,24.4531635],[54.513503,24.4531879],[54.5135727,24.453205],[54.5136229,24.4531894],[54.5136129,24.4531171],[54.5136666,24.4531269],[54.5137497,24.453122],[54.513739,24.4530268],[54.5138248,24.4530585],[54.5138704,24.4530366],[54.513908,24.4530707],[54.5139965,24.4530781],[54.5140609,24.4530439],[54.5141092,24.4530659],[54.5141467,24.4530244],[54.5142138,24.4530537],[54.5143532,24.453061],[54.5144766,24.4531171],[54.5145571,24.4530732],[54.514651,24.4531],[54.5147314,24.453166],[54.5147958,24.4531586],[54.5148977,24.4532075],[54.5149594,24.4531611],[54.5151472,24.453227],[54.5152652,24.4532636],[54.5153878,24.4532578],[54.515351,24.4531977],[54.5154288,24.4531611],[54.5154932,24.4530976],[54.5155683,24.4531025],[54.5156434,24.4531611],[54.5157346,24.4532124],[54.5158392,24.4532417],[54.5158848,24.45331],[54.5159706,24.4534101],[54.5160243,24.4533759],[54.5161101,24.4533882],[54.5161262,24.4533198],[54.5161986,24.4533393],[54.5162549,24.4532636],[54.5162791,24.4532124],[54.516389,24.4532368],[54.5164856,24.4532612],[54.5165446,24.4533149],[54.5165956,24.4532734],[54.5166519,24.453271],[54.5166975,24.453354],[54.5167664,24.4533042],[54.5168075,24.4532001],[54.5168584,24.4532343],[54.5169228,24.4532026],[54.517014,24.4531953],[54.5170489,24.4532417],[54.5171105,24.4531757],[54.5172205,24.4531635],[54.5172554,24.4532172],[54.5173278,24.4531977],[54.5173707,24.4532563],[54.5174485,24.4533027],[54.5174861,24.4532465],[54.5176014,24.4532124],[54.5176926,24.4531928],[54.5177704,24.4532246],[54.5177328,24.45279],[54.5177918,24.4526215],[54.5179233,24.4525775],[54.5179876,24.4526947],[54.5180547,24.4528363],[54.5181217,24.4529853],[54.5181593,24.4531513],[54.5182478,24.4533198],[54.5183363,24.4534931],[54.518457,24.4536763],[54.5185589,24.4538081],[54.5186206,24.4538936],[54.5186045,24.4539693],[54.5185643,24.4539839],[54.5184811,24.4539912],[54.5186935,24.4542018],[54.5187949,24.4544136],[54.5188674,24.4543428],[54.5189256,24.4542613],[54.5189076,24.4541231],[54.5188612,24.4539341],[54.5187682,24.4537788],[54.518677,24.4535493],[54.5186635,24.4533833],[54.5185715,24.4532749],[54.5185589,24.4531269],[54.5185018,24.4529306],[54.5184624,24.4528241],[54.5183757,24.4526474],[54.5183175,24.4524848],[54.5184133,24.4525131],[54.518339,24.4524408],[54.5184973,24.4524555],[54.5185536,24.4524213],[54.5185777,24.4523822],[54.5186654,24.4524008],[54.5186019,24.4523187],[54.5186788,24.4523275],[54.5186475,24.4522601],[54.5187333,24.4522601],[54.5187869,24.4521942],[54.5188693,24.4522079],[54.5188406,24.45216],[54.5189291,24.4520868],[54.5190203,24.4520941],[54.5189479,24.4519989],[54.5190678,24.4519906],[54.5190391,24.4519036],[54.5191061,24.4518011],[54.519218,24.4518245],[54.5191509,24.4516756],[54.5191142,24.4515691],[54.5192099,24.4515853],[54.5191195,24.4514739],[54.519251,24.4514886],[54.519428,24.4515862],[54.5194924,24.4517278],[54.5195433,24.4518499],[54.5195353,24.4519696],[54.5195809,24.452099],[54.519597,24.4522674],[54.5196104,24.4523529],[54.5196721,24.4524481],[54.5197981,24.4529926],[54.5198544,24.4533149],[54.5198035,24.4534809],[54.5197445,24.453647],[54.5198429,24.4536875],[54.5198947,24.4535151],[54.5199188,24.4534297],[54.519833,24.4534321],[54.5198732,24.4533442],[54.5200012,24.4533139],[54.5197517,24.4522616],[54.5197785,24.4520052],[54.5197069,24.4518206],[54.5196069,24.4514021],[54.5195782,24.4512639],[54.5196613,24.4511956],[54.5197123,24.4511736],[54.519774,24.4511565],[54.519833,24.4511834],[54.5199027,24.4511394],[54.5199644,24.4511541],[54.5200476,24.4512468],[54.5201522,24.4511589],[54.5202353,24.451259],[54.5202997,24.4511809],[54.5203828,24.4512346],[54.5203507,24.4515838],[54.5203319,24.4520355],[54.5203265,24.4525141],[54.5203212,24.4525727],[54.5203265,24.4526508],[54.5203024,24.4528193],[54.5202568,24.4528461],[54.5202621,24.4528974],[54.5203024,24.4528974],[54.5203051,24.4530024],[54.5202621,24.4530048],[54.5202621,24.4530488],[54.5202916,24.4530585],[54.5202353,24.4532001],[54.5202165,24.4534638],[54.5202434,24.4536958],[54.520297,24.4545601],[54.5203874,24.4545567],[54.520407,24.4539497],[54.5204392,24.4530634],[54.5204947,24.452225],[54.520551,24.4516976],[54.5205457,24.4514974],[54.5206028,24.4513469],[54.5206672,24.4513079],[54.5209112,24.4513567],[54.5210311,24.4514046],[54.5210212,24.4513054],[54.5210668,24.4512468],[54.5211285,24.4512078],[54.5212036,24.4512029],[54.5213592,24.4512566],[54.5214691,24.4513299],[54.5215952,24.4513933],[54.5215952,24.4513372],[54.5214952,24.4512214],[54.5214504,24.4511394],[54.5215201,24.4511296],[54.5216086,24.4511711],[54.5216328,24.451242],[54.5217052,24.4512224],[54.5217669,24.4511785],[54.5217856,24.4512395],[54.5218607,24.4512224],[54.52196,24.45122],[54.5219922,24.451303],[54.5220217,24.4513714],[54.5220834,24.4512957],[54.5221558,24.4513201],[54.522273,24.4513435],[54.5222336,24.4512297],[54.5224052,24.4512346],[54.5224428,24.4513372],[54.5224401,24.4514519],[54.5224562,24.4515862],[54.5225554,24.4515789],[54.5226225,24.4514983],[54.5226439,24.4515447],[54.5226359,24.4516131],[54.522652,24.4516985],[54.5227056,24.4517156],[54.522762,24.4516326],[54.5228237,24.4515301],[54.5229309,24.451513],[54.5230141,24.4515276],[54.5230677,24.4515179],[54.5230919,24.4514202],[54.5231294,24.4514617],[54.523175,24.4514348],[54.5232287,24.4514031],[54.5234057,24.4513909],[54.5234835,24.4514568],[54.5235524,24.4514827],[54.5235103,24.4513787],[54.5234263,24.451302],[54.5234942,24.4512664],[54.5235586,24.4512957],[54.5235961,24.4513445],[54.5236203,24.4514104],[54.5236122,24.4514739],[54.5236686,24.4515081],[54.5237509,24.4514705],[54.5237732,24.4513909],[54.5237973,24.4514104],[54.5238429,24.4513982],[54.5238716,24.4514436],[54.5238804,24.4513933],[54.5239287,24.4514031],[54.5241505,24.4515633],[54.5248774,24.4522079],[54.5248882,24.4523177],[54.5249525,24.4524447],[54.525041,24.4525473],[54.5252181,24.4526547],[54.5253254,24.4527304],[54.525446,24.452811],[54.5255212,24.4528964],[54.5255721,24.4529135],[54.525615,24.4529013],[54.5261354,24.4524252],[54.52613,24.452391],[54.5260844,24.4523348],[54.5259369,24.4521835],[54.5258618,24.4521053],[54.5258081,24.4520418],[54.5257545,24.4519881],[54.5257116,24.4518783],[54.5257223,24.451783],[54.5257384,24.4516878],[54.5257786,24.4516243],[54.525902,24.4515657],[54.5260281,24.4514632],[54.5261059,24.4513924],[54.5261702,24.4512703],[54.5262507,24.4512117],[54.5263848,24.4510847],[54.5264143,24.4509773],[54.5265136,24.4509236],[54.5266772,24.4508381],[54.526873,24.4505866],[54.5268596,24.450528],[54.5269776,24.4504059],[54.5271627,24.4502252],[54.5272941,24.4500787],[54.5273316,24.4500275],[54.5273102,24.4499762],[54.5272646,24.4499762],[54.527219,24.4499884],[54.526594,24.4494244],[54.5268193,24.4495025],[54.5269615,24.4494488],[54.5270312,24.4492925],[54.5271493,24.4492974],[54.5273021,24.4494415],[54.5273853,24.4494464],[54.5275167,24.4494537],[54.5275543,24.4493975],[54.5275355,24.449334],[54.5274899,24.4492388],[54.5274577,24.4491289],[54.5274523,24.4490337],[54.5275462,24.4489482],[54.5276025,24.448897],[54.5275838,24.4487554],[54.5276589,24.448643],[54.5277769,24.4486748],[54.5278332,24.4486186],[54.5279861,24.4486211],[54.5280076,24.44856],[54.5279807,24.4484941],[54.5279539,24.4484257],[54.527903,24.4483085],[54.5278064,24.4482304],[54.5279271,24.4481059],[54.5280076,24.4480082],[54.528021,24.4479301],[54.5281497,24.4478788],[54.5281899,24.4478104],[54.5282999,24.4477347],[54.528316,24.4476541],[54.5284367,24.4475955],[54.5285011,24.4475345],[54.5285789,24.447515],[54.5286996,24.4474026],[54.5287908,24.4473196],[54.5289812,24.4472879],[54.5290912,24.4472659],[54.5291475,24.4472024],[54.5293782,24.4470535],[54.5294828,24.4470022],[54.5296839,24.4469753],[54.5299414,24.4470071],[54.5301158,24.4469509],[54.5301453,24.4468728],[54.5302526,24.4468923],[54.5303679,24.4469607],[54.5304537,24.4469119],[54.5306442,24.4467483],[54.5308105,24.446592],[54.5309499,24.4464992],[54.5311001,24.446443],[54.5312799,24.4463283],[54.5314676,24.4461207],[54.5316151,24.4459742],[54.5317171,24.4459132],[54.5318512,24.4459376],[54.5319826,24.4460743],[54.5321462,24.4462721],[54.5322937,24.4465847],[54.5324225,24.4468874],[54.5325566,24.4470828],[54.5330152,24.4477713],[54.533203,24.4480009],[54.5335866,24.4487627],[54.5338172,24.4490606],[54.5339245,24.44919],[54.5339272,24.4493609],[54.534072,24.4494512],[54.534174,24.4496856],[54.5343832,24.4499664],[54.5343671,24.4501349],[54.5344878,24.4501935],[54.5345414,24.4502375],[54.5346031,24.4505475],[54.5347775,24.450633],[54.5348096,24.4507453],[54.5348204,24.4508845],[54.5349625,24.4509407],[54.5351315,24.4510163],[54.5352227,24.4510774],[54.535338,24.4512923],[54.5352978,24.4513948],[54.5353193,24.4514974],[54.5355017,24.4516316],[54.5355741,24.4516072],[54.5358825,24.4513777],[54.5358986,24.451346],[54.5358584,24.4513167],[54.5357833,24.4512971],[54.535684,24.4512483],[54.5355687,24.4511946],[54.5354614,24.4510456],[54.5353836,24.4509309],[54.5354158,24.4508528],[54.53533,24.4507526],[54.5351074,24.4504694],[54.5350296,24.4503351],[54.5347694,24.4498126],[54.5346058,24.4496856],[54.5344717,24.4495758],[54.5344019,24.4494488],[54.5344449,24.4494048],[54.5343966,24.4492999],[54.5344288,24.44919],[54.5345173,24.4490068],[54.5350028,24.4484135],[54.5350376,24.4483525],[54.5350189,24.4482963],[54.5349813,24.4482768],[54.5349169,24.4482865],[54.5348391,24.4483256],[54.5348016,24.448394],[54.5347426,24.4485234],[54.5344985,24.4488433],[54.5342786,24.4490728],[54.534174,24.449063],[54.5340479,24.4488896],[54.5339755,24.4487041],[54.5339057,24.4485258],[54.5338226,24.4483647],[54.5337394,24.4482109],[54.5333827,24.4476761],[54.5332191,24.4473953],[54.5331198,24.447178],[54.5329965,24.4468948],[54.5329348,24.4467263],[54.5328597,24.446548],[54.5327095,24.446321],[54.5326344,24.4461867],[54.5325324,24.4459327],[54.5324386,24.4456592],[54.5323957,24.4455127],[54.5323903,24.4454273],[54.5324547,24.4453711],[54.532519,24.4452515],[54.5326424,24.4451587],[54.5330045,24.4449072],[54.5331413,24.4447118],[54.5333452,24.4444603],[54.533549,24.4442748],[54.5336831,24.4441844],[54.5338682,24.4440037],[54.5341659,24.4437351],[54.5343993,24.4435349],[54.5346782,24.4432932],[54.5348204,24.4431564],[54.5351369,24.4429733],[54.535271,24.4429318],[54.5354265,24.4429293],[54.5357618,24.4430465],[54.5359952,24.4431808],[54.5360864,24.4433005],[54.5361481,24.443364],[54.5362258,24.4433811],[54.5362849,24.4433688],[54.5362983,24.4433322],[54.5362285,24.4432883],[54.5362419,24.4432272],[54.5362875,24.4432004],[54.5363412,24.4432126],[54.5363787,24.4432712],[54.5364216,24.4432736],[54.5364377,24.4432321],[54.5364163,24.4431882],[54.5363787,24.4431442],[54.5363197,24.4431149],[54.5362634,24.4431125],[54.5361668,24.4430905],[54.5357404,24.4427511],[54.5357082,24.4426534],[54.5357484,24.4425484],[54.5358021,24.4424556],[54.535845,24.4424214],[54.5359201,24.4424141],[54.5360327,24.4422871],[54.5360596,24.4422139],[54.5361293,24.4421577],[54.5362366,24.4420429],[54.5363224,24.4419648],[54.5362366,24.4418696],[54.53625,24.4417865],[54.5363331,24.4416962],[54.5364512,24.4417182],[54.5365558,24.4417328],[54.5368267,24.4416522],[54.5370547,24.4416181],[54.5370681,24.4415936],[54.5370305,24.4415839],[54.5369822,24.4415668],[54.5369447,24.4415399],[54.5370278,24.441325],[54.5371941,24.4412567],[54.5373685,24.4411492],[54.5374811,24.441054],[54.5375965,24.4409661],[54.5377252,24.440905],[54.5378915,24.4408806],[54.5379183,24.440844],[54.538039,24.4408074],[54.5381812,24.4407536],[54.5382804,24.4407073],[54.538385,24.4406657],[54.5384682,24.4406462],[54.5385647,24.4406706],[54.5386076,24.440761],[54.5388651,24.44185],[54.5388759,24.4419965],[54.5387659,24.4422261],[54.5387069,24.4424727],[54.5385513,24.4428023],[54.5384682,24.4428121],[54.5384011,24.4428756],[54.538377,24.4429611],[54.5384011,24.4430734],[54.5383743,24.4432101],[54.5384199,24.4433469],[54.5384226,24.4434641],[54.5383099,24.4432492],[54.5383072,24.4431564],[54.5383367,24.4430416],[54.5382563,24.4431833],[54.5382482,24.4433518],[54.538318,24.4434861],[54.5384548,24.4436423],[54.5385701,24.4437717],[54.538672,24.4438865],[54.5387257,24.4439305],[54.5388383,24.4439109],[54.5390207,24.4438523],[54.5391843,24.443784],[54.5393748,24.4436692],[54.5396001,24.4435227],[54.5397422,24.4434128],[54.5397798,24.4433249],[54.5398361,24.4432077],[54.5399273,24.4431247],[54.5398871,24.4430148],[54.5398388,24.4429171],[54.5398924,24.4427389],[54.5399568,24.4425728],[54.5401446,24.4421455],[54.5403886,24.4418012],[54.5404745,24.4417133],[54.5404798,24.4418476],[54.5403699,24.4423653],[54.5405524,24.4417413],[54.5408285,24.4407659],[54.5408366,24.4405925],[54.5408151,24.4404484],[54.5407682,24.4403129],[54.5407534,24.4402702],[54.5406649,24.4401017],[54.5403994,24.439562],[54.5401311,24.4392324],[54.5401016,24.4392739],[54.5399595,24.4390736],[54.5397851,24.4388368],[54.5397503,24.4386756],[54.5397986,24.4385486],[54.5397905,24.4384583],[54.5397047,24.4382751],[54.5395732,24.4380749],[54.5391736,24.4373765],[54.5389456,24.4370151],[54.5387659,24.4368271],[54.5384199,24.4366317],[54.5378915,24.4362532],[54.5375991,24.4360481],[54.537296,24.4358918],[54.536883,24.4357404],[54.536199,24.4355548],[54.5358155,24.4354401],[54.5354802,24.4354059],[54.5351798,24.4353131],[54.5347319,24.4351592],[54.5342491,24.43502],[54.5338601,24.4349224],[54.5334211,24.4347744],[54.5331502,24.4346791],[54.5329409,24.4345912],[54.5327961,24.4345424],[54.5325064,24.434496],[54.5321953,24.4344008],[54.5318278,24.4342664],[54.5315489,24.434181],[54.5315086,24.4341614],[54.531455,24.4341126],[54.5313826,24.4341077],[54.5313209,24.4341492],[54.5310929,24.4341004],[54.5304867,24.4339264],[54.5301138,24.4338341],[54.5295291,24.4337022],[54.5288264,24.4335167],[54.5282175,24.4333237],[54.5279198,24.4332505],[54.527732,24.4332187],[54.5275791,24.4331455],[54.5270936,24.4329892],[54.5265813,24.4328793],[54.5259859,24.4326937],[54.5256799,24.432566],[54.5253288,24.4324886],[54.5250847,24.4324104],[54.5248406,24.4323372],[54.5247521,24.4322908],[54.5247118,24.4322541],[54.5246072,24.4322541],[54.5245241,24.4322737],[54.5244007,24.4322493],[54.5241432,24.4321638],[54.5236819,24.4320197],[54.5232366,24.4318268],[54.5230355,24.4317462],[54.5228743,24.4316575],[54.5228316,24.431585],[54.5228075,24.4315044],[54.5227833,24.4314287],[54.5227646,24.4313579],[54.52266,24.431292],[54.5224347,24.431226],[54.5220591,24.4311113],[54.5217748,24.4310331],[54.5216246,24.4310209],[54.5214849,24.4310788],[54.5213645,24.4311723],[54.5211982,24.4312431],[54.5210104,24.4312383],[54.5208012,24.4311845],[54.520659,24.4311748],[54.5205812,24.431165],[54.5205249,24.431143],[54.5205061,24.4311088],[54.5203372,24.4310551],[54.5202969,24.4310942],[54.5192536,24.4307938],[54.5191838,24.4307987],[54.518591,24.4306229],[54.5185052,24.430618],[54.5181726,24.4305105],[54.5180492,24.4304397],[54.517891,24.4302689],[54.5177998,24.4301907],[54.5177622,24.4301443],[54.5177676,24.430115],[54.5177032,24.4300247],[54.517655,24.4300344],[54.5175718,24.4299075],[54.5175718,24.4298586],[54.5174726,24.4297316],[54.5170139,24.4291138],[54.5168557,24.4288916],[54.5166008,24.4286132],[54.5165526,24.4285399],[54.5164909,24.4284886],[54.5164185,24.4283982],[54.5163836,24.4283323],[54.5160993,24.4279489],[54.5159866,24.4278317],[54.5158606,24.4277999],[54.5156808,24.4278073],[54.5153295,24.4277438],[54.5148011,24.4275484],[54.5144712,24.4273677],[54.5141493,24.4270331],[54.5139079,24.4267254],[54.5137041,24.42653],[54.5134653,24.4263249],[54.5132749,24.4261442],[54.513114,24.425961],[54.5129665,24.4258047],[54.5128511,24.4256948],[54.5129045,24.4256402],[54.5129048,24.425602],[54.5128618,24.4255752],[54.5128189,24.4255483],[54.5128109,24.4255141],[54.5128404,24.4254897],[54.5128565,24.425436],[54.5128163,24.4254018],[54.5127492,24.4253749],[54.5126526,24.4253407],[54.5125346,24.4253187],[54.5124863,24.4253554],[54.5124378,24.4253985],[54.5123442,24.4253847],[54.5122986,24.4253334],[54.5122986,24.4252943],[54.5122691,24.4252943],[54.512084,24.4253016],[54.5120572,24.4252992],[54.5120357,24.4253212],[54.5119848,24.4253261],[54.5119472,24.4252455],[54.5119204,24.4252601],[54.5119577,24.4253325],[54.5118828,24.4253505],[54.5118346,24.4254408],[54.5118343,24.4255206],[54.511797,24.4255507],[54.5118262,24.4256158],[54.5118212,24.425646],[54.5119016,24.4256948],[54.5119174,24.4258845],[54.5118638,24.4258429],[54.5117648,24.4258511],[54.5117836,24.4258145],[54.5116575,24.4256997],[54.5117541,24.4255825],[54.5117806,24.425606],[54.5117836,24.4255825],[54.5117434,24.4255556],[54.5116468,24.4255459],[54.5115634,24.4255108],[54.51151,24.4254872],[54.5114,24.4254628],[54.5112418,24.4254433],[54.511105,24.4254506],[54.5110031,24.4254848],[54.5110216,24.4255645],[54.5109816,24.4255947],[54.5109307,24.4255996],[54.5109358,24.425672],[54.5109009,24.4257575],[54.5110377,24.425821],[54.5110943,24.4257974],[54.5111318,24.4257656],[54.5112177,24.4258047],[54.5112042,24.4258902],[54.511282,24.4259439],[54.5113732,24.4259903],[54.5113649,24.4260627],[54.5113035,24.4261784],[54.5108904,24.4264201],[54.5105468,24.4265414],[54.5103913,24.4263631],[54.5106222,24.4260025],[54.510531,24.4259293],[54.5103593,24.4258487],[54.5103781,24.4257754],[54.5104344,24.4256973],[54.510472,24.4256411],[54.5104881,24.4255752],[54.5105337,24.4255727],[54.5105817,24.4255719],[54.5106675,24.4256012],[54.5107188,24.4255971],[54.5107402,24.4256411],[54.5107292,24.4256818],[54.5108043,24.4256989],[54.5108287,24.425668],[54.510818,24.4255996],[54.5107724,24.4255336],[54.510689,24.4254986],[54.5105739,24.4254897],[54.5104693,24.4255117],[54.5103701,24.4255068],[54.5103057,24.4254994],[54.5102572,24.4254717],[54.5101635,24.4254872],[54.5100777,24.4254921],[54.509957,24.4254921],[54.5098578,24.4255019],[54.509831,24.425519],[54.5098414,24.4255377],[54.5098926,24.4255385],[54.5100053,24.4255361],[54.5100989,24.4255719],[54.5101448,24.4256484],[54.5101394,24.4257266],[54.5101043,24.4258039],[54.5100214,24.4258511],[54.5099299,24.4258869],[54.5098819,24.4259732],[54.5098495,24.4260676],[54.5097934,24.4261515],[54.5097103,24.4262126],[54.5096781,24.4262467],[54.5096027,24.4262874],[54.5094313,24.4262712],[54.5093777,24.4262297],[54.5092732,24.4261832],[54.5091552,24.4261539],[54.5090452,24.4261539],[54.5089755,24.4261784],[54.5088843,24.4262223],[54.5086643,24.4261906],[54.5085168,24.4261368],[54.508329,24.4261051],[54.5081628,24.4261124],[54.5080877,24.4261027],[54.5080819,24.4261531],[54.5079857,24.4261466],[54.5080206,24.4261271],[54.5080313,24.4260978],[54.5080072,24.4260758],[54.5079401,24.4260611],[54.5078704,24.426066],[54.5077765,24.4260514],[54.5077256,24.4260367],[54.5077041,24.4259342],[54.5076934,24.425856],[54.5077309,24.4258023],[54.507806,24.4257705],[54.5078302,24.4257241],[54.5078194,24.4256631],[54.5077685,24.4256264],[54.5077202,24.4256191],[54.5076263,24.4256557],[54.5075646,24.4257119],[54.5075163,24.4257925],[54.5075133,24.4259895],[54.5074895,24.4260831],[54.5074332,24.4261149],[54.5073661,24.4260978],[54.5073098,24.4261075],[54.5072293,24.4261173],[54.5071194,24.4261417],[54.5070926,24.4261784],[54.5070738,24.4262712],[54.5070734,24.4263729],[54.5070765,24.4264983],[54.5069826,24.4264739],[54.5069795,24.4266049],[54.5069741,24.4266952],[54.506958,24.4267954],[54.5068914,24.4268011],[54.5069048,24.4267205],[54.5069102,24.4266448],[54.5068619,24.4266302],[54.5068454,24.4267416],[54.5068507,24.4268051],[54.5068163,24.42685],[54.50676,24.4268768],[54.5067734,24.4267767],[54.5067573,24.4267156],[54.5067251,24.4266741],[54.5066983,24.4266619],[54.5066446,24.4267596],[54.5066071,24.4267962],[54.50654,24.4268011],[54.5064917,24.4267669],[54.5064971,24.426679],[54.5064917,24.4265715],[54.5064756,24.4263762],[54.5064783,24.4262003],[54.5064837,24.4261051],[54.5064488,24.4260123],[54.5064247,24.4259],[54.5064569,24.4258462],[54.5065159,24.4258145],[54.5066017,24.4258023],[54.5066764,24.4258112],[54.5066983,24.4257754],[54.5067626,24.4257534],[54.5068588,24.425777],[54.5069182,24.4257974],[54.5069826,24.4257925],[54.5070255,24.4257632],[54.5071006,24.4257437],[54.5071623,24.4257461],[54.5071328,24.4256851],[54.5070711,24.4257021],[54.5069933,24.4257266],[54.5069182,24.4256851],[54.5068136,24.425668],[54.5066741,24.4256875],[54.5065856,24.4257363],[54.50654,24.4257925],[54.5064515,24.4258169],[54.5064113,24.4257608],[54.5063523,24.4257534],[54.5062879,24.4257754],[54.5062691,24.4258194],[54.5062825,24.4258951],[54.5063411,24.4260139],[54.5063147,24.4260807],[54.5062745,24.4261368],[54.5063093,24.4262492],[54.5063362,24.4264226],[54.5063415,24.426635],[54.5063358,24.4267636],[54.5062503,24.4267401],[54.5061484,24.4267205],[54.5060948,24.4260025],[54.5061404,24.4259512],[54.5061779,24.4259171],[54.5062289,24.4259122],[54.5062396,24.4258926],[54.5062262,24.4258584],[54.5060572,24.4258804],[54.5059312,24.4258731],[54.5058507,24.4258951],[54.5058453,24.4259439],[54.5058744,24.4260017],[54.5059097,24.4260611],[54.5059151,24.4267913],[54.5058561,24.4267059],[54.5058426,24.4265593],[54.5058051,24.4264836],[54.505738,24.4264763],[54.5056173,24.4264812],[54.5055288,24.426447],[54.5054779,24.4263786],[54.5054081,24.4263347],[54.5053598,24.4262907],[54.5053518,24.426215],[54.5052901,24.4261613],[54.5051989,24.4261442],[54.5051104,24.4261417],[54.5050433,24.426171],[54.5049817,24.4261832],[54.5049521,24.4261198],[54.5048878,24.426066],[54.5048261,24.4260318],[54.504818,24.4259928],[54.5048449,24.4259903],[54.5048449,24.4259561],[54.5047617,24.425961],[54.5047537,24.4259976],[54.5047832,24.4259976],[54.5047559,24.4260432],[54.5047268,24.4260782],[54.5047291,24.4261213],[54.5047452,24.4261726],[54.5046464,24.4261955],[54.5045391,24.4261613],[54.5044908,24.4260831],[54.5045069,24.4260245],[54.5045498,24.4260196],[54.5045927,24.4260172],[54.5046035,24.4259976],[54.5045605,24.4259586],[54.5044908,24.4259073],[54.5043389,24.4258483],[54.5042573,24.4258163],[54.5041484,24.4258002],[54.5041394,24.4257754],[54.5041099,24.4257559],[54.5040777,24.4257437],[54.5040348,24.4257461],[54.503785,24.4257623],[54.5037317,24.425773],[54.5036996,24.4257998],[54.5036754,24.4258291],[54.5036084,24.4258438],[54.5035306,24.4258853],[54.5034072,24.4258951],[54.5032945,24.4259219],[54.5031792,24.4259293],[54.5030666,24.425939],[54.5029351,24.4259464],[54.5028358,24.4259428],[54.5025838,24.4259317],[54.5025006,24.4259024],[54.5024765,24.4258878],[54.5024255,24.4259219],[54.5023906,24.4258878],[54.5022458,24.4258878],[54.5020874,24.4258638],[54.5019615,24.4258853],[54.5018166,24.4258878],[54.5016262,24.4258658],[54.5014623,24.425827],[54.5013473,24.4257803],[54.5012212,24.4257754],[54.5008591,24.4257803],[54.5007384,24.425773],[54.5005399,24.4257485],[54.5003575,24.425751],[54.5000008,24.4257827],[54.4996146,24.4258145],[54.4995019,24.4258658],[54.4993919,24.4258878],[54.4992176,24.4258975],[54.4992122,24.4258731],[54.4991157,24.4258633],[54.4990593,24.425834],[54.4990513,24.4258072],[54.4990084,24.4257901],[54.4989172,24.4257949],[54.4988582,24.4257779],[54.4987032,24.4257175],[54.4986436,24.4257412],[54.498598,24.4257608],[54.4984719,24.4257852],[54.4982734,24.4258316],[54.4981259,24.4258487],[54.4979865,24.425878],[54.4979489,24.4258511],[54.4978818,24.4258169],[54.4978094,24.4258438],[54.4976431,24.4259024],[54.4975251,24.4259122],[54.4974393,24.4259048],[54.4972837,24.4259537],[54.4970906,24.4260563],[54.4970262,24.4261368],[54.4970423,24.4262101],[54.4970714,24.4262679],[54.49705,24.4264657],[54.4970553,24.4266635],[54.4970504,24.426762],[54.4970128,24.4268011],[54.4969753,24.4268182],[54.497007,24.4268857],[54.4970419,24.4271104],[54.4970768,24.4272447],[54.4971147,24.4272407],[54.4971572,24.4273326],[54.4971845,24.4273091],[54.4972002,24.4273668],[54.4971868,24.4274083],[54.4970772,24.4274361],[54.4970875,24.4276452],[54.4968948,24.4276607],[54.4969346,24.4281703],[54.497104,24.428154],[54.4971228,24.4284373],[54.4971572,24.4284462],[54.4971469,24.4285594],[54.4972323,24.4285732],[54.4972163,24.4287222],[54.4971814,24.4288199],[54.4971147,24.4288354],[54.4970956,24.4289053],[54.4970343,24.4289599],[54.4969779,24.4289526],[54.4969243,24.4289673],[54.4969162,24.4290649],[54.4968733,24.4291309],[54.4968063,24.4291504],[54.4967365,24.4291431],[54.4966936,24.4291162],[54.496648,24.4291846],[54.4966802,24.4292774],[54.496661,24.4293571],[54.4966239,24.4294239],[54.4966132,24.4295216],[54.4966637,24.4296453],[54.4966346,24.4298684],[54.496463,24.4298757],[54.4964764,24.4300027],[54.4954437,24.4300637],[54.4954514,24.4301728],[54.4964898,24.4301126],[54.4966208,24.4301093],[54.4966208,24.4301606],[54.4967795,24.4301468],[54.4968247,24.4302167],[54.4968595,24.4302827],[54.4968841,24.430425],[54.496868,24.430491],[54.4968599,24.4306473],[54.4969212,24.4306734],[54.4968998,24.430732],[54.4968707,24.4307572],[54.4969297,24.4307816],[54.4969722,24.4308297],[54.4970101,24.4310087],[54.4970128,24.4312309],[54.4970155,24.4316021],[54.4969588,24.4319042],[54.4968653,24.4320856],[54.4967821,24.4321882],[54.496648,24.4322322],[54.4965917,24.4322297],[54.4965488,24.4322199],[54.496522,24.4322151],[54.4965005,24.4321735],[54.4964281,24.4321711],[54.4963959,24.4321394],[54.4963879,24.4320734],[54.4963852,24.4320319],[54.4963664,24.4320026],[54.4962967,24.4319831],[54.4955698,24.4320246],[54.4955671,24.4320734],[54.4955081,24.4321809],[54.4954035,24.4323103],[54.4953793,24.4324251],[54.4952774,24.4324104],[54.4951111,24.4324397],[54.49491,24.4324324],[54.4947893,24.4324153],[54.4946873,24.4323665],[54.4945881,24.4322956],[54.494564,24.432259],[54.4945666,24.4322322],[54.4945425,24.4322126],[54.4945076,24.4322346],[54.4944754,24.4322688],[54.4944084,24.4322712],[54.4943521,24.4322541],[54.4942609,24.4322712],[54.4941992,24.432303],[54.4941214,24.4322541],[54.4940141,24.4322395],[54.4939149,24.4322566],[54.4938451,24.432259],[54.4937888,24.4322273],[54.4937298,24.4321491],[54.4936654,24.4320685],[54.4936413,24.4320197],[54.4936037,24.4320026],[54.4926676,24.4320759],[54.4926381,24.4320563],[54.4925845,24.4320539],[54.4925577,24.432071],[54.4925224,24.4321264],[54.4925308,24.4321931],[54.4925143,24.432312],[54.4922975,24.4324544],[54.4921366,24.4324739],[54.4916162,24.4325105],[54.4914955,24.4324764],[54.4914043,24.4324666],[54.4913721,24.4324935],[54.4907499,24.4322151],[54.4895719,24.4322966],[54.4893739,24.4323103],[54.4893471,24.4323372],[54.4893015,24.4323396],[54.48928,24.4323152],[54.4892559,24.432342],[54.4891915,24.4323469],[54.4891673,24.4323176],[54.4891352,24.4323543],[54.4890735,24.4323567],[54.489052,24.432325],[54.4890279,24.4323567],[54.4889662,24.4323616],[54.488942,24.4323323],[54.4889125,24.432364],[54.4888508,24.4323714],[54.4888187,24.4323445],[54.4886604,24.4323665],[54.4883493,24.4325643],[54.4865549,24.4326766],[54.486182,24.4325154],[54.4861358,24.4325192],[54.4852191,24.4325936],[54.4851655,24.4325667],[54.4850904,24.4325618],[54.4849241,24.432574],[54.4846183,24.4326131],[54.4842535,24.4327816],[54.4840095,24.4328378],[54.4834167,24.4328891],[54.4832209,24.4329013],[54.4830573,24.4328817],[54.4829656,24.4328697],[54.4827944,24.4328964],[54.4826549,24.4329599],[54.4825021,24.432977],[54.4822526,24.4329941],[54.4820354,24.4329867],[54.4819039,24.4330283],[54.4817457,24.433038],[54.4815713,24.4330722],[54.481456,24.4331088],[54.4813836,24.4331821],[54.4813031,24.4333066],[54.4806218,24.4333359],[54.480359,24.4333433],[54.480198,24.4334116],[54.4800899,24.4334812],[54.4800506,24.4335065],[54.48,24.433562662857145],[54.48,24.4479983458891],[54.4800049,24.4480115],[54.4801256,24.4483289],[54.4801337,24.4483851],[54.4801122,24.4484119],[54.4801203,24.4484461],[54.4801712,24.4485047],[54.4802275,24.4486244],[54.4803617,24.4490321],[54.4803751,24.4492006],[54.4804421,24.4493911],[54.4805199,24.4495302],[54.4806245,24.4497524],[54.4806835,24.4499063],[54.480678,24.44996],[54.4815417,24.4519633],[54.4813867,24.4525449],[54.4820288,24.4536133],[54.4820824,24.4539591],[54.4819821,24.4542853],[54.4822296,24.4546589],[54.4826837,24.4550199],[54.483004,24.4553098],[54.4835104,24.4559281],[54.483695,24.4561716],[54.4838007,24.4564778],[54.4840474,24.4565823],[54.4843017,24.4563596],[54.4843875,24.456135],[54.4845055,24.4559201],[54.4846912,24.4557815],[54.4849025,24.4557151],[54.4849025,24.4555783],[54.484527,24.4556272],[54.4845767,24.4552443],[54.4844072,24.4547306],[54.4837624,24.4541529],[54.4834327,24.4533418],[54.4839798,24.4533321],[54.4850667,24.4555275],[54.4850667,24.4557326],[54.4859003,24.4556369],[54.4862222,24.4556369],[54.4865977,24.4556369],[54.4869195,24.4556858],[54.487456,24.4556858],[54.4878637,24.4557346],[54.4881534,24.4557151],[54.4882392,24.4555393],[54.4881641,24.4553537],[54.4880997,24.4550998],[54.4880353,24.4547677],[54.4880353,24.4544357],[54.4878851,24.4538204],[54.4878315,24.4535665],[54.4877778,24.4533418],[54.487692,24.452834],[54.4876598,24.4526582],[54.4876169,24.4522382],[54.4875633,24.4519257],[54.4875021,24.4516014],[54.4874989,24.4513495],[54.4874485,24.4511033],[54.4874452,24.4509783],[54.4873701,24.4508123],[54.4875847,24.450783],[54.4875096,24.4506756],[54.4874667,24.4505681],[54.4873412,24.4505076],[54.4874452,24.4503044],[54.4874774,24.4501286],[54.4873197,24.4500388],[54.4871588,24.4499802],[54.4871663,24.449738],[54.4873701,24.4496208],[54.4873701,24.4493571],[54.4872521,24.4492106],[54.4870408,24.4490523],[54.4868873,24.4490836],[54.4867264,24.4489762],[54.486662,24.4488297],[54.4830572,24.4488687],[54.4829928,24.4486441],[54.4827889,24.4485269],[54.4827031,24.4483901],[54.4825314,24.4483022],[54.4822739,24.4480483],[54.4822739,24.4477846],[54.4821667,24.447599],[54.482127,24.447392],[54.4819843,24.4472279],[54.4817944,24.4471185],[54.4816517,24.4469446],[54.4815905,24.4467767],[54.4815229,24.446593],[54.481362,24.4464661],[54.4813513,24.4463586],[54.4812654,24.4461145],[54.4811581,24.4459582],[54.4810434,24.4456437],[54.4809221,24.4454112],[54.4809221,24.4452647],[54.4809007,24.4451573],[54.4811152,24.4450205],[54.4812976,24.4449131],[54.4814725,24.4448428],[54.4816195,24.4448838],[54.481716,24.4448057],[54.4818448,24.4446396],[54.4819628,24.4445224],[54.4820625,24.4444133],[54.482084,24.4443251],[54.481995,24.4442001],[54.4818587,24.4440907],[54.4818555,24.4439755],[54.4819199,24.4437215],[54.4820486,24.4435164],[54.4822632,24.4433211],[54.4824778,24.4432039],[54.4826816,24.4430573],[54.4827889,24.4429499],[54.4829535,24.4430078],[54.4830538,24.4430403],[54.4830353,24.4429441],[54.4830399,24.4427541],[54.4830511,24.4426467],[54.4831578,24.4424816],[54.483232,24.4423814],[54.4833146,24.4423639],[54.4833337,24.4423837],[54.4833768,24.4424711],[54.4835205,24.4426345],[54.4835968,24.4429577],[54.483704,24.442968],[54.4837842,24.4431526],[54.4838909,24.443231],[54.4839041,24.4434598],[54.4842726,24.4434498],[54.4842641,24.4432452],[54.484313,24.443219],[54.4843366,24.4431549],[54.4843237,24.4430774],[54.4841354,24.4426323],[54.4841756,24.4426055],[54.4841569,24.4425103],[54.4841359,24.442462],[54.4841944,24.442437],[54.4842266,24.4424736],[54.4843232,24.4425347],[54.4843666,24.4425206],[54.4845511,24.4428082],[54.4845887,24.4427886],[54.4845463,24.4425475],[54.4845646,24.4425054],[54.4846021,24.4425029],[54.4846826,24.4423222],[54.4847469,24.4423198],[54.4849111,24.4425206],[54.4849079,24.4425835],[54.4849079,24.4426519],[54.4849755,24.4427184],[54.4849857,24.4427813],[54.4850366,24.4428106],[54.4850983,24.442813],[54.4852056,24.4427764],[54.4852888,24.442752],[54.4853826,24.4427959],[54.4854422,24.4428307],[54.4855173,24.4428503],[54.4856026,24.4428546],[54.4856857,24.4428546],[54.4857313,24.442813],[54.4858279,24.4428472],[54.485933,24.4428112],[54.4859378,24.4427471],[54.486021,24.4427447],[54.4860585,24.4427471],[54.4861154,24.4427819],[54.4862517,24.4427813],[54.4863032,24.4428234],[54.4863938,24.4428448],[54.4865226,24.4428448],[54.4865762,24.4428423],[54.4866004,24.4428253],[54.4865682,24.4427666],[54.4865848,24.442716],[54.4866304,24.4426671],[54.4866647,24.442647],[54.4866992,24.442603],[54.4869142,24.4421513],[54.4871031,24.4421295],[54.4875186,24.4427395],[54.4875745,24.442694],[54.4876174,24.4427282],[54.4876357,24.4427959],[54.4876652,24.4428472],[54.4877027,24.4428643],[54.4877483,24.4428668],[54.4877993,24.4428668],[54.4878959,24.4428692],[54.4879366,24.4428503],[54.4879978,24.4428399],[54.488038,24.442835],[54.4880782,24.4428912],[54.488089,24.4431842],[54.4881271,24.4432361],[54.4882767,24.4432355],[54.4883733,24.4432355],[54.488502,24.4432306],[54.4885637,24.4432233],[54.4885664,24.4429229],[54.4885428,24.4428747],[54.488296,24.4428845],[54.4882424,24.4428625],[54.4882231,24.4427886],[54.4882451,24.4427746],[54.4883658,24.442799],[54.4884913,24.4427935],[54.488561,24.442813],[54.4886152,24.4428893],[54.4886576,24.442918],[54.4887837,24.4428936],[54.4888325,24.4428674],[54.48895,24.4428448],[54.4889961,24.4428552],[54.4890256,24.4428014],[54.4891007,24.442777],[54.4891726,24.4427178],[54.4892396,24.442708],[54.4893308,24.4427203],[54.4893925,24.4427007],[54.4894682,24.4427282],[54.4895401,24.4427447],[54.4896559,24.4428039],[54.489819,24.4427715],[54.4899858,24.4428283],[54.4900422,24.4428942],[54.4902111,24.4429431],[54.4903447,24.44294],[54.4904418,24.4429675],[54.4905732,24.4430407],[54.490688,24.4430401],[54.4907851,24.4430725],[54.4908275,24.4430987],[54.4908812,24.4431085],[54.4909595,24.4430407],[54.4910346,24.4429211],[54.4911446,24.442672],[54.4913184,24.4426494],[54.4914364,24.4428326],[54.4915463,24.4428057],[54.4916241,24.4426275],[54.4917126,24.4426153],[54.4918789,24.4428546],[54.4918789,24.4429229],[54.491895,24.4430206],[54.491895,24.4430938],[54.491895,24.4431891],[54.4919379,24.4432428],[54.4919251,24.4433142],[54.4919219,24.4433673],[54.491946,24.4434455],[54.4919138,24.4435578],[54.4918897,24.4436481],[54.4918789,24.4438362],[54.4919245,24.443968],[54.4919648,24.4440584],[54.4919862,24.4441414],[54.4920291,24.4442757],[54.492064,24.4443758],[54.4921284,24.4445125],[54.4922249,24.444554],[54.4923081,24.444598],[54.4923515,24.4446499],[54.4924127,24.4447006],[54.4924985,24.4447518],[54.4925817,24.4449228],[54.4925897,24.4450424],[54.4925527,24.4451895],[54.4925736,24.4452866],[54.4926144,24.4453482],[54.4926246,24.445416],[54.4926246,24.4454624],[54.4926782,24.4455747],[54.4928471,24.4455414],[54.4929738,24.4455021],[54.4931991,24.4453775],[54.4932848,24.4454189],[54.4933171,24.4453751],[54.4933917,24.4453427],[54.4934325,24.4453604],[54.493499,24.4453867],[54.4936063,24.4453525],[54.4936846,24.4452799],[54.4937248,24.4451871],[54.4937833,24.4449496],[54.493845,24.4449472],[54.4937806,24.4452524],[54.4937672,24.4453501],[54.4937458,24.4454404],[54.4937511,24.4454917],[54.4938133,24.4454361],[54.4938879,24.4453525],[54.4939421,24.4453116],[54.4940065,24.4452457],[54.494081,24.445206],[54.4941427,24.4451181],[54.4941856,24.4451962],[54.4941615,24.4453281],[54.4940843,24.4454386],[54.4939931,24.4456608],[54.4939174,24.445731],[54.4938799,24.4458335],[54.4938423,24.4459019],[54.4938021,24.4460142],[54.4937806,24.4460972],[54.4937323,24.4462486],[54.4936792,24.4463396],[54.4935795,24.4462853],[54.4934373,24.4462535],[54.4933359,24.4462102],[54.4932737,24.4462218],[54.4931262,24.4462022],[54.4928746,24.4461687],[54.4927641,24.4461143],[54.4926788,24.4460661],[54.4926434,24.4459825],[54.4925795,24.4459001],[54.4925795,24.4458512],[54.4926219,24.4457652],[54.4926761,24.4457291],[54.492756,24.4456992],[54.4928633,24.4456846],[54.4929577,24.4456364],[54.493043,24.4456309],[54.4931181,24.4456138],[54.492947,24.44559],[54.4928612,24.44559],[54.4927694,24.4456089],[54.4927056,24.4456535],[54.492601,24.4457072],[54.4925307,24.445792],[54.4925093,24.4458726],[54.492528,24.4459556],[54.4925549,24.4460191],[54.4926031,24.446085],[54.4925495,24.4461778],[54.4925817,24.4462389],[54.4928209,24.4462688],[54.4930167,24.4462981],[54.4931932,24.4463243],[54.4933944,24.4463829],[54.4935473,24.4464122],[54.4936224,24.4464513],[54.4936331,24.4465294],[54.4936197,24.4466149],[54.493698,24.4466326],[54.4937543,24.4465374],[54.493786,24.4464073],[54.4938343,24.4462706],[54.4938772,24.4461217],[54.4939228,24.446024],[54.4940006,24.4458457],[54.4940521,24.4457682],[54.4941701,24.445463],[54.4942371,24.445358],[54.4943257,24.445275],[54.4943653,24.445206],[54.4943975,24.4450961],[54.494419,24.4450204],[54.49447,24.4449374],[54.4944732,24.4447476],[54.4945027,24.4446133],[54.4945241,24.4445376],[54.4945241,24.444457],[54.4945826,24.444261],[54.4946497,24.4440877],[54.4947387,24.443976],[54.4947682,24.44391],[54.4947677,24.4438264],[54.4947736,24.4437464],[54.4947843,24.4437049],[54.4948186,24.4435431],[54.4948648,24.4434534],[54.4949688,24.4432868],[54.4949983,24.4431256],[54.4950311,24.4430603],[54.4950493,24.4429937],[54.49506,24.4428887],[54.4950794,24.4427038],[54.495162,24.4425933],[54.4951491,24.442506],[54.4952076,24.4423711],[54.4952135,24.4423277],[54.495251,24.442274],[54.4953583,24.4421885],[54.4954731,24.4421464],[54.4955858,24.4421269],[54.4958191,24.4421122],[54.4960981,24.4421074],[54.4964092,24.4421171],[54.4967713,24.4421269],[54.4971978,24.4421196],[54.4973855,24.4421464],[54.497635,24.4421464],[54.4978817,24.442144],[54.4979944,24.4421611],[54.4985421,24.4421592],[54.4986542,24.4421611],[54.4989627,24.4421806],[54.4991504,24.4421806],[54.4995849,24.4421928],[54.4997834,24.4421782],[54.5000141,24.4422148],[54.5001696,24.4422246],[54.5003118,24.4422197],[54.5004164,24.4422441],[54.5004486,24.4422832],[54.5005484,24.4423473],[54.5006364,24.4423369],[54.5008059,24.4422276],[54.5010011,24.4422294],[54.5011653,24.4422447],[54.5013123,24.4422636],[54.5014142,24.4422587],[54.5014657,24.4422984],[54.5016856,24.442357],[54.5018755,24.4423955],[54.5020177,24.4424346],[54.5021154,24.4424796],[54.5021795,24.4424984],[54.5022323,24.4425211],[54.5022905,24.4425223],[54.5022966,24.4425689],[54.5024179,24.4426159],[54.5025354,24.4426348],[54.5027177,24.4426934],[54.502994,24.4427276],[54.5031123,24.4427545],[54.5032773,24.4428525],[54.5033895,24.4429133],[54.5034887,24.4430023],[54.5035358,24.4431389],[54.5035285,24.4432389],[54.5034616,24.4434123],[54.5032942,24.4438741],[54.503159,24.4442877],[54.5029377,24.4449399],[54.5028486,24.445205],[54.5025742,24.4460214],[54.5024351,24.4459843],[54.5023793,24.4458536],[54.5024405,24.4457232],[54.5024162,24.4457039],[54.5023539,24.4458468],[54.5024011,24.44597],[54.5023627,24.4459747],[54.50236,24.4460213],[54.5024286,24.4460064],[54.5025663,24.4460435],[54.5024256,24.4464281],[54.5022596,24.446902],[54.5019934,24.4468173],[54.5020518,24.4466393],[54.5020144,24.4466227],[54.5020462,24.4465513],[54.501923,24.4465118],[54.5017453,24.4470098],[54.5018868,24.4470575],[54.5019204,24.4469638],[54.5021872,24.4470526],[54.5018442,24.4479952],[54.5018944,24.4480523],[54.5018807,24.4480869],[54.5017999,24.4480993],[54.5013958,24.4492186],[54.5011943,24.4491567],[54.5012613,24.4489809],[54.5012119,24.4489635],[54.5012441,24.4488878],[54.5011187,24.4488441],[54.5009466,24.449335],[54.5011009,24.4493844],[54.5011358,24.4492965],[54.501368,24.4493702],[54.5010692,24.4502416],[54.5011233,24.4503933],[54.5010232,24.4506894],[54.5007432,24.4515179],[54.5007626,24.4516423],[54.5007201,24.4517827],[54.500624,24.4518706],[54.5004575,24.4522485],[54.5002796,24.4527009],[54.5002156,24.4529814],[54.5001823,24.4531773],[54.5001097,24.4532189],[54.5000921,24.4532821],[54.5001243,24.4533428],[54.5000785,24.4535076],[54.4999847,24.4537933],[54.4998747,24.4541473],[54.4998023,24.4543719],[54.4996867,24.4546945],[54.4996196,24.4548214],[54.4995043,24.4549801],[54.4994345,24.4550461],[54.499357,24.4551166],[54.4992605,24.4551532],[54.4991797,24.4551999],[54.4991478,24.4552656],[54.4990754,24.4552827],[54.499011,24.455312],[54.4989738,24.4553456],[54.4989544,24.4553293],[54.4988447,24.4554243],[54.4986436,24.4555976],[54.498469,24.4557566],[54.4983566,24.4558491],[54.4983485,24.4559297],[54.4983566,24.4560127],[54.4983941,24.4561543],[54.4984156,24.4563643],[54.4983941,24.4565498],[54.498378,24.4566939],[54.4983083,24.4568501],[54.4982573,24.4569869],[54.498252,24.4570674],[54.4982734,24.4571407],[54.4983029,24.4572408],[54.4983187,24.4574241],[54.4983324,24.4576217],[54.4983405,24.4583224],[54.4983727,24.4584029],[54.4984397,24.4584493],[54.498539,24.4584908],[54.4986516,24.4585275],[54.4987294,24.4585592],[54.4987991,24.4585836],[54.4988498,24.458618],[54.4989171,24.4586569],[54.4990081,24.4586644],[54.4990912,24.4587157],[54.4991612,24.4587472],[54.4992632,24.4587692],[54.4993543,24.458818],[54.499467,24.4588156],[54.4995284,24.4588451],[54.4996808,24.4588318],[54.4998586,24.4588034],[54.5000061,24.4588229],[54.5001992,24.45884],[54.5003306,24.4588351],[54.5004326,24.4588303],[54.5005291,24.4588327],[54.5006123,24.4587888],[54.5007464,24.4586618],[54.5008671,24.4586349],[54.5009843,24.4587781],[54.5011184,24.4590662],[54.5012713,24.4593836],[54.5013357,24.4594642],[54.5013384,24.4595472],[54.5019534,24.4606223],[54.5021411,24.4609519],[54.5021009,24.4610252],[54.5020848,24.4610886],[54.5021403,24.4611366],[54.5021894,24.4611863],[54.5022323,24.4612107],[54.5022618,24.4611887],[54.5022806,24.4611594],[54.5024702,24.4615443],[54.502710882973545,24.462],[54.502805633740834,24.462],[54.5026695,24.4617844]]]}},{"type":"Feature","properties":{"layer":"land","subtype":"sand","class":"sand","name":""},"geometry":{"type":"Polygon","coordinates":[[[54.5147437,24.4467047],[54.5147006,24.4466762],[54.5146711,24.446664],[54.5146309,24.4466688],[54.5144029,24.4467738],[54.5143922,24.4468007],[54.5145102,24.4470156],[54.5145397,24.4470375],[54.5145773,24.4470473],[54.5146178,24.447045],[54.5147437,24.4467047]]]}},{"type":"Feature","properties":{"layer":"land","subtype":"wetland","class":"wetland","name":""},"geometry":{"type":"Polygon","coordinates":[[[54.5504953,24.4468281],[54.5507486,24.4466196],[54.5509291,24.4465312],[54.5507313,24.4463764],[54.5504502,24.446329],[54.5501761,24.4463701],[54.5500235,24.4463069],[54.5497355,24.4452961],[54.5494648,24.4448097],[54.5490311,24.4448602],[54.5487292,24.4448602],[54.5485696,24.4448254],[54.5485245,24.4449234],[54.5483233,24.4450118],[54.5480735,24.4450939],[54.5476952,24.4449897],[54.5475079,24.4448886],[54.5473413,24.4449739],[54.5470395,24.4452614],[54.5470944,24.4455822],[54.5487569,24.4451627],[54.5502884,24.4471444],[54.5504953,24.4468281]]]}},{"type":"Feature","properties":{"layer":"land","subtype":"wetland","class":"wetland","name":""},"geometry":{"type":"Polygon","coordinates":[[[54.5583462,24.4445371],[54.5572798,24.4449519],[54.5570144,24.4450977],[54.5575651,24.4466383],[54.5580658,24.4477413],[54.5584113,24.4474313],[54.558957,24.4452482],[54.5583462,24.4445371]]]}},{"type":"Feature","properties":{"layer":"land","subtype":"wetland","class":"wetland","name":""},"geometry":{"type":"Polygon","coordinates":[[[54.5512147,24.4464971],[54.5511014,24.4465873],[54.5508925,24.4466486],[54.5506659,24.4468162],[54.5504818,24.447016],[54.5504464,24.4472061],[54.5506022,24.4472932],[54.5507544,24.4470385],[54.5509102,24.4469322],[54.5511084,24.4468355],[54.5513244,24.4468162],[54.5513209,24.4463972],[54.5512147,24.4464971]]]}},{"type":"Feature","properties":{"layer":"land","subtype":"wetland","class":"wetland","name":""},"geometry":{"type":"Polygon","coordinates":[[[54.5590438,24.4426935],[54.5587677,24.4422552],[54.5580597,24.4421262],[54.5576419,24.4424163],[54.556856,24.4422487],[54.5549726,24.4417008],[54.554923,24.441862],[54.5550575,24.4420295],[54.5547247,24.4422552],[54.5537972,24.4426032],[54.5535989,24.4429255],[54.5538963,24.4431576],[54.5540309,24.4434348],[54.5538822,24.4439633],[54.5534573,24.4445177],[54.5530679,24.4446724],[54.5529971,24.4448851],[54.5530113,24.4452267],[54.5529971,24.4454007],[54.552551,24.4455232],[54.5518005,24.4460131],[54.5514819,24.4464063],[54.5515952,24.4467672],[54.551319,24.447038],[54.5510146,24.447212],[54.5510712,24.4477083],[54.5508305,24.4480693],[54.5503986,24.4484882],[54.5503915,24.4489523],[54.5506181,24.4498611],[54.5506676,24.450828],[54.5507455,24.4514403],[54.5513686,24.4516852],[54.5516306,24.4517883],[54.5522253,24.4518141],[54.5525085,24.4523749],[54.552721,24.4526778],[54.5531104,24.4523813],[54.5535706,24.4518335],[54.5541745,24.4510229],[54.5544203,24.4503897],[54.554433,24.4503444],[54.5547106,24.4493584],[54.5550434,24.4487847],[54.5555532,24.4483593],[54.556075,24.4480017],[54.5564453,24.4475794],[54.5567922,24.4469864],[54.5568347,24.4468317],[54.5566648,24.4463805],[54.5567285,24.4461807],[54.5571179,24.4459095],[54.5567569,24.4449901],[54.5585502,24.444276],[54.5590438,24.4426935]]]}},{"type":"Feature","properties":{"layer":"land","subtype":"sand","class":"sand","name":""},"geometry":{"type":"Polygon","coordinates":[[[54.5137887,24.4490326],[54.5138287,24.4489466],[54.5138833,24.4488809],[54.5139528,24.4488433],[54.5144126,24.4475931],[54.51425,24.4472695],[54.5142152,24.4472426],[54.5141776,24.4472378],[54.5141308,24.4472577],[54.5133528,24.4493303],[54.5129907,24.449225],[54.5129636,24.4492333],[54.5129411,24.4492629],[54.5128311,24.4495791],[54.5128258,24.4496243],[54.5128553,24.4496499],[54.5129183,24.4496475],[54.5135285,24.4492763],[54.5136653,24.4491994],[54.5137757,24.4491007],[54.5137887,24.4490326]]]}},{"type":"Feature","properties":{"layer":"land","subtype":"wetland","class":"wetland","name":""},"geometry":{"type":"Polygon","coordinates":[[[54.5461604,24.4458376],[54.5457851,24.4465918],[54.546125,24.4471397],[54.5461179,24.4474168],[54.5450629,24.4487962],[54.5446502,24.4487998],[54.5441992,24.4488725],[54.5435123,24.4492474],[54.5432415,24.4493621],[54.5431413,24.4494893],[54.543229,24.4497308],[54.5432007,24.4500209],[54.5436255,24.4501176],[54.5438309,24.4502336],[54.5439512,24.4508781],[54.5440221,24.4514002],[54.5436609,24.4517483],[54.5434556,24.4519739],[54.5432194,24.4524996],[54.5450418,24.452053],[54.5458829,24.4515972],[54.5471046,24.4511323],[54.5475502,24.4506902],[54.5486066,24.4495235],[54.5490522,24.4488489],[54.5496379,24.4482245],[54.5500535,24.4477004],[54.5502237,24.4473722],[54.5498682,24.4468481],[54.5491273,24.4460185],[54.5487367,24.4455855],[54.5482911,24.4454853],[54.5476753,24.4456676],[54.5468192,24.4458955],[54.5464365,24.4461213],[54.5461604,24.4458376]]]}},{"type":"Feature","properties":{"layer":"land","subtype":"wetland","class":"wetland","name":""},"geometry":{"type":"Polygon","coordinates":[[[54.5571478,24.4459856],[54.5567795,24.4462662],[54.5567495,24.4463938],[54.5568496,24.4466536],[54.5569147,24.4469316],[54.5565242,24.4475651],[54.5562778,24.4478552],[54.5561026,24.4480296],[54.5558115,24.4482705],[54.5556664,24.4483833],[54.5557106,24.4485412],[54.5555814,24.4484139],[54.5550752,24.4488458],[54.5547424,24.4494001],[54.5544857,24.4503557],[54.5543702,24.4506648],[54.5542263,24.4510123],[54.5541537,24.4511707],[54.5539722,24.4514088],[54.5531912,24.4523602],[54.5530851,24.4525188],[54.5528372,24.4527102],[54.5527146,24.4527626],[54.5525569,24.4527011],[54.5524893,24.4525438],[54.5523441,24.4522453],[54.5521739,24.4519514],[54.5519335,24.4518579],[54.5515605,24.4518511],[54.5513528,24.4518078],[54.5510974,24.4516369],[54.5509572,24.4515776],[54.5507219,24.4518443],[54.550948,24.4521436],[54.5512908,24.4518869],[54.5516571,24.4525744],[54.5522679,24.4535885],[54.5529618,24.4547229],[54.5536132,24.4544393],[54.5548877,24.4526346],[54.5553266,24.4508685],[54.5579464,24.4480196],[54.5571478,24.4459856]]]}},{"type":"Feature","properties":{"layer":"land","subtype":"wetland","class":"wetland","name":""},"geometry":{"type":"Polygon","coordinates":[[[54.5486529,24.4531635],[54.5493488,24.452881],[54.5496542,24.4527055],[54.5503176,24.4520059],[54.5505529,24.4515729],[54.5505955,24.4513063],[54.5505053,24.4504586],[54.5504428,24.4500849],[54.5504277,24.4496109],[54.5502325,24.448672],[54.5503526,24.4482937],[54.5509184,24.4476191],[54.5508032,24.4474232],[54.5506931,24.4475508],[54.5503176,24.4480293],[54.5501974,24.4480185],[54.5495319,24.4485084],[54.549107,24.4492561],[54.549546,24.4498362],[54.54951,24.4507614],[54.549156,24.4516573],[54.547747,24.4527659],[54.5480278,24.453408],[54.5486529,24.4531635]]]}},{"type":"Feature","properties":{"layer":"land","subtype":"wetland","class":"wetland","name":""},"geometry":{"type":"Polygon","coordinates":[[[54.5261938,24.4527336],[54.5262904,24.4528947],[54.5263869,24.4530998],[54.5264889,24.4532366],[54.5265894,24.4533709],[54.5267504,24.453532],[54.5270991,24.4536639],[54.5284616,24.4534343],[54.5288908,24.4532683],[54.5294809,24.4532],[54.5325654,24.4524235],[54.5327317,24.452238],[54.5325064,24.4519547],[54.5321738,24.4517496],[54.531868,24.451481],[54.5315086,24.4511636],[54.5312686,24.450751],[54.5316856,24.4508609],[54.531868,24.4510708],[54.5326258,24.4515128],[54.5329047,24.4516397],[54.5331555,24.4515689],[54.5331662,24.451188],[54.5326298,24.451022],[54.5323146,24.4506289],[54.5325976,24.4508071],[54.5328444,24.4509585],[54.533354,24.4509829],[54.5334559,24.4510513],[54.53359,24.4512515],[54.5339119,24.451691],[54.5342713,24.4520036],[54.5346414,24.4519157],[54.5349164,24.4516544],[54.5348185,24.4514762],[54.5347112,24.4513541],[54.5348627,24.4512344],[54.5347809,24.4510074],[54.5346267,24.4507119],[54.5344228,24.4503115],[54.5342673,24.4501406],[54.5341264,24.4499086],[54.5339172,24.4496596],[54.5339065,24.4493959],[54.5338099,24.4491615],[54.5335525,24.4487513],[54.5332574,24.4482141],[54.5329423,24.4477672],[54.5326405,24.4473058],[54.5323186,24.4467637],[54.5320611,24.4465244],[54.5320987,24.4466904],[54.5321684,24.4469541],[54.5322865,24.4471837],[54.5324595,24.4473668],[54.5325761,24.4475353],[54.5328564,24.4479284],[54.5329798,24.4481677],[54.5331568,24.4485437],[54.5334197,24.4489686],[54.5336933,24.4494227],[54.5337469,24.4497987],[54.5337831,24.4500893],[54.5336396,24.4500869],[54.5334827,24.4498891],[54.5333003,24.4495765],[54.533075,24.4493128],[54.5329999,24.449098],[54.5328135,24.4488416],[54.53232,24.4483386],[54.5318144,24.4479601],[54.5316977,24.4477331],[54.531408,24.4475817],[54.5309614,24.4474718],[54.530307,24.4474425],[54.530602,24.4475548],[54.5308609,24.4477233],[54.531113,24.4478454],[54.531396,24.4479846],[54.5311935,24.4479723],[54.5307147,24.4479211],[54.5308448,24.4480212],[54.5309467,24.4482263],[54.5311237,24.4483777],[54.5313061,24.4484949],[54.5314174,24.4485852],[54.5311546,24.4486536],[54.531396,24.4487366],[54.5312739,24.4488904],[54.5309883,24.4490491],[54.5311814,24.4492054],[54.5313101,24.449347],[54.5310862,24.4494032],[54.5309775,24.4495326],[54.5307683,24.4495424],[54.5307898,24.4497133],[54.5305497,24.4497304],[54.5305377,24.4498305],[54.5303137,24.4498476],[54.530425,24.4499916],[54.5301621,24.45006],[54.5298939,24.4502456],[54.5298403,24.4504995],[54.5295291,24.4504995],[54.5295291,24.4506558],[54.5292824,24.4506313],[54.5292234,24.4508755],[54.528821,24.450895],[54.5290463,24.4511783],[54.5284415,24.4511026],[54.5282631,24.4510757],[54.5279198,24.4510513],[54.5278554,24.4512076],[54.5276409,24.4511294],[54.5275068,24.451315],[54.5273458,24.4513101],[54.5271581,24.4514224],[54.5267182,24.4515494],[54.5265733,24.4516813],[54.5264231,24.4516861],[54.5263266,24.4517252],[54.5262032,24.451735],[54.5262354,24.4519205],[54.5259994,24.4519694],[54.5259566,24.4521676],[54.5261049,24.4523197],[54.5261552,24.4523816],[54.5261634,24.4524336],[54.5260731,24.4525162],[54.5261938,24.4527336]]]}},{"type":"Feature","properties":{"layer":"land","subtype":"wetland","class":"wetland","name":""},"geometry":{"type":"Polygon","coordinates":[[[54.5072242,24.4590597],[54.5072349,24.4589278],[54.5072789,24.4587594],[54.5074291,24.4586764],[54.5075243,24.4584933],[54.5075203,24.4581344],[54.5076544,24.4580953],[54.5077657,24.4578145],[54.5079427,24.4577071],[54.5078837,24.4574825],[54.5081372,24.4572701],[54.5082592,24.4570576],[54.5082485,24.4569209],[54.5083182,24.4567842],[54.5084202,24.4569258],[54.5085382,24.4569063],[54.5085489,24.4566084],[54.5086508,24.4566084],[54.5087688,24.4563398],[54.5090693,24.4559345],[54.5096969,24.4558173],[54.5099115,24.4557246],[54.5100134,24.4557783],[54.5102226,24.4556513],[54.5103782,24.4555829],[54.5105927,24.4555536],[54.5107215,24.4556367],[54.5109897,24.4557246],[54.5112204,24.4555292],[54.5114135,24.4554755],[54.511667,24.455561],[54.5118373,24.4555097],[54.5122343,24.4556269],[54.5124971,24.4555292],[54.5126849,24.4555878],[54.5129799,24.455705],[54.5133232,24.4559052],[54.5140903,24.4557685],[54.5144892,24.4565942],[54.5153885,24.4567451],[54.515819,24.456689],[54.5168316,24.4562031],[54.5181405,24.4558466],[54.5183403,24.4556928],[54.5183336,24.4553193],[54.5184463,24.4550897],[54.5186555,24.4547089],[54.5185428,24.4544549],[54.5185643,24.454284],[54.5186837,24.45421],[54.5184531,24.4539814],[54.5185611,24.453972],[54.5185928,24.4539605],[54.5186065,24.4538961],[54.5185479,24.4538149],[54.5184458,24.4536829],[54.5183245,24.4534988],[54.5182357,24.453325],[54.5181465,24.4531552],[54.5181089,24.4529889],[54.5180424,24.452841],[54.5179755,24.4526998],[54.5179167,24.4525927],[54.5178025,24.4526309],[54.5177463,24.4527914],[54.5177855,24.4532441],[54.5176913,24.4532056],[54.517605,24.4532241],[54.5174949,24.4532567],[54.5174527,24.4533198],[54.5173611,24.4532651],[54.5173221,24.4532119],[54.5172492,24.4532315],[54.5172135,24.4531765],[54.5171173,24.4531872],[54.5170478,24.4532617],[54.5170074,24.453208],[54.5169267,24.4532145],[54.5168573,24.4532487],[54.516814,24.4532196],[54.5167777,24.4533116],[54.5166929,24.4533728],[54.5166438,24.4532835],[54.516601,24.4532853],[54.5165441,24.4533316],[54.5164786,24.4532721],[54.5163856,24.4532486],[54.5162869,24.4532266],[54.5162667,24.4532695],[54.5162042,24.4533535],[54.5161362,24.4533352],[54.5161205,24.453402],[54.5160275,24.4533887],[54.5159679,24.4534267],[54.5158738,24.4533169],[54.5158304,24.453252],[54.515729,24.4532236],[54.5156355,24.4531709],[54.515563,24.4531143],[54.5154987,24.4531101],[54.515437,24.4531709],[54.5153694,24.4532027],[54.5154099,24.4532689],[54.5152633,24.4532759],[54.5151426,24.4532384],[54.5149619,24.453175],[54.5148993,24.453222],[54.5147933,24.4531711],[54.514727,24.4531788],[54.5146442,24.4531108],[54.5145588,24.4530864],[54.5144772,24.453131],[54.5143497,24.453073],[54.5142104,24.4530657],[54.5141504,24.4530395],[54.5141127,24.4530811],[54.5140614,24.4530577],[54.5139995,24.4530906],[54.513902,24.4530824],[54.5138679,24.4530515],[54.5138255,24.4530719],[54.5137545,24.4530457],[54.5137644,24.4531333],[54.5136657,24.4531391],[54.5136285,24.4531323],[54.5136375,24.4531977],[54.5135732,24.4532177],[54.5134984,24.4531994],[54.51345,24.4531784],[54.5133586,24.4532714],[54.5132563,24.4532236],[54.5131955,24.4532035],[54.5133243,24.4533089],[54.5132321,24.4533199],[54.5131035,24.4533049],[54.513003,24.453282],[54.5130391,24.4533444],[54.5130154,24.4534166],[54.5129385,24.453389],[54.5129221,24.453421],[54.5128611,24.4534307],[54.5128389,24.453486],[54.5127398,24.4534833],[54.5126437,24.453468],[54.512628,24.4535227],[54.5124839,24.4535174],[54.5124142,24.4534955],[54.5123608,24.4535708],[54.5122548,24.4535429],[54.512187,24.4535785],[54.5120852,24.4535809],[54.5120009,24.4536255],[54.5119012,24.4536103],[54.5117807,24.4536201],[54.5116492,24.4536037],[54.5116071,24.4536445],[54.5115364,24.4536445],[54.5113918,24.4536349],[54.5113307,24.4536602],[54.5112203,24.45362],[54.5111462,24.4536176],[54.510999,24.4535853],[54.5109105,24.4535511],[54.5108303,24.4535346],[54.5107546,24.4535372],[54.5107281,24.4535175],[54.5106482,24.4535572],[54.5105837,24.4535991],[54.5105436,24.453566],[54.5105496,24.4536643],[54.5104877,24.4536836],[54.5104135,24.4536836],[54.510328,24.4536884],[54.5101943,24.4536959],[54.510107,24.4536727],[54.5100988,24.4536678],[54.5100491,24.4537181],[54.510006,24.4536813],[54.509968,24.453718],[54.5098953,24.453685],[54.5097867,24.4537332],[54.5097274,24.4537178],[54.5096308,24.4537202],[54.5095692,24.4537031],[54.509512,24.4537055],[54.5093367,24.4537668],[54.5092781,24.4537621],[54.5092296,24.4538064],[54.5091632,24.4537376],[54.5091126,24.4537179],[54.5090519,24.453722],[54.5090253,24.4537848],[54.5088735,24.4538067],[54.5088531,24.4538759],[54.5087758,24.4539359],[54.5085948,24.4539989],[54.5085367,24.4540669],[54.5084399,24.4540669],[54.5083591,24.4540767],[54.5081445,24.4540676],[54.5081558,24.4541147],[54.5080747,24.4541911],[54.5080226,24.4542228],[54.5080197,24.454254],[54.5079427,24.454279],[54.5079238,24.4543333],[54.5077879,24.4543661],[54.5077073,24.4544243],[54.5076483,24.4544126],[54.5075842,24.4544977],[54.5075359,24.4544904],[54.5074917,24.4545495],[54.5074226,24.4545571],[54.5073672,24.4546004],[54.5073112,24.454615],[54.5072596,24.4546594],[54.5071981,24.4546416],[54.5071756,24.4546212],[54.5071664,24.4546616],[54.5071229,24.4546983],[54.5070432,24.4547128],[54.5069767,24.4547806],[54.5069304,24.4547946],[54.5068974,24.4548575],[54.5068524,24.4548601],[54.5067706,24.4549034],[54.5066072,24.4549473],[54.5065294,24.4549916],[54.5065311,24.4550499],[54.5065047,24.4551041],[54.5064359,24.4550891],[54.5063908,24.4551508],[54.506332,24.455115],[54.5062625,24.4551711],[54.5062084,24.4551641],[54.5061668,24.4552196],[54.5061223,24.4552034],[54.5061172,24.4551478],[54.5060836,24.4551459],[54.5060389,24.4551287],[54.5060611,24.4551892],[54.5060256,24.4552408],[54.5059727,24.4552275],[54.5059048,24.4552584],[54.5058709,24.4552584],[54.5058797,24.4553341],[54.5057932,24.4552998],[54.505769,24.4552637],[54.5057183,24.455297],[54.5056968,24.4554515],[54.5056005,24.4566502],[54.5056457,24.4567843],[54.5057115,24.4568826],[54.5058093,24.457002],[54.5058858,24.4570044],[54.505993,24.457192],[54.5060987,24.4572856],[54.5061132,24.4574236],[54.5061758,24.457572],[54.506374,24.4579304],[54.5067033,24.4585354],[54.5067908,24.4587445],[54.5068489,24.4588359],[54.5069057,24.4589073],[54.5069547,24.4590138],[54.5069755,24.4590634],[54.5070249,24.4591197],[54.5070515,24.4591253],[54.5071075,24.4591074],[54.5071478,24.4591299],[54.5072242,24.4590597]]]}},{"type":"Feature","properties":{"layer":"land","subtype":"shrub","class":"scrub","name":""},"geometry":{"type":"Polygon","coordinates":[[[54.5065051,24.4579183],[54.5064715,24.4579073],[54.5064461,24.457928],[54.5063711,24.4579317],[54.5067002,24.4585366],[54.5067878,24.4587458],[54.5068461,24.4588375],[54.5069028,24.4589088],[54.5069516,24.4590149],[54.5069726,24.4590649],[54.5070231,24.4591224],[54.5070517,24.4591284],[54.5071071,24.4591107],[54.5071483,24.4591337],[54.5072274,24.459061],[54.5072382,24.4589283],[54.5072818,24.4587613],[54.5074316,24.4586785],[54.5075276,24.4584939],[54.5075236,24.4581365],[54.5076569,24.4580977],[54.5077684,24.4578165],[54.5079465,24.4577084],[54.5078874,24.4574835],[54.5081398,24.4572719],[54.5082626,24.4570583],[54.5082519,24.4569215],[54.5083187,24.4567904],[54.5084186,24.4569291],[54.5085414,24.4569088],[54.5085521,24.4566114],[54.5086531,24.4566114],[54.5087718,24.4563412],[54.5090712,24.4559372],[54.5096979,24.4558202],[54.5099113,24.4557279],[54.5100135,24.4557818],[54.5102242,24.4556539],[54.5103792,24.4555858],[54.5105919,24.4555568],[54.51072,24.4556393],[54.5109905,24.455728],[54.5112221,24.4555319],[54.5114134,24.4554787],[54.5116669,24.4555642],[54.5118373,24.4555129],[54.5122344,24.4556301],[54.5124972,24.4555324],[54.5126837,24.4555906],[54.5129784,24.4557077],[54.5133226,24.4559084],[54.5140852,24.4557725],[54.5144903,24.4565786],[54.5153895,24.456748],[54.5158201,24.4566919],[54.5168328,24.4562059],[54.5181421,24.4558493],[54.5183436,24.4556942],[54.5183369,24.4553199],[54.5180775,24.4551996],[54.5179058,24.4548334],[54.5178629,24.454389],[54.5178307,24.4541546],[54.5176805,24.4547211],[54.5176268,24.4548578],[54.5174444,24.4548041],[54.5174284,24.454555],[54.5172299,24.4546429],[54.5169938,24.4547504],[54.5170314,24.4545502],[54.5168222,24.4546625],[54.5165325,24.4547699],[54.5164467,24.4545843],[54.5163608,24.4547406],[54.5162857,24.454555],[54.5163394,24.4543499],[54.5163769,24.454179],[54.5162643,24.4542181],[54.5161141,24.4544378],[54.5159961,24.4545746],[54.5157922,24.4546625],[54.5156366,24.4543988],[54.5155669,24.454223],[54.5154113,24.454096],[54.5151217,24.4541253],[54.5148803,24.4539153],[54.5147193,24.4538323],[54.5146174,24.4537688],[54.5145584,24.4540228],[54.5146603,24.4542913],[54.5146174,24.4546478],[54.5143653,24.4542034],[54.5142151,24.4538958],[54.5141239,24.4538421],[54.5141239,24.4541107],[54.514022,24.4542376],[54.5139147,24.4543353],[54.5135338,24.4543206],[54.5133246,24.4541839],[54.512992,24.4541302],[54.5129544,24.4542718],[54.5129115,24.4544867],[54.5127077,24.4544525],[54.5126594,24.4547211],[54.5125092,24.4547943],[54.5123429,24.4546429],[54.5122892,24.4549066],[54.5119781,24.4547943],[54.5118762,24.4545697],[54.511785,24.4543744],[54.5116992,24.4547308],[54.5115382,24.4548676],[54.5114309,24.4546283],[54.5112325,24.4545111],[54.5111198,24.4546625],[54.5110232,24.4544525],[54.5109267,24.4543255],[54.5104761,24.454262],[54.5103151,24.4544183],[54.510696,24.4546576],[54.5108891,24.4549359],[54.5108569,24.4551166],[54.5104224,24.4547845],[54.5102669,24.4546283],[54.5100416,24.4546039],[54.5099986,24.4542962],[54.5098055,24.4545306],[54.5100147,24.4549945],[54.5097948,24.4549457],[54.5095963,24.4545892],[54.5096178,24.4543353],[54.509371,24.4541742],[54.5094515,24.4547357],[54.5093174,24.4547797],[54.5090491,24.454516],[54.5088024,24.4544134],[54.5085556,24.4545257],[54.5083035,24.4546283],[54.5080138,24.4547552],[54.5080728,24.4549457],[54.5079763,24.4550873],[54.5076383,24.4551313],[54.5074666,24.4550678],[54.5074559,24.4552729],[54.5075203,24.4555317],[54.5072091,24.4557026],[54.5071501,24.4557563],[54.5069677,24.4555805],[54.5067478,24.4555854],[54.5065493,24.4556879],[54.5064098,24.4559126],[54.5064367,24.4561128],[54.5066244,24.4566353],[54.5068712,24.4568648],[54.507075,24.4570991],[54.5070267,24.4572554],[54.5070107,24.4574556],[54.5069087,24.4575923],[54.5068712,24.4578414],[54.5070643,24.4580172],[54.5071662,24.4582857],[54.5072145,24.4584811],[54.5070053,24.4582076],[54.5069087,24.4580611],[54.5067263,24.4579342],[54.5065493,24.4579097],[54.5065051,24.4579183]]]}},{"type":"Feature","properties":{"layer":"land","subtype":"physical","class":"cliff","name":""},"geometry":{"type":"LineString","coordinates":[[54.5007893,24.4585446],[54.5006767,24.4585666],[54.5006016,24.4586594],[54.5005157,24.4586618],[54.5004433,24.4587472],[54.5002851,24.4587717],[54.5001214,24.4587888],[54.5000034,24.4587765],[54.499813,24.458757],[54.4996628,24.458779],[54.4994187,24.4587326],[54.4993946,24.4587082],[54.4993168,24.4587131],[54.4992792,24.4586813],[54.4992014,24.4586496],[54.4990727,24.4586471],[54.4989869,24.4585983],[54.4989466,24.4585593],[54.4988769,24.4585446],[54.4988125,24.4585007],[54.4987186,24.4584689],[54.4986516,24.4584469],[54.4986006,24.458425],[54.4985443,24.4584103],[54.4984719,24.4583883],[54.4984156,24.4583444],[54.4984021,24.4582272],[54.4983834,24.4580612]]}},{"type":"Feature","properties":{"layer":"land","subtype":"land","class":"island","name":"جزيرة السمالية"},"geometry":{"type":"Polygon","coordinates":[[[54.556825,24.4616555],[54.5572995,24.4615544],[54.5574697,24.4615667],[54.5576193,24.4616059],[54.5576913,24.4617183],[54.5578127,24.4616577],[54.5578899,24.4616192],[54.5577066,24.4612437],[54.5578915,24.4610219],[54.5581108,24.460919],[54.5585579,24.4604541],[54.5592016,24.4599176],[54.5602388,24.4594169],[54.5624383,24.4581115],[54.5640476,24.4565737],[54.5657285,24.4541775],[54.5666226,24.4526575],[54.5674631,24.4504223],[54.5679471,24.449549],[54.5678879,24.4486556],[54.5678812,24.4474399],[54.5673992,24.4462229],[54.5672867,24.4461277],[54.5666717,24.4451904],[54.5662406,24.444865],[54.5653272,24.4445236],[54.5651784,24.444605],[54.5650616,24.4445374],[54.5650191,24.4444536],[54.564809,24.4443994],[54.5646191,24.4443504],[54.5644916,24.4444439],[54.5643677,24.4444246],[54.5643819,24.4442924],[54.5642108,24.4442548],[54.5640155,24.4440496],[54.5638153,24.4438263],[54.5636851,24.4436622],[54.563585,24.4436941],[54.5636951,24.443881],[54.56359,24.4441864],[54.5632445,24.4442228],[54.5630543,24.4441955],[54.5627038,24.4440132],[54.562607,24.4440884],[54.5621614,24.4439767],[54.5620338,24.4437146],[54.5621264,24.4436144],[54.5621014,24.4435483],[54.5619639,24.4436639],[54.5617509,24.4436481],[54.5616658,24.4437028],[54.5615456,24.4441997],[54.5609433,24.4443826],[54.5600431,24.4446786],[54.5596525,24.4450204],[54.5594434,24.4450561],[54.5587494,24.4446993],[54.558559,24.4444608],[54.5585502,24.444276],[54.5567569,24.4449901],[54.5571179,24.4459095],[54.5571478,24.4459856],[54.5579464,24.4480196],[54.5553266,24.4508685],[54.5548877,24.4526346],[54.5536132,24.4544393],[54.5529618,24.4547229],[54.5522679,24.4535885],[54.5516571,24.4525744],[54.5512908,24.4518869],[54.550948,24.4521436],[54.551302,24.4523886],[54.5528049,24.4547761],[54.5528349,24.455115],[54.5521338,24.456282],[54.551563,24.4567924],[54.5502981,24.4563508],[54.5502198,24.4563235],[54.5496381,24.4561204],[54.5478576,24.4555738],[54.5476381,24.4553611],[54.5476381,24.4549937],[54.5480275,24.4546005],[54.548247,24.4541558],[54.5482187,24.4538207],[54.5480619,24.4534817],[54.5480278,24.453408],[54.5479921,24.4533308],[54.547747,24.4527659],[54.549156,24.4516573],[54.54951,24.4507614],[54.549546,24.4498362],[54.549107,24.4492561],[54.5495319,24.4485084],[54.5501974,24.4480185],[54.5504098,24.4474642],[54.5505793,24.4473687],[54.550349,24.4472228],[54.5502884,24.4471444],[54.5487569,24.4451627],[54.5470944,24.4455822],[54.5469145,24.4456276],[54.5463737,24.4458281],[54.5462736,24.4456276],[54.5467643,24.4443514],[54.5472349,24.444005],[54.5471247,24.4439047],[54.5468043,24.4440232],[54.5467142,24.4431846],[54.5469393,24.4419891],[54.5469545,24.4419083],[54.5469946,24.4411882],[54.5476755,24.4404589],[54.5491975,24.4417807],[54.5495737,24.4421129],[54.5500643,24.442865],[54.5502428,24.442863],[54.5506178,24.4428835],[54.5509509,24.4429017],[54.5518714,24.443456],[54.5522254,24.4441135],[54.552619,24.4443869],[54.5521687,24.444642],[54.5523528,24.4450546],[54.5529051,24.4444487],[54.5530609,24.4442811],[54.5526219,24.4441264],[54.5523245,24.4436236],[54.5523953,24.4431853],[54.5535424,24.4425407],[54.5533092,24.4420857],[54.5533666,24.441165],[54.5535768,24.440928],[54.5539674,24.4412288],[54.5547012,24.4414785],[54.554979,24.4410741],[54.5534625,24.4406756],[54.5531342,24.4410262],[54.5531685,24.4412332],[54.5529482,24.4414155],[54.5530333,24.4416389],[54.5532285,24.4413016],[54.5532536,24.4418987],[54.5531484,24.4419762],[54.5531234,24.4421129],[54.5532486,24.4423681],[54.5531284,24.4425049],[54.5527579,24.4428011],[54.5526754,24.4428478],[54.5525977,24.4428604],[54.5523323,24.4429926],[54.5519919,24.4432888],[54.5515506,24.443093],[54.5513861,24.4430199],[54.5512859,24.4428148],[54.5507753,24.4427419],[54.550744,24.4425656],[54.5507252,24.4424593],[54.5506383,24.4424954],[54.5506223,24.4425859],[54.55059,24.4427692],[54.5502045,24.4427328],[54.5497637,24.4421199],[54.5497088,24.4418987],[54.5489328,24.4413107],[54.5483414,24.4408709],[54.5481408,24.4406897],[54.5479257,24.4404954],[54.5478443,24.4404219],[54.5477148,24.4403067],[54.5467315,24.4411123],[54.5466035,24.4423406],[54.5465345,24.443214],[54.5466548,24.4438908],[54.5465983,24.4440479],[54.5459821,24.4457603],[54.5451679,24.4472357],[54.5442061,24.4483703],[54.5430225,24.449337],[54.5427747,24.4492983],[54.5421162,24.4475838],[54.5419534,24.4473518],[54.5420943,24.4472797],[54.5423474,24.4439652],[54.5425826,24.4416667],[54.544027,24.4402228],[54.543997,24.4399612],[54.5437055,24.4399725],[54.5422299,24.4418833],[54.542139,24.4437339],[54.5420049,24.4457296],[54.5419156,24.4459277],[54.5419892,24.4462404],[54.5419696,24.4472232],[54.5418714,24.4473349],[54.5417439,24.4472679],[54.5417046,24.4474197],[54.5419593,24.447661],[54.5422885,24.4483444],[54.5425762,24.4493907],[54.541041,24.4510859],[54.5384498,24.452598],[54.5369495,24.4525321],[54.5376774,24.4519374],[54.5374491,24.4519825],[54.5360943,24.4529619],[54.5363408,24.4534932],[54.5342841,24.4545318],[54.5340792,24.4544235],[54.5338882,24.4541724],[54.533716,24.4539557],[54.5334666,24.4536421],[54.5300195,24.4544196],[54.5255527,24.4553089],[54.5251687,24.4554504],[54.5252602,24.456359],[54.5249773,24.4565794],[54.5242581,24.4567205],[54.5221834,24.4571059],[54.5219841,24.4565449],[54.5217712,24.4563302],[54.5215699,24.4563041],[54.5208378,24.4565927],[54.5199902,24.4569846],[54.5200745,24.4574756],[54.5199471,24.4576901],[54.5197733,24.4578201],[54.5193055,24.457664],[54.5190757,24.457146],[54.5184556,24.4573707],[54.5173904,24.4578138],[54.5175891,24.4580708],[54.5179887,24.45871],[54.5185202,24.4597009],[54.5183004,24.4594233],[54.516149,24.4603692],[54.5182493,24.4593411],[54.517786,24.4584837],[54.5174405,24.4580357],[54.5171882,24.4578979],[54.5154177,24.4586343],[54.5149486,24.4588871],[54.514601,24.4590639],[54.5139541,24.4594418],[54.5133586,24.4597631],[54.5124241,24.4602211],[54.5112729,24.4608168],[54.510126,24.4613881],[54.508851770632624,24.462],[54.55600619263336,24.462],[54.556825,24.4616555]]]}},{"type":"Feature","properties":{"layer":"land","subtype":"land","class":"land","name":""},"geometry":{"type":"Polygon","coordinates":[[[54.556825,24.4616555],[54.5572995,24.4615544],[54.5574697,24.4615667],[54.5576193,24.4616059],[54.5576913,24.4617183],[54.5578127,24.4616577],[54.5578899,24.4616192],[54.5577066,24.4612437],[54.5578915,24.4610219],[54.5581108,24.460919],[54.5585579,24.4604541],[54.5592016,24.4599176],[54.5602388,24.4594169],[54.5624383,24.4581115],[54.5640476,24.4565737],[54.5657285,24.4541775],[54.5666226,24.4526575],[54.5674631,24.4504223],[54.5679471,24.449549],[54.5678879,24.4486556],[54.5678812,24.4474399],[54.5673992,24.4462229],[54.5672867,24.4461277],[54.5666717,24.4451904],[54.5662406,24.444865],[54.5653272,24.4445236],[54.5651784,24.444605],[54.5650616,24.4445374],[54.5650191,24.4444536],[54.564809,24.4443994],[54.5646191,24.4443504],[54.5644916,24.4444439],[54.5643677,24.4444246],[54.5643819,24.4442924],[54.5642108,24.4442548],[54.5640155,24.4440496],[54.5638153,24.4438263],[54.5636851,24.4436622],[54.563585,24.4436941],[54.5636951,24.443881],[54.56359,24.4441864],[54.5632445,24.4442228],[54.5630543,24.4441955],[54.5627038,24.4440132],[54.562607,24.4440884],[54.5621614,24.4439767],[54.5620338,24.4437146],[54.5621264,24.4436144],[54.5621014,24.4435483],[54.5619639,24.4436639],[54.5617509,24.4436481],[54.5616658,24.4437028],[54.5615456,24.4441997],[54.5609433,24.4443826],[54.5600431,24.4446786],[54.5596525,24.4450204],[54.5594434,24.4450561],[54.5587494,24.4446993],[54.558559,24.4444608],[54.5585502,24.444276],[54.5567569,24.4449901],[54.5571179,24.4459095],[54.5571478,24.4459856],[54.5579464,24.4480196],[54.5553266,24.4508685],[54.5548877,24.4526346],[54.5536132,24.4544393],[54.5529618,24.4547229],[54.5522679,24.4535885],[54.5516571,24.4525744],[54.5512908,24.4518869],[54.550948,24.4521436],[54.551302,24.4523886],[54.5528049,24.4547761],[54.5528349,24.455115],[54.5521338,24.456282],[54.551563,24.4567924],[54.5502981,24.4563508],[54.5502198,24.4563235],[54.5496381,24.4561204],[54.5478576,24.4555738],[54.5476381,24.4553611],[54.5476381,24.4549937],[54.5480275,24.4546005],[54.548247,24.4541558],[54.5482187,24.4538207],[54.5480619,24.4534817],[54.5480278,24.453408],[54.5479921,24.4533308],[54.547747,24.4527659],[54.549156,24.4516573],[54.54951,24.4507614],[54.549546,24.4498362],[54.549107,24.4492561],[54.5495319,24.4485084],[54.5501974,24.4480185],[54.5504098,24.4474642],[54.5505793,24.4473687],[54.550349,24.4472228],[54.5502884,24.4471444],[54.5487569,24.4451627],[54.5470944,24.4455822],[54.5469145,24.4456276],[54.5463737,24.4458281],[54.5462736,24.4456276],[54.5467643,24.4443514],[54.5472349,24.444005],[54.5471247,24.4439047],[54.5468043,24.4440232],[54.5467142,24.4431846],[54.5469393,24.4419891],[54.5469545,24.4419083],[54.5469946,24.4411882],[54.5476755,24.4404589],[54.5491975,24.4417807],[54.5495737,24.4421129],[54.5500643,24.442865],[54.5502428,24.442863],[54.5506178,24.4428835],[54.5509509,24.4429017],[54.5518714,24.443456],[54.5522254,24.4441135],[54.552619,24.4443869],[54.5521687,24.444642],[54.5523528,24.4450546],[54.5529051,24.4444487],[54.5530609,24.4442811],[54.5526219,24.4441264],[54.5523245,24.4436236],[54.5523953,24.4431853],[54.5535424,24.4425407],[54.5533092,24.4420857],[54.5533666,24.441165],[54.5535768,24.440928],[54.5539674,24.4412288],[54.5547012,24.4414785],[54.554979,24.4410741],[54.5534625,24.4406756],[54.5531342,24.4410262],[54.5531685,24.4412332],[54.5529482,24.4414155],[54.5530333,24.4416389],[54.5532285,24.4413016],[54.5532536,24.4418987],[54.5531484,24.4419762],[54.5531234,24.4421129],[54.5532486,24.4423681],[54.5531284,24.4425049],[54.5527579,24.4428011],[54.5526754,24.4428478],[54.5525977,24.4428604],[54.5523323,24.4429926],[54.5519919,24.4432888],[54.5515506,24.443093],[54.5513861,24.4430199],[54.5512859,24.4428148],[54.5507753,24.4427419],[54.550744,24.4425656],[54.5507252,24.4424593],[54.5506383,24.4424954],[54.5506223,24.4425859],[54.55059,24.4427692],[54.5502045,24.4427328],[54.5497637,24.4421199],[54.5497088,24.4418987],[54.5489328,24.4413107],[54.5483414,24.4408709],[54.5481408,24.4406897],[54.5479257,24.4404954],[54.5478443,24.4404219],[54.5477148,24.4403067],[54.5467315,24.4411123],[54.5466035,24.4423406],[54.5465345,24.443214],[54.5466548,24.4438908],[54.5465983,24.4440479],[54.5459821,24.4457603],[54.5451679,24.4472357],[54.5442061,24.4483703],[54.5430225,24.449337],[54.5427747,24.4492983],[54.5421162,24.4475838],[54.5419534,24.4473518],[54.5420943,24.4472797],[54.5423474,24.4439652],[54.5425826,24.4416667],[54.544027,24.4402228],[54.543997,24.4399612],[54.5437055,24.4399725],[54.5422299,24.4418833],[54.542139,24.4437339],[54.5420049,24.4457296],[54.5419156,24.4459277],[54.5419892,24.4462404],[54.5419696,24.4472232],[54.5418714,24.4473349],[54.5417439,24.4472679],[54.5417046,24.4474197],[54.5419593,24.447661],[54.5422885,24.4483444],[54.5425762,24.4493907],[54.541041,24.4510859],[54.5384498,24.452598],[54.5369495,24.4525321],[54.5376774,24.4519374],[54.5374491,24.4519825],[54.5360943,24.4529619],[54.5363408,24.4534932],[54.5342841,24.4545318],[54.5340792,24.4544235],[54.5338882,24.4541724],[54.533716,24.4539557],[54.5334666,24.4536421],[54.5300195,24.4544196],[54.5255527,24.4553089],[54.5251687,24.4554504],[54.5252602,24.456359],[54.5249773,24.4565794],[54.5242581,24.4567205],[54.5221834,24.4571059],[54.5219841,24.4565449],[54.5217712,24.4563302],[54.5215699,24.4563041],[54.5208378,24.4565927],[54.5199902,24.4569846],[54.5200745,24.4574756],[54.5199471,24.4576901],[54.5197733,24.4578201],[54.5193055,24.457664],[54.5190757,24.457146],[54.5184556,24.4573707],[54.5173904,24.4578138],[54.5175891,24.4580708],[54.5179887,24.45871],[54.5185202,24.4597009],[54.5183004,24.4594233],[54.516149,24.4603692],[54.5182493,24.4593411],[54.517786,24.4584837],[54.5174405,24.4580357],[54.5171882,24.4578979],[54.5154177,24.4586343],[54.5149486,24.4588871],[54.514601,24.4590639],[54.5139541,24.4594418],[54.5133586,24.4597631],[54.5124241,24.4602211],[54.5112729,24.4608168],[54.510126,24.4613881],[54.508851770632624,24.462],[54.55600619263336,24.462],[54.556825,24.4616555]]]}},{"type":"Feature","properties":{"layer":"land","subtype":"forest","class":"forest","name":""},"geometry":{"type":"Polygon","coordinates":[[[54.5221834,24.4571059],[54.521962,24.4565232],[54.5217712,24.4563302],[54.5215699,24.4563041],[54.5208378,24.4565927],[54.5199902,24.4569846],[54.5200745,24.4574756],[54.5198267,24.4578541],[54.5197416,24.4584496],[54.5193804,24.4596931],[54.521227,24.4593334],[54.5213564,24.4594761],[54.5222695,24.4596342],[54.5251517,24.4585829],[54.5242581,24.4567205],[54.5221834,24.4571059]]]}},{"type":"Feature","properties":{"layer":"land","subtype":"wetland","class":"wetland","name":""},"geometry":{"type":"Polygon","coordinates":[[[54.5500078,24.4549116],[54.5500362,24.4545636],[54.5501353,24.4541543],[54.5501034,24.4539255],[54.5499583,24.4537644],[54.5495476,24.4534679],[54.5491971,24.4532552],[54.5490449,24.4530908],[54.5480619,24.4534817],[54.5482187,24.4538207],[54.548247,24.4541558],[54.5480275,24.4546005],[54.5476381,24.4549937],[54.5476381,24.4553611],[54.5478576,24.4555738],[54.5496381,24.4561204],[54.5502198,24.4563235],[54.5508362,24.4556303],[54.5500078,24.4549116]]]}},{"type":"Feature","properties":{"layer":"land","subtype":"wetland","class":"wetland","name":""},"geometry":{"type":"Polygon","coordinates":[[[54.5512931,24.4523874],[54.5510807,24.452265],[54.5512081,24.4526066],[54.5517498,24.4535637],[54.5522171,24.4541986],[54.5525605,24.45474],[54.5525145,24.4548141],[54.5509283,24.4556367],[54.5502981,24.4563508],[54.551563,24.4567924],[54.5521338,24.456282],[54.5528349,24.455115],[54.5528049,24.4547761],[54.5512931,24.4523874]]]}},{"type":"Feature","properties":{"layer":"land","subtype":"forest","class":"forest","name":""},"geometry":{"type":"Polygon","coordinates":[[[54.5555913,24.4608203],[54.5601073,24.4583639],[54.5601073,24.4579036],[54.558365,24.4590156],[54.5578243,24.4585963],[54.55832,24.4580814],[54.5577542,24.4573431],[54.5591761,24.455552],[54.5604127,24.4563723],[54.5604077,24.4570286],[54.5617145,24.4566458],[54.5603727,24.457776],[54.5602676,24.4582272],[54.5612138,24.4575664],[54.5631755,24.4556452],[54.56424,24.4539488],[54.5644836,24.453499],[54.5647173,24.4528255],[54.5641969,24.4526514],[54.5642394,24.4524774],[54.5647987,24.4527062],[54.5652483,24.4516782],[54.5656342,24.4503311],[54.5661582,24.4491773],[54.5660874,24.4488357],[54.5661051,24.4485456],[54.5655177,24.4477196],[54.5649545,24.4471749],[54.5647492,24.4470655],[54.5645598,24.4473082],[54.5647474,24.4475725],[54.5645739,24.4476724],[54.5643261,24.4476176],[54.5642518,24.4475209],[54.5641668,24.4477046],[54.5638694,24.448346],[54.5625524,24.449938],[54.5605992,24.4490316],[54.5577154,24.4545099],[54.5573048,24.4547833],[54.5569043,24.4547013],[54.5583863,24.4524043],[54.5610198,24.4476825],[54.5617507,24.4463516],[54.5612701,24.4462787],[54.5607494,24.446935],[54.5604891,24.4468712],[54.5610198,24.4456042],[54.5606693,24.4457956],[54.5602888,24.4464884],[54.5598182,24.4477372],[54.558156,24.4493962],[54.5566439,24.4508182],[54.5560832,24.4520306],[54.5558228,24.4534434],[54.5551119,24.4540906],[54.5541206,24.4558224],[54.5527788,24.4568342],[54.5529791,24.4578824],[54.5537401,24.4589397],[54.5539904,24.459277],[54.5532394,24.4602704],[54.5523582,24.4607079],[54.5518776,24.4612001],[54.5516072,24.4616832],[54.551527652413796,24.462],[54.552616461401556,24.462],[54.5555913,24.4608203]]]}},{"type":"Feature","properties":{"layer":"land","subtype":"wetland","class":"wetland","name":""},"geometry":{"type":"Polygon","coordinates":[[[54.5512434,24.4554047],[54.5525143,24.4547344],[54.5522842,24.4543702],[54.5519196,24.4539126],[54.5516894,24.4535484],[54.5513885,24.4530393],[54.5511478,24.4526267],[54.5511336,24.4524914],[54.5510841,24.4523625],[54.5506238,24.4519274],[54.5505105,24.4518307],[54.5503229,24.452182],[54.5500432,24.4524656],[54.5497565,24.452746],[54.5493883,24.4529619],[54.5492077,24.4530844],[54.5494733,24.4533486],[54.5501494,24.4538449],[54.550199,24.4541704],[54.5500893,24.4546151],[54.5500556,24.4549052],[54.5504893,24.4552774],[54.5509354,24.4555884],[54.5512434,24.4554047]]]}},{"type":"Feature","properties":{"layer":"land","subtype":"shrub","class":"scrub","name":""},"geometry":{"type":"Polygon","coordinates":[[[54.5204768,24.4546048],[54.520519,24.4546966],[54.5205937,24.4547731],[54.5206877,24.4547042],[54.5210017,24.4545958],[54.5213821,24.4544982],[54.5216577,24.4543844],[54.5218098,24.4542936],[54.521892,24.4541838],[54.5220009,24.4541648],[54.5221256,24.4542191],[54.5224246,24.4542191],[54.5226976,24.4541015],[54.5229239,24.4539381],[54.5231431,24.4538284],[54.5233661,24.4538333],[54.5236659,24.4538041],[54.5239742,24.4537868],[54.5242628,24.4538984],[54.5238717,24.4538924],[54.5236904,24.4539409],[54.5234089,24.4539754],[54.5231759,24.4539633],[54.5229929,24.4540252],[54.5228164,24.4541387],[54.5226668,24.4542443],[54.5224515,24.4543466],[54.5221557,24.4543368],[54.5218979,24.4544307],[54.5216299,24.4545624],[54.5212917,24.4546992],[54.5210715,24.454797],[54.5208492,24.4548789],[54.5207404,24.4549968],[54.5207245,24.4550314],[54.520904,24.4549937],[54.5214203,24.4548057],[54.5218185,24.4547175],[54.5227879,24.4545345],[54.5231746,24.4544367],[54.5237274,24.4543634],[54.5241399,24.4542756],[54.524803,24.4541409],[54.5252801,24.4541556],[54.5260654,24.4539575],[54.5262018,24.453714],[54.526333,24.4534607],[54.5263278,24.4532616],[54.5262271,24.4530542],[54.5261035,24.4528096],[54.5260196,24.4525652],[54.5256371,24.4529345],[54.525571,24.4529533],[54.5254961,24.4529281],[54.5254171,24.4528384],[54.5253005,24.4527605],[54.5251939,24.4526853],[54.5250126,24.4525753],[54.524917,24.4524645],[54.5248476,24.4523275],[54.5248376,24.4522251],[54.524622,24.452133],[54.5244397,24.4520744],[54.5241339,24.4521183],[54.5235599,24.4522404],[54.5231897,24.4523429],[54.522766,24.4526018],[54.5224602,24.4527434],[54.5221115,24.4526457],[54.5214785,24.452255],[54.5209689,24.4519083],[54.5208133,24.4518448],[54.5206738,24.4518253],[54.5205924,24.451699],[54.5205359,24.452228],[54.5204805,24.4530652],[54.5204483,24.4539509],[54.5204283,24.4545729],[54.5204768,24.4546048]]]}},{"type":"Feature","properties":{"layer":"land","subtype":"physical","class":"cliff","name":""},"geometry":{"type":"LineString","coordinates":[[54.5160754,24.4517153],[54.5166387,24.4512905],[54.5168908,24.4512807],[54.5170088,24.4513344],[54.5172073,24.4512221],[54.5174755,24.4511684],[54.5176525,24.4514882],[54.5178886,24.4519814],[54.5180066,24.4523184],[54.5180066,24.4526212]]}},{"type":"Feature","properties":{"layer":"land","subtype":"wetland","class":"wetland","name":""},"geometry":{"type":"Polygon","coordinates":[[[54.5186622,24.454262],[54.518807,24.4545453],[54.5188982,24.4547015],[54.5190216,24.4547504],[54.5192737,24.4548187],[54.519503,24.4549433],[54.5196331,24.4551117],[54.5197713,24.4551728],[54.5200194,24.4551703],[54.5202179,24.4551313],[54.5203466,24.4550873],[54.5202125,24.4547064],[54.5202839,24.4545608],[54.5202303,24.4536968],[54.5202033,24.453464],[54.5202223,24.4531976],[54.5202748,24.4530657],[54.520249,24.4530572],[54.520249,24.4529936],[54.5202917,24.4529912],[54.5202896,24.4529094],[54.5202501,24.4529094],[54.520243,24.45284],[54.5202902,24.4528123],[54.5203133,24.4526504],[54.520308,24.4525726],[54.5203134,24.4525135],[54.5203188,24.4520352],[54.5203376,24.4515831],[54.5203691,24.4512404],[54.5203025,24.4511974],[54.5202353,24.4512789],[54.5201505,24.4511766],[54.5200463,24.4512642],[54.5199569,24.4511647],[54.5199052,24.4511524],[54.5198341,24.4511973],[54.5197728,24.4511693],[54.5197171,24.4511848],[54.5196687,24.4512057],[54.5195925,24.4512683],[54.5196198,24.4513997],[54.5197196,24.4518173],[54.5197918,24.4520037],[54.519765,24.4522609],[54.5200167,24.4533226],[54.5198828,24.4533543],[54.519853,24.4534196],[54.5199359,24.4534173],[54.5199074,24.4535182],[54.5198515,24.4537042],[54.5197284,24.4536535],[54.5197909,24.4534775],[54.519841,24.4533142],[54.5197852,24.4529948],[54.5196597,24.4524525],[54.5195978,24.4523569],[54.5195839,24.4522688],[54.5195679,24.4521014],[54.519522,24.4519711],[54.51953,24.4518517],[54.5194802,24.4517322],[54.5194175,24.4515944],[54.5192466,24.4515002],[54.5191482,24.4514892],[54.5192403,24.4516026],[54.5191333,24.4515845],[54.5191633,24.4516715],[54.5192398,24.4518413],[54.5191125,24.4518147],[54.5190533,24.4519052],[54.5190851,24.4520014],[54.5189717,24.4520092],[54.519047,24.4521082],[54.5189337,24.4520992],[54.5188571,24.4521625],[54.518894,24.4522242],[54.5187926,24.4522073],[54.5187399,24.4522721],[54.5186673,24.4522721],[54.5186998,24.4523419],[54.5186297,24.4523339],[54.518696,24.4524196],[54.5185843,24.4523959],[54.5185635,24.4524297],[54.5185007,24.4524678],[54.5183725,24.4524559],[54.5184577,24.4525388],[54.518338,24.4525034],[54.518388,24.4526431],[54.5184746,24.4528197],[54.5185144,24.4529272],[54.5185719,24.4531249],[54.5185843,24.4532704],[54.5186763,24.4533788],[54.51869,24.4535468],[54.5187802,24.4537739],[54.5188736,24.4539299],[54.5189206,24.4541211],[54.5189392,24.4542642],[54.5188778,24.4543502],[54.5187909,24.4544351],[54.5186815,24.4542066],[54.5186622,24.454262]]]}},{"type":"Feature","properties":{"layer":"land","subtype":"wetland","class":"wetland","name":""},"geometry":{"type":"Polygon","coordinates":[[[54.5256291,24.4529224],[54.5255714,24.4529389],[54.5255052,24.4529166],[54.5254276,24.4528285],[54.5253095,24.4527496],[54.5252027,24.4526742],[54.5250229,24.4525652],[54.5249298,24.4524573],[54.5248623,24.452324],[54.524852,24.4522189],[54.5241331,24.4515814],[54.523917,24.4514253],[54.523902,24.4514223],[54.5238859,24.4515144],[54.5238304,24.4514266],[54.5237907,24.4514372],[54.5237881,24.451435],[54.5237735,24.451487],[54.5236667,24.4515358],[54.5235841,24.4514857],[54.5235934,24.4514129],[54.5235723,24.4513554],[54.5235408,24.4513145],[54.5234951,24.4512936],[54.5234692,24.4513072],[54.5235331,24.4513655],[54.523598,24.4515258],[54.523469,24.4514773],[54.5233962,24.4514156],[54.5232374,24.4514266],[54.5231893,24.4514549],[54.523124,24.4514935],[54.5231058,24.4514734],[54.5230897,24.4515384],[54.5230142,24.4515521],[54.5229307,24.4515374],[54.5228407,24.4515518],[54.5227848,24.4516447],[54.5227169,24.4517446],[54.5226286,24.4517165],[54.5226093,24.4516139],[54.522617,24.4515483],[54.5226159,24.451546],[54.5225693,24.451602],[54.5224328,24.451612],[54.5224137,24.4514529],[54.5224163,24.4513408],[54.522386,24.4512581],[54.5222699,24.4512548],[54.5223119,24.4513758],[54.5221484,24.4513432],[54.5220928,24.4513245],[54.5220145,24.4514205],[54.5219675,24.4513114],[54.5219415,24.4512445],[54.5218643,24.4512463],[54.5217671,24.4512685],[54.5217521,24.4512195],[54.5217175,24.4512441],[54.5216153,24.4512718],[54.5215867,24.4511878],[54.5215156,24.4511545],[54.5214901,24.4511581],[54.5215176,24.4512085],[54.5216216,24.4513289],[54.5216216,24.451434],[54.5214549,24.4513502],[54.5213465,24.4512779],[54.5211997,24.4512272],[54.5211376,24.4512313],[54.5210856,24.4512641],[54.5210483,24.4513121],[54.5210614,24.4514429],[54.520903,24.4513796],[54.5206725,24.4513335],[54.5206248,24.4513624],[54.5205722,24.4515011],[54.5205774,24.4516985],[54.520521,24.4522269],[54.5204656,24.4530645],[54.5204334,24.4539504],[54.520413,24.4545798],[54.5204646,24.4546136],[54.5205062,24.454704],[54.520592,24.4547919],[54.5206953,24.4547162],[54.5210064,24.4546088],[54.5213873,24.4545111],[54.5216649,24.4543963],[54.5218205,24.4543036],[54.5219009,24.4541961],[54.5219988,24.454179],[54.5221222,24.4542327],[54.522428,24.4542327],[54.5227056,24.4541131],[54.5229322,24.4539495],[54.5231468,24.4538421],[54.5233668,24.453847],[54.5236672,24.4538177],[54.5239716,24.4538006],[54.5241862,24.4538836],[54.5238697,24.4538787],[54.5236873,24.4539275],[54.5234083,24.4539617],[54.5231736,24.4539495],[54.5229859,24.454013],[54.5228075,24.4541278],[54.5226587,24.4542327],[54.5224481,24.4543329],[54.5221531,24.4543231],[54.5218916,24.4544183],[54.5216233,24.4545502],[54.5212854,24.4546869],[54.5210654,24.4547845],[54.5208401,24.4548676],[54.5207275,24.4549896],[54.5206993,24.4550507],[54.5209085,24.4550067],[54.5214248,24.4548187],[54.5218218,24.4547308],[54.5227914,24.4545477],[54.5231777,24.4544501],[54.5237302,24.4543768],[54.5241433,24.4542889],[54.5248044,24.4541546],[54.5252819,24.4541693],[54.5260758,24.4539691],[54.5262153,24.45372],[54.526348,24.4534636],[54.5263427,24.4532585],[54.5262408,24.4530486],[54.5261174,24.4528044],[54.5260196,24.4525652],[54.5256291,24.4529224]]]}},{"type":"Feature","properties":{"layer":"land","subtype":"forest","class":"forest","name":""},"geometry":{"type":"Polygon","coordinates":[[[54.5644302,24.4466362],[54.5650462,24.4470262],[54.5654179,24.4462205],[54.5653259,24.4461399],[54.5644904,24.4463977],[54.5644302,24.4466362]]]}},{"type":"Feature","properties":{"layer":"land","subtype":"forest","class":"forest","name":""},"geometry":{"type":"Polygon","coordinates":[[[54.5661047,24.4456823],[54.5651666,24.4452601],[54.5647984,24.4452214],[54.5634743,24.4455437],[54.5632619,24.4456694],[54.5640868,24.4463881],[54.5645116,24.4461721],[54.5652958,24.4460436],[54.5656002,24.4461502],[54.5663419,24.4460593],[54.5661047,24.4456823]]]}},{"type":"Feature","properties":{"layer":"land","subtype":"land","class":"land","name":""},"geometry":{"type":"Polygon","coordinates":[[[54.5627072,24.4433819],[54.562577,24.4434161],[54.5625244,24.4433773],[54.5624643,24.4433705],[54.5624418,24.4434161],[54.5624869,24.4434708],[54.5624819,24.4435141],[54.5623968,24.4436394],[54.5624543,24.4437989],[54.5627122,24.4439539],[54.5627848,24.4439539],[54.562925,24.4438605],[54.562935,24.443628],[54.5630201,24.4436052],[54.5630676,24.4435528],[54.5630501,24.4435095],[54.56294,24.443505],[54.5628499,24.4433773],[54.5628073,24.4433204],[54.5627297,24.4433272],[54.5627072,24.4433819]]]}},{"type":"Feature","properties":{"layer":"land","subtype":"sand","class":"sand","name":""},"geometry":{"type":"Polygon","coordinates":[[[54.5694586,24.4407015],[54.5684244,24.4405494],[54.5670242,24.4400787],[54.5661057,24.4427724],[54.5671713,24.4430794],[54.5672115,24.443091],[54.5672338,24.4431082],[54.5672509,24.443117],[54.5672863,24.4431128],[54.5673594,24.4431282],[54.5674513,24.4431483],[54.5675508,24.4431878],[54.5676718,24.443229],[54.5677979,24.4432756],[54.5678948,24.4433126],[54.5680067,24.443354],[54.5680766,24.4433834],[54.5681441,24.4434247],[54.5681678,24.4434632],[54.568184,24.4434871],[54.5681982,24.4434954],[54.5682071,24.4435007],[54.5682494,24.4435178],[54.57,24.444224223458956],[54.57,24.44073910443166],[54.5694586,24.4407015]]]}},{"type":"Feature","properties":{"layer":"water","subtype":"river","class":"river","name":"خور المقطع"},"geometry":{"type":"LineString","coordinates":[[54.4866311,24.4272482],[54.4861144,24.4232175],[54.4858569,24.4220258],[54.4858998,24.4211075],[54.4863075,24.4195444],[54.4866723,24.4179814],[54.4873375,24.4157745],[54.4881314,24.4138792],[54.4887752,24.4118081],[54.4890756,24.4101081],[54.489063725666945,24.41]]}},{"type":"Feature","properties":{"layer":"water","subtype":"canal","class":"ditch","name":""},"geometry":{"type":"LineString","coordinates":[[54.4912265017973,24.41],[54.4911132,24.4101099],[54.4910824,24.4101673],[54.4910676,24.4102748],[54.4910757,24.4103737],[54.4911213,24.4104604],[54.4912275,24.4105813]]}},{"type":"Feature","properties":{"layer":"water","subtype":"human_made","class":"swimming_pool","name":""},"geometry":{"type":"Polygon","coordinates":[[[54.491022,24.4103699],[54.4910235,24.4103523],[54.4910349,24.410218],[54.4909665,24.4101356],[54.4908766,24.4101313],[54.490875,24.4101582],[54.4908733,24.410188],[54.4909128,24.4101899],[54.4909383,24.4102351],[54.4909274,24.4103633],[54.491022,24.4103699]]]}},{"type":"Feature","properties":{"layer":"water","subtype":"canal","class":"ditch","name":""},"geometry":{"type":"LineString","coordinates":[[54.4912275,24.4105813],[54.4913337,24.4107023]]}},{"type":"Feature","properties":{"layer":"water","subtype":"pond","class":"pond","name":""},"geometry":{"type":"Polygon","coordinates":[[[54.4843891,24.4117376],[54.4843838,24.4117213],[54.4843727,24.4117076],[54.4843582,24.4116985],[54.4843413,24.4116941],[54.4843237,24.4116948],[54.4843072,24.4117006],[54.4842937,24.4117108],[54.4842844,24.4117244],[54.4842803,24.41174],[54.4842819,24.411756],[54.484289,24.4117707],[54.4843008,24.4117826],[54.4843162,24.4117904],[54.4843335,24.4117933],[54.484352,24.4117909],[54.4843684,24.4117829],[54.484381,24.4117703],[54.4843882,24.4117546],[54.4843891,24.4117376]]]}},{"type":"Feature","properties":{"layer":"water","subtype":"human_made","class":"swimming_pool","name":""},"geometry":{"type":"Polygon","coordinates":[[[54.4865197,24.4120474],[54.4865317,24.4120156],[54.4865478,24.4119729],[54.4865585,24.4119289],[54.4865653,24.4118788],[54.4865666,24.4118276],[54.4865639,24.4117799],[54.4860234,24.4117457],[54.4859872,24.4119436],[54.4864995,24.4120803],[54.4865197,24.4120474]]]}},{"type":"Feature","properties":{"layer":"water","subtype":"pond","class":"pond","name":""},"geometry":{"type":"Polygon","coordinates":[[[54.4858033,24.4118162],[54.4858077,24.4117997],[54.485806,24.4117827],[54.4857982,24.4117672],[54.4857853,24.4117549],[54.4857686,24.4117471],[54.4857501,24.4117447],[54.4857318,24.411748],[54.4857156,24.4117566],[54.4857034,24.4117695],[54.4856965,24.4117853],[54.4856957,24.4118023],[54.4857008,24.4118181],[54.4857111,24.4118316],[54.4857256,24.4118415],[54.4857427,24.4118466],[54.4857608,24.4118466],[54.4857785,24.411841],[54.4857932,24.4118305],[54.4858033,24.4118162]]]}},{"type":"Feature","properties":{"layer":"water","subtype":"canal","class":"ditch","name":""},"geometry":{"type":"LineString","coordinates":[[54.4913337,24.4107023],[54.4913787,24.4107535],[54.491372,24.4109013],[54.4913486,24.4109206]]}},{"type":"Feature","properties":{"layer":"water","subtype":"canal","class":"ditch","name":""},"geometry":{"type":"LineString","coordinates":[[54.4913486,24.4109206],[54.4912151,24.4110307]]}},{"type":"Feature","properties":{"layer":"water","subtype":"human_made","class":"swimming_pool","name":""},"geometry":{"type":"Polygon","coordinates":[[[54.4910584,24.4114304],[54.4910872,24.4112973],[54.4910416,24.4111855],[54.4909565,24.4111745],[54.4909524,24.4114151],[54.4910584,24.4114304]]]}},{"type":"Feature","properties":{"layer":"water","subtype":"canal","class":"ditch","name":""},"geometry":{"type":"LineString","coordinates":[[54.4912151,24.4110307],[54.4911132,24.4114899],[54.4911186,24.4115424],[54.4911521,24.4115717],[54.4912218,24.4116157],[54.4913443,24.4117597]]}},{"type":"Feature","properties":{"layer":"water","subtype":"canal","class":"ditch","name":""},"geometry":{"type":"LineString","coordinates":[[54.4913443,24.4117597],[54.4914423,24.4118749]]}},{"type":"Feature","properties":{"layer":"water","subtype":"canal","class":"ditch","name":""},"geometry":{"type":"LineString","coordinates":[[54.4912586,24.4121995],[54.4911803,24.4122476]]}},{"type":"Feature","properties":{"layer":"water","subtype":"canal","class":"ditch","name":""},"geometry":{"type":"LineString","coordinates":[[54.4913793,24.4121253],[54.4912586,24.4121995]]}},{"type":"Feature","properties":{"layer":"water","subtype":"pond","class":"pond","name":""},"geometry":{"type":"Polygon","coordinates":[[[54.4900555,24.4144391],[54.4901096,24.4143322],[54.4902912,24.4144085],[54.4903482,24.414296],[54.4901536,24.4142144],[54.4900338,24.4144506],[54.4901204,24.4144871],[54.490129,24.4144699],[54.4900555,24.4144391]]]}},{"type":"Feature","properties":{"layer":"water","subtype":"physical","class":"bay","name":"خور أبو ظبي"},"geometry":{"type":"Point","coordinates":[54.4888227,24.4132428]}},{"type":"Feature","properties":{"layer":"water","subtype":"human_made","class":"swimming_pool","name":""},"geometry":{"type":"Polygon","coordinates":[[[54.4894896,24.4154972],[54.4895136,24.4154492],[54.4894253,24.4154126],[54.4894515,24.4153603],[54.4897181,24.4154708],[54.4897358,24.4154355],[54.4895686,24.4153661],[54.4897457,24.415012],[54.489593,24.4149487],[54.4893481,24.4154385],[54.4894896,24.4154972]]]}},{"type":"Feature","properties":{"layer":"water","subtype":"pond","class":"pond","name":""},"geometry":{"type":"Polygon","coordinates":[[[54.4901314,24.4147373],[54.4899553,24.4146624],[54.4900063,24.414563],[54.4900738,24.4145877],[54.4900841,24.4145677],[54.4900001,24.4145345],[54.489935,24.4146662],[54.4901256,24.4147485],[54.4901314,24.4147373]]]}},{"type":"Feature","properties":{"layer":"water","subtype":"pond","class":"pond","name":""},"geometry":{"type":"Polygon","coordinates":[[[54.489866,24.4146508],[54.4900437,24.4143051],[54.489972,24.4142745],[54.4897943,24.4146202],[54.489866,24.4146508]]]}},{"type":"Feature","properties":{"layer":"water","subtype":"pond","class":"pond","name":""},"geometry":{"type":"Polygon","coordinates":[[[54.4910232,24.4149855],[54.4910798,24.4148729],[54.490956,24.4148213],[54.4908994,24.4149339],[54.4910232,24.4149855]]]}},{"type":"Feature","properties":{"layer":"water","subtype":"physical","class":"bay","name":"Abu Dhabi Creek"},"geometry":{"type":"Point","coordinates":[54.4860753,24.4218576]}},{"type":"Feature","properties":{"layer":"water","subtype":"pond","class":"pond","name":""},"geometry":{"type":"Polygon","coordinates":[[[54.4920733,24.4153507],[54.4920731,24.4153402],[54.492069,24.4153305],[54.4920614,24.4153226],[54.4920514,24.4153176],[54.49204,24.4153159],[54.4920288,24.4153179],[54.4920189,24.4153233],[54.4920117,24.4153314],[54.4920079,24.4153413],[54.4920081,24.4153517],[54.4920112,24.41536],[54.4920169,24.4153672],[54.4920246,24.4153725],[54.4920336,24.4153756],[54.4920433,24.4153762],[54.4920527,24.4153742],[54.4920625,24.4153687],[54.4920697,24.4153606],[54.4920733,24.4153507]]]}},{"type":"Feature","properties":{"layer":"water","subtype":"canal","class":"ditch","name":""},"geometry":{"type":"LineString","coordinates":[[54.4914423,24.4118749],[54.4914659,24.4119027],[54.4914136,24.4121042],[54.4913793,24.4121253]]}},{"type":"Feature","properties":{"layer":"water","subtype":"canal","class":"drain","name":""},"geometry":{"type":"LineString","coordinates":[[54.5085318,24.4177261],[54.5086863,24.4175146],[54.5089398,24.4171636]]}},{"type":"Feature","properties":{"layer":"water","subtype":"canal","class":"drain","name":""},"geometry":{"type":"LineString","coordinates":[[54.5077993,24.4188705],[54.5073735,24.4194557]]}},{"type":"Feature","properties":{"layer":"water","subtype":"canal","class":"drain","name":""},"geometry":{"type":"LineString","coordinates":[[54.5072991,24.4194322],[54.5077222,24.4188478]]}},{"type":"Feature","properties":{"layer":"water","subtype":"canal","class":"drain","name":""},"geometry":{"type":"LineString","coordinates":[[54.5080684,24.4185113],[54.5079012,24.4187278]]}},{"type":"Feature","properties":{"layer":"water","subtype":"canal","class":"drain","name":""},"geometry":{"type":"LineString","coordinates":[[54.5077222,24.4188478],[54.5079829,24.4184771],[54.5085318,24.4177261]]}},{"type":"Feature","properties":{"layer":"water","subtype":"canal","class":"drain","name":""},"geometry":{"type":"LineString","coordinates":[[54.5079012,24.4187278],[54.5077993,24.4188705]]}},{"type":"Feature","properties":{"layer":"water","subtype":"canal","class":"drain","name":""},"geometry":{"type":"LineString","coordinates":[[54.506565,24.4204169],[54.5072991,24.4194322]]}},{"type":"Feature","properties":{"layer":"water","subtype":"pond","class":"pond","name":""},"geometry":{"type":"Polygon","coordinates":[[[54.4818156,24.4118088],[54.4817881,24.411822],[54.4817667,24.4118426],[54.4817533,24.4118694],[54.4817505,24.4118987],[54.4817586,24.4119272],[54.4817765,24.4119516],[54.4818024,24.4119692],[54.4818332,24.411978],[54.4818655,24.411977],[54.4818945,24.4119668],[54.4819184,24.4119487],[54.4819347,24.4119246],[54.4819417,24.4118969],[54.4819386,24.4118688],[54.4819257,24.411843],[54.4819044,24.4118223],[54.481877,24.4118089],[54.4818463,24.4118043],[54.4818156,24.4118088]]]}},{"type":"Feature","properties":{"layer":"water","subtype":"river","class":"river","name":"خور البغال"},"geometry":{"type":"LineString","coordinates":[[54.48,24.429262370536936],[54.4814412,24.4288885],[54.4866311,24.4272482]]}},{"type":"Feature","properties":{"layer":"water","subtype":"river","class":"river","name":"خور لفان"},"geometry":{"type":"LineString","coordinates":[[54.56036786457341,24.462],[54.5612996,24.4616835],[54.5643893,24.4592855],[54.5667798,24.4558661],[54.5698371,24.4504185],[54.57,24.450295580264722]]}},{"type":"Feature","properties":{"layer":"water","subtype":"canal","class":"canal","name":""},"geometry":{"type":"MultiLineString","coordinates":[[[54.482665684488886,24.462],[54.48,24.45641900500721]],[[54.48,24.430192473998865],[54.4814412,24.4288885]]]}},{"type":"Feature","properties":{"layer":"water","subtype":"canal","class":"canal","name":""},"geometry":{"type":"LineString","coordinates":[[54.49322349385999,24.462],[54.4939862,24.4591626],[54.4971596,24.4506168],[54.4993413,24.4445531]]}},{"type":"Feature","properties":{"layer":"water","subtype":"canal","class":"ditch","name":""},"geometry":{"type":"LineString","coordinates":[[54.5192081,24.4484925],[54.5192456,24.4486879],[54.519369,24.4488881],[54.5194709,24.4490688],[54.5194977,24.4492104],[54.519487,24.4498745]]}},{"type":"Feature","properties":{"layer":"water","subtype":"canal","class":"ditch","name":""},"geometry":{"type":"LineString","coordinates":[[54.5174593,24.448976],[54.5173117,24.449225],[54.5172903,24.4493374],[54.5173171,24.4494375],[54.5176953,24.4500723],[54.5177892,24.4501529]]}},{"type":"Feature","properties":{"layer":"water","subtype":"canal","class":"canal","name":""},"geometry":{"type":"LineString","coordinates":[[54.5428921,24.437201],[54.5414842,24.4417892],[54.540861,24.445981],[54.5397705,24.4486126],[54.5377798,24.4509762],[54.5352353,24.4527253],[54.5275496,24.4543325],[54.5200371,24.4560815],[54.5144287,24.4581142],[54.5062064,24.4616594],[54.50546032332598,24.462]]}},{"type":"Feature","properties":{"layer":"water","subtype":"river","class":"river","name":"خور الراحة"},"geometry":{"type":"LineString","coordinates":[[54.4866311,24.4272482],[54.49592,24.4254122],[54.498862,24.4251564],[54.5059526,24.4250209],[54.5140019,24.4248855],[54.5164812,24.4260894],[54.5187621,24.4293399],[54.5274394,24.4320637],[54.5397034,24.436232],[54.5426454,24.4371348],[54.5428921,24.437201],[54.5598679,24.4417544],[54.5678676,24.444523],[54.57,24.44590873543379]]}},{"type":"Feature","properties":{"layer":"water","subtype":"human_made","class":"swimming_pool","name":""},"geometry":{"type":"Polygon","coordinates":[[[54.5699417,24.4382295],[54.5699008,24.4382381],[54.5698525,24.4382301],[54.5698244,24.4381978],[54.5697564,24.4381747],[54.5697228,24.4382568],[54.5698071,24.4382854],[54.5697768,24.4383595],[54.5697808,24.4383773],[54.5697935,24.4383895],[54.5698116,24.4383986],[54.5698686,24.4383992],[54.5698996,24.4383281],[54.5699582,24.4383493],[54.57,24.438253199065414],[54.57,24.438250539123104],[54.5699417,24.4382295]]]}},{"type":"Feature","properties":{"layer":"water","subtype":"physical","class":"bay","name":"خليج الراحة"},"geometry":{"type":"Point","coordinates":[54.5507273,24.439073]}},{"type":"Feature","properties":{"layer":"water","subtype":"river","class":"river","name":""},"geometry":{"type":"Polygon","coordinates":[[[54.5417809,24.4308565],[54.541894,24.4308966],[54.5419984,24.4308947],[54.5420966,24.4308786],[54.5422302,24.4308846],[54.5423382,24.430927],[54.5424529,24.4309611],[54.5425745,24.430976],[54.5426609,24.4309232],[54.5427255,24.4307989],[54.5427673,24.4305765],[54.5427944,24.4304323],[54.5428194,24.4303264],[54.5428174,24.4302188],[54.542758,24.4301842],[54.542564,24.4301579],[54.5423178,24.4301249],[54.542224,24.430118],[54.542088,24.4301037],[54.5420081,24.4301055],[54.5419583,24.4301831],[54.5419091,24.4302846],[54.5418618,24.4304277],[54.5418063,24.4305669],[54.5417474,24.4306905],[54.541667,24.4308029],[54.5415722,24.4308136],[54.5415254,24.4308091],[54.5414434,24.4308331],[54.5413519,24.4308722],[54.541202,24.4309992],[54.5411063,24.431055],[54.5409741,24.4311361],[54.5408735,24.4311765],[54.5407297,24.4312505],[54.5406388,24.4313508],[54.5406119,24.4314192],[54.5406549,24.4314339],[54.5406924,24.4313411],[54.5407207,24.4312935],[54.5408106,24.4312204],[54.540924,24.4311718],[54.5412769,24.4309574],[54.5413703,24.4308745],[54.5415338,24.4308188],[54.5416304,24.4308203],[54.5416668,24.4308325],[54.5417809,24.4308565]]]}},{"type":"Feature","properties":{"layer":"water","subtype":"river","class":"river","name":""},"geometry":{"type":"Polygon","coordinates":[[[54.5340295,24.4312358],[54.5340993,24.4313188],[54.5341851,24.4313628],[54.5342817,24.4313286],[54.5343889,24.4313042],[54.5344328,24.4312489],[54.5344513,24.4312256],[54.5339602,24.4310839],[54.5339618,24.4311131],[54.5339652,24.4311723],[54.5340295,24.4312358]]]}},{"type":"Feature","properties":{"layer":"water","subtype":"river","class":"river","name":""},"geometry":{"type":"Polygon","coordinates":[[[54.5398985,24.4353606],[54.5399518,24.4352309],[54.5399518,24.4351528],[54.5398767,24.4351088],[54.539759,24.4350676],[54.5397373,24.4349623],[54.5398177,24.4347572],[54.5399089,24.4344544],[54.5399521,24.4342861],[54.5399521,24.4341689],[54.5399733,24.4339464],[54.5399626,24.4338439],[54.5399736,24.4336756],[54.5400216,24.4334825],[54.5400269,24.4333018],[54.5399897,24.433153],[54.5399307,24.4330505],[54.5399089,24.4329355],[54.5399468,24.4327819],[54.5400058,24.4325572],[54.5400806,24.4323689],[54.5401023,24.4322202],[54.540263,24.4321052],[54.5404671,24.4320541],[54.5404886,24.4319662],[54.5404671,24.4318783],[54.5404293,24.4317633],[54.5404725,24.4316585],[54.5405744,24.4315608],[54.5405958,24.4315267],[54.5405476,24.4315218],[54.5403974,24.4316634],[54.5402525,24.4317709],[54.540054,24.4318832],[54.5398821,24.4319489],[54.5397785,24.4320198],[54.5397378,24.4320441],[54.5397483,24.4320932],[54.5400916,24.4321909],[54.5398285,24.4330038],[54.539008,24.435385],[54.5398338,24.4356168],[54.5398502,24.4355657],[54.5398985,24.4353606]]]}},{"type":"Feature","properties":{"layer":"water","subtype":"river","class":"river","name":""},"geometry":{"type":"Polygon","coordinates":[[[54.5216324,24.4265568],[54.5218308,24.4265861],[54.5219223,24.4265009],[54.5220028,24.4262615],[54.5221208,24.4261248],[54.5222761,24.4260146],[54.5224212,24.4258952],[54.522496,24.4258193],[54.5225929,24.4257731],[54.5226784,24.4252429],[54.5227001,24.4250356],[54.5211496,24.4239827],[54.5207156,24.4251919],[54.5212944,24.4253699],[54.5209189,24.42642],[54.5203454,24.4262615],[54.5196159,24.4283178],[54.5202376,24.4285007],[54.5202113,24.4284106],[54.520302,24.4283932],[54.5204307,24.4284079],[54.5205439,24.4284741],[54.52056,24.4285473],[54.5204951,24.4285788],[54.520935,24.4287058],[54.5209141,24.4286499],[54.5211069,24.4286499],[54.5212088,24.4287232],[54.5213802,24.4287742],[54.5214607,24.4288524],[54.5246364,24.4297608],[54.5249154,24.4289527],[54.5248298,24.4289674],[54.5247547,24.4289967],[54.5246686,24.4290819],[54.5245452,24.4291943],[54.524406,24.4292604],[54.5244704,24.4293435],[54.5245667,24.4293017],[54.5246203,24.4293457],[54.5244811,24.4294167],[54.5244007,24.4294216],[54.5243575,24.4292675],[54.5242451,24.4292946],[54.5241807,24.4293679],[54.5241003,24.4293483],[54.5236443,24.4291823],[54.5234673,24.429153],[54.5233922,24.4290895],[54.5231776,24.4290797],[54.5229094,24.428982],[54.5226519,24.4288355],[54.5222495,24.4287134],[54.5219277,24.4286255],[54.5215843,24.4285278],[54.5213054,24.4284204],[54.5209404,24.4282858],[54.5206566,24.4281957],[54.5203293,24.4280882],[54.5203776,24.4278977],[54.5202918,24.427844],[54.5203669,24.4276242],[54.5204093,24.4273676],[54.5204527,24.4271798],[54.5205171,24.4269942],[54.5205434,24.4267961],[54.5205648,24.426674],[54.5206405,24.4266425],[54.5208062,24.4267082],[54.521016,24.4266962],[54.5211659,24.4266181],[54.5212193,24.4265275],[54.5212839,24.426452],[54.5216324,24.4265568]]]}},{"type":"Feature","properties":{"layer":"water","subtype":"river","class":"river","name":""},"geometry":{"type":"Polygon","coordinates":[[[54.5268522,24.429109],[54.5267929,24.429204],[54.5267071,24.4293505],[54.5266698,24.4294118],[54.5266473,24.4294597],[54.5269179,24.429553],[54.5266422,24.4303519],[54.5281459,24.4307896],[54.5287219,24.4290965],[54.528601,24.4290455],[54.5285527,24.428982],[54.5283918,24.4288941],[54.5282523,24.4288502],[54.5280968,24.4288599],[54.5280646,24.4289723],[54.5279302,24.4289989],[54.5278714,24.4289088],[54.5278875,24.4287964],[54.5278178,24.4286939],[54.52763,24.4285962],[54.5275335,24.4286841],[54.5274584,24.4289088],[54.5274045,24.4291063],[54.5273243,24.4292116],[54.5272277,24.4291725],[54.5271204,24.4291237],[54.5269649,24.4291139],[54.5268522,24.429109]]]}},{"type":"Feature","properties":{"layer":"water","subtype":"river","class":"river","name":""},"geometry":{"type":"Polygon","coordinates":[[[54.5294788,24.4297735],[54.5294776,24.4298018],[54.5294762,24.4298344],[54.5295127,24.4299025],[54.5295556,24.4299269],[54.5296307,24.4299464],[54.5297165,24.4299366],[54.5297916,24.4299464],[54.5298667,24.4299806],[54.5299579,24.430005],[54.5300189,24.4299965],[54.5300576,24.4299667],[54.5300848,24.4299458],[54.5294788,24.4297735]]]}},{"type":"Feature","properties":{"layer":"water","subtype":"river","class":"river","name":""},"geometry":{"type":"Polygon","coordinates":[[[54.532104,24.4295144],[54.531814,24.4294238],[54.5316263,24.4293603],[54.5314227,24.4293142],[54.5312296,24.4293093],[54.5310472,24.429363],[54.5308916,24.429319],[54.5306931,24.4292897],[54.5305858,24.4292458],[54.5305376,24.4291627],[54.5304622,24.4291112],[54.5303605,24.4291041],[54.530264,24.4290748],[54.5301567,24.4290309],[54.5300062,24.4289891],[54.5298885,24.4289576],[54.5297007,24.4289234],[54.52962,24.4289745],[54.529513,24.429109],[54.5295075,24.429189],[54.5302077,24.4293848],[54.5301725,24.4295264],[54.5312669,24.429839],[54.5313366,24.4296924],[54.5340566,24.4304619],[54.5341261,24.430552],[54.5341907,24.4306671],[54.5342444,24.4305645],[54.5343087,24.4305498],[54.5343463,24.4305987],[54.534298,24.4306768],[54.5343195,24.4307257],[54.5347376,24.4308255],[54.5348076,24.4306817],[54.5349951,24.4305813],[54.535151,24.4305303],[54.535151,24.4304912],[54.5350705,24.4304961],[54.5350437,24.4304277],[54.5349522,24.4303664],[54.5348237,24.4303154],[54.5346896,24.4302714],[54.5345931,24.4303008],[54.5345338,24.4303909],[54.5344429,24.4304815],[54.5343678,24.430501],[54.5343517,24.4304229],[54.5343839,24.4303105],[54.5343356,24.4302519],[54.5341532,24.4301884],[54.5339547,24.4301347],[54.5336436,24.4300321],[54.5333968,24.4299589],[54.5333107,24.4299269],[54.5331873,24.4299757],[54.533139,24.4299318],[54.5330857,24.4299003],[54.5330427,24.4298514],[54.5328925,24.4298026],[54.5326994,24.4297342],[54.5326029,24.4297049],[54.5324902,24.4296365],[54.532104,24.4295144]]]}},{"type":"Feature","properties":{"layer":"water","subtype":"human_made","class":"swimming_pool","name":""},"geometry":{"type":"Polygon","coordinates":[[[54.5280731,24.4201767],[54.5281136,24.4201631],[54.5281562,24.4201515],[54.5282009,24.4201593],[54.5282179,24.4201845],[54.5282498,24.4201903],[54.5283009,24.4201787],[54.5283116,24.4201302],[54.528303,24.4200914],[54.5283328,24.4200352],[54.5283414,24.4199616],[54.5283179,24.4199073],[54.5282775,24.4198879],[54.5282264,24.4198956],[54.5282051,24.4199441],[54.5281923,24.4200061],[54.5281455,24.4200624],[54.5280902,24.4200779],[54.5280476,24.4201089],[54.5280412,24.4201554],[54.5280731,24.4201767]]]}},{"type":"Feature","properties":{"layer":"water","subtype":"water","class":"water","name":""},"geometry":{"type":"Polygon","coordinates":[[[54.5279792,24.420434],[54.5280636,24.4205315],[54.5282582,24.4203919],[54.5281738,24.4202944],[54.5279792,24.420434]]]}},{"type":"Feature","properties":{"layer":"water","subtype":"human_made","class":"swimming_pool","name":""},"geometry":{"type":"Polygon","coordinates":[[[54.526329,24.4210417],[54.5263856,24.421064],[54.5263937,24.421098],[54.5264315,24.4210727],[54.5264238,24.4210343],[54.5265103,24.420921],[54.5265401,24.4209123],[54.5265534,24.4208796],[54.5265241,24.4208826],[54.5264687,24.4208507],[54.5264511,24.4208882],[54.526381,24.4208932],[54.5263352,24.4209415],[54.5263594,24.42099],[54.526329,24.4210417]]]}},{"type":"Feature","properties":{"layer":"water","subtype":"water","class":"water","name":""},"geometry":{"type":"Polygon","coordinates":[[[54.525004,24.4183322],[54.5251226,24.4182969],[54.52529,24.4182614],[54.5254077,24.4182716],[54.5255176,24.4182888],[54.5256175,24.4182985],[54.5256864,24.4182871],[54.5257437,24.4182722],[54.5257752,24.4182516],[54.5257835,24.4182222],[54.5257808,24.4181846],[54.525759,24.4181364],[54.5257121,24.4180723],[54.5256202,24.4179821],[54.5255352,24.4178998],[54.5254636,24.4178172],[54.5254075,24.4177416],[54.5253728,24.4176552],[54.5253614,24.4175687],[54.5253666,24.4172945],[54.525364,24.4171207],[54.5253465,24.4169126],[54.525311,24.4166731],[54.5252929,24.4164548],[54.5252871,24.4163806],[54.5252445,24.4163169],[54.5251908,24.4162712],[54.5251254,24.4162326],[54.5250392,24.4162117],[54.5249179,24.4161932],[54.5248431,24.4162082],[54.524777,24.4162534],[54.5247097,24.4163159],[54.5246752,24.4163767],[54.524663,24.4164245],[54.5246625,24.4164987],[54.5246759,24.4165438],[54.5247125,24.4165853],[54.5247547,24.4166208],[54.5248121,24.4167071],[54.5248239,24.416785],[54.524824,24.4168628],[54.5248013,24.4169427],[54.524767,24.4170331],[54.5246923,24.4171581],[54.5246254,24.417299],[54.5246086,24.4173837],[54.5246172,24.4174194],[54.5246544,24.4174584],[54.5247651,24.417508],[54.5248756,24.417581],[54.5249285,24.4176719],[54.5249369,24.4177294],[54.5249393,24.4177994],[54.5249224,24.4178695],[54.5248554,24.4179651],[54.5247914,24.4180468],[54.5247533,24.4181163],[54.5247375,24.418145],[54.5247204,24.4181904],[54.5247093,24.4182564],[54.5247298,24.4182897],[54.5247641,24.4183231],[54.5248506,24.4183464],[54.525004,24.4183322]]]}},{"type":"Feature","properties":{"layer":"water","subtype":"water","class":"water","name":""},"geometry":{"type":"Polygon","coordinates":[[[54.5216014,24.4135909],[54.5215536,24.41359],[54.5214019,24.4136522],[54.5211411,24.4138184],[54.5210596,24.4138826],[54.5209982,24.4139453],[54.5209708,24.4139989],[54.5209473,24.4140516],[54.520939,24.4140917],[54.5209415,24.4141348],[54.5209677,24.4142009],[54.5210103,24.4142436],[54.5210715,24.4142756],[54.5211935,24.4142936],[54.5213048,24.414316],[54.5213481,24.4143117],[54.5213913,24.4142968],[54.521462,24.4142574],[54.5215472,24.4142098],[54.5216089,24.4141592],[54.5216965,24.4141305],[54.521763,24.4141161],[54.5218637,24.4141166],[54.5219073,24.4141245],[54.5219594,24.4141147],[54.5219728,24.4140895],[54.5219565,24.4140461],[54.5219267,24.4140164],[54.5218543,24.413957],[54.5217846,24.4138918],[54.5217313,24.4137963],[54.5216818,24.4136573],[54.5216526,24.4136103],[54.5216014,24.4135909]]]}},{"type":"Feature","properties":{"layer":"water","subtype":"water","class":"water","name":""},"geometry":{"type":"Polygon","coordinates":[[[54.5247537,24.4116937],[54.5245113,24.4124796],[54.5243897,24.412602],[54.5242099,24.412705],[54.5241051,24.4127946],[54.5240876,24.4128122],[54.524078,24.4128335],[54.5240627,24.4129032],[54.5240671,24.4129784],[54.5240861,24.4130249],[54.5241189,24.4130607],[54.5243655,24.4131813],[54.5246144,24.413293],[54.5246776,24.4133364],[54.5247363,24.4133888],[54.5248033,24.4134888],[54.5248673,24.413593],[54.524907,24.4136901],[54.5249602,24.4137674],[54.5249939,24.4138595],[54.5249871,24.4139584],[54.524967,24.4140823],[54.5249287,24.4142145],[54.5248746,24.4143689],[54.5248692,24.4145106],[54.524873,24.4145682],[54.5248975,24.4146235],[54.5249153,24.4146617],[54.5249461,24.4146975],[54.5249968,24.4147217],[54.5250402,24.4147331],[54.5251055,24.4147253],[54.525253,24.4146813],[54.525572,24.4145055],[54.5257493,24.4143176],[54.5258204,24.4141832],[54.5259574,24.4139242],[54.5262389,24.4135777],[54.5265306,24.4133026],[54.5268744,24.4130749],[54.5272755,24.4130749],[54.5275255,24.4130133],[54.5277182,24.4128662],[54.5277338,24.4126718],[54.5276922,24.4125532],[54.5275984,24.4124631],[54.5274213,24.4124631],[54.5272286,24.4125295],[54.5270723,24.4126196],[54.5267546,24.4127382],[54.5265566,24.4127619],[54.5262429,24.4126616],[54.5260672,24.4126178],[54.5259335,24.4125526],[54.5258378,24.4124931],[54.5257649,24.4124216],[54.5257159,24.4123421],[54.5256853,24.4122319],[54.5256583,24.4121143],[54.5256269,24.412006],[54.5255743,24.4119121],[54.5255231,24.4118655],[54.5254763,24.4118406],[54.5254181,24.4118166],[54.5253299,24.4117727],[54.5252201,24.4117349],[54.5251253,24.411673],[54.5250598,24.4116265],[54.5249737,24.4115893],[54.524926,24.4115712],[54.5248727,24.4115881],[54.5248245,24.4116151],[54.5247857,24.4116389],[54.5247537,24.4116937]],[[54.5252318,24.4125886],[54.5252384,24.412633],[54.525215,24.4127692],[54.5252123,24.412817],[54.5252203,24.4128471],[54.5252372,24.4128637],[54.5252576,24.4128757],[54.5253177,24.4128827],[54.5254155,24.4128757],[54.5256499,24.4128378],[54.5257455,24.4128246],[54.5258053,24.412825],[54.5258591,24.4128489],[54.5259225,24.4128931],[54.5259773,24.4129421],[54.5260158,24.4130054],[54.526044,24.4130694],[54.5260525,24.4131277],[54.5260457,24.4131733],[54.5260285,24.4132189],[54.525994,24.4132702],[54.5259322,24.4133116],[54.5258557,24.4133412],[54.5257155,24.413388],[54.5255744,24.4134035],[54.52538,24.4134001],[54.5252433,24.4133797],[54.5251238,24.413346],[54.5250158,24.4133075],[54.5249438,24.4132773],[54.5249095,24.4132456],[54.5248534,24.4131793],[54.5248333,24.4131083],[54.5248313,24.412963],[54.5248592,24.4128434],[54.5249415,24.4126899],[54.5249894,24.4126343],[54.5250527,24.4125803],[54.525111,24.4125583],[54.5251599,24.4125536],[54.5252028,24.4125606],[54.5252318,24.4125886]]]}},{"type":"Feature","properties":{"layer":"water","subtype":"water","class":"water","name":""},"geometry":{"type":"Polygon","coordinates":[[[54.5263994,24.4170502],[54.5263596,24.4170802],[54.5262974,24.4171496],[54.5262814,24.4172163],[54.5262935,24.4172926],[54.5263106,24.4174611],[54.5263118,24.4175527],[54.5263131,24.417654],[54.5263151,24.4178101],[54.5263477,24.4179085],[54.5263889,24.4180444],[54.5264495,24.4181499],[54.5265556,24.418284],[54.5267001,24.4184994],[54.5267317,24.4186117],[54.5267702,24.4187368],[54.5268297,24.4190142],[54.5268612,24.4190584],[54.5268997,24.4190734],[54.5269555,24.4190684],[54.5270217,24.4190584],[54.5270414,24.4190069],[54.527063,24.418956],[54.5271406,24.4187727],[54.5272539,24.4185194],[54.5272666,24.4184435],[54.5272565,24.4183591],[54.5271903,24.4182492],[54.5270928,24.4181683],[54.5270431,24.4181271],[54.5268562,24.4179947],[54.5267568,24.4178895],[54.5267252,24.4178254],[54.5267024,24.4177516],[54.5266988,24.4176472],[54.5267161,24.4175245],[54.5267336,24.4173816],[54.5267317,24.417302],[54.526717,24.4172274],[54.5266849,24.4171767],[54.5266415,24.4171295],[54.5266074,24.4170799],[54.5265531,24.4170517],[54.5264673,24.4170394],[54.5263994,24.4170502]]]}},{"type":"Feature","properties":{"layer":"water","subtype":"water","class":"water","name":""},"geometry":{"type":"Polygon","coordinates":[[[54.5321151,24.4161017],[54.5319798,24.4159538],[54.5318986,24.4155717],[54.5319053,24.4153499],[54.531973,24.4151958],[54.5327242,24.4148384],[54.5328663,24.4148754],[54.5328731,24.4149925],[54.5327175,24.4154053],[54.5327581,24.4154854],[54.5329543,24.415584],[54.5332183,24.4155964],[54.5333333,24.4154546],[54.5332318,24.414672],[54.5330085,24.4145673],[54.5324129,24.4146104],[54.5322708,24.4145549],[54.5322843,24.414407],[54.532352,24.4140681],[54.5323182,24.4139202],[54.5322234,24.4138278],[54.5319933,24.4137785],[54.5318512,24.4137292],[54.5317362,24.4135997],[54.5315873,24.4135566],[54.5312354,24.413951],[54.5311812,24.4141605],[54.5312083,24.4144255],[54.5314858,24.4149801],[54.531479,24.4153437],[54.5314993,24.4154978],[54.5317091,24.415695],[54.5318377,24.4159599],[54.5318174,24.4161325],[54.5318038,24.4164714],[54.5317971,24.4168843],[54.5318309,24.4171862],[54.5320008,24.4173266],[54.5321292,24.4173419],[54.5322911,24.4172848],[54.5326227,24.4170938],[54.5330964,24.4168473],[54.5330355,24.4167241],[54.5328934,24.4165762],[54.5322302,24.4161941],[54.5321151,24.4161017]]]}},{"type":"Feature","properties":{"layer":"water","subtype":"water","class":"water","name":""},"geometry":{"type":"Polygon","coordinates":[[[54.5342899,24.413523],[54.5339946,24.4134684],[54.5335338,24.4134341],[54.5334141,24.4135437],[54.5333145,24.413713],[54.5333145,24.4139427],[54.5334179,24.4140798],[54.5335734,24.4141301],[54.533819,24.414257],[54.5340712,24.4145834],[54.534204,24.4149098],[54.5343929,24.4149604],[54.5345953,24.4149461],[54.5347749,24.4148796],[54.5348944,24.4147768],[54.5348678,24.4144565],[54.5347019,24.4143174],[54.5345293,24.4141784],[54.5345094,24.4140394],[54.5345094,24.4137976],[54.5344496,24.4136404],[54.5342899,24.413523]]]}},{"type":"Feature","properties":{"layer":"water","subtype":"human_made","class":"swimming_pool","name":""},"geometry":{"type":"Polygon","coordinates":[[[54.5348013,24.4211565],[54.534831,24.4211531],[54.5348478,24.421165],[54.5348627,24.4211921],[54.534885,24.4211802],[54.5348887,24.4211548],[54.5348682,24.4211311],[54.5348571,24.4211023],[54.534818,24.4211142],[54.5348124,24.4210752],[54.5347678,24.4210617],[54.5347287,24.4210837],[54.5347231,24.4211142],[54.5347548,24.4211481],[54.5347641,24.421187],[54.5347938,24.4211836],[54.5348013,24.4211565]]]}},{"type":"Feature","properties":{"layer":"water","subtype":"water","class":"water","name":""},"geometry":{"type":"MultiPolygon","coordinates":[[[[54.5295169,24.4100067],[54.5294783,24.4100589],[54.5294337,24.4101431],[54.5294218,24.4101955],[54.5294179,24.4102634],[54.5294264,24.4103589],[54.5294454,24.4103938],[54.5294746,24.4104324],[54.5295177,24.4104693],[54.5295789,24.4104981],[54.5296348,24.41051],[54.5296936,24.4105078],[54.5297535,24.4104873],[54.5297827,24.4104646],[54.5298069,24.4104375],[54.5298392,24.4104475],[54.5298434,24.410484],[54.5298547,24.4104995],[54.5298913,24.4105082],[54.5299223,24.4105143],[54.5299541,24.4105212],[54.529992,24.4105385],[54.5300345,24.4105743],[54.5300822,24.4106347],[54.530099,24.4106718],[54.5301105,24.4107136],[54.5301275,24.4108037],[54.5301373,24.410884],[54.5301296,24.4109547],[54.530116,24.4110418],[54.5300624,24.4111203],[54.5299385,24.4112456],[54.529783,24.4113435],[54.5297218,24.4113823],[54.5297097,24.4114035],[54.5297064,24.4114284],[54.5297017,24.4114542],[54.5297412,24.4115186],[54.5298119,24.4115817],[54.529833,24.4116124],[54.5298523,24.4116495],[54.5298626,24.4116996],[54.5298676,24.4117544],[54.5298618,24.411791],[54.5298508,24.4118293],[54.5298086,24.4119178],[54.5297708,24.4119664],[54.5297137,24.4120278],[54.5296847,24.4120603],[54.5296758,24.4120871],[54.5296722,24.4121184],[54.5296814,24.4121391],[54.529693,24.4121543],[54.5297137,24.4121635],[54.5297431,24.4121647],[54.5298026,24.4121713],[54.5298738,24.4121746],[54.5299624,24.4121889],[54.5300119,24.4122018],[54.5301207,24.4122696],[54.5301455,24.4123014],[54.5301561,24.4123313],[54.530165,24.4123619],[54.530171,24.4124739],[54.5301675,24.4125104],[54.5301605,24.4125438],[54.5301674,24.4125835],[54.5301824,24.4126012],[54.5302095,24.4126124],[54.5302402,24.412611],[54.5302684,24.4126017],[54.5302896,24.4125863],[54.5303039,24.412554],[54.5303222,24.4125181],[54.5303393,24.4124798],[54.5304161,24.412374],[54.530433,24.4123166],[54.5304346,24.4122593],[54.5304319,24.4121792],[54.5304035,24.4121001],[54.5303397,24.4120446],[54.5302851,24.4119974],[54.5302111,24.411936],[54.530166,24.4118696],[54.5301485,24.411829],[54.5301441,24.4117756],[54.5301742,24.4117108],[54.5302084,24.4116559],[54.5302153,24.4115269],[54.5302384,24.4114694],[54.5302782,24.4113447],[54.5302928,24.411299],[54.5302897,24.4111259],[54.5302736,24.4110399],[54.5302605,24.410933],[54.5302374,24.4107794],[54.5302113,24.4106536],[54.5301916,24.4105831],[54.530191,24.4105144],[54.5302171,24.4104018],[54.5302763,24.4102421],[54.5303295,24.4101374],[54.5303785,24.4100655],[54.53042013306039,24.41],[54.53023748822222,24.41],[54.5302179,24.4100181],[54.5301887,24.410031],[54.5301646,24.4100587],[54.5301417,24.4100803],[54.5301097,24.4100845],[54.5300798,24.4100689],[54.5300564,24.4100489],[54.5300035,24.4100179],[54.5299541,24.4100019],[54.5299505441767,24.41],[54.529522834731935,24.41],[54.5295169,24.4100067]]],[[[54.5287636,24.4100322],[54.5287742,24.4100617],[54.5287989,24.4100875],[54.5288371,24.4100962],[54.5288742,24.410096],[54.5289019,24.4100849],[54.5289356,24.4100628],[54.5289706,24.4100299],[54.528998212568304,24.41],[54.52875506212121,24.41],[54.5287636,24.4100322]]]]}},{"type":"Feature","properties":{"layer":"water","subtype":"ocean","class":"ocean","name":""},"geometry":{"type":"MultiPolygon","coordinates":[[[[54.5699339,24.4385837],[54.5696392,24.4384715],[54.5692956,24.4383908],[54.5689898,24.4383517],[54.5686652,24.4383957],[54.5683434,24.4384909],[54.5681693,24.4385594],[54.5680835,24.4386082],[54.5680349,24.4387082],[54.5680084,24.4387792],[54.5679306,24.4388622],[54.5678153,24.4388988],[54.5677265,24.4388914],[54.5676436,24.4388768],[54.5675682,24.4389231],[54.56748,24.4389745],[54.5673805,24.4389842],[54.5673107,24.4389671],[54.5672332,24.4389208],[54.5671876,24.4388378],[54.567193,24.4387352],[54.5672359,24.4386497],[54.5673164,24.4386107],[54.5673939,24.4385959],[54.5674693,24.4386131],[54.567539,24.4384153],[54.5676221,24.4381687],[54.5676997,24.438005],[54.5678313,24.4377926],[54.5678016,24.4377486],[54.567359,24.4376338],[54.5673161,24.4375923],[54.5673378,24.4374092],[54.5672623,24.4373859],[54.5671796,24.4375387],[54.5671471,24.4375508],[54.5671259,24.4375313],[54.5671286,24.4374972],[54.5672687,24.4372837],[54.5672329,24.4372187],[54.5670213,24.4372432],[54.5670079,24.4372749],[54.5670371,24.4373188],[54.567064,24.4374311],[54.5670613,24.4375459],[54.5670532,24.4376899],[54.5667904,24.4386252],[54.5667502,24.4386545],[54.5666887,24.4386375],[54.566667,24.4385886],[54.5666831,24.4385031],[54.5667424,24.4382859],[54.5668148,24.4380686],[54.5668765,24.4378805],[54.5669421,24.4376794],[54.5669502,24.4375284],[54.5668974,24.4375294],[54.5668985,24.4375477],[54.5668261,24.4375503],[54.5668279,24.4374897],[54.5669004,24.4374873],[54.5669004,24.4375141],[54.5669462,24.4375167],[54.566914,24.4373482],[54.5669248,24.4372871],[54.5669677,24.4372701],[54.5669972,24.4371846],[54.566796,24.4370478],[54.5663856,24.4369624],[54.5660209,24.4369419],[54.5657361,24.4369763],[54.5656227,24.4374358],[54.5657103,24.4375198],[54.5657684,24.437669],[54.5657585,24.4377845],[54.5657056,24.4378902],[54.5655663,24.4379993],[54.5654436,24.4380311],[54.5653176,24.4380227],[54.5652024,24.4379757],[54.5651119,24.4378957],[54.5650574,24.4377933],[54.5650448,24.4377326],[54.5650545,24.4376191],[54.5651068,24.4375145],[54.5651952,24.4374325],[54.5653082,24.4373834],[54.5653853,24.4373716],[54.5654627,24.4370177],[54.5653016,24.4368605],[54.5650571,24.4366911],[54.5646085,24.4364451],[54.5637304,24.4361377],[54.5632918,24.4361182],[54.562855,24.4361575],[54.5626519,24.4366232],[54.5627187,24.4366825],[54.5627792,24.4367863],[54.5627951,24.4369099],[54.5627833,24.4369723],[54.5627318,24.4370724],[54.562653,24.4371471],[54.562562,24.4371925],[54.5624408,24.4372131],[54.5623204,24.4371957],[54.5622306,24.4371544],[54.5621575,24.4370928],[54.5620991,24.4370001],[54.5620808,24.4369369],[54.5620779,24.4368556],[54.5621079,24.4367513],[54.5621804,24.4366551],[54.5622653,24.4365972],[54.5624015,24.4365594],[54.5625493,24.4362032],[54.562214,24.4359137],[54.562027,24.4357927],[54.5619329,24.4357559],[54.5618444,24.4357584],[54.5617505,24.4358121],[54.561268,24.4369624],[54.5611964,24.4370354],[54.5611481,24.4370891],[54.5611213,24.4371868],[54.5611052,24.4372698],[54.5611374,24.4374164],[54.5611088,24.4377243],[54.5613877,24.4380857],[54.5616854,24.4380649],[54.5621673,24.4380708],[54.562427,24.4381087],[54.562447,24.4381541],[54.5624524,24.4382132],[54.5624372,24.4382735],[54.5624313,24.4383144],[54.562441,24.4383485],[54.5624742,24.438387],[54.5625404,24.4384272],[54.5625803,24.4384524],[54.5626106,24.4384832],[54.5626692,24.4385547],[54.5627107,24.4386013],[54.5627594,24.438631],[54.5628199,24.4386547],[54.5628828,24.4386741],[54.5629578,24.4386801],[54.5631008,24.4386856],[54.5632772,24.4387168],[54.5634445,24.4387447],[54.5635281,24.4387684],[54.5636152,24.4388062],[54.5637282,24.4388593],[54.5638569,24.4389133],[54.5639693,24.438954],[54.5640361,24.4389742],[54.5640955,24.4389826],[54.5641564,24.4389881],[54.5642222,24.4389767],[54.5642738,24.4389608],[54.5643183,24.4389405],[54.5643599,24.4389103],[54.5643912,24.4388847],[54.5644264,24.4388389],[54.5644523,24.4387825],[54.56447,24.4387186],[54.5644772,24.4386526],[54.5645986,24.4387028],[54.5647335,24.4387688],[54.5649837,24.4388981],[54.5655326,24.4392257],[54.5665003,24.4398171],[54.5663149,24.4403537],[54.5662417,24.4403334],[54.5661114,24.4403482],[54.5659643,24.4403842],[54.5657867,24.4404544],[54.5657145,24.4405108],[54.5656793,24.440524],[54.5656629,24.4405628],[54.5656166,24.4406156],[54.5655963,24.4406529],[54.5655637,24.4406804],[54.5655244,24.4407505],[54.5655148,24.4408143],[54.5654918,24.440865],[54.5654605,24.4408903],[54.5654353,24.4409171],[54.5653556,24.4409468],[54.565342,24.4409596],[54.565345,24.4409753],[54.5653761,24.4410043],[54.5653808,24.441021],[54.5653795,24.441042],[54.5653662,24.4410727],[54.5653786,24.4411197],[54.5653915,24.4411378],[54.5653941,24.4411539],[54.5653795,24.4411794],[54.565348,24.4412134],[54.565323,24.4412646],[54.565314,24.4413355],[54.5653131,24.4414075],[54.5653157,24.4414525],[54.565325,24.4415301],[54.565322,24.4416191],[54.5653049,24.4416839],[54.5652892,24.4417193],[54.5652838,24.441756],[54.5652829,24.4417829],[54.5652446,24.4418121],[54.5651945,24.4418626],[54.5651584,24.441912],[54.5651084,24.4419611],[54.565077,24.4420026],[54.5650563,24.4420538],[54.5650372,24.4421116],[54.5650365,24.4421603],[54.5650247,24.4421836],[54.5649531,24.4422165],[54.5648742,24.4422584],[54.5647885,24.4422983],[54.5646949,24.4422815],[54.5644928,24.4422481],[54.5642934,24.4421959],[54.564108,24.4421304],[54.5639248,24.4420832],[54.5634304,24.4419533],[54.5634023,24.4418996],[54.5633958,24.441841],[54.5633772,24.4417483],[54.5633257,24.4416164],[54.5632122,24.4414999],[54.5630451,24.441396],[54.5628539,24.4413087],[54.5626846,24.4412696],[54.5624447,24.4412514],[54.5622515,24.4412738],[54.56207,24.4413183],[54.5618922,24.4413375],[54.5617768,24.4413336],[54.5616508,24.441351],[54.561539,24.4413376],[54.5614702,24.441293],[54.5614062,24.4412656],[54.5613039,24.4412313],[54.561153,24.4411928],[54.5610591,24.4411667],[54.5609967,24.441156],[54.560952,24.441143],[54.5609355,24.4411103],[54.5609425,24.4410554],[54.5609497,24.441005],[54.5609284,24.4409635],[54.5609327,24.4409089],[54.5609229,24.4408026],[54.5609152,24.4407417],[54.5609286,24.4406729],[54.5609228,24.4406219],[54.560882,24.4405751],[54.5608135,24.4405329],[54.560668,24.4404961],[54.5605524,24.4404465],[54.5603848,24.4404065],[54.5602482,24.4403843],[54.560142,24.4403453],[54.5600465,24.4403365],[54.5599588,24.440303],[54.5599099,24.4402755],[54.5598712,24.4402861],[54.5597424,24.4403319],[54.5597001,24.4403375],[54.5596162,24.4402743],[54.5595087,24.4402687],[54.5594126,24.4402919],[54.5593568,24.4403394],[54.5593227,24.4403994],[54.5592792,24.4404506],[54.5592149,24.4404992],[54.5590816,24.4405165],[54.5589399,24.4405006],[54.5587929,24.4404465],[54.5586716,24.4403974],[54.5586282,24.4403501],[54.5586088,24.4402994],[54.5586307,24.440194],[54.5586738,24.4400606],[54.5588008,24.439741],[54.5588605,24.4396383],[54.5589225,24.4395469],[54.5590283,24.4393942],[54.5591809,24.4392086],[54.5593388,24.4390427],[54.559474,24.4389182],[54.5596233,24.438795],[54.5598303,24.4386505],[54.5600944,24.4384938],[54.5602973,24.4383915],[54.5604952,24.438308],[54.5605174,24.4383506],[54.5608477,24.438232],[54.5611718,24.4381333],[54.5609005,24.437814],[54.5607887,24.4377826],[54.5601772,24.4379633],[54.560204,24.438022],[54.5598285,24.4381978],[54.5596318,24.4383274],[54.5592966,24.4385618],[54.5591407,24.438381],[54.5589744,24.4382174],[54.5588459,24.4381198],[54.558677,24.43801],[54.5584916,24.4379048],[54.5583092,24.4378291],[54.557411,24.4375729],[54.5573329,24.4379219],[54.5581403,24.4381563],[54.5574351,24.440237],[54.5559999,24.439829],[54.5561472,24.4393713],[54.554935,24.4390281],[54.5547288,24.4396338],[54.554313,24.439409959261916],[54.5541706,24.4393333],[54.554313,24.4388549],[54.5533367,24.4385789],[54.5531436,24.4390478],[54.5525613,24.4390037],[54.5525106,24.4390038],[54.5526769,24.4385228],[54.5489966,24.4374848],[54.5488306,24.4379611],[54.54827,24.4376656],[54.5484038,24.4371796],[54.5474356,24.4369036],[54.54724,24.4373653],[54.5466043,24.4373189],[54.5468109,24.4367109],[54.5455875,24.4363664],[54.5454269,24.4368207],[54.5439997,24.4364153],[54.5447024,24.4343347],[54.546993,24.4349892],[54.5470681,24.4347572],[54.549804,24.4355386],[54.5497264,24.4357609],[54.5531192,24.4367278],[54.5531996,24.4364983],[54.554313,24.43681739105378],[54.5559516,24.437287],[54.5558765,24.4375215],[54.5570379,24.4378487],[54.55718,24.4375019],[54.5568316,24.4374068],[54.5569067,24.4371797],[54.5554527,24.436762],[54.554313,24.436437701741305],[54.553213,24.4361247],[54.5525535,24.4360955],[54.5521589,24.4360465],[54.5517756,24.4359612],[54.5512017,24.4357927],[54.5508312,24.4356509],[54.5503782,24.4354337],[54.5500481,24.435226],[54.5500671,24.4352029],[54.5500885,24.4351675],[54.5500972,24.4351133],[54.5500955,24.4350516],[54.5500878,24.4349823],[54.5500802,24.4349176],[54.5500644,24.4348806],[54.5500443,24.434855],[54.5500091,24.4348298],[54.549902,24.4347984],[54.5497348,24.4347534],[54.5495163,24.4346853],[54.549333,24.434629],[54.5492472,24.4345988],[54.5491493,24.434583],[54.5490697,24.4345519],[54.5489857,24.4345278],[54.5489555,24.4345188],[54.5489354,24.4345248],[54.5489069,24.4345469],[54.5488713,24.4345836],[54.5488496,24.4346045],[54.5488429,24.434631],[54.5488169,24.4346415],[54.5487831,24.4346787],[54.5487451,24.4347377],[54.548717,24.4347559],[54.5486783,24.4348301],[54.5463332,24.4341662],[54.5462503,24.4343934],[54.5452311,24.4341053],[54.5444315,24.4338733],[54.5434847,24.4366814],[54.5422827,24.4363402],[54.5423075,24.4362792],[54.5423249,24.4362122],[54.5423422,24.4361363],[54.5423597,24.4360749],[54.5423589,24.4360189],[54.5423526,24.4359496],[54.5423219,24.4358923],[54.5422733,24.4358494],[54.5421893,24.4358169],[54.542011,24.4357677],[54.541831,24.4357224],[54.5416705,24.4356651],[54.5414724,24.4356014],[54.5413983,24.4355793],[54.541356,24.4355787],[54.5413066,24.4355916],[54.5412766,24.4356146],[54.5412491,24.4356516],[54.541219,24.4357011],[54.541193,24.4357765],[54.5411642,24.4358258],[54.5411441,24.4358644],[54.5411183,24.4359012],[54.541099,24.4359092],[54.5410559,24.4358929],[54.5409589,24.4358539],[54.540826,24.4358489],[54.5406053,24.435772],[54.5403338,24.435686],[54.5401065,24.4356293],[54.539956,24.4355928],[54.539832,24.4356407],[54.5389786,24.435397],[54.5400661,24.4321962],[54.538639,24.4317878],[54.5385811,24.4319429],[54.5381304,24.431817],[54.5379891,24.4321947],[54.5394597,24.4326206],[54.5389246,24.4342001],[54.5387293,24.4341479],[54.5386183,24.4344999],[54.5373475,24.4341374],[54.5374049,24.4339423],[54.5362872,24.4336356],[54.5361034,24.4341827],[54.5347963,24.4338186],[54.5350967,24.432949],[54.5345225,24.4327957],[54.5343809,24.4332069],[54.5328306,24.4327782],[54.5329722,24.4323426],[54.5324172,24.4321788],[54.5321148,24.4330396],[54.5308013,24.4326696],[54.5309909,24.4321199],[54.5298725,24.4318098],[54.5298191,24.4319856],[54.5285421,24.4316266],[54.5286577,24.4312823],[54.5284699,24.4312286],[54.5290222,24.4296437],[54.5294788,24.4297735],[54.5300848,24.4299458],[54.5315732,24.430369],[54.5316293,24.43022],[54.5332681,24.4306791],[54.5332547,24.4307255],[54.5335364,24.4308086],[54.5334964,24.4309502],[54.5339602,24.4310839],[54.5344513,24.4312256],[54.5349528,24.4313702],[54.5350089,24.431231],[54.5352932,24.4313116],[54.5353093,24.4312652],[54.5369513,24.4317302],[54.5369023,24.4318837],[54.5377839,24.4321369],[54.5379301,24.4317671],[54.5374365,24.4316243],[54.5374959,24.4314758],[54.5348187,24.4307084],[54.5347541,24.4308696],[54.5339685,24.4306425],[54.5340275,24.4304789],[54.5313426,24.429717],[54.5312833,24.4298659],[54.5301487,24.4295411],[54.5302077,24.4293848],[54.5295075,24.429189],[54.5287757,24.4289843],[54.5287351,24.4291031],[54.5281534,24.4308061],[54.5266454,24.4303693],[54.5266192,24.4303617],[54.5268955,24.4295656],[54.5266377,24.4294801],[54.5266171,24.4294742],[54.5249197,24.4289868],[54.5246448,24.4297902],[54.5195808,24.4283396],[54.5203292,24.4262296],[54.5208897,24.4263957],[54.5212575,24.4253871],[54.5206808,24.4252186],[54.5211338,24.4239413],[54.5227271,24.4250232],[54.5227971,24.4249915],[54.5229258,24.4250086],[54.5229607,24.4250501],[54.5229845,24.4251136],[54.5228909,24.4257827],[54.5229094,24.4258487],[54.5229711,24.4258853],[54.5230841,24.4258829],[54.5231753,24.4258413],[54.523312,24.4258072],[54.5234491,24.4257863],[54.5235186,24.4258096],[54.5235776,24.4258389],[54.5237117,24.4259073],[54.5243313,24.4260782],[54.5244437,24.4260489],[54.5246371,24.4258242],[54.5246719,24.4257314],[54.5246824,24.4256509],[54.524669,24.4255654],[54.5246341,24.4254946],[54.5245885,24.4254384],[54.5245027,24.4254359],[54.5244544,24.4254579],[54.5244171,24.4254335],[54.5244305,24.4254042],[54.5240494,24.4252039],[54.5239263,24.4250892],[54.5237973,24.4249011],[54.5236444,24.4247131],[54.5233815,24.4245275],[54.5227887,24.4241611],[54.5221506,24.4237875],[54.5211767,24.4236556],[54.5199644,24.4236361],[54.5189317,24.4236776],[54.5173653,24.4238168],[54.5165151,24.4238448],[54.5163783,24.4238606],[54.5162992,24.4239009],[54.5159586,24.4240975],[54.5159465,24.4241513],[54.5159277,24.4241818],[54.5158754,24.4242196],[54.515803,24.4242404],[54.5149688,24.424277],[54.5144042,24.4243076],[54.5138557,24.4243393],[54.5126661,24.4243919],[54.512496,24.424398],[54.5124528,24.4244115],[54.5124247,24.424442],[54.5124114,24.4244736],[54.5123764,24.4245067],[54.5123067,24.4245201],[54.5120224,24.4245348],[54.511966,24.4245226],[54.5119365,24.4244859],[54.5119151,24.4244151],[54.5118802,24.4243614],[54.5118453,24.4243199],[54.5117997,24.4242979],[54.5109173,24.4243125],[54.5097693,24.4243199],[54.5096569,24.4242784],[54.5094474,24.4242784],[54.5091658,24.4242735],[54.5090695,24.4242466],[54.5089056,24.424271],[54.5086589,24.4242979],[54.5084714,24.4243565],[54.5084067,24.4243565],[54.508329,24.4243614],[54.5082166,24.4244054],[54.50816,24.4243272],[54.5081332,24.4243248],[54.5080422,24.4243834],[54.5079213,24.4243492],[54.5078059,24.4243565],[54.5077416,24.4243956],[54.5077308,24.424442],[54.5076021,24.4244444],[54.507476,24.4244371],[54.5073526,24.4244322],[54.5071166,24.4244566],[54.5069774,24.4244859],[54.5068859,24.4244713],[54.506666,24.4244786],[54.5064863,24.4244737],[54.5063575,24.4244615],[54.5062532,24.4244908],[54.506033,24.4244664],[54.5053463,24.4245152],[54.5051371,24.4245177],[54.5050325,24.4245348],[54.5049845,24.4245665],[54.5048394,24.4245397],[54.5045551,24.4245665],[54.5043512,24.424591],[54.5042144,24.4246203],[54.5041825,24.4246642],[54.5041018,24.4246838],[54.5040857,24.4246691],[54.5040669,24.424696],[54.504024,24.424735],[54.5039784,24.4247546],[54.5036995,24.4247668],[54.5036646,24.4247595],[54.5036059,24.4247277],[54.5035922,24.4247033],[54.5034983,24.4247106],[54.5034312,24.4247033],[54.5033696,24.4246935],[54.5031925,24.4246471],[54.5029917,24.4246497],[54.5028063,24.424652],[54.5027261,24.4246911],[54.5023879,24.4246886],[54.5020821,24.4247131],[54.5020341,24.4246838],[54.501956,24.4246618],[54.5018514,24.4246862],[54.5016127,24.4246593],[54.5012774,24.4246178],[54.5011299,24.4245739],[54.5009691,24.424591],[54.5008752,24.4245421],[54.5007921,24.4245152],[54.500717,24.424525],[54.5006177,24.4245299],[54.5005669,24.424503],[54.5004836,24.4245128],[54.5003549,24.4244908],[54.5001832,24.4244835],[54.5000116,24.4245568],[54.4998588,24.4246129],[54.4996924,24.4246056],[54.4995717,24.4245787],[54.4994805,24.4245812],[54.4993973,24.4246667],[54.4992874,24.4247057],[54.4991372,24.4247204],[54.4989494,24.4247424],[54.4988314,24.4247179],[54.4987965,24.4246593],[54.4987161,24.4246764],[54.4986302,24.4247204],[54.4985176,24.4247106],[54.4984426,24.4246471],[54.4983544,24.4246267],[54.4982176,24.4246169],[54.4980352,24.4245998],[54.4978716,24.4245876],[54.4977107,24.4246096],[54.4975417,24.4246316],[54.4973942,24.4245852],[54.4971604,24.424591],[54.4968251,24.4245861],[54.4963074,24.4246203],[54.496235,24.4246862],[54.4960553,24.4246764],[54.4959051,24.4246911],[54.4957366,24.4247219],[54.4956266,24.4248562],[54.4954761,24.4248596],[54.4951353,24.4248523],[54.494961,24.4248474],[54.4940195,24.4248694],[54.4936011,24.4249109],[54.4933624,24.4249426],[54.4930487,24.4250159],[54.4928527,24.4250257],[54.4927428,24.4249817],[54.4926578,24.424932],[54.4926276,24.4248913],[54.492582,24.4248913],[54.4925203,24.4249622],[54.4924209,24.4249573],[54.4923138,24.424989],[54.492209,24.4249817],[54.4920239,24.4249719],[54.4919676,24.4249671],[54.4918818,24.4249573],[54.4918094,24.4249206],[54.4917477,24.424928],[54.4916887,24.4249402],[54.4916484,24.4249304],[54.4915493,24.4248938],[54.4914152,24.424884],[54.49123,24.4249158],[54.4910852,24.4249011],[54.4909506,24.4248621],[54.4907554,24.4247814],[54.4906615,24.4247692],[54.4905945,24.4247326],[54.4904684,24.4247033],[54.4903531,24.4246715],[54.4902297,24.4246178],[54.4901492,24.4245861],[54.4900874,24.4245714],[54.4899506,24.4245421],[54.4897628,24.4244737],[54.4896556,24.4244078],[54.4894449,24.4244095],[54.4892035,24.4243118],[54.4881005,24.4234383],[54.4880502,24.4233984],[54.487727,24.4231884],[54.4872554,24.4226168],[54.4869719,24.4220992],[54.4868378,24.42143],[54.4868646,24.4209269],[54.4870171,24.4202951],[54.4871941,24.4195913],[54.4872575,24.4195646],[54.4873199,24.41924],[54.4873301,24.4191872],[54.4872588,24.4191655],[54.4871981,24.4190994],[54.4871545,24.4190441],[54.4871664,24.4189984],[54.4872033,24.4189551],[54.4873893,24.4189586],[54.4874649,24.4186111],[54.4874345,24.4185846],[54.4874754,24.4184999],[54.4874923,24.4184676],[54.4875581,24.4182985],[54.4875849,24.4182106],[54.4876251,24.418079],[54.4876754,24.4179982],[54.4878057,24.4178728],[54.4878795,24.4177497],[54.4880295,24.4173058],[54.4880054,24.4172424],[54.4878179,24.4171985],[54.4876626,24.417118],[54.4876572,24.4170229],[54.4877269,24.4169814],[54.4881286,24.4171034],[54.4882256,24.417086],[54.4883389,24.4168666],[54.4885291,24.4164459],[54.4886349,24.4162033],[54.4886148,24.4160447],[54.4884763,24.4159505],[54.4884151,24.4159057],[54.4887417,24.415925],[54.4888148,24.415891],[54.4888094,24.4158349],[54.4883014,24.4156033],[54.4882719,24.4155521],[54.4882891,24.4155052],[54.4883722,24.415471],[54.4888121,24.4156395],[54.489016,24.4153928],[54.4891742,24.4150191],[54.4892118,24.4148115],[54.4888282,24.4146552],[54.4888148,24.4145844],[54.4888819,24.4145355],[54.4892949,24.4146723],[54.4894455,24.4145645],[54.4896168,24.414306],[54.4897164,24.4140113],[54.4897267,24.4138346],[54.4894736,24.4137573],[54.4893405,24.4136929],[54.4893181,24.4136437],[54.4893476,24.4135949],[54.4893985,24.4135753],[54.4898189,24.4136955],[54.489884,24.4137011],[54.4899283,24.4136681],[54.4900174,24.4134883],[54.4902364,24.4130115],[54.4902515,24.4129598],[54.490223,24.4128967],[54.4897955,24.412762],[54.4897673,24.4127071],[54.4897942,24.4126448],[54.4898371,24.4126179],[54.4901053,24.4126765],[54.4901761,24.4125632],[54.4902421,24.4124018],[54.4902917,24.4122051],[54.4903279,24.4118827],[54.4900986,24.4118131],[54.4900973,24.4117264],[54.4901522,24.4116727],[54.4903722,24.4117093],[54.4904285,24.4116336],[54.4904788,24.4112917],[54.4904661,24.4109613],[54.4904231,24.410838],[54.49029,24.4108109],[54.4902113,24.4107769],[54.4902153,24.4106866],[54.4902823,24.410656],[54.4905126,24.4106619],[54.4905327,24.4103384],[54.49049963947577,24.41],[54.48756612089459,24.41],[54.48755,24.4102643],[54.4875614,24.4105794],[54.4876391,24.4106197],[54.4873555,24.4110935],[54.4872777,24.4112413],[54.4871812,24.4115063],[54.4870739,24.41188],[54.4867882,24.4128239],[54.4868801,24.4129742],[54.4868995,24.4130315],[54.4868955,24.4131103],[54.4868787,24.4131872],[54.4868177,24.4135188],[54.4868097,24.4137081],[54.4867822,24.4138192],[54.4867339,24.4138882],[54.4866742,24.4139273],[54.4866233,24.4139835],[54.4865569,24.4140751],[54.4864918,24.4142338],[54.4864094,24.4145397],[54.4861391,24.4156339],[54.4859943,24.4162799],[54.4858132,24.4173044],[54.4856939,24.4180115],[54.4856778,24.4180542],[54.4856308,24.4181629],[54.4856174,24.418224],[54.4856121,24.4183858],[54.4856174,24.4185708],[54.4856268,24.4188199],[54.4856274,24.418841],[54.4856295,24.41892],[54.4856201,24.418956],[54.4855839,24.4189982],[54.4855142,24.4190397],[54.4854605,24.4191313],[54.4853787,24.4192949],[54.4852929,24.4194207],[54.4850568,24.4199494],[54.4849791,24.420201],[54.4848986,24.420632],[54.4848262,24.4208396],[54.4847323,24.4210033],[54.4846612,24.4210814],[54.4846196,24.421151],[54.4845311,24.4214026],[54.4844654,24.4216761],[54.4844654,24.4218373],[54.4845003,24.4219985],[54.4847169,24.4225138],[54.4847598,24.4225394],[54.4848067,24.4225461],[54.484906,24.4225614],[54.4849408,24.4225907],[54.4849435,24.422617],[54.4849062,24.4226642],[54.4848678,24.4226798],[54.4848523,24.4227116],[54.4848543,24.4227806],[54.4848617,24.4228093],[54.4848869,24.4228242],[54.484961,24.422823],[54.4849817,24.4228383],[54.4849888,24.4228603],[54.4849801,24.4228893],[54.4849616,24.4229048],[54.4849486,24.4229097],[54.4848731,24.4229021],[54.4848557,24.4229482],[54.484857,24.4229754],[54.4848634,24.4229964],[54.4848735,24.4230318],[54.4848825,24.4230654],[54.4848778,24.4230914],[54.4848631,24.4231057],[54.4848329,24.4231216],[54.4848034,24.42315],[54.4847256,24.4232678],[54.4843957,24.4236433],[54.4840524,24.4240316],[54.4838431,24.4240536],[54.4836339,24.4240121],[54.4831136,24.4234552],[54.4830438,24.4232977],[54.4830465,24.4231976],[54.4830956,24.4230603],[54.4831907,24.422974],[54.4832767,24.4229297],[54.4833791,24.4229058],[54.483473,24.4229082],[54.4835682,24.4229399],[54.4836359,24.4229717],[54.4836929,24.4230193],[54.4837815,24.4230938],[54.4838398,24.4231439],[54.4839115,24.4232135],[54.4839853,24.4232672],[54.484338,24.4229006],[54.4842522,24.4228111],[54.4841717,24.4227201],[54.4839987,24.4225614],[54.4837989,24.4224356],[54.4836272,24.4223685],[54.483414,24.4223489],[54.4831538,24.4224002],[54.4828843,24.4225284],[54.4826898,24.4226835],[54.4824403,24.4230327],[54.4823545,24.4233478],[54.4823626,24.4235285],[54.4824162,24.4237214],[54.4825396,24.4238948],[54.4828252,24.4241134],[54.4829795,24.4241],[54.4830666,24.4242026],[54.4843125,24.4240047],[54.484562,24.423951],[54.484688,24.4239339],[54.4847256,24.4243723],[54.4847416,24.4244861],[54.4847457,24.4245616],[54.4842321,24.4246226],[54.4838525,24.4246971],[54.4835736,24.4247398],[54.4833034,24.4248369],[54.4832222,24.4248998],[54.4831867,24.4249358],[54.4831257,24.4249938],[54.4830687,24.4250598],[54.4829835,24.4251538],[54.4829077,24.4252399],[54.4828695,24.4252795],[54.4828038,24.4253339],[54.4820447,24.4258974],[54.4814131,24.4265116],[54.4808578,24.4271014],[54.4804924,24.4274347],[54.4802024,24.4274882],[54.4802416,24.4277577],[54.4801913,24.4277644],[54.4802497,24.4280996],[54.4801531,24.4281081],[54.4800954,24.4277522],[54.4800136,24.4277662],[54.48,24.427767485759496],[54.48,24.433562662857145],[54.4800506,24.4335065],[54.4800899,24.4334812],[54.480198,24.4334116],[54.480359,24.4333433],[54.4806218,24.4333359],[54.4813031,24.4333066],[54.4813836,24.4331821],[54.481456,24.4331088],[54.4815713,24.4330722],[54.4817457,24.433038],[54.4819039,24.4330283],[54.4820354,24.4329867],[54.4822526,24.4329941],[54.4825021,24.432977],[54.4826549,24.4329599],[54.4827944,24.4328964],[54.4829656,24.4328697],[54.4830573,24.4328817],[54.4832209,24.4329013],[54.4834167,24.4328891],[54.4840095,24.4328378],[54.4842535,24.4327816],[54.4846183,24.4326131],[54.4849241,24.432574],[54.4850904,24.4325618],[54.4851655,24.4325667],[54.4852191,24.4325936],[54.4861358,24.4325192],[54.486182,24.4325154],[54.4865549,24.4326766],[54.4883493,24.4325643],[54.4886604,24.4323665],[54.4888187,24.4323445],[54.4888508,24.4323714],[54.4889125,24.432364],[54.488942,24.4323323],[54.4889662,24.4323616],[54.4890279,24.4323567],[54.489052,24.432325],[54.4890735,24.4323567],[54.4891352,24.4323543],[54.4891673,24.4323176],[54.4891915,24.4323469],[54.4892559,24.432342],[54.48928,24.4323152],[54.4893015,24.4323396],[54.4893471,24.4323372],[54.4893739,24.4323103],[54.4895719,24.4322966],[54.4907499,24.4322151],[54.4913721,24.4324935],[54.4914043,24.4324666],[54.4914955,24.4324764],[54.4916162,24.4325105],[54.4921366,24.4324739],[54.4922975,24.4324544],[54.4925143,24.432312],[54.4925308,24.4321931],[54.4925224,24.4321264],[54.4925577,24.432071],[54.4925845,24.4320539],[54.4926381,24.4320563],[54.4926676,24.4320759],[54.4936037,24.4320026],[54.4936413,24.4320197],[54.4936654,24.4320685],[54.4937298,24.4321491],[54.4937888,24.4322273],[54.4938451,24.432259],[54.4939149,24.4322566],[54.4940141,24.4322395],[54.4941214,24.4322541],[54.4941992,24.432303],[54.4942609,24.4322712],[54.4943521,24.4322541],[54.4944084,24.4322712],[54.4944754,24.4322688],[54.4945076,24.4322346],[54.4945425,24.4322126],[54.4945666,24.4322322],[54.494564,24.432259],[54.4945881,24.4322956],[54.4946873,24.4323665],[54.4947893,24.4324153],[54.49491,24.4324324],[54.4951111,24.4324397],[54.4952774,24.4324104],[54.4953793,24.4324251],[54.4954035,24.4323103],[54.4955081,24.4321809],[54.4955671,24.4320734],[54.4955698,24.4320246],[54.4962967,24.4319831],[54.4963664,24.4320026],[54.4963852,24.4320319],[54.4963879,24.4320734],[54.4963959,24.4321394],[54.4964281,24.4321711],[54.4965005,24.4321735],[54.496522,24.4322151],[54.4965488,24.4322199],[54.4965917,24.4322297],[54.496648,24.4322322],[54.4967821,24.4321882],[54.4968653,24.4320856],[54.4969588,24.4319042],[54.4970155,24.4316021],[54.4970128,24.4312309],[54.4970101,24.4310087],[54.4969722,24.4308297],[54.4969297,24.4307816],[54.4968707,24.4307572],[54.4968998,24.430732],[54.4969212,24.4306734],[54.4968599,24.4306473],[54.496868,24.430491],[54.4968841,24.430425],[54.4968595,24.4302827],[54.4968247,24.4302167],[54.4967795,24.4301468],[54.4966208,24.4301606],[54.4966208,24.4301093],[54.4964898,24.4301126],[54.4954514,24.4301728],[54.4954437,24.4300637],[54.4964764,24.4300027],[54.496463,24.4298757],[54.4966346,24.4298684],[54.4966637,24.4296453],[54.4966132,24.4295216],[54.4966239,24.4294239],[54.496661,24.4293571],[54.4966802,24.4292774],[54.496648,24.4291846],[54.4966936,24.4291162],[54.4967365,24.4291431],[54.4968063,24.4291504],[54.4968733,24.4291309],[54.4969162,24.4290649],[54.4969243,24.4289673],[54.4969779,24.4289526],[54.4970343,24.4289599],[54.4970956,24.4289053],[54.4971147,24.4288354],[54.4971814,24.4288199],[54.4972163,24.4287222],[54.4972323,24.4285732],[54.4971469,24.4285594],[54.4971572,24.4284462],[54.4971228,24.4284373],[54.497104,24.428154],[54.4969346,24.4281703],[54.4968948,24.4276607],[54.4970875,24.4276452],[54.4970772,24.4274361],[54.4971868,24.4274083],[54.4972002,24.4273668],[54.4971845,24.4273091],[54.4971572,24.4273326],[54.4971147,24.4272407],[54.4970768,24.4272447],[54.4970419,24.4271104],[54.497007,24.4268857],[54.4969753,24.4268182],[54.4970128,24.4268011],[54.4970504,24.426762],[54.4970553,24.4266635],[54.49705,24.4264657],[54.4970714,24.4262679],[54.4970423,24.4262101],[54.4970262,24.4261368],[54.4970906,24.4260563],[54.4972837,24.4259537],[54.4974393,24.4259048],[54.4975251,24.4259122],[54.4976431,24.4259024],[54.4978094,24.4258438],[54.4978818,24.4258169],[54.4979489,24.4258511],[54.4979865,24.425878],[54.4981259,24.4258487],[54.4982734,24.4258316],[54.4984719,24.4257852],[54.498598,24.4257608],[54.4986436,24.4257412],[54.4987032,24.4257175],[54.4988582,24.4257779],[54.4989172,24.4257949],[54.4990084,24.4257901],[54.4990513,24.4258072],[54.4990593,24.425834],[54.4991157,24.4258633],[54.4992122,24.4258731],[54.4992176,24.4258975],[54.4993919,24.4258878],[54.4995019,24.4258658],[54.4996146,24.4258145],[54.5000008,24.4257827],[54.5003575,24.425751],[54.5005399,24.4257485],[54.5007384,24.425773],[54.5008591,24.4257803],[54.5012212,24.4257754],[54.5013473,24.4257803],[54.5014623,24.425827],[54.5016262,24.4258658],[54.5018166,24.4258878],[54.5019615,24.4258853],[54.5020874,24.4258638],[54.5022458,24.4258878],[54.5023906,24.4258878],[54.5024255,24.4259219],[54.5024765,24.4258878],[54.5025006,24.4259024],[54.5025838,24.4259317],[54.5028358,24.4259428],[54.5029351,24.4259464],[54.5030666,24.425939],[54.5031792,24.4259293],[54.5032945,24.4259219],[54.5034072,24.4258951],[54.5035306,24.4258853],[54.5036084,24.4258438],[54.5036754,24.4258291],[54.5036996,24.4257998],[54.5037317,24.425773],[54.503785,24.4257623],[54.5040348,24.4257461],[54.5040777,24.4257437],[54.5041099,24.4257559],[54.5041394,24.4257754],[54.5041484,24.4258002],[54.5042573,24.4258163],[54.5043389,24.4258483],[54.5044908,24.4259073],[54.5045605,24.4259586],[54.5046035,24.4259976],[54.5045927,24.4260172],[54.5045498,24.4260196],[54.5045069,24.4260245],[54.5044908,24.4260831],[54.5045391,24.4261613],[54.5046464,24.4261955],[54.5047452,24.4261726],[54.5047291,24.4261213],[54.5047268,24.4260782],[54.5047559,24.4260432],[54.5047832,24.4259976],[54.5047537,24.4259976],[54.5047617,24.425961],[54.5048449,24.4259561],[54.5048449,24.4259903],[54.504818,24.4259928],[54.5048261,24.4260318],[54.5048878,24.426066],[54.5049521,24.4261198],[54.5049817,24.4261832],[54.5050433,24.426171],[54.5051104,24.4261417],[54.5051989,24.4261442],[54.5052901,24.4261613],[54.5053518,24.426215],[54.5053598,24.4262907],[54.5054081,24.4263347],[54.5054779,24.4263786],[54.5055288,24.426447],[54.5056173,24.4264812],[54.505738,24.4264763],[54.5058051,24.4264836],[54.5058426,24.4265593],[54.5058561,24.4267059],[54.5059151,24.4267913],[54.5059097,24.4260611],[54.5058744,24.4260017],[54.5058453,24.4259439],[54.5058507,24.4258951],[54.5059312,24.4258731],[54.5060572,24.4258804],[54.5062262,24.4258584],[54.5062396,24.4258926],[54.5062289,24.4259122],[54.5061779,24.4259171],[54.5061404,24.4259512],[54.5060948,24.4260025],[54.5061484,24.4267205],[54.5062503,24.4267401],[54.5063358,24.4267636],[54.5063415,24.426635],[54.5063362,24.4264226],[54.5063093,24.4262492],[54.5062745,24.4261368],[54.5063147,24.4260807],[54.5063411,24.4260139],[54.5062825,24.4258951],[54.5062691,24.4258194],[54.5062879,24.4257754],[54.5063523,24.4257534],[54.5064113,24.4257608],[54.5064515,24.4258169],[54.50654,24.4257925],[54.5065856,24.4257363],[54.5066741,24.4256875],[54.5068136,24.425668],[54.5069182,24.4256851],[54.5069933,24.4257266],[54.5070711,24.4257021],[54.5071328,24.4256851],[54.5071623,24.4257461],[54.5071006,24.4257437],[54.5070255,24.4257632],[54.5069826,24.4257925],[54.5069182,24.4257974],[54.5068588,24.425777],[54.5067626,24.4257534],[54.5066983,24.4257754],[54.5066764,24.4258112],[54.5066017,24.4258023],[54.5065159,24.4258145],[54.5064569,24.4258462],[54.5064247,24.4259],[54.5064488,24.4260123],[54.5064837,24.4261051],[54.5064783,24.4262003],[54.5064756,24.4263762],[54.5064917,24.4265715],[54.5064971,24.426679],[54.5064917,24.4267669],[54.50654,24.4268011],[54.5066071,24.4267962],[54.5066446,24.4267596],[54.5066983,24.4266619],[54.5067251,24.4266741],[54.5067573,24.4267156],[54.5067734,24.4267767],[54.50676,24.4268768],[54.5068163,24.42685],[54.5068507,24.4268051],[54.5068454,24.4267416],[54.5068619,24.4266302],[54.5069102,24.4266448],[54.5069048,24.4267205],[54.5068914,24.4268011],[54.506958,24.4267954],[54.5069741,24.4266952],[54.5069795,24.4266049],[54.5069826,24.4264739],[54.5070765,24.4264983],[54.5070734,24.4263729],[54.5070738,24.4262712],[54.5070926,24.4261784],[54.5071194,24.4261417],[54.5072293,24.4261173],[54.5073098,24.4261075],[54.5073661,24.4260978],[54.5074332,24.4261149],[54.5074895,24.4260831],[54.5075133,24.4259895],[54.5075163,24.4257925],[54.5075646,24.4257119],[54.5076263,24.4256557],[54.5077202,24.4256191],[54.5077685,24.4256264],[54.5078194,24.4256631],[54.5078302,24.4257241],[54.507806,24.4257705],[54.5077309,24.4258023],[54.5076934,24.425856],[54.5077041,24.4259342],[54.5077256,24.4260367],[54.5077765,24.4260514],[54.5078704,24.426066],[54.507932,24.426061669440458],[54.5079401,24.4260611],[54.5080072,24.4260758],[54.5080313,24.4260978],[54.5080206,24.4261271],[54.5079857,24.4261466],[54.5080819,24.4261531],[54.5080877,24.4261027],[54.5081628,24.4261124],[54.508329,24.4261051],[54.5085168,24.4261368],[54.5086643,24.4261906],[54.5088843,24.4262223],[54.5089755,24.4261784],[54.5090452,24.4261539],[54.5091552,24.4261539],[54.5092732,24.4261832],[54.5093777,24.4262297],[54.5094313,24.4262712],[54.5096027,24.4262874],[54.5096781,24.4262467],[54.5097103,24.4262126],[54.5097934,24.4261515],[54.5098495,24.4260676],[54.5098819,24.4259732],[54.5099299,24.4258869],[54.5100214,24.4258511],[54.5101043,24.4258039],[54.5101394,24.4257266],[54.5101448,24.4256484],[54.5100989,24.4255719],[54.5100053,24.4255361],[54.5098926,24.4255385],[54.5098414,24.4255377],[54.509831,24.425519],[54.5098578,24.4255019],[54.509957,24.4254921],[54.5100777,24.4254921],[54.5101635,24.4254872],[54.5102572,24.4254717],[54.5103057,24.4254994],[54.5103701,24.4255068],[54.5104693,24.4255117],[54.5105739,24.4254897],[54.510689,24.4254986],[54.5107724,24.4255336],[54.510818,24.4255996],[54.5108287,24.425668],[54.5108043,24.4256989],[54.5107292,24.4256818],[54.5107402,24.4256411],[54.5107188,24.4255971],[54.5106675,24.4256012],[54.5105817,24.4255719],[54.5105337,24.4255727],[54.5104881,24.4255752],[54.510472,24.4256411],[54.5104344,24.4256973],[54.5103781,24.4257754],[54.5103593,24.4258487],[54.510531,24.4259293],[54.5106222,24.4260025],[54.5103913,24.4263631],[54.5105468,24.4265414],[54.5108904,24.4264201],[54.5113035,24.4261784],[54.5113649,24.4260627],[54.5113732,24.4259903],[54.511282,24.4259439],[54.5112042,24.4258902],[54.5112177,24.4258047],[54.5111318,24.4257656],[54.5110943,24.4257974],[54.5110377,24.425821],[54.5109009,24.4257575],[54.5109358,24.425672],[54.5109307,24.4255996],[54.5109816,24.4255947],[54.5110216,24.4255645],[54.5110031,24.4254848],[54.511105,24.4254506],[54.5112418,24.4254433],[54.5114,24.4254628],[54.51151,24.4254872],[54.5115634,24.4255108],[54.5116468,24.4255459],[54.5117434,24.4255556],[54.5117836,24.4255825],[54.5117806,24.425606],[54.5117541,24.4255825],[54.5116575,24.4256997],[54.5117836,24.4258145],[54.5117648,24.4258511],[54.5118638,24.4258429],[54.5119174,24.4258845],[54.5119016,24.4256948],[54.5118212,24.425646],[54.5118262,24.4256158],[54.511797,24.4255507],[54.5118343,24.4255206],[54.5118346,24.4254408],[54.5118828,24.4253505],[54.5119577,24.4253325],[54.5119204,24.4252601],[54.5119472,24.4252455],[54.5119848,24.4253261],[54.5120357,24.4253212],[54.5120572,24.4252992],[54.512084,24.4253016],[54.5122691,24.4252943],[54.5122986,24.4252943],[54.5122986,24.4253334],[54.5123442,24.4253847],[54.5124378,24.4253985],[54.5124863,24.4253554],[54.5125346,24.4253187],[54.5126526,24.4253407],[54.5127492,24.4253749],[54.5128163,24.4254018],[54.5128565,24.425436],[54.5128404,24.4254897],[54.5128109,24.4255141],[54.5128189,24.4255483],[54.5128618,24.4255752],[54.5129048,24.425602],[54.5129045,24.4256402],[54.5128511,24.4256948],[54.5129665,24.4258047],[54.513114,24.425961],[54.5132749,24.4261442],[54.5134653,24.4263249],[54.5137041,24.42653],[54.5139079,24.4267254],[54.5141493,24.4270331],[54.5144712,24.4273677],[54.5148011,24.4275484],[54.5153295,24.4277438],[54.5156808,24.4278073],[54.5158606,24.4277999],[54.5159866,24.4278317],[54.5160993,24.4279489],[54.5163836,24.4283323],[54.5164185,24.4283982],[54.5164909,24.4284886],[54.5165526,24.4285399],[54.5166008,24.4286132],[54.5168557,24.4288916],[54.5170139,24.4291138],[54.5174726,24.4297316],[54.5175718,24.4298586],[54.5175718,24.4299075],[54.517655,24.4300344],[54.5177032,24.4300247],[54.5177676,24.430115],[54.5177622,24.4301443],[54.5177998,24.4301907],[54.517891,24.4302689],[54.5180492,24.4304397],[54.5181726,24.4305105],[54.5185052,24.430618],[54.518591,24.4306229],[54.5191838,24.4307987],[54.5192536,24.4307938],[54.5202969,24.4310942],[54.5203372,24.4310551],[54.5205061,24.4311088],[54.5205249,24.431143],[54.5205812,24.431165],[54.520659,24.4311748],[54.5208012,24.4311845],[54.5210104,24.4312383],[54.5211982,24.4312431],[54.5213645,24.4311723],[54.5214849,24.4310788],[54.5216246,24.4310209],[54.5217748,24.4310331],[54.5220591,24.4311113],[54.5224347,24.431226],[54.52266,24.431292],[54.5227646,24.4313579],[54.5227833,24.4314287],[54.5228075,24.4315044],[54.5228316,24.431585],[54.5228743,24.4316575],[54.5230355,24.4317462],[54.5232366,24.4318268],[54.5236819,24.4320197],[54.5241432,24.4321638],[54.5244007,24.4322493],[54.5245241,24.4322737],[54.5246072,24.4322541],[54.5247118,24.4322541],[54.5247521,24.4322908],[54.5248406,24.4323372],[54.5250847,24.4324104],[54.5253288,24.4324886],[54.5256799,24.432566],[54.5259859,24.4326937],[54.5265813,24.4328793],[54.5270936,24.4329892],[54.5275791,24.4331455],[54.527732,24.4332187],[54.5279198,24.4332505],[54.5282175,24.4333237],[54.5288264,24.4335167],[54.5295291,24.4337022],[54.5301138,24.4338341],[54.5304867,24.4339264],[54.5310929,24.4341004],[54.5313209,24.4341492],[54.5313826,24.4341077],[54.531455,24.4341126],[54.5315086,24.4341614],[54.5315489,24.434181],[54.5318278,24.4342664],[54.5321953,24.4344008],[54.5325064,24.434496],[54.5327961,24.4345424],[54.5329409,24.4345912],[54.5331502,24.4346791],[54.5334211,24.4347744],[54.5338601,24.4349224],[54.5342491,24.43502],[54.5347319,24.4351592],[54.5351798,24.4353131],[54.5354802,24.4354059],[54.5358155,24.4354401],[54.536199,24.4355548],[54.536883,24.4357404],[54.537296,24.4358918],[54.5375991,24.4360481],[54.5378915,24.4362532],[54.5384199,24.4366317],[54.5387659,24.4368271],[54.5389456,24.4370151],[54.5391736,24.4373765],[54.5395732,24.4380749],[54.5397047,24.4382751],[54.5397905,24.4384583],[54.5397986,24.4385486],[54.5397503,24.4386756],[54.5397851,24.4388368],[54.5399595,24.4390736],[54.5401016,24.4392739],[54.5401311,24.4392324],[54.5403994,24.439562],[54.5406649,24.4401017],[54.5407534,24.4402702],[54.5407682,24.4403129],[54.5408151,24.4404484],[54.5408366,24.4405925],[54.5408285,24.4407659],[54.5405524,24.4417413],[54.5403699,24.4423653],[54.5404798,24.4418476],[54.5404745,24.4417133],[54.5403886,24.4418012],[54.5401446,24.4421455],[54.5399568,24.4425728],[54.5398924,24.4427389],[54.5398388,24.4429171],[54.5398871,24.4430148],[54.5399273,24.4431247],[54.5398361,24.4432077],[54.5397798,24.4433249],[54.5397422,24.4434128],[54.5396001,24.4435227],[54.5393748,24.4436692],[54.5391843,24.443784],[54.5390207,24.4438523],[54.5388383,24.4439109],[54.5387257,24.4439305],[54.538672,24.4438865],[54.5385701,24.4437717],[54.5384548,24.4436423],[54.538318,24.4434861],[54.5382482,24.4433518],[54.5382563,24.4431833],[54.5383367,24.4430416],[54.5383072,24.4431564],[54.5383099,24.4432492],[54.5384226,24.4434641],[54.5384199,24.4433469],[54.5383743,24.4432101],[54.5384011,24.4430734],[54.538377,24.4429611],[54.5384011,24.4428756],[54.5384682,24.4428121],[54.5385513,24.4428023],[54.5387069,24.4424727],[54.5387659,24.4422261],[54.5388759,24.4419965],[54.5388651,24.44185],[54.5386076,24.440761],[54.5385647,24.4406706],[54.5384682,24.4406462],[54.538385,24.4406657],[54.5382804,24.4407073],[54.5381812,24.4407536],[54.538039,24.4408074],[54.5379183,24.440844],[54.5378915,24.4408806],[54.5377252,24.440905],[54.5375965,24.4409661],[54.5374811,24.441054],[54.5373685,24.4411492],[54.5371941,24.4412567],[54.5370278,24.441325],[54.5369447,24.4415399],[54.5369822,24.4415668],[54.5370305,24.4415839],[54.5370681,24.4415936],[54.5370547,24.4416181],[54.5368267,24.4416522],[54.5365558,24.4417328],[54.5364512,24.4417182],[54.5363331,24.4416962],[54.53625,24.4417865],[54.5362366,24.4418696],[54.5363224,24.4419648],[54.5362366,24.4420429],[54.5361293,24.4421577],[54.5360596,24.4422139],[54.5360327,24.4422871],[54.5359201,24.4424141],[54.535845,24.4424214],[54.5358021,24.4424556],[54.5357484,24.4425484],[54.5357082,24.4426534],[54.5357404,24.4427511],[54.5361668,24.4430905],[54.5362634,24.4431125],[54.5363197,24.4431149],[54.5363787,24.4431442],[54.5364163,24.4431882],[54.5364377,24.4432321],[54.5364216,24.4432736],[54.5363787,24.4432712],[54.5363412,24.4432126],[54.5362875,24.4432004],[54.5362419,24.4432272],[54.5362285,24.4432883],[54.5362983,24.4433322],[54.5362849,24.4433688],[54.5362258,24.4433811],[54.5361481,24.443364],[54.5360864,24.4433005],[54.5359952,24.4431808],[54.5357618,24.4430465],[54.5354265,24.4429293],[54.535271,24.4429318],[54.5351369,24.4429733],[54.5348204,24.4431564],[54.5346782,24.4432932],[54.5343993,24.4435349],[54.5341659,24.4437351],[54.5338682,24.4440037],[54.5336831,24.4441844],[54.533549,24.4442748],[54.5333452,24.4444603],[54.5331413,24.4447118],[54.5330045,24.4449072],[54.5326424,24.4451587],[54.532519,24.4452515],[54.5324547,24.4453711],[54.5323903,24.4454273],[54.5323957,24.4455127],[54.5324386,24.4456592],[54.5325324,24.4459327],[54.5326344,24.4461867],[54.5327095,24.446321],[54.5328597,24.446548],[54.5329348,24.4467263],[54.5329965,24.4468948],[54.5331198,24.447178],[54.5332191,24.4473953],[54.5333827,24.4476761],[54.5337394,24.4482109],[54.5338226,24.4483647],[54.5339057,24.4485258],[54.5339755,24.4487041],[54.5340479,24.4488896],[54.534174,24.449063],[54.5342786,24.4490728],[54.5344985,24.4488433],[54.5347426,24.4485234],[54.5348016,24.448394],[54.5348391,24.4483256],[54.5349169,24.4482865],[54.5349813,24.4482768],[54.5350189,24.4482963],[54.5350376,24.4483525],[54.5350028,24.4484135],[54.5345173,24.4490068],[54.5344288,24.44919],[54.5343966,24.4492999],[54.5344449,24.4494048],[54.5344019,24.4494488],[54.5344717,24.4495758],[54.5346058,24.4496856],[54.5347694,24.4498126],[54.5350296,24.4503351],[54.5351074,24.4504694],[54.53533,24.4507526],[54.5354158,24.4508528],[54.5353836,24.4509309],[54.5354614,24.4510456],[54.5355687,24.4511946],[54.535684,24.4512483],[54.5357833,24.4512971],[54.5358584,24.4513167],[54.5358986,24.451346],[54.5358825,24.4513777],[54.5355741,24.4516072],[54.5355017,24.4516316],[54.5353193,24.4514974],[54.5352978,24.4513948],[54.535338,24.4512923],[54.5352227,24.4510774],[54.5351315,24.4510163],[54.5349625,24.4509407],[54.5348204,24.4508845],[54.5348096,24.4507453],[54.5347775,24.450633],[54.5346031,24.4505475],[54.5345414,24.4502375],[54.5344878,24.4501935],[54.5343671,24.4501349],[54.5343832,24.4499664],[54.534174,24.4496856],[54.534072,24.4494512],[54.5339272,24.4493609],[54.5339245,24.44919],[54.5338172,24.4490606],[54.5335866,24.4487627],[54.533203,24.4480009],[54.5330152,24.4477713],[54.5325566,24.4470828],[54.5324225,24.4468874],[54.5322937,24.4465847],[54.5321462,24.4462721],[54.5319826,24.4460743],[54.5318512,24.4459376],[54.5317171,24.4459132],[54.5316151,24.4459742],[54.5314676,24.4461207],[54.5312799,24.4463283],[54.5311001,24.446443],[54.5309499,24.4464992],[54.5308105,24.446592],[54.5306442,24.4467483],[54.5304537,24.4469119],[54.5303679,24.4469607],[54.5302526,24.4468923],[54.5301453,24.4468728],[54.5301158,24.4469509],[54.5299414,24.4470071],[54.5296839,24.4469753],[54.5294828,24.4470022],[54.5293782,24.4470535],[54.5291475,24.4472024],[54.5290912,24.4472659],[54.5289812,24.4472879],[54.5287908,24.4473196],[54.5286996,24.4474026],[54.5285789,24.447515],[54.5285011,24.4475345],[54.5284367,24.4475955],[54.528316,24.4476541],[54.5282999,24.4477347],[54.5281899,24.4478104],[54.5281497,24.4478788],[54.528021,24.4479301],[54.5280076,24.4480082],[54.5279271,24.4481059],[54.5278064,24.4482304],[54.527903,24.4483085],[54.5279539,24.4484257],[54.5279807,24.4484941],[54.5280076,24.44856],[54.5279861,24.4486211],[54.5278332,24.4486186],[54.5277769,24.4486748],[54.5276589,24.448643],[54.5275838,24.4487554],[54.5276025,24.448897],[54.5275462,24.4489482],[54.5274523,24.4490337],[54.5274577,24.4491289],[54.5274899,24.4492388],[54.5275355,24.449334],[54.5275543,24.4493975],[54.5275167,24.4494537],[54.5273853,24.4494464],[54.5273021,24.4494415],[54.5271493,24.4492974],[54.5270312,24.4492925],[54.5269615,24.4494488],[54.5268193,24.4495025],[54.526594,24.4494244],[54.527219,24.4499884],[54.5272646,24.4499762],[54.5273102,24.4499762],[54.5273316,24.4500275],[54.5272941,24.4500787],[54.5271627,24.4502252],[54.5269776,24.4504059],[54.5268596,24.450528],[54.526873,24.4505866],[54.5266772,24.4508381],[54.5265136,24.4509236],[54.5264143,24.4509773],[54.5263848,24.4510847],[54.5262507,24.4512117],[54.5261702,24.4512703],[54.5261059,24.4513924],[54.5260281,24.4514632],[54.525902,24.4515657],[54.5257786,24.4516243],[54.5257384,24.4516878],[54.5257223,24.451783],[54.5257116,24.4518783],[54.5257545,24.4519881],[54.5258081,24.4520418],[54.5258618,24.4521053],[54.5259369,24.4521835],[54.5260844,24.4523348],[54.52613,24.452391],[54.5261354,24.4524252],[54.525615,24.4529013],[54.5255721,24.4529135],[54.5255212,24.4528964],[54.525446,24.452811],[54.5253254,24.4527304],[54.5252181,24.4526547],[54.525041,24.4525473],[54.5249525,24.4524447],[54.5248882,24.4523177],[54.5248774,24.4522079],[54.5241505,24.4515633],[54.5239287,24.4514031],[54.5238804,24.4513933],[54.5238716,24.4514436],[54.5238429,24.4513982],[54.5237973,24.4514104],[54.5237732,24.4513909],[54.5237509,24.4514705],[54.5236686,24.4515081],[54.5236122,24.4514739],[54.5236203,24.4514104],[54.5235961,24.4513445],[54.5235586,24.4512957],[54.5234942,24.4512664],[54.5234263,24.451302],[54.5235103,24.4513787],[54.5235524,24.4514827],[54.5234835,24.4514568],[54.5234057,24.4513909],[54.5232287,24.4514031],[54.523175,24.4514348],[54.5231294,24.4514617],[54.5230919,24.4514202],[54.5230677,24.4515179],[54.5230141,24.4515276],[54.5229309,24.451513],[54.5228237,24.4515301],[54.522762,24.4516326],[54.5227056,24.4517156],[54.522652,24.4516985],[54.5226359,24.4516131],[54.5226439,24.4515447],[54.5226225,24.4514983],[54.5225554,24.4515789],[54.5224562,24.4515862],[54.5224401,24.4514519],[54.5224428,24.4513372],[54.5224052,24.4512346],[54.5222336,24.4512297],[54.522273,24.4513435],[54.5221558,24.4513201],[54.5220834,24.4512957],[54.5220217,24.4513714],[54.5219922,24.451303],[54.52196,24.45122],[54.5218607,24.4512224],[54.5217856,24.4512395],[54.5217669,24.4511785],[54.5217052,24.4512224],[54.5216328,24.451242],[54.5216086,24.4511711],[54.5215201,24.4511296],[54.5214504,24.4511394],[54.5214952,24.4512214],[54.5215952,24.4513372],[54.5215952,24.4513933],[54.5214691,24.4513299],[54.5213592,24.4512566],[54.5212036,24.4512029],[54.5211285,24.4512078],[54.5210668,24.4512468],[54.5210212,24.4513054],[54.5210311,24.4514046],[54.5209112,24.4513567],[54.5206672,24.4513079],[54.5206028,24.4513469],[54.5205457,24.4514974],[54.520551,24.4516976],[54.5204947,24.452225],[54.5204392,24.4530634],[54.520407,24.4539497],[54.5203874,24.4545567],[54.520297,24.4545601],[54.5202434,24.4536958],[54.5202165,24.4534638],[54.5202353,24.4532001],[54.5202916,24.4530585],[54.5202621,24.4530488],[54.5202621,24.4530048],[54.5203051,24.4530024],[54.5203024,24.4528974],[54.5202621,24.4528974],[54.5202568,24.4528461],[54.5203024,24.4528193],[54.5203265,24.4526508],[54.5203212,24.4525727],[54.5203265,24.4525141],[54.5203319,24.4520355],[54.5203507,24.4515838],[54.5203828,24.4512346],[54.5202997,24.4511809],[54.5202353,24.451259],[54.5201522,24.4511589],[54.5200476,24.4512468],[54.5199644,24.4511541],[54.5199027,24.4511394],[54.519833,24.4511834],[54.519774,24.4511565],[54.5197123,24.4511736],[54.5196613,24.4511956],[54.5195782,24.4512639],[54.5196069,24.4514021],[54.5197069,24.4518206],[54.5197785,24.4520052],[54.5197517,24.4522616],[54.5200012,24.4533139],[54.5198732,24.4533442],[54.519833,24.4534321],[54.5199188,24.4534297],[54.5198947,24.4535151],[54.5198429,24.4536875],[54.5197445,24.453647],[54.5198035,24.4534809],[54.5198544,24.4533149],[54.5197981,24.4529926],[54.5196721,24.4524481],[54.5196104,24.4523529],[54.519597,24.4522674],[54.5195809,24.452099],[54.5195353,24.4519696],[54.5195433,24.4518499],[54.5194924,24.4517278],[54.519428,24.4515862],[54.519251,24.4514886],[54.5191195,24.4514739],[54.5192099,24.4515853],[54.5191142,24.4515691],[54.5191509,24.4516756],[54.519218,24.4518245],[54.5191061,24.4518011],[54.5190391,24.4519036],[54.5190678,24.4519906],[54.5189479,24.4519989],[54.5190203,24.4520941],[54.5189291,24.4520868],[54.5188406,24.45216],[54.5188693,24.4522079],[54.5187869,24.4521942],[54.5187333,24.4522601],[54.5186475,24.4522601],[54.5186788,24.4523275],[54.5186019,24.4523187],[54.5186654,24.4524008],[54.5185777,24.4523822],[54.5185536,24.4524213],[54.5184973,24.4524555],[54.518339,24.4524408],[54.5184133,24.4525131],[54.5183175,24.4524848],[54.5183757,24.4526474],[54.5184624,24.4528241],[54.5185018,24.4529306],[54.5185589,24.4531269],[54.5185715,24.4532749],[54.5186635,24.4533833],[54.518677,24.4535493],[54.5187682,24.4537788],[54.5188612,24.4539341],[54.5189076,24.4541231],[54.5189256,24.4542613],[54.5188674,24.4543428],[54.5187949,24.4544136],[54.5186935,24.4542018],[54.5184811,24.4539912],[54.5185643,24.4539839],[54.5186045,24.4539693],[54.5186206,24.4538936],[54.5185589,24.4538081],[54.518457,24.4536763],[54.5183363,24.4534931],[54.5182478,24.4533198],[54.5181593,24.4531513],[54.5181217,24.4529853],[54.5180547,24.4528363],[54.5179876,24.4526947],[54.5179233,24.4525775],[54.5177918,24.4526215],[54.5177328,24.45279],[54.5177704,24.4532246],[54.5176926,24.4531928],[54.5176014,24.4532124],[54.5174861,24.4532465],[54.5174485,24.4533027],[54.5173707,24.4532563],[54.5173278,24.4531977],[54.5172554,24.4532172],[54.5172205,24.4531635],[54.5171105,24.4531757],[54.5170489,24.4532417],[54.517014,24.4531953],[54.5169228,24.4532026],[54.5168584,24.4532343],[54.5168075,24.4532001],[54.5167664,24.4533042],[54.5166975,24.453354],[54.5166519,24.453271],[54.5165956,24.4532734],[54.5165446,24.4533149],[54.5164856,24.4532612],[54.516389,24.4532368],[54.5162791,24.4532124],[54.5162549,24.4532636],[54.5161986,24.4533393],[54.5161262,24.4533198],[54.5161101,24.4533882],[54.5160243,24.4533759],[54.5159706,24.4534101],[54.5158848,24.45331],[54.5158392,24.4532417],[54.5157346,24.4532124],[54.5156434,24.4531611],[54.5155683,24.4531025],[54.5154932,24.4530976],[54.5154288,24.4531611],[54.515351,24.4531977],[54.5153878,24.4532578],[54.5152652,24.4532636],[54.5151472,24.453227],[54.5149594,24.4531611],[54.5148977,24.4532075],[54.5147958,24.4531586],[54.5147314,24.453166],[54.514651,24.4531],[54.5145571,24.4530732],[54.5144766,24.4531171],[54.5143532,24.453061],[54.5142138,24.4530537],[54.5141467,24.4530244],[54.5141092,24.4530659],[54.5140609,24.4530439],[54.5139965,24.4530781],[54.513908,24.4530707],[54.5138704,24.4530366],[54.5138248,24.4530585],[54.513739,24.4530268],[54.5137497,24.453122],[54.5136666,24.4531269],[54.5136129,24.4531171],[54.5136229,24.4531894],[54.5135727,24.453205],[54.513503,24.4531879],[54.5134467,24.4531635],[54.5133555,24.4532563],[54.5132616,24.4532124],[54.5131355,24.4531708],[54.5132938,24.4533003],[54.5132321,24.4533076],[54.513106,24.4532929],[54.5129773,24.4532636],[54.5130247,24.4533457],[54.5130068,24.4534004],[54.5129317,24.4533735],[54.5129129,24.4534101],[54.5128512,24.4534199],[54.5128297,24.4534736],[54.5127412,24.4534712],[54.5126339,24.4534541],[54.5126178,24.4535102],[54.5124864,24.4535053],[54.5124086,24.4534809],[54.512355,24.4535566],[54.5122531,24.4535298],[54.5121833,24.4535664],[54.5120814,24.4535688],[54.5119983,24.4536128],[54.5119017,24.4535981],[54.511781,24.4536079],[54.5116442,24.4535908],[54.5116013,24.4536323],[54.5115369,24.4536323],[54.5113894,24.4536225],[54.5113304,24.453647],[54.5112231,24.4536079],[54.511148,24.4536055],[54.5110032,24.4535737],[54.5109146,24.4535395],[54.5108315,24.4535224],[54.5107591,24.4535249],[54.5107296,24.4535029],[54.5106411,24.4535469],[54.5105847,24.4535835],[54.5105284,24.4535371],[54.5105357,24.4536558],[54.5104855,24.4536714],[54.5104131,24.4536714],[54.5103272,24.4536763],[54.5101958,24.4536836],[54.5101127,24.4536616],[54.5100966,24.4536518],[54.5100483,24.4537007],[54.5100054,24.4536641],[54.5099651,24.4537031],[54.5098954,24.4536714],[54.5097854,24.4537202],[54.5097291,24.4537056],[54.5096326,24.453708],[54.5095709,24.4536909],[54.5095092,24.4536934],[54.5093348,24.4537544],[54.5092731,24.4537495],[54.5092302,24.4537886],[54.5091712,24.4537275],[54.5091149,24.4537056],[54.5090425,24.4537104],[54.5090156,24.4537739],[54.5088628,24.4537959],[54.5088413,24.4538691],[54.5087689,24.4539253],[54.5085865,24.4539888],[54.5085302,24.4540547],[54.508439,24.4540547],[54.5083585,24.4540645],[54.5081278,24.4540547],[54.5081412,24.4541109],[54.5080661,24.4541817],[54.5080098,24.4542159],[54.5080071,24.4542452],[54.507932,24.4542696],[54.5079133,24.4543233],[54.5077818,24.454355],[54.507704,24.4544112],[54.5076424,24.454399],[54.507578,24.4544844],[54.5075297,24.4544771],[54.5074841,24.4545381],[54.507417,24.4545455],[54.5073607,24.4545894],[54.5073044,24.4546041],[54.5072561,24.4546456],[54.5072052,24.4546309],[54.5071676,24.4545967],[54.5071542,24.4546553],[54.5071166,24.4546871],[54.5070362,24.4547017],[54.5069691,24.4547701],[54.5069208,24.4547847],[54.5068887,24.4548458],[54.5068484,24.4548482],[54.5067653,24.4548922],[54.5066017,24.4549361],[54.5065158,24.454985],[54.5065177,24.4550475],[54.506497,24.4550899],[54.50643,24.4550753],[54.5063871,24.4551339],[54.5063308,24.4550997],[54.5062583,24.4551583],[54.506202,24.455151],[54.5061618,24.4552047],[54.5061349,24.4551949],[54.5061296,24.4551363],[54.5060867,24.4551339],[54.5060169,24.455107],[54.5060464,24.4551876],[54.5060196,24.4552267],[54.5059713,24.4552145],[54.5059016,24.4552462],[54.505856,24.4552462],[54.505864,24.4553146],[54.5058024,24.4552902],[54.5057729,24.4552462],[54.5057058,24.4552902],[54.5056835,24.4554503],[54.505587,24.4566516],[54.5056334,24.4567893],[54.5057004,24.4568894],[54.5058024,24.4570139],[54.5058775,24.4570163],[54.5059821,24.4571993],[54.5060859,24.4572912],[54.5061001,24.4574264],[54.5061636,24.4575769],[54.5063621,24.4579358],[54.506691,24.4585403],[54.5067787,24.4587497],[54.5068377,24.4588425],[54.506894,24.4589133],[54.5069423,24.4590183],[54.5069638,24.4590695],[54.5070174,24.4591306],[54.5070523,24.4591379],[54.5071059,24.4591208],[54.5071408,24.4591403],[54.5071381,24.4591623],[54.5070737,24.4592038],[54.5070389,24.4592209],[54.5069745,24.4592502],[54.5070267,24.4593692],[54.5055226,24.4600672],[54.5053893,24.4598313],[54.5052025,24.4599248],[54.505341,24.4601609],[54.5051337,24.4602552],[54.505046,24.460095],[54.5050111,24.4601169],[54.5050889,24.4602781],[54.5048172,24.4604066],[54.5047804,24.460344],[54.5043529,24.4605552],[54.5039007,24.4607786],[54.5039355,24.4608372],[54.503916,24.4608436],[54.5037558,24.4605613],[54.5036336,24.460623],[54.5037773,24.4608884],[54.5031428,24.4611835],[54.5030975,24.4611028],[54.5030493,24.4611243],[54.5030953,24.4612015],[54.5030316,24.4612351],[54.5029753,24.4611399],[54.5029485,24.461157],[54.5029565,24.4611765],[54.5029209,24.4611928],[54.5029029,24.4611741],[54.5028278,24.4612083],[54.5028197,24.4612449],[54.5027768,24.4612986],[54.5025757,24.4613816],[54.5025515,24.461428],[54.5025435,24.461489],[54.5026856,24.4617527],[54.5026695,24.4617844],[54.502805633740834,24.462],[54.508851770632624,24.462],[54.510126,24.4613881],[54.5112729,24.4608168],[54.5124241,24.4602211],[54.5133586,24.4597631],[54.5139541,24.4594418],[54.514601,24.4590639],[54.5149486,24.4588871],[54.5154177,24.4586343],[54.5171882,24.4578979],[54.5174405,24.4580357],[54.517786,24.4584837],[54.5182493,24.4593411],[54.516149,24.4603692],[54.5183004,24.4594233],[54.5185202,24.4597009],[54.5179887,24.45871],[54.5175891,24.4580708],[54.5173904,24.4578138],[54.5184556,24.4573707],[54.5190757,24.457146],[54.5193055,24.457664],[54.5197733,24.4578201],[54.5199471,24.4576901],[54.5200745,24.4574756],[54.5199902,24.4569846],[54.5208378,24.4565927],[54.5215699,24.4563041],[54.5217712,24.4563302],[54.5219841,24.4565449],[54.5221834,24.4571059],[54.5242581,24.4567205],[54.5249773,24.4565794],[54.5252602,24.456359],[54.5251687,24.4554504],[54.5255527,24.4553089],[54.5300195,24.4544196],[54.5334666,24.4536421],[54.533716,24.4539557],[54.5338882,24.4541724],[54.5340792,24.4544235],[54.5342841,24.4545318],[54.5363408,24.4534932],[54.5360943,24.4529619],[54.5374491,24.4519825],[54.5376774,24.4519374],[54.5369495,24.4525321],[54.5384498,24.452598],[54.541041,24.4510859],[54.5425762,24.4493907],[54.5422885,24.4483444],[54.5419593,24.447661],[54.5417046,24.4474197],[54.5417439,24.4472679],[54.5418714,24.4473349],[54.5419696,24.4472232],[54.5419892,24.4462404],[54.5419156,24.4459277],[54.5420049,24.4457296],[54.542139,24.4437339],[54.5422299,24.4418833],[54.5437055,24.4399725],[54.543997,24.4399612],[54.544027,24.4402228],[54.5425826,24.4416667],[54.5423474,24.4439652],[54.5420943,24.4472797],[54.5419534,24.4473518],[54.5421162,24.4475838],[54.5427747,24.4492983],[54.5430225,24.449337],[54.5442061,24.4483703],[54.5451679,24.4472357],[54.5459821,24.4457603],[54.5465983,24.4440479],[54.5466548,24.4438908],[54.5465345,24.443214],[54.5466035,24.4423406],[54.5467315,24.4411123],[54.5477148,24.4403067],[54.5478443,24.4404219],[54.5479257,24.4404954],[54.5481408,24.4406897],[54.5483414,24.4408709],[54.5489328,24.4413107],[54.5497088,24.4418987],[54.5497637,24.4421199],[54.5502045,24.4427328],[54.55059,24.4427692],[54.5506223,24.4425859],[54.5506383,24.4424954],[54.5507252,24.4424593],[54.550744,24.4425656],[54.5507753,24.4427419],[54.5512859,24.4428148],[54.5513861,24.4430199],[54.5515506,24.443093],[54.5519919,24.4432888],[54.5523323,24.4429926],[54.5525977,24.4428604],[54.5526754,24.4428478],[54.5527579,24.4428011],[54.5531284,24.4425049],[54.5532486,24.4423681],[54.5531234,24.4421129],[54.5531484,24.4419762],[54.5532536,24.4418987],[54.5532285,24.4413016],[54.5530333,24.4416389],[54.5529482,24.4414155],[54.5531685,24.4412332],[54.5531342,24.4410262],[54.5534625,24.4406756],[54.554979,24.4410741],[54.5547012,24.4414785],[54.5539674,24.4412288],[54.5535768,24.440928],[54.5533666,24.441165],[54.5533092,24.4420857],[54.5535424,24.4425407],[54.5523953,24.4431853],[54.5523245,24.4436236],[54.5526219,24.4441264],[54.5530609,24.4442811],[54.5529051,24.4444487],[54.5523528,24.4450546],[54.5521687,24.444642],[54.552619,24.4443869],[54.5522254,24.4441135],[54.5518714,24.443456],[54.5509509,24.4429017],[54.5506178,24.4428835],[54.5502428,24.442863],[54.5500643,24.442865],[54.5495737,24.4421129],[54.5491975,24.4417807],[54.5476755,24.4404589],[54.5469946,24.4411882],[54.5469545,24.4419083],[54.5469393,24.4419891],[54.5467142,24.4431846],[54.5468043,24.4440232],[54.5471247,24.4439047],[54.5472349,24.444005],[54.5467643,24.4443514],[54.5462736,24.4456276],[54.5463737,24.4458281],[54.5469145,24.4456276],[54.5470944,24.4455822],[54.5487569,24.4451627],[54.5502884,24.4471444],[54.550349,24.4472228],[54.5505793,24.4473687],[54.5504098,24.4474642],[54.5501974,24.4480185],[54.5495319,24.4485084],[54.549107,24.4492561],[54.549546,24.4498362],[54.54951,24.4507614],[54.549156,24.4516573],[54.547747,24.4527659],[54.5479921,24.4533308],[54.5480278,24.453408],[54.5480619,24.4534817],[54.5482187,24.4538207],[54.548247,24.4541558],[54.5480275,24.4546005],[54.5476381,24.4549937],[54.5476381,24.4553611],[54.5478576,24.4555738],[54.5496381,24.4561204],[54.5502198,24.4563235],[54.5502981,24.4563508],[54.551563,24.4567924],[54.5521338,24.456282],[54.5528349,24.455115],[54.5528049,24.4547761],[54.551302,24.4523886],[54.550948,24.4521436],[54.5512908,24.4518869],[54.5516571,24.4525744],[54.5522679,24.4535885],[54.5529618,24.4547229],[54.5536132,24.4544393],[54.5548877,24.4526346],[54.5553266,24.4508685],[54.5579464,24.4480196],[54.5571478,24.4459856],[54.5571179,24.4459095],[54.5567569,24.4449901],[54.5585502,24.444276],[54.558559,24.4444608],[54.5587494,24.4446993],[54.5594434,24.4450561],[54.5596525,24.4450204],[54.5600431,24.4446786],[54.5609433,24.4443826],[54.5615456,24.4441997],[54.5616658,24.4437028],[54.5617509,24.4436481],[54.5619639,24.4436639],[54.5621014,24.4435483],[54.5621264,24.4436144],[54.5620338,24.4437146],[54.5621614,24.4439767],[54.562607,24.4440884],[54.5627038,24.4440132],[54.5630543,24.4441955],[54.5632445,24.4442228],[54.56359,24.4441864],[54.5636951,24.443881],[54.563585,24.4436941],[54.5636851,24.4436622],[54.5638153,24.4438263],[54.5640155,24.4440496],[54.5642108,24.4442548],[54.5643819,24.4442924],[54.5643677,24.4444246],[54.5644916,24.4444439],[54.5646191,24.4443504],[54.564809,24.4443994],[54.5650191,24.4444536],[54.5650616,24.4445374],[54.5651784,24.444605],[54.5653272,24.4445236],[54.5662406,24.444865],[54.5666717,24.4451904],[54.5672867,24.4461277],[54.5673992,24.4462229],[54.5678812,24.4474399],[54.5678879,24.4486556],[54.5679471,24.449549],[54.5674631,24.4504223],[54.5666226,24.4526575],[54.5657285,24.4541775],[54.5640476,24.4565737],[54.5624383,24.4581115],[54.5602388,24.4594169],[54.5592016,24.4599176],[54.5585579,24.4604541],[54.5581108,24.460919],[54.5578915,24.4610219],[54.5577066,24.4612437],[54.5578899,24.4616192],[54.5578127,24.4616577],[54.5576913,24.4617183],[54.5576193,24.4616059],[54.5574697,24.4615667],[54.5572995,24.4615544],[54.556825,24.4616555],[54.55600619263336,24.462],[54.57,24.462],[54.57,24.444224223458956],[54.5682494,24.4435178],[54.5682071,24.4435007],[54.5681982,24.4434954],[54.568184,24.4434871],[54.5681678,24.4434632],[54.5681441,24.4434247],[54.5680766,24.4433834],[54.5680067,24.443354],[54.5678948,24.4433126],[54.5677979,24.4432756],[54.5676718,24.443229],[54.5675508,24.4431878],[54.5674513,24.4431483],[54.5673594,24.4431282],[54.5672863,24.4431128],[54.5672509,24.443117],[54.5672338,24.4431082],[54.5672115,24.443091],[54.5671713,24.4430794],[54.5661057,24.4427724],[54.5670242,24.4400787],[54.5684244,24.4405494],[54.5694586,24.4407015],[54.57,24.44073910443166],[54.57,24.438593637399876],[54.5699339,24.4385837]],[[54.4853016,24.4211658],[54.4853365,24.4211234],[54.4853814,24.421111],[54.4854936,24.4211384],[54.4855709,24.4211783],[54.4855933,24.4212207],[54.4855908,24.421293],[54.4855494,24.4213433],[54.4854542,24.4213713],[54.4853789,24.4213503],[54.4853266,24.4212755],[54.4853016,24.4211658]],[[54.5523249,24.4412004],[54.5524501,24.4413189],[54.552415,24.4413919],[54.5521096,24.4412095],[54.5508229,24.4407492],[54.5502772,24.4405486],[54.5498366,24.4402113],[54.5494211,24.4400518],[54.5495662,24.4398239],[54.5499518,24.4401156],[54.5503623,24.4404985],[54.5511333,24.4407583],[54.5523249,24.4412004]],[[54.5628499,24.4433773],[54.56294,24.443505],[54.5630501,24.4435095],[54.5630676,24.4435528],[54.5630201,24.4436052],[54.562935,24.443628],[54.562925,24.4438605],[54.5627848,24.4439539],[54.5627122,24.4439539],[54.5624543,24.4437989],[54.5623968,24.4436394],[54.5624819,24.4435141],[54.5624869,24.4434708],[54.5624418,24.4434161],[54.5624643,24.4433705],[54.5625244,24.4433773],[54.562577,24.4434161],[54.5627072,24.4433819],[54.5627297,24.4433272],[54.5628073,24.4433204],[54.5628499,24.4433773]]],[[[54.5024702,24.4615443],[54.5022806,24.4611594],[54.5022618,24.4611887],[54.5022323,24.4612107],[54.5021894,24.4611863],[54.5021403,24.4611366],[54.5020848,24.4610886],[54.5021009,24.4610252],[54.5021411,24.4609519],[54.5019534,24.4606223],[54.5013384,24.4595472],[54.5013357,24.4594642],[54.5012713,24.4593836],[54.5011184,24.4590662],[54.5009843,24.4587781],[54.5008671,24.4586349],[54.5007464,24.4586618],[54.5006123,24.4587888],[54.5005291,24.4588327],[54.5004326,24.4588303],[54.5003306,24.4588351],[54.5001992,24.45884],[54.5000061,24.4588229],[54.4998586,24.4588034],[54.4996808,24.4588318],[54.4995284,24.4588451],[54.499467,24.4588156],[54.4993543,24.458818],[54.4992632,24.4587692],[54.4991612,24.4587472],[54.4990912,24.4587157],[54.4990081,24.4586644],[54.4989171,24.4586569],[54.4988498,24.458618],[54.4987991,24.4585836],[54.4987294,24.4585592],[54.4986516,24.4585275],[54.498539,24.4584908],[54.4984397,24.4584493],[54.4983727,24.4584029],[54.4983405,24.4583224],[54.4983324,24.4576217],[54.4983187,24.4574241],[54.4983029,24.4572408],[54.4982734,24.4571407],[54.498252,24.4570674],[54.4982573,24.4569869],[54.4983083,24.4568501],[54.498378,24.4566939],[54.4983941,24.4565498],[54.4984156,24.4563643],[54.4983941,24.4561543],[54.4983566,24.4560127],[54.4983485,24.4559297],[54.4983566,24.4558491],[54.498469,24.4557566],[54.4986436,24.4555976],[54.4988447,24.4554243],[54.4989544,24.4553293],[54.4989738,24.4553456],[54.499011,24.455312],[54.4990754,24.4552827],[54.4991478,24.4552656],[54.4991797,24.4551999],[54.4992605,24.4551532],[54.499357,24.4551166],[54.4994345,24.4550461],[54.4995043,24.4549801],[54.4996196,24.4548214],[54.4996867,24.4546945],[54.4998023,24.4543719],[54.4998747,24.4541473],[54.4999847,24.4537933],[54.5000785,24.4535076],[54.5001243,24.4533428],[54.5000921,24.4532821],[54.5001097,24.4532189],[54.5001823,24.4531773],[54.5002156,24.4529814],[54.5002796,24.4527009],[54.5004575,24.4522485],[54.500624,24.4518706],[54.5007201,24.4517827],[54.5007626,24.4516423],[54.5007432,24.4515179],[54.5010232,24.4506894],[54.5011233,24.4503933],[54.5010692,24.4502416],[54.501368,24.4493702],[54.5011358,24.4492965],[54.5011009,24.4493844],[54.5009466,24.449335],[54.5011187,24.4488441],[54.5012441,24.4488878],[54.5012119,24.4489635],[54.5012613,24.4489809],[54.5011943,24.4491567],[54.5013958,24.4492186],[54.5017999,24.4480993],[54.5018807,24.4480869],[54.5018944,24.4480523],[54.5018442,24.4479952],[54.5021872,24.4470526],[54.5019204,24.4469638],[54.5018868,24.4470575],[54.5017453,24.4470098],[54.501923,24.4465118],[54.5020462,24.4465513],[54.5020144,24.4466227],[54.5020518,24.4466393],[54.5019934,24.4468173],[54.5022596,24.446902],[54.5024256,24.4464281],[54.5025663,24.4460435],[54.5024286,24.4460064],[54.50236,24.4460213],[54.5023627,24.4459747],[54.5024011,24.44597],[54.5023539,24.4458468],[54.5024162,24.4457039],[54.5024405,24.4457232],[54.5023793,24.4458536],[54.5024351,24.4459843],[54.5025742,24.4460214],[54.5028486,24.445205],[54.5029377,24.4449399],[54.503159,24.4442877],[54.503282464796904,24.44391],[54.5032942,24.4438741],[54.5034616,24.4434123],[54.5035285,24.4432389],[54.5035358,24.4431389],[54.5034887,24.4430023],[54.5033895,24.4429133],[54.5032773,24.4428525],[54.5031123,24.4427545],[54.502994,24.4427276],[54.5027177,24.4426934],[54.5025354,24.4426348],[54.5024179,24.4426159],[54.5022966,24.4425689],[54.5022905,24.4425223],[54.5022323,24.4425211],[54.5021795,24.4424984],[54.5021154,24.4424796],[54.5020177,24.4424346],[54.5018755,24.4423955],[54.5016856,24.442357],[54.5014657,24.4422984],[54.5014142,24.4422587],[54.5013123,24.4422636],[54.5011653,24.4422447],[54.5010011,24.4422294],[54.5008059,24.4422276],[54.5006364,24.4423369],[54.5005484,24.4423473],[54.5004486,24.4422832],[54.5004164,24.4422441],[54.5003118,24.4422197],[54.5001696,24.4422246],[54.5000141,24.4422148],[54.4997834,24.4421782],[54.4995849,24.4421928],[54.4991504,24.4421806],[54.4989627,24.4421806],[54.4986542,24.4421611],[54.4985421,24.4421592],[54.4979944,24.4421611],[54.4978817,24.442144],[54.497635,24.4421464],[54.4973855,24.4421464],[54.4971978,24.4421196],[54.4967713,24.4421269],[54.4964092,24.4421171],[54.4960981,24.4421074],[54.4958191,24.4421122],[54.4955858,24.4421269],[54.4954731,24.4421464],[54.4953583,24.4421885],[54.495251,24.442274],[54.4952135,24.4423277],[54.4952076,24.4423711],[54.4951491,24.442506],[54.495162,24.4425933],[54.4950794,24.4427038],[54.49506,24.4428887],[54.4950493,24.4429937],[54.4950311,24.4430603],[54.4949983,24.4431256],[54.4949688,24.4432868],[54.4948648,24.4434534],[54.4948186,24.4435431],[54.4947843,24.4437049],[54.4947736,24.4437464],[54.4947677,24.4438264],[54.4947682,24.44391],[54.4947387,24.443976],[54.4946497,24.4440877],[54.4945826,24.444261],[54.4945241,24.444457],[54.4945241,24.4445376],[54.4945027,24.4446133],[54.4944732,24.4447476],[54.49447,24.4449374],[54.494419,24.4450204],[54.4943975,24.4450961],[54.4943653,24.445206],[54.4943257,24.445275],[54.4942371,24.445358],[54.4941701,24.445463],[54.4940521,24.4457682],[54.4940006,24.4458457],[54.4939228,24.446024],[54.4938772,24.4461217],[54.4938343,24.4462706],[54.493786,24.4464073],[54.4937543,24.4465374],[54.493698,24.4466326],[54.4936197,24.4466149],[54.4936331,24.4465294],[54.4936224,24.4464513],[54.4935473,24.4464122],[54.4933944,24.4463829],[54.4931932,24.4463243],[54.4930167,24.4462981],[54.4928209,24.4462688],[54.4925817,24.4462389],[54.4925495,24.4461778],[54.4926031,24.446085],[54.4925549,24.4460191],[54.492528,24.4459556],[54.4925093,24.4458726],[54.4925307,24.445792],[54.492601,24.4457072],[54.4927056,24.4456535],[54.4927694,24.4456089],[54.4928612,24.44559],[54.492947,24.44559],[54.4931181,24.4456138],[54.493043,24.4456309],[54.4929577,24.4456364],[54.4928633,24.4456846],[54.492756,24.4456992],[54.4926761,24.4457291],[54.4926219,24.4457652],[54.4925795,24.4458512],[54.4925795,24.4459001],[54.4926434,24.4459825],[54.4926788,24.4460661],[54.4927641,24.4461143],[54.4928746,24.4461687],[54.4931262,24.4462022],[54.4932737,24.4462218],[54.4933359,24.4462102],[54.4934373,24.4462535],[54.4935795,24.4462853],[54.4936792,24.4463396],[54.4937323,24.4462486],[54.4937806,24.4460972],[54.4938021,24.4460142],[54.4938423,24.4459019],[54.4938799,24.4458335],[54.4939174,24.445731],[54.4939931,24.4456608],[54.4940843,24.4454386],[54.4941615,24.4453281],[54.4941856,24.4451962],[54.4941427,24.4451181],[54.494081,24.445206],[54.4940065,24.4452457],[54.4939421,24.4453116],[54.4938879,24.4453525],[54.4938133,24.4454361],[54.4937511,24.4454917],[54.4937458,24.4454404],[54.4937672,24.4453501],[54.4937806,24.4452524],[54.493845,24.4449472],[54.4937833,24.4449496],[54.4937248,24.4451871],[54.4936846,24.4452799],[54.4936063,24.4453525],[54.493499,24.4453867],[54.4934325,24.4453604],[54.4933917,24.4453427],[54.4933171,24.4453751],[54.4932848,24.4454189],[54.4931991,24.4453775],[54.4929738,24.4455021],[54.4928471,24.4455414],[54.4926782,24.4455747],[54.4926246,24.4454624],[54.4926246,24.445416],[54.4926144,24.4453482],[54.4925736,24.4452866],[54.4925527,24.4451895],[54.4925897,24.4450424],[54.4925817,24.4449228],[54.4924985,24.4447518],[54.4924127,24.4447006],[54.4923515,24.4446499],[54.4923081,24.444598],[54.4922249,24.444554],[54.4921284,24.4445125],[54.492064,24.4443758],[54.4920291,24.4442757],[54.4919862,24.4441414],[54.4919648,24.4440584],[54.4919245,24.443968],[54.49190443323217,24.44391],[54.4918789,24.4438362],[54.4918897,24.4436481],[54.4919138,24.4435578],[54.491946,24.4434455],[54.4919219,24.4433673],[54.4919251,24.4433142],[54.4919379,24.4432428],[54.491895,24.4431891],[54.491895,24.4430206],[54.4918789,24.4429229],[54.4918789,24.4428546],[54.4917126,24.4426153],[54.4916241,24.4426275],[54.4915463,24.4428057],[54.4914364,24.4428326],[54.4913184,24.4426494],[54.4911446,24.442672],[54.4910346,24.4429211],[54.4909595,24.4430407],[54.4908812,24.4431085],[54.4908275,24.4430987],[54.4907851,24.4430725],[54.490688,24.4430401],[54.4905732,24.4430407],[54.4904418,24.4429675],[54.4903447,24.44294],[54.4902111,24.4429431],[54.4900422,24.4428942],[54.4899858,24.4428283],[54.489819,24.4427715],[54.4896559,24.4428039],[54.4895401,24.4427447],[54.4894682,24.4427282],[54.4893925,24.4427007],[54.4893308,24.4427203],[54.4892396,24.442708],[54.4891726,24.4427178],[54.4891007,24.442777],[54.4890256,24.4428014],[54.4889961,24.4428552],[54.48895,24.4428448],[54.4888325,24.4428674],[54.4887837,24.4428936],[54.4886576,24.442918],[54.4886152,24.4428893],[54.488561,24.442813],[54.4884913,24.4427935],[54.4883658,24.442799],[54.4882451,24.4427746],[54.4882231,24.4427886],[54.4882424,24.4428625],[54.488296,24.4428845],[54.4885428,24.4428747],[54.4885664,24.4429229],[54.4885637,24.4432233],[54.488502,24.4432306],[54.4883733,24.4432355],[54.4882767,24.4432355],[54.4881271,24.4432361],[54.488089,24.4431842],[54.4880782,24.4428912],[54.488038,24.442835],[54.4879978,24.4428399],[54.4879366,24.4428503],[54.4878959,24.4428692],[54.4877993,24.4428668],[54.4877483,24.4428668],[54.4877027,24.4428643],[54.4876652,24.4428472],[54.4876357,24.4427959],[54.4876174,24.4427282],[54.4875745,24.442694],[54.4875186,24.4427395],[54.4871031,24.4421295],[54.4869142,24.4421513],[54.4866992,24.442603],[54.4866647,24.442647],[54.4866304,24.4426671],[54.4865848,24.442716],[54.4865682,24.4427666],[54.4866004,24.4428253],[54.4865762,24.4428423],[54.4865226,24.4428448],[54.4863938,24.4428448],[54.4863032,24.4428234],[54.4862517,24.4427813],[54.4861154,24.4427819],[54.4860585,24.4427471],[54.486021,24.4427447],[54.4859378,24.4427471],[54.485933,24.4428112],[54.4858279,24.4428472],[54.4857313,24.442813],[54.4856857,24.4428546],[54.4856026,24.4428546],[54.4855173,24.4428503],[54.4854422,24.4428307],[54.4853826,24.4427959],[54.4852888,24.442752],[54.4852056,24.4427764],[54.4850983,24.442813],[54.4850366,24.4428106],[54.4849857,24.4427813],[54.4849755,24.4427184],[54.4849079,24.4426519],[54.4849079,24.4425835],[54.4849111,24.4425206],[54.4847469,24.4423198],[54.4846826,24.4423222],[54.4846021,24.4425029],[54.4845646,24.4425054],[54.4845463,24.4425475],[54.4845887,24.4427886],[54.4845511,24.4428082],[54.4843666,24.4425206],[54.4843232,24.4425347],[54.4842266,24.4424736],[54.4841944,24.442437],[54.4841359,24.442462],[54.4841569,24.4425103],[54.4841756,24.4426055],[54.4841354,24.4426323],[54.4843237,24.4430774],[54.4843366,24.4431549],[54.484313,24.443219],[54.4842641,24.4432452],[54.4842726,24.4434498],[54.4839041,24.4434598],[54.4838909,24.443231],[54.4837842,24.4431526],[54.483704,24.442968],[54.4835968,24.4429577],[54.4835205,24.4426345],[54.4833768,24.4424711],[54.4833337,24.4423837],[54.4833146,24.4423639],[54.483232,24.4423814],[54.4831578,24.4424816],[54.4830511,24.4426467],[54.4830399,24.4427541],[54.4830353,24.4429441],[54.4830538,24.4430403],[54.4829535,24.4430078],[54.4827889,24.4429499],[54.4826816,24.4430573],[54.4824778,24.4432039],[54.4822632,24.4433211],[54.4820486,24.4435164],[54.4819199,24.4437215],[54.481872107086616,24.44391],[54.4818555,24.4439755],[54.4818587,24.4440907],[54.481995,24.4442001],[54.482084,24.4443251],[54.4820625,24.4444133],[54.4819628,24.4445224],[54.4818448,24.4446396],[54.481716,24.4448057],[54.4816195,24.4448838],[54.4814725,24.4448428],[54.4812976,24.4449131],[54.4811152,24.4450205],[54.4809007,24.4451573],[54.4809221,24.4452647],[54.4809221,24.4454112],[54.4810434,24.4456437],[54.4811581,24.4459582],[54.4812654,24.4461145],[54.4813513,24.4463586],[54.481362,24.4464661],[54.4815229,24.446593],[54.4815905,24.4467767],[54.4816517,24.4469446],[54.4817944,24.4471185],[54.4819843,24.4472279],[54.482127,24.447392],[54.4821667,24.447599],[54.4822739,24.4477846],[54.4822739,24.4480483],[54.4825314,24.4483022],[54.4827031,24.4483901],[54.4827889,24.4485269],[54.4829928,24.4486441],[54.4830572,24.4488687],[54.486662,24.4488297],[54.4867264,24.4489762],[54.4868873,24.4490836],[54.4870408,24.4490523],[54.4872521,24.4492106],[54.4873701,24.4493571],[54.4873701,24.4496208],[54.4871663,24.449738],[54.4871588,24.4499802],[54.4873197,24.4500388],[54.4874774,24.4501286],[54.4874452,24.4503044],[54.4873412,24.4505076],[54.4874667,24.4505681],[54.4875096,24.4506756],[54.4875847,24.450783],[54.4873701,24.4508123],[54.4874452,24.4509783],[54.4874485,24.4511033],[54.4874989,24.4513495],[54.4875021,24.4516014],[54.4875633,24.4519257],[54.4876169,24.4522382],[54.4876598,24.4526582],[54.487692,24.452834],[54.4877778,24.4533418],[54.4878315,24.4535665],[54.4878851,24.4538204],[54.4880353,24.4544357],[54.4880353,24.4547677],[54.4880997,24.4550998],[54.4881641,24.4553537],[54.4882392,24.4555393],[54.4881534,24.4557151],[54.4878637,24.4557346],[54.487456,24.4556858],[54.4869195,24.4556858],[54.4865977,24.4556369],[54.4859003,24.4556369],[54.4850667,24.4557326],[54.4850667,24.4555275],[54.4839798,24.4533321],[54.4834327,24.4533418],[54.4837624,24.4541529],[54.4844072,24.4547306],[54.4845767,24.4552443],[54.484527,24.4556272],[54.4849025,24.4555783],[54.4849025,24.4557151],[54.4846912,24.4557815],[54.4845055,24.4559201],[54.4843875,24.456135],[54.4843017,24.4563596],[54.4840474,24.4565823],[54.4838007,24.4564778],[54.483695,24.4561716],[54.4835104,24.4559281],[54.483004,24.4553098],[54.4826837,24.4550199],[54.4822296,24.4546589],[54.4819821,24.4542853],[54.4820824,24.4539591],[54.4820288,24.4536133],[54.4813867,24.4525449],[54.4815417,24.4519633],[54.480678,24.44996],[54.4806835,24.4499063],[54.4806245,24.4497524],[54.4805199,24.4495302],[54.4804421,24.4493911],[54.4803751,24.4492006],[54.4803617,24.4490321],[54.4802275,24.4486244],[54.4801712,24.4485047],[54.4801203,24.4484461],[54.4801122,24.4484119],[54.4801337,24.4483851],[54.4801256,24.4483289],[54.4800049,24.4480115],[54.48,24.4479983458891],[54.48,24.462],[54.502710882973545,24.462],[54.5024702,24.4615443]]]]}}]}